sr3-rtx complete frame dump - every DrawIndexedPrimitive in submission order
frame 1227, camera (96.3 147.7 36.1)
disposition: CONVERT = re-issued as fixed function and path-traced
             HIDE    = still drawn, given an ortho projection so Remix ignores it
             PASS    = untouched; Remix reconstructs it from shader output


=== RENDER TARGET 14D87A30  1280x720 fmt=34 ===
    6 CONVERT v=17601  p=494    zw=1 zt=1 blend=1 cw=0xf | vs[proj][   ][    ] ps='Diffuse_MapSampler' rank=100 | tex0=3F2388D0 inst=1
    7 PASS    v=17601  p=572    zw=1 zt=1 blend=1 cw=0xf | vs[proj][   ][    ] ps='Normal_MapSampler' rank=0 | tex0=41BFB130 inst=1
    8 PASS    v=17601  p=92     zw=1 zt=1 blend=1 cw=0xf | vs[proj][   ][    ] ps='Normal_MapSampler' rank=0 | tex0=41BFBAD0 inst=1
    9 PASS    v=17601  p=75     zw=1 zt=1 blend=1 cw=0xf | vs[proj][   ][    ] ps='Normal_MapSampler' rank=0 | tex0=47E61E90 inst=1
   10 PASS    v=17601  p=73     zw=1 zt=1 blend=1 cw=0xf | vs[proj][   ][    ] ps='Normal_MapSampler' rank=0 | tex0=47E61CD0 inst=1
   11 PASS    v=17601  p=308    zw=1 zt=1 blend=1 cw=0xf | vs[proj][   ][    ] ps='Normal_MapSampler' rank=0 | tex0=44F0D950 inst=1
   12 PASS    v=17601  p=947    zw=1 zt=1 blend=1 cw=0xf | vs[proj][   ][    ] ps='Normal_MapSampler' rank=0 | tex0=44F0D950 inst=1
   13 PASS    v=17601  p=323    zw=1 zt=1 blend=1 cw=0xf | vs[proj][   ][    ] ps='Normal_MapSampler' rank=0 | tex0=47E60B50 inst=1
   14 PASS    v=17601  p=38     zw=1 zt=1 blend=1 cw=0xf | vs[proj][   ][    ] ps='Normal_MapSampler' rank=0 | tex0=44EFED10 inst=1
   15 PASS    v=17601  p=52     zw=1 zt=1 blend=1 cw=0xf | vs[proj][   ][    ] ps='Normal_MapSampler' rank=0 | tex0=47E61BF0 inst=1
   16 PASS    v=17601  p=319    zw=1 zt=1 blend=1 cw=0xf | vs[proj][   ][    ] ps='Normal_MapSampler' rank=0 | tex0=47E60ED0 inst=1
   17 PASS    v=35877  p=108    zw=1 zt=1 blend=1 cw=0xf | vs[proj][   ][    ] ps='Normal_MapSampler' rank=0 | tex0=44F1D0F0 inst=1
   18 PASS    v=1369   p=30     zw=1 zt=1 blend=1 cw=0xf | vs[proj][   ][    ] ps='Normal_MapSampler' rank=0 | tex0=44F1D0F0 inst=1
   19 PASS    v=17601  p=20     zw=1 zt=1 blend=1 cw=0xf | vs[proj][   ][    ] ps='Normal_MapSampler' rank=0 | tex0=47E61410 inst=1
   20 PASS    v=17601  p=36     zw=1 zt=1 blend=1 cw=0xf | vs[proj][   ][    ] ps='Normal_MapSampler' rank=0 | tex0=41BFB670 inst=1
   21 PASS    v=17601  p=1022   zw=1 zt=1 blend=1 cw=0xf | vs[proj][   ][    ] ps='Normal_MapSampler' rank=0 | tex0=41BFD6D0 inst=1
   22 PASS    v=770    p=71     zw=1 zt=1 blend=1 cw=0xf | vs[proj][   ][    ] ps='Normal_MapSampler' rank=0 | tex0=41BFAF70 inst=1
   23 PASS    v=317    p=68     zw=1 zt=1 blend=1 cw=0xf | vs[proj][   ][    ] ps='Normal_MapSampler' rank=0 | tex0=41BFAF70 inst=1
   24 PASS    v=17601  p=1000   zw=1 zt=1 blend=1 cw=0xf | vs[proj][   ][    ] ps='Normal_MapSampler' rank=0 | tex0=41BFB910 inst=1
   25 PASS    v=17601  p=4768   zw=1 zt=1 blend=1 cw=0xf | vs[proj][   ][    ] ps='Normal_MapSampler' rank=0 | tex0=41BFA870 inst=1
   26 PASS    v=17601  p=35     zw=1 zt=1 blend=1 cw=0xf | vs[proj][   ][    ] ps='Normal_MapSampler' rank=0 | tex0=41BFB3D0 inst=1
   27 PASS    v=17601  p=1492   zw=1 zt=1 blend=1 cw=0xf | vs[proj][   ][    ] ps='Normal_MapSampler' rank=0 | tex0=41BFA4F0 inst=1
   28 PASS    v=38907  p=46118  zw=1 zt=1 blend=1 cw=0xf | vs[proj][   ][    ] ps='' rank=0 | tex0=44F0D170 inst=1
   29 PASS    v=17601  p=1051   zw=1 zt=1 blend=1 cw=0xf | vs[proj][   ][    ] ps='Normal_MapSampler' rank=0 | tex0=47E60A70 inst=1
   30 PASS    v=17601  p=319    zw=1 zt=1 blend=1 cw=0xf | vs[proj][   ][    ] ps='Normal_MapSampler' rank=0 | tex0=47E60A70 inst=1
   31 PASS    v=17601  p=721    zw=1 zt=1 blend=1 cw=0xf | vs[proj][   ][    ] ps='Normal_MapSampler' rank=0 | tex0=47E60990 inst=1
   32 PASS    v=17601  p=1003   zw=1 zt=1 blend=1 cw=0xf | vs[proj][   ][    ] ps='Normal_MapSampler' rank=0 | tex0=47E60990 inst=1
   33 PASS    v=17601  p=115    zw=1 zt=1 blend=1 cw=0xf | vs[proj][   ][    ] ps='Normal_MapSampler' rank=0 | tex0=47E60990 inst=1
   34 PASS    v=17601  p=1742   zw=1 zt=1 blend=1 cw=0xf | vs[proj][   ][    ] ps='Normal_MapSampler' rank=0 | tex0=47E60990 inst=1
   35 PASS    v=17601  p=116    zw=1 zt=1 blend=1 cw=0xf | vs[proj][   ][    ] ps='Normal_MapSampler' rank=0 | tex0=47E60DF0 inst=1
   36 PASS    v=17601  p=812    zw=1 zt=1 blend=1 cw=0xf | vs[proj][   ][    ] ps='Normal_MapSampler' rank=0 | tex0=47E60DF0 inst=1
   37 PASS    v=1369   p=1279   zw=1 zt=1 blend=1 cw=0xf | vs[proj][   ][    ] ps='' rank=0 | tex0=47E60610 inst=1
   38 PASS    v=35877  p=81     zw=1 zt=1 blend=1 cw=0xf | vs[proj][   ][    ] ps='Normal_MapSampler' rank=0 | tex0=47E5F2D0 inst=1
   39 PASS    v=17601  p=403    zw=1 zt=1 blend=1 cw=0xf | vs[proj][   ][    ] ps='Normal_MapSampler' rank=0 | tex0=47E5F2D0 inst=1
   40 PASS    v=17601  p=1629   zw=1 zt=1 blend=1 cw=0xf | vs[proj][   ][    ] ps='Normal_MapSampler' rank=0 | tex0=47E5F2D0 inst=1
   41 PASS    v=1369   p=20     zw=1 zt=1 blend=1 cw=0xf | vs[proj][   ][    ] ps='Normal_MapSampler' rank=0 | tex0=47E5F2D0 inst=1
   42 PASS    v=315    p=537    zw=1 zt=1 blend=1 cw=0xf | vs[proj][   ][    ] ps='' rank=0 | tex0=41BFE230 inst=1
   43 PASS    v=261    p=492    zw=1 zt=1 blend=1 cw=0xf | vs[proj][   ][    ] ps='' rank=0 | tex0=41BF43D0 inst=1
   44 PASS    v=261    p=492    zw=1 zt=1 blend=1 cw=0xf | vs[proj][   ][    ] ps='' rank=0 | tex0=41BF43D0 inst=1
   45 PASS    v=261    p=492    zw=1 zt=1 blend=1 cw=0xf | vs[proj][   ][    ] ps='' rank=0 | tex0=41BF43D0 inst=1
   46 PASS    v=145    p=384    zw=1 zt=1 blend=1 cw=0xf | vs[proj][   ][    ] ps='' rank=0 | tex0=3B6CB870 inst=1
   47 PASS    v=145    p=384    zw=1 zt=1 blend=1 cw=0xf | vs[proj][   ][    ] ps='' rank=0 | tex0=3B6CB870 inst=1
   48 PASS    v=145    p=384    zw=1 zt=1 blend=1 cw=0xf | vs[proj][   ][    ] ps='' rank=0 | tex0=3B6CB870 inst=1
   49 PASS    v=145    p=384    zw=1 zt=1 blend=1 cw=0xf | vs[proj][   ][    ] ps='' rank=0 | tex0=3B6CB870 inst=1
   50 PASS    v=145    p=384    zw=1 zt=1 blend=1 cw=0xf | vs[proj][   ][    ] ps='' rank=0 | tex0=3B6CB870 inst=1
   51 PASS    v=145    p=384    zw=1 zt=1 blend=1 cw=0xf | vs[proj][   ][    ] ps='' rank=0 | tex0=3B6CB870 inst=1
   52 PASS    v=145    p=384    zw=1 zt=1 blend=1 cw=0xf | vs[proj][   ][    ] ps='' rank=0 | tex0=3B6CB870 inst=1
   53 PASS    v=6278   p=116    zw=1 zt=1 blend=1 cw=0xf | vs[proj][   ][    ] ps='' rank=0 | tex0=3B6CB870 inst=1
   54 PASS    v=6278   p=9376   zw=1 zt=1 blend=1 cw=0xf | vs[proj][   ][    ] ps='' rank=0 | tex0=44F07130 inst=1
   55 PASS    v=6278   p=4139   zw=1 zt=1 blend=1 cw=0xf | vs[proj][   ][    ] ps='' rank=0 | tex0=3F254710 inst=1
   56 PASS    v=3306   p=1263   zw=1 zt=1 blend=1 cw=0xf | vs[proj][   ][    ] ps='Normal_MapSampler' rank=0 | tex0=41BE5E90 inst=1
   57 PASS    v=38907  p=2180   zw=1 zt=1 blend=1 cw=0xf | vs[proj][   ][    ] ps='' rank=0 | tex0=3F254710 inst=1
   58 PASS    v=1924   p=587    zw=1 zt=1 blend=1 cw=0xf | vs[proj][   ][    ] ps='' rank=0 | tex0=3F254710 inst=1
   59 PASS    v=3306   p=13     zw=1 zt=1 blend=1 cw=0xf | vs[proj][   ][    ] ps='Normal_MapSampler' rank=0 | tex0=41BE5790 inst=1
   60 PASS    v=3306   p=189    zw=1 zt=1 blend=1 cw=0xf | vs[proj][   ][    ] ps='Normal_MapSampler' rank=0 | tex0=41BE5790 inst=1
   61 PASS    v=2974   p=83     zw=1 zt=1 blend=1 cw=0xf | vs[proj][   ][    ] ps='Normal_MapSampler' rank=0 | tex0=41BE5790 inst=1
   62 PASS    v=2974   p=8      zw=1 zt=1 blend=1 cw=0xf | vs[proj][   ][    ] ps='Normal_MapSampler' rank=0 | tex0=41BE5CD0 inst=1
   63 PASS    v=35877  p=63344  zw=1 zt=1 blend=1 cw=0xf | vs[proj][   ][    ] ps='Normal_MapSampler' rank=0 | tex0=41BE5790 inst=1
   64 PASS    v=1369   p=744    zw=1 zt=1 blend=1 cw=0xf | vs[proj][   ][    ] ps='Normal_MapSampler' rank=0 | tex0=41BE5790 inst=1
   65 PASS    v=3306   p=141    zw=1 zt=1 blend=1 cw=0xf | vs[proj][   ][    ] ps='Normal_MapSampler' rank=0 | tex0=41BE5790 inst=1
   66 PASS    v=2974   p=12     zw=1 zt=1 blend=1 cw=0xf | vs[proj][   ][    ] ps='Normal_MapSampler' rank=0 | tex0=41BE5790 inst=1
   67 PASS    v=974    p=32     zw=1 zt=1 blend=1 cw=0xf | vs[proj][   ][    ] ps='' rank=0 | tex0=414A1D68 inst=1
   68 PASS    v=3306   p=843    zw=1 zt=1 blend=1 cw=0xf | vs[proj][   ][    ] ps='Normal_MapSampler' rank=0 | tex0=41BE5090 inst=1
   69 PASS    v=2974   p=287    zw=1 zt=1 blend=1 cw=0xf | vs[proj][   ][    ] ps='Normal_MapSampler' rank=0 | tex0=41BE5090 inst=1
   70 PASS    v=3306   p=80     zw=1 zt=1 blend=1 cw=0xf | vs[proj][   ][    ] ps='Normal_MapSampler' rank=0 | tex0=3F2540F0 inst=1
   71 PASS    v=2974   p=42     zw=1 zt=1 blend=1 cw=0xf | vs[proj][   ][    ] ps='Normal_MapSampler' rank=0 | tex0=3F2540F0 inst=1
   72 PASS    v=3306   p=314    zw=1 zt=1 blend=1 cw=0xf | vs[proj][   ][    ] ps='Normal_MapSampler' rank=0 | tex0=41BE5250 inst=1
   73 PASS    v=2974   p=792    zw=1 zt=1 blend=1 cw=0xf | vs[proj][   ][    ] ps='Normal_MapSampler' rank=0 | tex0=41BE5250 inst=1
   74 PASS    v=206    p=427    zw=1 zt=1 blend=1 cw=0xf | vs[proj][   ][    ] ps='' rank=0 | tex0=41BD60D0 inst=1
   75 PASS    v=640    p=1003   zw=1 zt=1 blend=1 cw=0xf | vs[proj][   ][    ] ps='' rank=0 | tex0=41BD6ED0 inst=1
   76 PASS    v=640    p=1003   zw=1 zt=1 blend=1 cw=0xf | vs[proj][   ][    ] ps='' rank=0 | tex0=41BD6ED0 inst=1
   77 PASS    v=3306   p=1076   zw=1 zt=1 blend=1 cw=0xf | vs[proj][   ][    ] ps='Normal_MapSampler' rank=0 | tex0=414B02A8 inst=1
   78 PASS    v=12     p=19     zw=1 zt=1 blend=1 cw=0xf | vs[proj][   ][    ] ps='' rank=0 | tex0=414AF2E8 inst=1
   79 PASS    v=12     p=19     zw=1 zt=1 blend=1 cw=0xf | vs[proj][   ][    ] ps='' rank=0 | tex0=414AF2E8 inst=1
   80 PASS    v=12     p=19     zw=1 zt=1 blend=1 cw=0xf | vs[proj][   ][    ] ps='' rank=0 | tex0=414AF2E8 inst=1
   81 PASS    v=12     p=19     zw=1 zt=1 blend=1 cw=0xf | vs[proj][   ][    ] ps='' rank=0 | tex0=414AF2E8 inst=1
   82 PASS    v=202    p=321    zw=1 zt=1 blend=1 cw=0xf | vs[proj][   ][    ] ps='' rank=0 | tex0=414AE788 inst=1
   83 PASS    v=202    p=321    zw=1 zt=1 blend=1 cw=0xf | vs[proj][   ][    ] ps='' rank=0 | tex0=414AE788 inst=1
   84 PASS    v=202    p=321    zw=1 zt=1 blend=1 cw=0xf | vs[proj][   ][    ] ps='' rank=0 | tex0=414AE788 inst=1
   85 PASS    v=202    p=321    zw=1 zt=1 blend=1 cw=0xf | vs[proj][   ][    ] ps='' rank=0 | tex0=414AE788 inst=1
   86 PASS    v=202    p=321    zw=1 zt=1 blend=1 cw=0xf | vs[proj][   ][    ] ps='' rank=0 | tex0=414AE788 inst=1
   87 PASS    v=202    p=321    zw=1 zt=1 blend=1 cw=0xf | vs[proj][   ][    ] ps='' rank=0 | tex0=414AE788 inst=1
   88 PASS    v=202    p=321    zw=1 zt=1 blend=1 cw=0xf | vs[proj][   ][    ] ps='' rank=0 | tex0=414AE788 inst=1
   89 PASS    v=202    p=321    zw=1 zt=1 blend=1 cw=0xf | vs[proj][   ][    ] ps='' rank=0 | tex0=414AE788 inst=1
   90 PASS    v=202    p=321    zw=1 zt=1 blend=1 cw=0xf | vs[proj][   ][    ] ps='' rank=0 | tex0=414AE788 inst=1
   91 PASS    v=1924   p=20     zw=1 zt=1 blend=1 cw=0xf | vs[proj][   ][    ] ps='' rank=0 | tex0=414ACAA8 inst=1
   92 PASS    v=974    p=20     zw=1 zt=1 blend=1 cw=0xf | vs[proj][   ][    ] ps='' rank=0 | tex0=414ACAA8 inst=1
   93 PASS    v=830    p=242    zw=1 zt=1 blend=1 cw=0xf | vs[proj][   ][    ] ps='' rank=0 | tex0=414AD7C8 inst=1
   94 PASS    v=194    p=68     zw=1 zt=1 blend=1 cw=0xf | vs[proj][   ][    ] ps='' rank=0 | tex0=414AD7C8 inst=1
   95 PASS    v=6278   p=284    zw=1 zt=1 blend=1 cw=0xf | vs[proj][   ][    ] ps='' rank=0 | tex0=160992A0 inst=1
   96 PASS    v=2974   p=2876   zw=1 zt=1 blend=1 cw=0xf | vs[proj][   ][    ] ps='Normal_MapSampler' rank=0 | tex0=40D3C0D0 inst=1
   97 PASS    v=222    p=315    zw=1 zt=1 blend=1 cw=0xf | vs[proj][   ][    ] ps='' rank=0 | tex0=44F03D90 inst=1
   98 PASS    v=17601  p=196    zw=1 zt=1 blend=1 cw=0xf | vs[proj][   ][    ] ps='Normal_MapSampler' rank=0 | tex0=44F00210 inst=1
   99 PASS    v=830    p=294    zw=1 zt=1 blend=1 cw=0xf | vs[proj][   ][    ] ps='' rank=0 | tex0=44EFE8B0 inst=1
  100 PASS    v=194    p=82     zw=1 zt=1 blend=1 cw=0xf | vs[proj][   ][    ] ps='' rank=0 | tex0=44EFE8B0 inst=1
  101 PASS    v=770    p=132    zw=1 zt=1 blend=1 cw=0xf | vs[proj][   ][    ] ps='Normal_MapSampler' rank=0 | tex0=44F0D950 inst=1
  102 PASS    v=317    p=169    zw=1 zt=1 blend=1 cw=0xf | vs[proj][   ][    ] ps='Normal_MapSampler' rank=0 | tex0=44F0D950 inst=1
  103 PASS    v=770    p=356    zw=1 zt=1 blend=1 cw=0xf | vs[proj][   ][    ] ps='Normal_MapSampler' rank=0 | tex0=44EFED10 inst=1
  104 PASS    v=317    p=245    zw=1 zt=1 blend=1 cw=0xf | vs[proj][   ][    ] ps='Normal_MapSampler' rank=0 | tex0=44EFED10 inst=1
  105 PASS    v=517    p=455    zw=1 zt=1 blend=1 cw=0xf | vs[proj][   ][    ] ps='Normal_MapSampler' rank=0 | tex0=44EFED10 inst=1
  106 PASS    v=324    p=322    zw=1 zt=1 blend=1 cw=0xf | vs[proj][   ][    ] ps='Normal_MapSampler' rank=0 | tex0=44EFED10 inst=1
  107 PASS    v=770    p=611    zw=1 zt=1 blend=1 cw=0xf | vs[proj][   ][    ] ps='Normal_MapSampler' rank=0 | tex0=44EFEDF0 inst=1
  108 PASS    v=517    p=362    zw=1 zt=1 blend=1 cw=0xf | vs[proj][   ][    ] ps='Normal_MapSampler' rank=0 | tex0=44EFEDF0 inst=1
  109 PASS    v=324    p=172    zw=1 zt=1 blend=1 cw=0xf | vs[proj][   ][    ] ps='Normal_MapSampler' rank=0 | tex0=44EFEDF0 inst=1
  110 PASS    v=3306   p=981    zw=1 zt=1 blend=1 cw=0xf | vs[proj][   ][    ] ps='Normal_MapSampler' rank=0 | tex0=44F1BDB0 inst=1
  111 PASS    v=2974   p=377    zw=1 zt=1 blend=1 cw=0xf | vs[proj][   ][    ] ps='Normal_MapSampler' rank=0 | tex0=44F1BDB0 inst=1
  112 PASS    v=25     p=21     zw=1 zt=1 blend=1 cw=0xf | vs[proj][   ][    ] ps='Normal_MapSampler' rank=0 | tex0=44F090B0 inst=1
  113 PASS    v=20     p=14     zw=1 zt=1 blend=1 cw=0xf | vs[proj][   ][    ] ps='Normal_MapSampler' rank=0 | tex0=44F090B0 inst=1
  114 PASS    v=72     p=20     zw=1 zt=1 blend=1 cw=0xf | vs[proj][   ][    ] ps='Normal_MapSampler' rank=0 | tex0=44F090B0 inst=1
  115 PASS    v=72     p=20     zw=1 zt=1 blend=1 cw=0xf | vs[proj][   ][    ] ps='Normal_MapSampler' rank=0 | tex0=44F090B0 inst=1
  116 PASS    v=46     p=20     zw=1 zt=1 blend=1 cw=0xf | vs[proj][   ][    ] ps='Normal_MapSampler' rank=0 | tex0=44F090B0 inst=1
  117 PASS    v=6022   p=25     zw=1 zt=1 blend=1 cw=0xf | vs[proj][   ][    ] ps='' rank=0 | tex0=3F255890 inst=1
  118 PASS    v=3564   p=38     zw=1 zt=1 blend=1 cw=0xf | vs[proj][   ][    ] ps='' rank=0 | tex0=3F255890 inst=1
  119 PASS    v=20     p=2      zw=1 zt=1 blend=1 cw=0xf | vs[proj][   ][    ] ps='' rank=0 | tex0=3F254EF0 inst=1
  120 PASS    v=1879   p=61     zw=1 zt=1 blend=1 cw=0xf | vs[proj][   ][    ] ps='' rank=0 | tex0=3F23A770 inst=1
  121 PASS    v=2750   p=69     zw=1 zt=1 blend=1 cw=0xf | vs[proj][   ][    ] ps='' rank=0 | tex0=3F23A770 inst=1
  122 PASS    v=184    p=224    zw=1 zt=1 blend=1 cw=0xf | vs[proj][   ][    ] ps='' rank=0 | tex0=44F11AF0 inst=1
  123 PASS    v=2595   p=15     zw=1 zt=1 blend=1 cw=0xf | vs[proj][   ][    ] ps='' rank=0 | tex0=3F23EE50 inst=1
  124 PASS    v=564    p=123    zw=1 zt=1 blend=1 cw=0xf | vs[proj][   ][    ] ps='' rank=0 | tex0=3F23EE50 inst=1
  125 PASS    v=3014   p=32     zw=1 zt=1 blend=1 cw=0xf | vs[proj][   ][    ] ps='' rank=0 | tex0=44F0E910 inst=1
  126 PASS    v=3014   p=32     zw=1 zt=1 blend=1 cw=0xf | vs[proj][   ][    ] ps='' rank=0 | tex0=3F23BFF0 inst=1
  127 PASS    v=3014   p=23     zw=1 zt=1 blend=1 cw=0xf | vs[proj][   ][    ] ps='' rank=0 | tex0=3F239CF0 inst=1
  128 PASS    v=3014   p=56     zw=1 zt=1 blend=1 cw=0xf | vs[proj][   ][    ] ps='' rank=0 | tex0=3F23C990 inst=1
  129 PASS    v=3014   p=20     zw=1 zt=1 blend=1 cw=0xf | vs[proj][   ][    ] ps='' rank=0 | tex0=3F23AA10 inst=1
  130 PASS    v=3014   p=14     zw=1 zt=1 blend=1 cw=0xf | vs[proj][   ][    ] ps='' rank=0 | tex0=44F08710 inst=1
  131 PASS    v=2750   p=27     zw=1 zt=1 blend=1 cw=0xf | vs[proj][   ][    ] ps='' rank=0 | tex0=44F08710 inst=1
  132 PASS    v=3348   p=23     zw=1 zt=1 blend=1 cw=0xf | vs[proj][   ][    ] ps='' rank=0 | tex0=44F08710 inst=1
  133 PASS    v=1907   p=31     zw=1 zt=1 blend=1 cw=0xf | vs[proj][   ][    ] ps='' rank=0 | tex0=44F08710 inst=1
  134 PASS    v=2750   p=2      zw=1 zt=1 blend=1 cw=0xf | vs[proj][   ][    ] ps='' rank=0 | tex0=44F168D0 inst=1
  135 PASS    v=1907   p=21     zw=1 zt=1 blend=1 cw=0xf | vs[proj][   ][    ] ps='' rank=0 | tex0=44F168D0 inst=1
  136 CONVERT v=28     p=45     zw=1 zt=1 blend=1 cw=0xf | vs[proj][   ][    ] ps='Diffuse_MapSampler' rank=100 | tex0=3F23B9D0 inst=1
  137 PASS    v=3014   p=14     zw=1 zt=1 blend=1 cw=0xf | vs[proj][   ][    ] ps='' rank=0 | tex0=44F0C6F0 inst=1
  138 PASS    v=3014   p=554    zw=1 zt=1 blend=1 cw=0xf | vs[proj][   ][    ] ps='' rank=0 | tex0=44F0C530 inst=1
  139 PASS    v=3014   p=67     zw=1 zt=1 blend=1 cw=0xf | vs[proj][   ][    ] ps='' rank=0 | tex0=44F0C7D0 inst=1
  140 PASS    v=405    p=37     zw=1 zt=1 blend=1 cw=0xf | vs[proj][   ][    ] ps='' rank=0 | tex0=3F23DB10 inst=1
  141 PASS    v=737    p=731    zw=1 zt=1 blend=1 cw=0xf | vs[proj][   ][    ] ps='' rank=0 | tex0=3F23DB10 inst=1
  142 PASS    v=733    p=566    zw=1 zt=1 blend=1 cw=0xf | vs[proj][   ][    ] ps='' rank=0 | tex0=3F23DB10 inst=1
  143 PASS    v=2750   p=9      zw=1 zt=1 blend=1 cw=0xf | vs[proj][   ][    ] ps='' rank=0 | tex0=44F07670 inst=1
  144 PASS    v=480    p=98     zw=1 zt=1 blend=1 cw=0xf | vs[proj][   ][    ] ps='Normal_MapSampler' rank=0 | tex0=44F13A70 inst=1
  145 PASS    v=1879   p=239    zw=1 zt=1 blend=1 cw=0xf | vs[proj][   ][    ] ps='' rank=0 | tex0=3F23A5B0 inst=1
  146 PASS    v=1589   p=322    zw=1 zt=1 blend=1 cw=0xf | vs[proj][   ][    ] ps='' rank=0 | tex0=3F23A5B0 inst=1
  147 PASS    v=2750   p=654    zw=1 zt=1 blend=1 cw=0xf | vs[proj][   ][    ] ps='' rank=0 | tex0=3F23A5B0 inst=1
  148 PASS    v=3348   p=113    zw=1 zt=1 blend=1 cw=0xf | vs[proj][   ][    ] ps='' rank=0 | tex0=3F23A5B0 inst=1
  149 PASS    v=1135   p=128    zw=1 zt=1 blend=1 cw=0xf | vs[proj][   ][    ] ps='' rank=0 | tex0=3F23A5B0 inst=1
  150 PASS    v=1879   p=8      zw=1 zt=1 blend=1 cw=0xf | vs[proj][   ][    ] ps='' rank=0 | tex0=3F239CF0 inst=1
  151 PASS    v=1589   p=8      zw=1 zt=1 blend=1 cw=0xf | vs[proj][   ][    ] ps='' rank=0 | tex0=3F239CF0 inst=1
  152 PASS    v=2750   p=1      zw=1 zt=1 blend=1 cw=0xf | vs[proj][   ][    ] ps='' rank=0 | tex0=3F239CF0 inst=1
  153 PASS    v=3014   p=47     zw=1 zt=1 blend=1 cw=0xf | vs[proj][   ][    ] ps='' rank=0 | tex0=3F239CF0 inst=1
  154 PASS    v=3348   p=21     zw=1 zt=1 blend=1 cw=0xf | vs[proj][   ][    ] ps='' rank=0 | tex0=3F239CF0 inst=1
  155 PASS    v=1135   p=35     zw=1 zt=1 blend=1 cw=0xf | vs[proj][   ][    ] ps='' rank=0 | tex0=3F239CF0 inst=1
  156 CONVERT v=1879   p=19     zw=1 zt=1 blend=1 cw=0xf | vs[proj][   ][    ] ps='Diffuse_MapSampler' rank=100 | tex0=3F23D4F0 inst=1
  157 CONVERT v=2750   p=23     zw=1 zt=1 blend=1 cw=0xf | vs[proj][   ][    ] ps='Diffuse_MapSampler' rank=100 | tex0=3F23D4F0 inst=1
  158 PASS    v=731    p=75     zw=1 zt=1 blend=1 cw=0xf | vs[proj][   ][    ] ps='' rank=0 | tex0=3F23D4F0 inst=1
  159 PASS    v=929    p=841    zw=1 zt=1 blend=1 cw=0xf | vs[proj][   ][    ] ps='' rank=0 | tex0=3F23D4F0 inst=1
  160 PASS    v=707    p=151    zw=1 zt=1 blend=1 cw=0xf | vs[proj][   ][    ] ps='' rank=0 | tex0=3F23D4F0 inst=1
  161 PASS    v=1198   p=1113   zw=1 zt=1 blend=1 cw=0xf | vs[proj][   ][    ] ps='' rank=0 | tex0=3F23D4F0 inst=1
  162 PASS    v=239    p=41     zw=1 zt=1 blend=1 cw=0xf | vs[proj][   ][    ] ps='' rank=0 | tex0=3F23D4F0 inst=1
  163 PASS    v=820    p=599    zw=1 zt=1 blend=1 cw=0xf | vs[proj][   ][    ] ps='' rank=0 | tex0=3F23D4F0 inst=1
  164 PASS    v=307    p=68     zw=1 zt=1 blend=1 cw=0xf | vs[proj][   ][    ] ps='' rank=0 | tex0=3F23D4F0 inst=1
  165 PASS    v=1028   p=1113   zw=1 zt=1 blend=1 cw=0xf | vs[proj][   ][    ] ps='' rank=0 | tex0=3F23D4F0 inst=1
  166 PASS    v=489    p=179    zw=1 zt=1 blend=1 cw=0xf | vs[proj][   ][    ] ps='' rank=0 | tex0=3F23D4F0 inst=1
  167 PASS    v=402    p=333    zw=1 zt=1 blend=1 cw=0xf | vs[proj][   ][    ] ps='' rank=0 | tex0=3F23D4F0 inst=1
  168 PASS    v=486    p=92     zw=1 zt=1 blend=1 cw=0xf | vs[proj][   ][    ] ps='' rank=0 | tex0=44F131B0 inst=1
  169 PASS    v=1553   p=182    zw=1 zt=1 blend=1 cw=0xf | vs[proj][   ][    ] ps='' rank=0 | tex0=44F131B0 inst=1
  170 PASS    v=829    p=31     zw=1 zt=1 blend=1 cw=0xf | vs[proj][   ][    ] ps='' rank=0 | tex0=44F131B0 inst=1
  171 PASS    v=829    p=68     zw=1 zt=1 blend=1 cw=0xf | vs[proj][   ][    ] ps='' rank=0 | tex0=44F131B0 inst=1
  172 PASS    v=958    p=1010   zw=1 zt=1 blend=1 cw=0xf | vs[proj][   ][    ] ps='' rank=0 | tex0=44F131B0 inst=1
  173 PASS    v=1553   p=200    zw=1 zt=1 blend=1 cw=0xf | vs[proj][   ][    ] ps='' rank=0 | tex0=44F11D90 inst=1
  174 PASS    v=2750   p=2      zw=1 zt=1 blend=1 cw=0xf | vs[proj][   ][    ] ps='' rank=0 | tex0=44F06410 inst=1
  175 PASS    v=2595   p=1      zw=1 zt=1 blend=1 cw=0xf | vs[proj][   ][    ] ps='' rank=0 | tex0=3F23D950 inst=1
  176 PASS    v=1879   p=107    zw=1 zt=1 blend=1 cw=0xf | vs[proj][   ][    ] ps='' rank=0 | tex0=3F23D950 inst=1
  177 PASS    v=1589   p=184    zw=1 zt=1 blend=1 cw=0xf | vs[proj][   ][    ] ps='' rank=0 | tex0=3F23D950 inst=1
  178 PASS    v=2750   p=115    zw=1 zt=1 blend=1 cw=0xf | vs[proj][   ][    ] ps='' rank=0 | tex0=3F23D950 inst=1
  179 PASS    v=3348   p=53     zw=1 zt=1 blend=1 cw=0xf | vs[proj][   ][    ] ps='' rank=0 | tex0=3F23D950 inst=1
  180 PASS    v=1135   p=19     zw=1 zt=1 blend=1 cw=0xf | vs[proj][   ][    ] ps='' rank=0 | tex0=3F23D950 inst=1
  181 PASS    v=28     p=78     zw=1 zt=1 blend=1 cw=0xf | vs[proj][   ][    ] ps='' rank=0 | tex0=3F23D950 inst=1
  182 PASS    v=35     p=97     zw=1 zt=1 blend=1 cw=0xf | vs[proj][   ][    ] ps='' rank=0 | tex0=3F23D950 inst=1
  183 PASS    v=3      p=1      zw=1 zt=1 blend=1 cw=0xf | vs[proj][   ][    ] ps='' rank=0 | tex0=3F23D950 inst=1
  184 PASS    v=6      p=9      zw=1 zt=1 blend=1 cw=0xf | vs[proj][   ][    ] ps='' rank=0 | tex0=3F23D950 inst=1
  185 PASS    v=6      p=9      zw=1 zt=1 blend=1 cw=0xf | vs[proj][   ][    ] ps='' rank=0 | tex0=3F23D950 inst=1
  186 PASS    v=2595   p=50     zw=1 zt=1 blend=1 cw=0xf | vs[proj][   ][    ] ps='' rank=0 | tex0=3F23AA10 inst=1
  187 PASS    v=1421   p=56     zw=1 zt=1 blend=1 cw=0xf | vs[proj][   ][    ] ps='' rank=0 | tex0=3F23AA10 inst=1
  188 PASS    v=2750   p=7      zw=1 zt=1 blend=1 cw=0xf | vs[proj][   ][    ] ps='' rank=0 | tex0=3F23AA10 inst=1
  189 PASS    v=3014   p=62     zw=1 zt=1 blend=1 cw=0xf | vs[proj][   ][    ] ps='' rank=0 | tex0=3F23AA10 inst=1
  190 PASS    v=2595   p=19     zw=1 zt=1 blend=1 cw=0xf | vs[proj][   ][    ] ps='' rank=0 | tex0=44F0CED0 inst=1
  191 PASS    v=1421   p=79     zw=1 zt=1 blend=1 cw=0xf | vs[proj][   ][    ] ps='' rank=0 | tex0=44F0CED0 inst=1
  192 PASS    v=1879   p=429    zw=1 zt=1 blend=1 cw=0xf | vs[proj][   ][    ] ps='' rank=0 | tex0=44F0CED0 inst=1
  193 PASS    v=1589   p=19     zw=1 zt=1 blend=1 cw=0xf | vs[proj][   ][    ] ps='' rank=0 | tex0=44F0CED0 inst=1
  194 PASS    v=3014   p=98     zw=1 zt=1 blend=1 cw=0xf | vs[proj][   ][    ] ps='' rank=0 | tex0=44F0CED0 inst=1
  195 PASS    v=3348   p=55     zw=1 zt=1 blend=1 cw=0xf | vs[proj][   ][    ] ps='' rank=0 | tex0=44F0CED0 inst=1
  196 PASS    v=2595   p=31     zw=1 zt=1 blend=1 cw=0xf | vs[proj][   ][    ] ps='' rank=0 | tex0=44F0C6F0 inst=1
  197 PASS    v=3014   p=212    zw=1 zt=1 blend=1 cw=0xf | vs[proj][   ][    ] ps='' rank=0 | tex0=44F0C6F0 inst=1
  198 PASS    v=5158   p=223    zw=1 zt=1 blend=1 cw=0xf | vs[proj][   ][    ] ps='' rank=0 | tex0=44F0C6F0 inst=1
  199 PASS    v=4803   p=4      zw=1 zt=1 blend=1 cw=0xf | vs[proj][   ][    ] ps='' rank=0 | tex0=44F0C6F0 inst=1
  200 PASS    v=4824   p=166    zw=1 zt=1 blend=1 cw=0xf | vs[proj][   ][    ] ps='' rank=0 | tex0=44F0C6F0 inst=1
  201 PASS    v=3925   p=51     zw=1 zt=1 blend=1 cw=0xf | vs[proj][   ][    ] ps='' rank=0 | tex0=44F0C6F0 inst=1
  202 PASS    v=5035   p=51     zw=1 zt=1 blend=1 cw=0xf | vs[proj][   ][    ] ps='' rank=0 | tex0=44F0C6F0 inst=1
  203 PASS    v=4586   p=397    zw=1 zt=1 blend=1 cw=0xf | vs[proj][   ][    ] ps='' rank=0 | tex0=44F0C6F0 inst=1
  204 PASS    v=2284   p=93     zw=1 zt=1 blend=1 cw=0xf | vs[proj][   ][    ] ps='' rank=0 | tex0=44F0C6F0 inst=1
  205 PASS    v=4171   p=1      zw=1 zt=1 blend=1 cw=0xf | vs[proj][   ][    ] ps='' rank=0 | tex0=44F0C6F0 inst=1
  206 PASS    v=2785   p=83     zw=1 zt=1 blend=1 cw=0xf | vs[proj][   ][    ] ps='' rank=0 | tex0=44F0C6F0 inst=1
  207 PASS    v=2606   p=17     zw=1 zt=1 blend=1 cw=0xf | vs[proj][   ][    ] ps='' rank=0 | tex0=44F0C6F0 inst=1
  208 PASS    v=4013   p=8      zw=1 zt=1 blend=1 cw=0xf | vs[proj][   ][    ] ps='' rank=0 | tex0=44F0C6F0 inst=1
  209 PASS    v=230    p=7      zw=1 zt=1 blend=1 cw=0xf | vs[proj][   ][    ] ps='' rank=0 | tex0=44F0C6F0 inst=1
  210 PASS    v=1900   p=7      zw=1 zt=1 blend=1 cw=0xf | vs[proj][   ][    ] ps='' rank=0 | tex0=44F0C6F0 inst=1
  211 PASS    v=2311   p=25     zw=1 zt=1 blend=1 cw=0xf | vs[proj][   ][    ] ps='' rank=0 | tex0=44F0C6F0 inst=1
  212 PASS    v=4159   p=29     zw=1 zt=1 blend=1 cw=0xf | vs[proj][   ][    ] ps='' rank=0 | tex0=44F0C6F0 inst=1
  213 PASS    v=2125   p=111    zw=1 zt=1 blend=1 cw=0xf | vs[proj][   ][    ] ps='' rank=0 | tex0=44F0C6F0 inst=1
  214 PASS    v=362    p=25     zw=1 zt=1 blend=1 cw=0xf | vs[proj][   ][    ] ps='' rank=0 | tex0=44F0C6F0 inst=1
  215 PASS    v=7416   p=147    zw=1 zt=1 blend=1 cw=0xf | vs[proj][   ][    ] ps='' rank=0 | tex0=44F0C6F0 inst=1
  216 PASS    v=3348   p=123    zw=1 zt=1 blend=1 cw=0xf | vs[proj][   ][    ] ps='' rank=0 | tex0=44F0C6F0 inst=1
  217 PASS    v=806    p=65     zw=1 zt=1 blend=1 cw=0xf | vs[proj][   ][    ] ps='' rank=0 | tex0=44F0C6F0 inst=1
  218 PASS    v=5036   p=233    zw=1 zt=1 blend=1 cw=0xf | vs[proj][   ][    ] ps='' rank=0 | tex0=44F0C6F0 inst=1
  219 PASS    v=1131   p=105    zw=1 zt=1 blend=1 cw=0xf | vs[proj][   ][    ] ps='' rank=0 | tex0=44F0C6F0 inst=1
  220 PASS    v=1717   p=77     zw=1 zt=1 blend=1 cw=0xf | vs[proj][   ][    ] ps='' rank=0 | tex0=44F0C6F0 inst=1
  221 PASS    v=6421   p=273    zw=1 zt=1 blend=1 cw=0xf | vs[proj][   ][    ] ps='' rank=0 | tex0=44F0C6F0 inst=1
  222 PASS    v=4304   p=50     zw=1 zt=1 blend=1 cw=0xf | vs[proj][   ][    ] ps='' rank=0 | tex0=44F0C6F0 inst=1
  223 PASS    v=1273   p=99     zw=1 zt=1 blend=1 cw=0xf | vs[proj][   ][    ] ps='' rank=0 | tex0=44F0C6F0 inst=1
  224 PASS    v=3346   p=105    zw=1 zt=1 blend=1 cw=0xf | vs[proj][   ][    ] ps='' rank=0 | tex0=44F0C6F0 inst=1
  225 PASS    v=3493   p=185    zw=1 zt=1 blend=1 cw=0xf | vs[proj][   ][    ] ps='' rank=0 | tex0=44F0C6F0 inst=1
  226 PASS    v=1330   p=169    zw=1 zt=1 blend=1 cw=0xf | vs[proj][   ][    ] ps='' rank=0 | tex0=44F0C6F0 inst=1
  227 PASS    v=2819   p=345    zw=1 zt=1 blend=1 cw=0xf | vs[proj][   ][    ] ps='' rank=0 | tex0=44F0C6F0 inst=1
  228 PASS    v=2588   p=67     zw=1 zt=1 blend=1 cw=0xf | vs[proj][   ][    ] ps='' rank=0 | tex0=44F0C6F0 inst=1
  229 PASS    v=3021   p=109    zw=1 zt=1 blend=1 cw=0xf | vs[proj][   ][    ] ps='' rank=0 | tex0=44F0C6F0 inst=1
  230 PASS    v=1217   p=49     zw=1 zt=1 blend=1 cw=0xf | vs[proj][   ][    ] ps='' rank=0 | tex0=44F0C6F0 inst=1
  231 PASS    v=3442   p=85     zw=1 zt=1 blend=1 cw=0xf | vs[proj][   ][    ] ps='' rank=0 | tex0=44F0C6F0 inst=1
  232 PASS    v=2827   p=51     zw=1 zt=1 blend=1 cw=0xf | vs[proj][   ][    ] ps='' rank=0 | tex0=44F0C6F0 inst=1
  233 PASS    v=1907   p=8      zw=1 zt=1 blend=1 cw=0xf | vs[proj][   ][    ] ps='' rank=0 | tex0=44F06790 inst=1
  234 PASS    v=405    p=89     zw=1 zt=1 blend=1 cw=0xf | vs[proj][   ][    ] ps='' rank=0 | tex0=44F05990 inst=1
  235 PASS    v=1907   p=1      zw=1 zt=1 blend=1 cw=0xf | vs[proj][   ][    ] ps='' rank=0 | tex0=44F05990 inst=1
  236 PASS    v=558    p=121    zw=1 zt=1 blend=1 cw=0xf | vs[proj][   ][    ] ps='' rank=0 | tex0=44F05990 inst=1
  237 PASS    v=237    p=117    zw=1 zt=1 blend=1 cw=0xf | vs[proj][   ][    ] ps='' rank=0 | tex0=44F05990 inst=1
  238 PASS    v=651    p=239    zw=1 zt=1 blend=1 cw=0xf | vs[proj][   ][    ] ps='' rank=0 | tex0=44F05990 inst=1
  239 PASS    v=1419   p=1609   zw=1 zt=1 blend=1 cw=0xf | vs[proj][   ][    ] ps='' rank=0 | tex0=44F05990 inst=1
  240 PASS    v=722    p=167    zw=1 zt=1 blend=1 cw=0xf | vs[proj][   ][    ] ps='' rank=0 | tex0=44F05990 inst=1
  241 PASS    v=355    p=95     zw=1 zt=1 blend=1 cw=0xf | vs[proj][   ][    ] ps='' rank=0 | tex0=44F05990 inst=1
  242 PASS    v=1124   p=489    zw=1 zt=1 blend=1 cw=0xf | vs[proj][   ][    ] ps='' rank=0 | tex0=44F05990 inst=1
  243 PASS    v=642    p=389    zw=1 zt=1 blend=1 cw=0xf | vs[proj][   ][    ] ps='' rank=0 | tex0=44F05990 inst=1
  244 PASS    v=1868   p=1019   zw=1 zt=1 blend=1 cw=0xf | vs[proj][   ][    ] ps='' rank=0 | tex0=44F05990 inst=1
  245 PASS    v=1875   p=1015   zw=1 zt=1 blend=1 cw=0xf | vs[proj][   ][    ] ps='' rank=0 | tex0=44F05990 inst=1
  246 PASS    v=2267   p=1285   zw=1 zt=1 blend=1 cw=0xf | vs[proj][   ][    ] ps='' rank=0 | tex0=44F05990 inst=1
  247 PASS    v=431    p=103    zw=1 zt=1 blend=1 cw=0xf | vs[proj][   ][    ] ps='' rank=0 | tex0=44F05990 inst=1
  248 PASS    v=264    p=77     zw=1 zt=1 blend=1 cw=0xf | vs[proj][   ][    ] ps='' rank=0 | tex0=44F05990 inst=1
  249 PASS    v=1586   p=941    zw=1 zt=1 blend=1 cw=0xf | vs[proj][   ][    ] ps='' rank=0 | tex0=44F05990 inst=1
  250 PASS    v=1552   p=905    zw=1 zt=1 blend=1 cw=0xf | vs[proj][   ][    ] ps='' rank=0 | tex0=44F05990 inst=1
  251 PASS    v=2467   p=1728   zw=1 zt=1 blend=1 cw=0xf | vs[proj][   ][    ] ps='' rank=0 | tex0=44F05990 inst=1
  252 PASS    v=106    p=21     zw=1 zt=1 blend=1 cw=0xf | vs[proj][   ][    ] ps='' rank=0 | tex0=44F05990 inst=1
  253 PASS    v=1384   p=1233   zw=1 zt=1 blend=1 cw=0xf | vs[proj][   ][    ] ps='' rank=0 | tex0=44F05990 inst=1
  254 PASS    v=360    p=20     zw=1 zt=1 blend=1 cw=0xf | vs[proj][   ][    ] ps='' rank=0 | tex0=44F05990 inst=1
  255 PASS    v=1238   p=1107   zw=1 zt=1 blend=1 cw=0xf | vs[proj][   ][    ] ps='' rank=0 | tex0=44F05990 inst=1
  256 PASS    v=390    p=178    zw=1 zt=1 blend=1 cw=0xf | vs[proj][   ][    ] ps='' rank=0 | tex0=44F05990 inst=1
  257 PASS    v=429    p=287    zw=1 zt=1 blend=1 cw=0xf | vs[proj][   ][    ] ps='' rank=0 | tex0=44F05990 inst=1
  258 PASS    v=286    p=165    zw=1 zt=1 blend=1 cw=0xf | vs[proj][   ][    ] ps='' rank=0 | tex0=44F05990 inst=1
  259 PASS    v=1254   p=1221   zw=1 zt=1 blend=1 cw=0xf | vs[proj][   ][    ] ps='' rank=0 | tex0=44F05990 inst=1
  260 PASS    v=290    p=110    zw=1 zt=1 blend=1 cw=0xf | vs[proj][   ][    ] ps='' rank=0 | tex0=44F05990 inst=1
  261 PASS    v=380    p=319    zw=1 zt=1 blend=1 cw=0xf | vs[proj][   ][    ] ps='' rank=0 | tex0=44F05990 inst=1
  262 PASS    v=1121   p=943    zw=1 zt=1 blend=1 cw=0xf | vs[proj][   ][    ] ps='' rank=0 | tex0=44F05990 inst=1
  263 PASS    v=179    p=18     zw=1 zt=1 blend=1 cw=0xf | vs[proj][   ][    ] ps='' rank=0 | tex0=44F05990 inst=1
  264 PASS    v=593    p=61     zw=1 zt=1 blend=1 cw=0xf | vs[proj][   ][    ] ps='' rank=0 | tex0=44F05990 inst=1
  265 PASS    v=176    p=184    zw=1 zt=1 blend=1 cw=0xf | vs[proj][   ][    ] ps='' rank=0 | tex0=44F05990 inst=1
  266 PASS    v=249    p=41     zw=1 zt=1 blend=1 cw=0xf | vs[proj][   ][    ] ps='' rank=0 | tex0=44F05990 inst=1
  267 PASS    v=1450   p=1827   zw=1 zt=1 blend=1 cw=0xf | vs[proj][   ][    ] ps='' rank=0 | tex0=44F05990 inst=1
  268 PASS    v=121    p=32     zw=1 zt=1 blend=1 cw=0xf | vs[proj][   ][    ] ps='' rank=0 | tex0=44F05990 inst=1
  269 PASS    v=570    p=429    zw=1 zt=1 blend=1 cw=0xf | vs[proj][   ][    ] ps='' rank=0 | tex0=44F05990 inst=1
  270 PASS    v=409    p=23     zw=1 zt=1 blend=1 cw=0xf | vs[proj][   ][    ] ps='' rank=0 | tex0=44F05990 inst=1
  271 PASS    v=855    p=331    zw=1 zt=1 blend=1 cw=0xf | vs[proj][   ][    ] ps='' rank=0 | tex0=44F05990 inst=1
  272 PASS    v=341    p=41     zw=1 zt=1 blend=1 cw=0xf | vs[proj][   ][    ] ps='' rank=0 | tex0=44F05990 inst=1
  273 PASS    v=1612   p=1337   zw=1 zt=1 blend=1 cw=0xf | vs[proj][   ][    ] ps='' rank=0 | tex0=44F05990 inst=1
  274 PASS    v=1418   p=1765   zw=1 zt=1 blend=1 cw=0xf | vs[proj][   ][    ] ps='' rank=0 | tex0=44F05990 inst=1
  275 PASS    v=90     p=4      zw=1 zt=1 blend=1 cw=0xf | vs[proj][   ][    ] ps='' rank=0 | tex0=44F05990 inst=1
  276 PASS    v=194    p=177    zw=1 zt=1 blend=1 cw=0xf | vs[proj][   ][    ] ps='' rank=0 | tex0=44F05990 inst=1
  277 PASS    v=281    p=50     zw=1 zt=1 blend=1 cw=0xf | vs[proj][   ][    ] ps='' rank=0 | tex0=44F05990 inst=1
  278 PASS    v=930    p=1137   zw=1 zt=1 blend=1 cw=0xf | vs[proj][   ][    ] ps='' rank=0 | tex0=44F05990 inst=1
  279 PASS    v=1107   p=971    zw=1 zt=1 blend=1 cw=0xf | vs[proj][   ][    ] ps='' rank=0 | tex0=44F05990 inst=1
  280 PASS    v=1754   p=1560   zw=1 zt=1 blend=1 cw=0xf | vs[proj][   ][    ] ps='' rank=0 | tex0=44F05990 inst=1
  281 PASS    v=289    p=31     zw=1 zt=1 blend=1 cw=0xf | vs[proj][   ][    ] ps='' rank=0 | tex0=44F05990 inst=1
  282 PASS    v=1266   p=1337   zw=1 zt=1 blend=1 cw=0xf | vs[proj][   ][    ] ps='' rank=0 | tex0=44F05990 inst=1
  283 PASS    v=497    p=509    zw=1 zt=1 blend=1 cw=0xf | vs[proj][   ][    ] ps='' rank=0 | tex0=44F05990 inst=1
  284 PASS    v=296    p=15     zw=1 zt=1 blend=1 cw=0xf | vs[proj][   ][    ] ps='' rank=0 | tex0=44F05990 inst=1
  285 PASS    v=1392   p=957    zw=1 zt=1 blend=1 cw=0xf | vs[proj][   ][    ] ps='' rank=0 | tex0=44F05990 inst=1
  286 PASS    v=488    p=460    zw=1 zt=1 blend=1 cw=0xf | vs[proj][   ][    ] ps='' rank=0 | tex0=44F05990 inst=1
  287 PASS    v=1127   p=793    zw=1 zt=1 blend=1 cw=0xf | vs[proj][   ][    ] ps='' rank=0 | tex0=44F05990 inst=1
  288 PASS    v=1521   p=1139   zw=1 zt=1 blend=1 cw=0xf | vs[proj][   ][    ] ps='' rank=0 | tex0=44F05990 inst=1
  289 PASS    v=322    p=888    zw=1 zt=1 blend=1 cw=0xf | vs[proj][   ][    ] ps='' rank=0 | tex0=44F05990 inst=1
  290 PASS    v=107    p=197    zw=1 zt=1 blend=1 cw=0xf | vs[proj][   ][    ] ps='' rank=0 | tex0=44F05990 inst=1
  291 PASS    v=164    p=335    zw=1 zt=1 blend=1 cw=0xf | vs[proj][   ][    ] ps='' rank=0 | tex0=44F05990 inst=1
  292 PASS    v=26     p=73     zw=1 zt=1 blend=1 cw=0xf | vs[proj][   ][    ] ps='' rank=0 | tex0=44F05990 inst=1
  293 PASS    v=42     p=112    zw=1 zt=1 blend=1 cw=0xf | vs[proj][   ][    ] ps='' rank=0 | tex0=44F05990 inst=1
  294 PASS    v=396    p=788    zw=1 zt=1 blend=1 cw=0xf | vs[proj][   ][    ] ps='' rank=0 | tex0=44F05990 inst=1
  295 PASS    v=218    p=407    zw=1 zt=1 blend=1 cw=0xf | vs[proj][   ][    ] ps='' rank=0 | tex0=44F05990 inst=1
  296 PASS    v=320    p=885    zw=1 zt=1 blend=1 cw=0xf | vs[proj][   ][    ] ps='' rank=0 | tex0=44F05990 inst=1
  297 PASS    v=457    p=1258   zw=1 zt=1 blend=1 cw=0xf | vs[proj][   ][    ] ps='' rank=0 | tex0=44F05990 inst=1
  298 PASS    v=1293   p=2120   zw=1 zt=1 blend=1 cw=0xf | vs[proj][   ][    ] ps='' rank=0 | tex0=44F05990 inst=1
  299 PASS    v=66     p=100    zw=1 zt=1 blend=1 cw=0xf | vs[proj][   ][    ] ps='' rank=0 | tex0=44F05990 inst=1
  300 PASS    v=617    p=1236   zw=1 zt=1 blend=1 cw=0xf | vs[proj][   ][    ] ps='' rank=0 | tex0=44F05990 inst=1
  301 PASS    v=558    p=1017   zw=1 zt=1 blend=1 cw=0xf | vs[proj][   ][    ] ps='' rank=0 | tex0=44F05990 inst=1
  302 PASS    v=617    p=1230   zw=1 zt=1 blend=1 cw=0xf | vs[proj][   ][    ] ps='' rank=0 | tex0=44F05990 inst=1
  303 PASS    v=237    p=337    zw=1 zt=1 blend=1 cw=0xf | vs[proj][   ][    ] ps='' rank=0 | tex0=44F05990 inst=1
  304 PASS    v=280    p=549    zw=1 zt=1 blend=1 cw=0xf | vs[proj][   ][    ] ps='' rank=0 | tex0=44F05990 inst=1
  305 PASS    v=651    p=997    zw=1 zt=1 blend=1 cw=0xf | vs[proj][   ][    ] ps='' rank=0 | tex0=44F05990 inst=1
  306 PASS    v=5158   p=8376   zw=1 zt=1 blend=1 cw=0xf | vs[proj][   ][    ] ps='' rank=0 | tex0=44F05990 inst=1
  307 PASS    v=1419   p=1117   zw=1 zt=1 blend=1 cw=0xf | vs[proj][   ][    ] ps='' rank=0 | tex0=44F05990 inst=1
  308 PASS    v=47     p=131    zw=1 zt=1 blend=1 cw=0xf | vs[proj][   ][    ] ps='' rank=0 | tex0=44F05990 inst=1
  309 PASS    v=468    p=905    zw=1 zt=1 blend=1 cw=0xf | vs[proj][   ][    ] ps='' rank=0 | tex0=44F05990 inst=1
  310 PASS    v=93     p=177    zw=1 zt=1 blend=1 cw=0xf | vs[proj][   ][    ] ps='' rank=0 | tex0=44F05990 inst=1
  311 PASS    v=1458   p=2383   zw=1 zt=1 blend=1 cw=0xf | vs[proj][   ][    ] ps='' rank=0 | tex0=44F05990 inst=1
  312 PASS    v=735    p=1216   zw=1 zt=1 blend=1 cw=0xf | vs[proj][   ][    ] ps='' rank=0 | tex0=44F05990 inst=1
  313 PASS    v=466    p=929    zw=1 zt=1 blend=1 cw=0xf | vs[proj][   ][    ] ps='' rank=0 | tex0=44F05990 inst=1
  314 PASS    v=722    p=1295   zw=1 zt=1 blend=1 cw=0xf | vs[proj][   ][    ] ps='' rank=0 | tex0=44F05990 inst=1
  315 PASS    v=461    p=919    zw=1 zt=1 blend=1 cw=0xf | vs[proj][   ][    ] ps='' rank=0 | tex0=44F05990 inst=1
  316 PASS    v=355    p=587    zw=1 zt=1 blend=1 cw=0xf | vs[proj][   ][    ] ps='' rank=0 | tex0=44F05990 inst=1
  317 PASS    v=633    p=1333   zw=1 zt=1 blend=1 cw=0xf | vs[proj][   ][    ] ps='' rank=0 | tex0=44F05990 inst=1
  318 PASS    v=1290   p=2049   zw=1 zt=1 blend=1 cw=0xf | vs[proj][   ][    ] ps='' rank=0 | tex0=44F05990 inst=1
  319 PASS    v=2815   p=4719   zw=1 zt=1 blend=1 cw=0xf | vs[proj][   ][    ] ps='' rank=0 | tex0=44F05990 inst=1
  320 PASS    v=136    p=237    zw=1 zt=1 blend=1 cw=0xf | vs[proj][   ][    ] ps='' rank=0 | tex0=44F05990 inst=1
  321 PASS    v=1124   p=1877   zw=1 zt=1 blend=1 cw=0xf | vs[proj][   ][    ] ps='' rank=0 | tex0=44F05990 inst=1
  322 PASS    v=136    p=241    zw=1 zt=1 blend=1 cw=0xf | vs[proj][   ][    ] ps='' rank=0 | tex0=44F05990 inst=1
  323 PASS    v=642    p=828    zw=1 zt=1 blend=1 cw=0xf | vs[proj][   ][    ] ps='' rank=0 | tex0=44F05990 inst=1
  324 PASS    v=63     p=170    zw=1 zt=1 blend=1 cw=0xf | vs[proj][   ][    ] ps='' rank=0 | tex0=44F05990 inst=1
  325 PASS    v=4803   p=7519   zw=1 zt=1 blend=1 cw=0xf | vs[proj][   ][    ] ps='' rank=0 | tex0=44F05990 inst=1
  326 PASS    v=409    p=820    zw=1 zt=1 blend=1 cw=0xf | vs[proj][   ][    ] ps='' rank=0 | tex0=44F05990 inst=1
  327 PASS    v=1868   p=2501   zw=1 zt=1 blend=1 cw=0xf | vs[proj][   ][    ] ps='' rank=0 | tex0=44F05990 inst=1
  328 PASS    v=412    p=816    zw=1 zt=1 blend=1 cw=0xf | vs[proj][   ][    ] ps='' rank=0 | tex0=44F05990 inst=1
  329 PASS    v=1875   p=2504   zw=1 zt=1 blend=1 cw=0xf | vs[proj][   ][    ] ps='' rank=0 | tex0=44F05990 inst=1
  330 PASS    v=477    p=430    zw=1 zt=1 blend=1 cw=0xf | vs[proj][   ][    ] ps='' rank=0 | tex0=44F05990 inst=1
  331 PASS    v=4824   p=7807   zw=1 zt=1 blend=1 cw=0xf | vs[proj][   ][    ] ps='' rank=0 | tex0=44F05990 inst=1
  332 PASS    v=2267   p=2974   zw=1 zt=1 blend=1 cw=0xf | vs[proj][   ][    ] ps='' rank=0 | tex0=44F05990 inst=1
  333 PASS    v=21     p=39     zw=1 zt=1 blend=1 cw=0xf | vs[proj][   ][    ] ps='' rank=0 | tex0=44F05990 inst=1
  334 PASS    v=341    p=943    zw=1 zt=1 blend=1 cw=0xf | vs[proj][   ][    ] ps='' rank=0 | tex0=44F05990 inst=1
  335 PASS    v=1290   p=2102   zw=1 zt=1 blend=1 cw=0xf | vs[proj][   ][    ] ps='' rank=0 | tex0=44F05990 inst=1
  336 PASS    v=125    p=199    zw=1 zt=1 blend=1 cw=0xf | vs[proj][   ][    ] ps='' rank=0 | tex0=44F05990 inst=1
  337 PASS    v=629    p=1241   zw=1 zt=1 blend=1 cw=0xf | vs[proj][   ][    ] ps='' rank=0 | tex0=44F05990 inst=1
  338 PASS    v=431    p=775    zw=1 zt=1 blend=1 cw=0xf | vs[proj][   ][    ] ps='' rank=0 | tex0=44F05990 inst=1
  339 PASS    v=629    p=1263   zw=1 zt=1 blend=1 cw=0xf | vs[proj][   ][    ] ps='' rank=0 | tex0=44F05990 inst=1
  340 PASS    v=264    p=437    zw=1 zt=1 blend=1 cw=0xf | vs[proj][   ][    ] ps='' rank=0 | tex0=44F05990 inst=1
  341 PASS    v=484    p=842    zw=1 zt=1 blend=1 cw=0xf | vs[proj][   ][    ] ps='' rank=0 | tex0=44F05990 inst=1
  342 PASS    v=3925   p=6495   zw=1 zt=1 blend=1 cw=0xf | vs[proj][   ][    ] ps='' rank=0 | tex0=44F05990 inst=1
  343 PASS    v=334    p=676    zw=1 zt=1 blend=1 cw=0xf | vs[proj][   ][    ] ps='' rank=0 | tex0=44F05990 inst=1
  344 PASS    v=1586   p=2162   zw=1 zt=1 blend=1 cw=0xf | vs[proj][   ][    ] ps='' rank=0 | tex0=44F05990 inst=1
  345 PASS    v=335    p=676    zw=1 zt=1 blend=1 cw=0xf | vs[proj][   ][    ] ps='' rank=0 | tex0=44F05990 inst=1
  346 PASS    v=1552   p=2130   zw=1 zt=1 blend=1 cw=0xf | vs[proj][   ][    ] ps='' rank=0 | tex0=44F05990 inst=1
  347 PASS    v=797    p=1353   zw=1 zt=1 blend=1 cw=0xf | vs[proj][   ][    ] ps='' rank=0 | tex0=44F05990 inst=1
  348 PASS    v=5035   p=8223   zw=1 zt=1 blend=1 cw=0xf | vs[proj][   ][    ] ps='' rank=0 | tex0=44F05990 inst=1
  349 PASS    v=2467   p=2868   zw=1 zt=1 blend=1 cw=0xf | vs[proj][   ][    ] ps='' rank=0 | tex0=44F05990 inst=1
  350 PASS    v=1874   p=2359   zw=1 zt=1 blend=1 cw=0xf | vs[proj][   ][    ] ps='' rank=0 | tex0=44F05990 inst=1
  351 PASS    v=4586   p=7184   zw=1 zt=1 blend=1 cw=0xf | vs[proj][   ][    ] ps='' rank=0 | tex0=44F05990 inst=1
  352 PASS    v=106    p=176    zw=1 zt=1 blend=1 cw=0xf | vs[proj][   ][    ] ps='' rank=0 | tex0=44F05990 inst=1
  353 PASS    v=1384   p=1403   zw=1 zt=1 blend=1 cw=0xf | vs[proj][   ][    ] ps='' rank=0 | tex0=44F05990 inst=1
  354 PASS    v=2248   p=3865   zw=1 zt=1 blend=1 cw=0xf | vs[proj][   ][    ] ps='' rank=0 | tex0=44F05990 inst=1
  355 PASS    v=2284   p=3521   zw=1 zt=1 blend=1 cw=0xf | vs[proj][   ][    ] ps='' rank=0 | tex0=44F05990 inst=1
  356 PASS    v=360    p=673    zw=1 zt=1 blend=1 cw=0xf | vs[proj][   ][    ] ps='' rank=0 | tex0=44F05990 inst=1
  357 PASS    v=1238   p=1210   zw=1 zt=1 blend=1 cw=0xf | vs[proj][   ][    ] ps='' rank=0 | tex0=44F05990 inst=1
  358 PASS    v=4171   p=6497   zw=1 zt=1 blend=1 cw=0xf | vs[proj][   ][    ] ps='' rank=0 | tex0=44F05990 inst=1
  359 PASS    v=2931   p=4949   zw=1 zt=1 blend=1 cw=0xf | vs[proj][   ][    ] ps='' rank=0 | tex0=44F05990 inst=1
  360 PASS    v=731    p=1261   zw=1 zt=1 blend=1 cw=0xf | vs[proj][   ][    ] ps='' rank=0 | tex0=44F05990 inst=1
  361 PASS    v=929    p=963    zw=1 zt=1 blend=1 cw=0xf | vs[proj][   ][    ] ps='' rank=0 | tex0=44F05990 inst=1
  362 PASS    v=814    p=1376   zw=1 zt=1 blend=1 cw=0xf | vs[proj][   ][    ] ps='' rank=0 | tex0=44F05990 inst=1
  363 PASS    v=898    p=1518   zw=1 zt=1 blend=1 cw=0xf | vs[proj][   ][    ] ps='' rank=0 | tex0=44F05990 inst=1
  364 PASS    v=390    p=576    zw=1 zt=1 blend=1 cw=0xf | vs[proj][   ][    ] ps='' rank=0 | tex0=44F05990 inst=1
  365 PASS    v=429    p=566    zw=1 zt=1 blend=1 cw=0xf | vs[proj][   ][    ] ps='' rank=0 | tex0=44F05990 inst=1
  366 PASS    v=1532   p=2566   zw=1 zt=1 blend=1 cw=0xf | vs[proj][   ][    ] ps='' rank=0 | tex0=44F05990 inst=1
  367 PASS    v=2785   p=4590   zw=1 zt=1 blend=1 cw=0xf | vs[proj][   ][    ] ps='' rank=0 | tex0=44F05990 inst=1
  368 PASS    v=286    p=353    zw=1 zt=1 blend=1 cw=0xf | vs[proj][   ][    ] ps='' rank=0 | tex0=44F05990 inst=1
  369 PASS    v=1254   p=1198   zw=1 zt=1 blend=1 cw=0xf | vs[proj][   ][    ] ps='' rank=0 | tex0=44F05990 inst=1
  370 PASS    v=846    p=1470   zw=1 zt=1 blend=1 cw=0xf | vs[proj][   ][    ] ps='' rank=0 | tex0=44F05990 inst=1
  371 PASS    v=2606   p=4215   zw=1 zt=1 blend=1 cw=0xf | vs[proj][   ][    ] ps='' rank=0 | tex0=44F05990 inst=1
  372 PASS    v=290    p=411    zw=1 zt=1 blend=1 cw=0xf | vs[proj][   ][    ] ps='' rank=0 | tex0=44F05990 inst=1
  373 PASS    v=380    p=408    zw=1 zt=1 blend=1 cw=0xf | vs[proj][   ][    ] ps='' rank=0 | tex0=44F05990 inst=1
  374 PASS    v=2554   p=4415   zw=1 zt=1 blend=1 cw=0xf | vs[proj][   ][    ] ps='' rank=0 | tex0=44F05990 inst=1
  375 PASS    v=4013   p=6219   zw=1 zt=1 blend=1 cw=0xf | vs[proj][   ][    ] ps='' rank=0 | tex0=44F05990 inst=1
  376 PASS    v=230    p=373    zw=1 zt=1 blend=1 cw=0xf | vs[proj][   ][    ] ps='' rank=0 | tex0=44F05990 inst=1
  377 PASS    v=498    p=851    zw=1 zt=1 blend=1 cw=0xf | vs[proj][   ][    ] ps='' rank=0 | tex0=44F05990 inst=1
  378 PASS    v=102    p=209    zw=1 zt=1 blend=1 cw=0xf | vs[proj][   ][    ] ps='' rank=0 | tex0=44F05990 inst=1
  379 PASS    v=1121   p=1159   zw=1 zt=1 blend=1 cw=0xf | vs[proj][   ][    ] ps='' rank=0 | tex0=44F05990 inst=1
  380 PASS    v=5476   p=9167   zw=1 zt=1 blend=1 cw=0xf | vs[proj][   ][    ] ps='' rank=0 | tex0=44F05990 inst=1
  381 PASS    v=1900   p=3366   zw=1 zt=1 blend=1 cw=0xf | vs[proj][   ][    ] ps='' rank=0 | tex0=44F05990 inst=1
  382 PASS    v=707    p=1047   zw=1 zt=1 blend=1 cw=0xf | vs[proj][   ][    ] ps='' rank=0 | tex0=44F05990 inst=1
  383 PASS    v=1198   p=1202   zw=1 zt=1 blend=1 cw=0xf | vs[proj][   ][    ] ps='' rank=0 | tex0=44F05990 inst=1
  384 PASS    v=2311   p=3923   zw=1 zt=1 blend=1 cw=0xf | vs[proj][   ][    ] ps='' rank=0 | tex0=44F05990 inst=1
  385 PASS    v=2311   p=8      zw=1 zt=1 blend=1 cw=0xf | vs[proj][   ][    ] ps='' rank=0 | tex0=44F05990 inst=1
  386 PASS    v=4159   p=7089   zw=1 zt=1 blend=1 cw=0xf | vs[proj][   ][    ] ps='' rank=0 | tex0=44F05990 inst=1
  387 PASS    v=4159   p=32     zw=1 zt=1 blend=1 cw=0xf | vs[proj][   ][    ] ps='' rank=0 | tex0=44F05990 inst=1
  388 PASS    v=23     p=41     zw=1 zt=1 blend=1 cw=0xf | vs[proj][   ][    ] ps='' rank=0 | tex0=44F05990 inst=1
  389 PASS    v=59     p=115    zw=1 zt=1 blend=1 cw=0xf | vs[proj][   ][    ] ps='' rank=0 | tex0=44F05990 inst=1
  390 PASS    v=602    p=996    zw=1 zt=1 blend=1 cw=0xf | vs[proj][   ][    ] ps='' rank=0 | tex0=44F05990 inst=1
  391 PASS    v=179    p=298    zw=1 zt=1 blend=1 cw=0xf | vs[proj][   ][    ] ps='' rank=0 | tex0=44F05990 inst=1
  392 PASS    v=695    p=1126   zw=1 zt=1 blend=1 cw=0xf | vs[proj][   ][    ] ps='' rank=0 | tex0=44F05990 inst=1
  393 PASS    v=593    p=1059   zw=1 zt=1 blend=1 cw=0xf | vs[proj][   ][    ] ps='' rank=0 | tex0=44F05990 inst=1
  394 PASS    v=176    p=143    zw=1 zt=1 blend=1 cw=0xf | vs[proj][   ][    ] ps='' rank=0 | tex0=44F05990 inst=1
  395 PASS    v=2125   p=3554   zw=1 zt=1 blend=1 cw=0xf | vs[proj][   ][    ] ps='' rank=0 | tex0=44F05990 inst=1
  396 PASS    v=362    p=606    zw=1 zt=1 blend=1 cw=0xf | vs[proj][   ][    ] ps='' rank=0 | tex0=44F05990 inst=1
  397 PASS    v=7      p=8      zw=1 zt=1 blend=1 cw=0xf | vs[proj][   ][    ] ps='' rank=0 | tex0=44F05990 inst=1
  398 PASS    v=239    p=401    zw=1 zt=1 blend=1 cw=0xf | vs[proj][   ][    ] ps='' rank=0 | tex0=44F05990 inst=1
  399 PASS    v=820    p=931    zw=1 zt=1 blend=1 cw=0xf | vs[proj][   ][    ] ps='' rank=0 | tex0=44F05990 inst=1
  400 PASS    v=4      p=4      zw=1 zt=1 blend=1 cw=0xf | vs[proj][   ][    ] ps='' rank=0 | tex0=44F05990 inst=1
  401 PASS    v=7416   p=12263  zw=1 zt=1 blend=1 cw=0xf | vs[proj][   ][    ] ps='' rank=0 | tex0=44F05990 inst=1
  402 PASS    v=249    p=343    zw=1 zt=1 blend=1 cw=0xf | vs[proj][   ][    ] ps='' rank=0 | tex0=44F05990 inst=1
  403 PASS    v=1450   p=953    zw=1 zt=1 blend=1 cw=0xf | vs[proj][   ][    ] ps='' rank=0 | tex0=44F05990 inst=1
  404 PASS    v=3348   p=5520   zw=1 zt=1 blend=1 cw=0xf | vs[proj][   ][    ] ps='' rank=0 | tex0=44F05990 inst=1
  405 PASS    v=3348   p=26     zw=1 zt=1 blend=1 cw=0xf | vs[proj][   ][    ] ps='' rank=0 | tex0=44F05990 inst=1
  406 PASS    v=806    p=1211   zw=1 zt=1 blend=1 cw=0xf | vs[proj][   ][    ] ps='' rank=0 | tex0=44F05990 inst=1
  407 PASS    v=806    p=86     zw=1 zt=1 blend=1 cw=0xf | vs[proj][   ][    ] ps='' rank=0 | tex0=44F05990 inst=1
  408 PASS    v=2074   p=3565   zw=1 zt=1 blend=1 cw=0xf | vs[proj][   ][    ] ps='' rank=0 | tex0=44F05990 inst=1
  409 PASS    v=73     p=138    zw=1 zt=1 blend=1 cw=0xf | vs[proj][   ][    ] ps='' rank=0 | tex0=44F05990 inst=1
  410 PASS    v=1553   p=2674   zw=1 zt=1 blend=1 cw=0xf | vs[proj][   ][    ] ps='' rank=0 | tex0=44F05990 inst=1
  411 PASS    v=20     p=26     zw=1 zt=1 blend=1 cw=0xf | vs[proj][   ][    ] ps='' rank=0 | tex0=44F05990 inst=1
  412 PASS    v=121    p=188    zw=1 zt=1 blend=1 cw=0xf | vs[proj][   ][    ] ps='' rank=0 | tex0=44F05990 inst=1
  413 PASS    v=570    p=707    zw=1 zt=1 blend=1 cw=0xf | vs[proj][   ][    ] ps='' rank=0 | tex0=44F05990 inst=1
  414 PASS    v=2610   p=4198   zw=1 zt=1 blend=1 cw=0xf | vs[proj][   ][    ] ps='' rank=0 | tex0=44F05990 inst=1
  415 PASS    v=7      p=8      zw=1 zt=1 blend=1 cw=0xf | vs[proj][   ][    ] ps='' rank=0 | tex0=44F05990 inst=1
  416 PASS    v=409    p=748    zw=1 zt=1 blend=1 cw=0xf | vs[proj][   ][    ] ps='' rank=0 | tex0=44F05990 inst=1
  417 PASS    v=855    p=1336   zw=1 zt=1 blend=1 cw=0xf | vs[proj][   ][    ] ps='' rank=0 | tex0=44F05990 inst=1
  418 PASS    v=5036   p=8125   zw=1 zt=1 blend=1 cw=0xf | vs[proj][   ][    ] ps='' rank=0 | tex0=44F05990 inst=1
  419 PASS    v=1131   p=1795   zw=1 zt=1 blend=1 cw=0xf | vs[proj][   ][    ] ps='' rank=0 | tex0=44F05990 inst=1
  420 PASS    v=341    p=601    zw=1 zt=1 blend=1 cw=0xf | vs[proj][   ][    ] ps='' rank=0 | tex0=44F05990 inst=1
  421 PASS    v=1612   p=1677   zw=1 zt=1 blend=1 cw=0xf | vs[proj][   ][    ] ps='' rank=0 | tex0=44F05990 inst=1
  422 PASS    v=1717   p=2854   zw=1 zt=1 blend=1 cw=0xf | vs[proj][   ][    ] ps='' rank=0 | tex0=44F05990 inst=1
  423 PASS    v=6421   p=10707  zw=1 zt=1 blend=1 cw=0xf | vs[proj][   ][    ] ps='' rank=0 | tex0=44F05990 inst=1
  424 PASS    v=22     p=32     zw=1 zt=1 blend=1 cw=0xf | vs[proj][   ][    ] ps='' rank=0 | tex0=44F05990 inst=1
  425 PASS    v=307    p=473    zw=1 zt=1 blend=1 cw=0xf | vs[proj][   ][    ] ps='' rank=0 | tex0=44F05990 inst=1
  426 PASS    v=1028   p=783    zw=1 zt=1 blend=1 cw=0xf | vs[proj][   ][    ] ps='' rank=0 | tex0=44F05990 inst=1
  427 PASS    v=4809   p=8050   zw=1 zt=1 blend=1 cw=0xf | vs[proj][   ][    ] ps='' rank=0 | tex0=44F05990 inst=1
  428 PASS    v=4304   p=7094   zw=1 zt=1 blend=1 cw=0xf | vs[proj][   ][    ] ps='' rank=0 | tex0=44F05990 inst=1
  429 PASS    v=1418   p=925    zw=1 zt=1 blend=1 cw=0xf | vs[proj][   ][    ] ps='' rank=0 | tex0=44F05990 inst=1
  430 PASS    v=4520   p=7479   zw=1 zt=1 blend=1 cw=0xf | vs[proj][   ][    ] ps='' rank=0 | tex0=44F05990 inst=1
  431 PASS    v=43     p=66     zw=1 zt=1 blend=1 cw=0xf | vs[proj][   ][    ] ps='' rank=0 | tex0=44F05990 inst=1
  432 PASS    v=2775   p=4697   zw=1 zt=1 blend=1 cw=0xf | vs[proj][   ][    ] ps='' rank=0 | tex0=44F05990 inst=1
  433 PASS    v=134    p=215    zw=1 zt=1 blend=1 cw=0xf | vs[proj][   ][    ] ps='' rank=0 | tex0=44F05990 inst=1
  434 PASS    v=944    p=1677   zw=1 zt=1 blend=1 cw=0xf | vs[proj][   ][    ] ps='' rank=0 | tex0=44F05990 inst=1
  435 PASS    v=20     p=26     zw=1 zt=1 blend=1 cw=0xf | vs[proj][   ][    ] ps='' rank=0 | tex0=44F05990 inst=1
  436 PASS    v=90     p=145    zw=1 zt=1 blend=1 cw=0xf | vs[proj][   ][    ] ps='' rank=0 | tex0=44F05990 inst=1
  437 PASS    v=194    p=179    zw=1 zt=1 blend=1 cw=0xf | vs[proj][   ][    ] ps='' rank=0 | tex0=44F05990 inst=1
  438 PASS    v=1616   p=2738   zw=1 zt=1 blend=1 cw=0xf | vs[proj][   ][    ] ps='' rank=0 | tex0=44F05990 inst=1
  439 PASS    v=281    p=437    zw=1 zt=1 blend=1 cw=0xf | vs[proj][   ][    ] ps='' rank=0 | tex0=44F05990 inst=1
  440 PASS    v=930    p=627    zw=1 zt=1 blend=1 cw=0xf | vs[proj][   ][    ] ps='' rank=0 | tex0=44F05990 inst=1
  441 PASS    v=1201   p=1867   zw=1 zt=1 blend=1 cw=0xf | vs[proj][   ][    ] ps='' rank=0 | tex0=44F05990 inst=1
  442 PASS    v=1610   p=2490   zw=1 zt=1 blend=1 cw=0xf | vs[proj][   ][    ] ps='' rank=0 | tex0=44F05990 inst=1
  443 PASS    v=5369   p=8938   zw=1 zt=1 blend=1 cw=0xf | vs[proj][   ][    ] ps='' rank=0 | tex0=44F05990 inst=1
  444 PASS    v=1273   p=2005   zw=1 zt=1 blend=1 cw=0xf | vs[proj][   ][    ] ps='' rank=0 | tex0=44F05990 inst=1
  445 PASS    v=1107   p=1266   zw=1 zt=1 blend=1 cw=0xf | vs[proj][   ][    ] ps='' rank=0 | tex0=44F05990 inst=1
  446 PASS    v=3346   p=5605   zw=1 zt=1 blend=1 cw=0xf | vs[proj][   ][    ] ps='' rank=0 | tex0=44F05990 inst=1
  447 PASS    v=1754   p=1821   zw=1 zt=1 blend=1 cw=0xf | vs[proj][   ][    ] ps='' rank=0 | tex0=44F05990 inst=1
  448 PASS    v=3493   p=5811   zw=1 zt=1 blend=1 cw=0xf | vs[proj][   ][    ] ps='' rank=0 | tex0=44F05990 inst=1
  449 PASS    v=1330   p=2065   zw=1 zt=1 blend=1 cw=0xf | vs[proj][   ][    ] ps='' rank=0 | tex0=44F05990 inst=1
  450 PASS    v=1457   p=2495   zw=1 zt=1 blend=1 cw=0xf | vs[proj][   ][    ] ps='' rank=0 | tex0=44F05990 inst=1
  451 PASS    v=289    p=491    zw=1 zt=1 blend=1 cw=0xf | vs[proj][   ][    ] ps='' rank=0 | tex0=44F05990 inst=1
  452 PASS    v=1266   p=1075   zw=1 zt=1 blend=1 cw=0xf | vs[proj][   ][    ] ps='' rank=0 | tex0=44F05990 inst=1
  453 PASS    v=2472   p=4017   zw=1 zt=1 blend=1 cw=0xf | vs[proj][   ][    ] ps='' rank=0 | tex0=44F05990 inst=1
  454 PASS    v=3559   p=5892   zw=1 zt=1 blend=1 cw=0xf | vs[proj][   ][    ] ps='' rank=0 | tex0=44F05990 inst=1
  455 PASS    v=2819   p=4479   zw=1 zt=1 blend=1 cw=0xf | vs[proj][   ][    ] ps='' rank=0 | tex0=44F05990 inst=1
  456 PASS    v=2819   p=44     zw=1 zt=1 blend=1 cw=0xf | vs[proj][   ][    ] ps='' rank=0 | tex0=44F05990 inst=1
  457 PASS    v=14     p=20     zw=1 zt=1 blend=1 cw=0xf | vs[proj][   ][    ] ps='' rank=0 | tex0=44F05990 inst=1
  458 PASS    v=2588   p=4197   zw=1 zt=1 blend=1 cw=0xf | vs[proj][   ][    ] ps='' rank=0 | tex0=44F05990 inst=1
  459 PASS    v=2588   p=116    zw=1 zt=1 blend=1 cw=0xf | vs[proj][   ][    ] ps='' rank=0 | tex0=44F05990 inst=1
  460 PASS    v=3021   p=4869   zw=1 zt=1 blend=1 cw=0xf | vs[proj][   ][    ] ps='' rank=0 | tex0=44F05990 inst=1
  461 PASS    v=3021   p=32     zw=1 zt=1 blend=1 cw=0xf | vs[proj][   ][    ] ps='' rank=0 | tex0=44F05990 inst=1
  462 PASS    v=455    p=854    zw=1 zt=1 blend=1 cw=0xf | vs[proj][   ][    ] ps='' rank=0 | tex0=44F05990 inst=1
  463 PASS    v=497    p=406    zw=1 zt=1 blend=1 cw=0xf | vs[proj][   ][    ] ps='' rank=0 | tex0=44F05990 inst=1
  464 PASS    v=1961   p=3272   zw=1 zt=1 blend=1 cw=0xf | vs[proj][   ][    ] ps='' rank=0 | tex0=44F05990 inst=1
  465 PASS    v=489    p=723    zw=1 zt=1 blend=1 cw=0xf | vs[proj][   ][    ] ps='' rank=0 | tex0=44F05990 inst=1
  466 PASS    v=402    p=415    zw=1 zt=1 blend=1 cw=0xf | vs[proj][   ][    ] ps='' rank=0 | tex0=44F05990 inst=1
  467 PASS    v=3545   p=6077   zw=1 zt=1 blend=1 cw=0xf | vs[proj][   ][    ] ps='' rank=0 | tex0=44F05990 inst=1
  468 PASS    v=1217   p=1944   zw=1 zt=1 blend=1 cw=0xf | vs[proj][   ][    ] ps='' rank=0 | tex0=44F05990 inst=1
  469 PASS    v=1217   p=86     zw=1 zt=1 blend=1 cw=0xf | vs[proj][   ][    ] ps='' rank=0 | tex0=44F05990 inst=1
  470 PASS    v=3046   p=2013   zw=1 zt=1 blend=1 cw=0xf | vs[proj][   ][    ] ps='' rank=0 | tex0=44F05990 inst=1
  471 PASS    v=737    p=669    zw=1 zt=1 blend=1 cw=0xf | vs[proj][   ][    ] ps='' rank=0 | tex0=44F05990 inst=1
  472 PASS    v=733    p=839    zw=1 zt=1 blend=1 cw=0xf | vs[proj][   ][    ] ps='' rank=0 | tex0=44F05990 inst=1
  473 PASS    v=3442   p=5825   zw=1 zt=1 blend=1 cw=0xf | vs[proj][   ][    ] ps='' rank=0 | tex0=44F05990 inst=1
  474 PASS    v=296    p=547    zw=1 zt=1 blend=1 cw=0xf | vs[proj][   ][    ] ps='' rank=0 | tex0=44F05990 inst=1
  475 PASS    v=1392   p=1759   zw=1 zt=1 blend=1 cw=0xf | vs[proj][   ][    ] ps='' rank=0 | tex0=44F05990 inst=1
  476 PASS    v=488    p=485    zw=1 zt=1 blend=1 cw=0xf | vs[proj][   ][    ] ps='' rank=0 | tex0=44F05990 inst=1
  477 PASS    v=1127   p=1308   zw=1 zt=1 blend=1 cw=0xf | vs[proj][   ][    ] ps='' rank=0 | tex0=44F05990 inst=1
  478 PASS    v=1340   p=2177   zw=1 zt=1 blend=1 cw=0xf | vs[proj][   ][    ] ps='' rank=0 | tex0=44F05990 inst=1
  479 PASS    v=2827   p=4924   zw=1 zt=1 blend=1 cw=0xf | vs[proj][   ][    ] ps='' rank=0 | tex0=44F05990 inst=1
  480 PASS    v=1521   p=1730   zw=1 zt=1 blend=1 cw=0xf | vs[proj][   ][    ] ps='' rank=0 | tex0=44F05990 inst=1
  481 PASS    v=2595   p=17     zw=1 zt=1 blend=1 cw=0xf | vs[proj][   ][    ] ps='' rank=0 | tex0=3F23BFF0 inst=1
  482 PASS    v=564    p=8      zw=1 zt=1 blend=1 cw=0xf | vs[proj][   ][    ] ps='' rank=0 | tex0=3F23BFF0 inst=1
  483 PASS    v=1421   p=221    zw=1 zt=1 blend=1 cw=0xf | vs[proj][   ][    ] ps='' rank=0 | tex0=3F23BFF0 inst=1
  484 PASS    v=1879   p=145    zw=1 zt=1 blend=1 cw=0xf | vs[proj][   ][    ] ps='' rank=0 | tex0=3F23BFF0 inst=1
  485 PASS    v=1589   p=115    zw=1 zt=1 blend=1 cw=0xf | vs[proj][   ][    ] ps='' rank=0 | tex0=3F23BFF0 inst=1
  486 PASS    v=2750   p=169    zw=1 zt=1 blend=1 cw=0xf | vs[proj][   ][    ] ps='' rank=0 | tex0=3F23BFF0 inst=1
  487 PASS    v=3014   p=552    zw=1 zt=1 blend=1 cw=0xf | vs[proj][   ][    ] ps='' rank=0 | tex0=3F23BFF0 inst=1
  488 PASS    v=3348   p=455    zw=1 zt=1 blend=1 cw=0xf | vs[proj][   ][    ] ps='' rank=0 | tex0=3F23BFF0 inst=1
  489 PASS    v=1907   p=221    zw=1 zt=1 blend=1 cw=0xf | vs[proj][   ][    ] ps='' rank=0 | tex0=3F23BFF0 inst=1
  490 PASS    v=1135   p=162    zw=1 zt=1 blend=1 cw=0xf | vs[proj][   ][    ] ps='' rank=0 | tex0=3F23BFF0 inst=1
  491 PASS    v=2750   p=111    zw=1 zt=1 blend=1 cw=0xf | vs[proj][   ][    ] ps='' rank=0 | tex0=44F0C530 inst=1
  492 PASS    v=1907   p=194    zw=1 zt=1 blend=1 cw=0xf | vs[proj][   ][    ] ps='' rank=0 | tex0=44F0C530 inst=1
  493 PASS    v=371    p=25     zw=1 zt=1 blend=1 cw=0xf | vs[proj][   ][    ] ps='' rank=0 | tex0=3F23B110 inst=1
  494 PASS    v=2595   p=256    zw=1 zt=1 blend=1 cw=0xf | vs[proj][   ][    ] ps='' rank=0 | tex0=3F23B110 inst=1
  495 PASS    v=1421   p=367    zw=1 zt=1 blend=1 cw=0xf | vs[proj][   ][    ] ps='' rank=0 | tex0=3F23B110 inst=1
  496 PASS    v=1879   p=157    zw=1 zt=1 blend=1 cw=0xf | vs[proj][   ][    ] ps='' rank=0 | tex0=3F23B110 inst=1
  497 PASS    v=1589   p=185    zw=1 zt=1 blend=1 cw=0xf | vs[proj][   ][    ] ps='' rank=0 | tex0=3F23B110 inst=1
  498 PASS    v=2750   p=95     zw=1 zt=1 blend=1 cw=0xf | vs[proj][   ][    ] ps='' rank=0 | tex0=3F23B110 inst=1
  499 PASS    v=3014   p=727    zw=1 zt=1 blend=1 cw=0xf | vs[proj][   ][    ] ps='' rank=0 | tex0=3F23B110 inst=1
  500 PASS    v=3348   p=1055   zw=1 zt=1 blend=1 cw=0xf | vs[proj][   ][    ] ps='' rank=0 | tex0=3F23B110 inst=1
  501 PASS    v=1907   p=429    zw=1 zt=1 blend=1 cw=0xf | vs[proj][   ][    ] ps='' rank=0 | tex0=3F23B110 inst=1
  502 PASS    v=1135   p=278    zw=1 zt=1 blend=1 cw=0xf | vs[proj][   ][    ] ps='' rank=0 | tex0=3F23B110 inst=1
  503 PASS    v=2595   p=125    zw=1 zt=1 blend=1 cw=0xf | vs[proj][   ][    ] ps='' rank=0 | tex0=3F239DD0 inst=1
  504 PASS    v=1421   p=63     zw=1 zt=1 blend=1 cw=0xf | vs[proj][   ][    ] ps='' rank=0 | tex0=3F239DD0 inst=1
  505 PASS    v=1879   p=67     zw=1 zt=1 blend=1 cw=0xf | vs[proj][   ][    ] ps='' rank=0 | tex0=3F239DD0 inst=1
  506 PASS    v=1589   p=87     zw=1 zt=1 blend=1 cw=0xf | vs[proj][   ][    ] ps='' rank=0 | tex0=3F239DD0 inst=1
  507 PASS    v=2750   p=139    zw=1 zt=1 blend=1 cw=0xf | vs[proj][   ][    ] ps='' rank=0 | tex0=3F239DD0 inst=1
  508 PASS    v=3014   p=63     zw=1 zt=1 blend=1 cw=0xf | vs[proj][   ][    ] ps='' rank=0 | tex0=3F239DD0 inst=1
  509 PASS    v=3348   p=103    zw=1 zt=1 blend=1 cw=0xf | vs[proj][   ][    ] ps='' rank=0 | tex0=3F239DD0 inst=1
  510 PASS    v=1907   p=25     zw=1 zt=1 blend=1 cw=0xf | vs[proj][   ][    ] ps='' rank=0 | tex0=3F239DD0 inst=1
  511 PASS    v=1135   p=17     zw=1 zt=1 blend=1 cw=0xf | vs[proj][   ][    ] ps='' rank=0 | tex0=3F239DD0 inst=1
  512 PASS    v=2595   p=91     zw=1 zt=1 blend=1 cw=0xf | vs[proj][   ][    ] ps='' rank=0 | tex0=3F23B030 inst=1
  513 PASS    v=1421   p=55     zw=1 zt=1 blend=1 cw=0xf | vs[proj][   ][    ] ps='' rank=0 | tex0=3F23B030 inst=1
  514 PASS    v=1879   p=38     zw=1 zt=1 blend=1 cw=0xf | vs[proj][   ][    ] ps='' rank=0 | tex0=3F23B030 inst=1
  515 PASS    v=1589   p=86     zw=1 zt=1 blend=1 cw=0xf | vs[proj][   ][    ] ps='' rank=0 | tex0=3F23B030 inst=1
  516 PASS    v=2750   p=61     zw=1 zt=1 blend=1 cw=0xf | vs[proj][   ][    ] ps='' rank=0 | tex0=3F23B030 inst=1
  517 PASS    v=3014   p=32     zw=1 zt=1 blend=1 cw=0xf | vs[proj][   ][    ] ps='' rank=0 | tex0=3F23B030 inst=1
  518 PASS    v=3348   p=49     zw=1 zt=1 blend=1 cw=0xf | vs[proj][   ][    ] ps='' rank=0 | tex0=3F23B030 inst=1
  519 PASS    v=1907   p=1      zw=1 zt=1 blend=1 cw=0xf | vs[proj][   ][    ] ps='' rank=0 | tex0=3F23B030 inst=1
  520 PASS    v=1135   p=7      zw=1 zt=1 blend=1 cw=0xf | vs[proj][   ][    ] ps='' rank=0 | tex0=3F23B030 inst=1
  521 PASS    v=2595   p=677    zw=1 zt=1 blend=1 cw=0xf | vs[proj][   ][    ] ps='' rank=0 | tex0=3F239190 inst=1
  522 PASS    v=564    p=43     zw=1 zt=1 blend=1 cw=0xf | vs[proj][   ][    ] ps='' rank=0 | tex0=3F239190 inst=1
  523 PASS    v=1421   p=183    zw=1 zt=1 blend=1 cw=0xf | vs[proj][   ][    ] ps='' rank=0 | tex0=3F239190 inst=1
  524 PASS    v=1879   p=207    zw=1 zt=1 blend=1 cw=0xf | vs[proj][   ][    ] ps='' rank=0 | tex0=3F239190 inst=1
  525 PASS    v=1589   p=355    zw=1 zt=1 blend=1 cw=0xf | vs[proj][   ][    ] ps='' rank=0 | tex0=3F239190 inst=1
  526 PASS    v=2750   p=327    zw=1 zt=1 blend=1 cw=0xf | vs[proj][   ][    ] ps='' rank=0 | tex0=3F239190 inst=1
  527 PASS    v=3014   p=427    zw=1 zt=1 blend=1 cw=0xf | vs[proj][   ][    ] ps='' rank=0 | tex0=3F239190 inst=1
  528 PASS    v=3348   p=554    zw=1 zt=1 blend=1 cw=0xf | vs[proj][   ][    ] ps='' rank=0 | tex0=3F239190 inst=1
  529 PASS    v=1907   p=704    zw=1 zt=1 blend=1 cw=0xf | vs[proj][   ][    ] ps='' rank=0 | tex0=3F239190 inst=1
  530 PASS    v=1135   p=145    zw=1 zt=1 blend=1 cw=0xf | vs[proj][   ][    ] ps='' rank=0 | tex0=3F239190 inst=1
  531 PASS    v=34     p=70     zw=1 zt=1 blend=1 cw=0xf | vs[proj][   ][    ] ps='' rank=0 | tex0=44F06870 inst=1
  532 PASS    v=371    p=23     zw=1 zt=1 blend=1 cw=0xf | vs[proj][   ][    ] ps='' rank=0 | tex0=44F06870 inst=1
  533 PASS    v=2595   p=741    zw=1 zt=1 blend=1 cw=0xf | vs[proj][   ][    ] ps='' rank=0 | tex0=44F06870 inst=1
  534 PASS    v=564    p=231    zw=1 zt=1 blend=1 cw=0xf | vs[proj][   ][    ] ps='' rank=0 | tex0=44F06870 inst=1
  535 PASS    v=1421   p=187    zw=1 zt=1 blend=1 cw=0xf | vs[proj][   ][    ] ps='' rank=0 | tex0=44F06870 inst=1
  536 PASS    v=405    p=13     zw=1 zt=1 blend=1 cw=0xf | vs[proj][   ][    ] ps='' rank=0 | tex0=44F06870 inst=1
  537 PASS    v=1879   p=576    zw=1 zt=1 blend=1 cw=0xf | vs[proj][   ][    ] ps='' rank=0 | tex0=44F06870 inst=1
  538 PASS    v=1589   p=467    zw=1 zt=1 blend=1 cw=0xf | vs[proj][   ][    ] ps='' rank=0 | tex0=44F06870 inst=1
  539 PASS    v=538    p=24     zw=1 zt=1 blend=1 cw=0xf | vs[proj][   ][    ] ps='' rank=0 | tex0=44F06870 inst=1
  540 PASS    v=2750   p=1207   zw=1 zt=1 blend=1 cw=0xf | vs[proj][   ][    ] ps='' rank=0 | tex0=44F06870 inst=1
  541 PASS    v=3014   p=367    zw=1 zt=1 blend=1 cw=0xf | vs[proj][   ][    ] ps='' rank=0 | tex0=44F06870 inst=1
  542 PASS    v=3348   p=421    zw=1 zt=1 blend=1 cw=0xf | vs[proj][   ][    ] ps='' rank=0 | tex0=44F06870 inst=1
  543 PASS    v=1907   p=140    zw=1 zt=1 blend=1 cw=0xf | vs[proj][   ][    ] ps='' rank=0 | tex0=44F06870 inst=1
  544 PASS    v=1135   p=239    zw=1 zt=1 blend=1 cw=0xf | vs[proj][   ][    ] ps='' rank=0 | tex0=44F06870 inst=1
  545 PASS    v=2595   p=255    zw=1 zt=1 blend=1 cw=0xf | vs[proj][   ][    ] ps='' rank=0 | tex0=3F23B570 inst=1
  546 PASS    v=564    p=63     zw=1 zt=1 blend=1 cw=0xf | vs[proj][   ][    ] ps='' rank=0 | tex0=3F23B570 inst=1
  547 PASS    v=1421   p=162    zw=1 zt=1 blend=1 cw=0xf | vs[proj][   ][    ] ps='' rank=0 | tex0=3F23B570 inst=1
  548 PASS    v=1879   p=175    zw=1 zt=1 blend=1 cw=0xf | vs[proj][   ][    ] ps='' rank=0 | tex0=3F23B570 inst=1
  549 PASS    v=1589   p=309    zw=1 zt=1 blend=1 cw=0xf | vs[proj][   ][    ] ps='' rank=0 | tex0=3F23B570 inst=1
  550 PASS    v=2750   p=349    zw=1 zt=1 blend=1 cw=0xf | vs[proj][   ][    ] ps='' rank=0 | tex0=3F23B570 inst=1
  551 PASS    v=3014   p=279    zw=1 zt=1 blend=1 cw=0xf | vs[proj][   ][    ] ps='' rank=0 | tex0=3F23B570 inst=1
  552 PASS    v=3348   p=463    zw=1 zt=1 blend=1 cw=0xf | vs[proj][   ][    ] ps='' rank=0 | tex0=3F23B570 inst=1
  553 PASS    v=1907   p=109    zw=1 zt=1 blend=1 cw=0xf | vs[proj][   ][    ] ps='' rank=0 | tex0=3F23B570 inst=1
  554 PASS    v=1135   p=119    zw=1 zt=1 blend=1 cw=0xf | vs[proj][   ][    ] ps='' rank=0 | tex0=3F23B570 inst=1
  555 PASS    v=371    p=281    zw=1 zt=1 blend=1 cw=0xf | vs[proj][   ][    ] ps='' rank=0 | tex0=3F23C990 inst=1
  556 PASS    v=2595   p=1121   zw=1 zt=1 blend=1 cw=0xf | vs[proj][   ][    ] ps='' rank=0 | tex0=3F23C990 inst=1
  557 PASS    v=564    p=97     zw=1 zt=1 blend=1 cw=0xf | vs[proj][   ][    ] ps='' rank=0 | tex0=3F23C990 inst=1
  558 PASS    v=1421   p=661    zw=1 zt=1 blend=1 cw=0xf | vs[proj][   ][    ] ps='' rank=0 | tex0=3F23C990 inst=1
  559 PASS    v=405    p=209    zw=1 zt=1 blend=1 cw=0xf | vs[proj][   ][    ] ps='' rank=0 | tex0=3F23C990 inst=1
  560 PASS    v=1879   p=595    zw=1 zt=1 blend=1 cw=0xf | vs[proj][   ][    ] ps='' rank=0 | tex0=3F23C990 inst=1
  561 PASS    v=1589   p=653    zw=1 zt=1 blend=1 cw=0xf | vs[proj][   ][    ] ps='' rank=0 | tex0=3F23C990 inst=1
  562 PASS    v=2750   p=842    zw=1 zt=1 blend=1 cw=0xf | vs[proj][   ][    ] ps='' rank=0 | tex0=3F23C990 inst=1
  563 PASS    v=3014   p=1251   zw=1 zt=1 blend=1 cw=0xf | vs[proj][   ][    ] ps='' rank=0 | tex0=3F23C990 inst=1
  564 PASS    v=3348   p=2021   zw=1 zt=1 blend=1 cw=0xf | vs[proj][   ][    ] ps='' rank=0 | tex0=3F23C990 inst=1
  565 PASS    v=1907   p=648    zw=1 zt=1 blend=1 cw=0xf | vs[proj][   ][    ] ps='' rank=0 | tex0=3F23C990 inst=1
  566 PASS    v=1135   p=329    zw=1 zt=1 blend=1 cw=0xf | vs[proj][   ][    ] ps='' rank=0 | tex0=3F23C990 inst=1
  567 PASS    v=3132   p=4711   zw=1 zt=1 blend=1 cw=0xf | vs[proj][   ][    ] ps='' rank=0 | tex0=44F175F0 inst=1
  568 CONVERT v=792    p=1599   zw=1 zt=1 blend=1 cw=0xf | vs[proj][   ][    ] ps='Diffuse_MapSampler' rank=100 | tex0=44F08710 inst=1
  569 PASS    v=3632   p=75     zw=1 zt=1 blend=1 cw=0xf | vs[proj][   ][    ] ps='' rank=0 | tex0=44F0B810 inst=1
  570 PASS    v=3632   p=267    zw=1 zt=1 blend=1 cw=0xf | vs[proj][   ][    ] ps='' rank=0 | tex0=44F08B70 inst=1
  571 PASS    v=3632   p=11     zw=1 zt=1 blend=1 cw=0xf | vs[proj][   ][    ] ps='' rank=0 | tex0=44F08B70 inst=1
  572 PASS    v=3632   p=206    zw=1 zt=1 blend=1 cw=0xf | vs[proj][   ][    ] ps='' rank=0 | tex0=44F09890 inst=1
  573 PASS    v=3632   p=146    zw=1 zt=1 blend=1 cw=0xf | vs[proj][   ][    ] ps='' rank=0 | tex0=44F107B0 inst=1
  574 PASS    v=3632   p=275    zw=1 zt=1 blend=1 cw=0xf | vs[proj][   ][    ] ps='' rank=0 | tex0=44F107B0 inst=1
  575 PASS    v=3632   p=465    zw=1 zt=1 blend=1 cw=0xf | vs[proj][   ][    ] ps='' rank=0 | tex0=44F176D0 inst=1
  576 PASS    v=3632   p=31     zw=1 zt=1 blend=1 cw=0xf | vs[proj][   ][    ] ps='' rank=0 | tex0=44F176D0 inst=1
  577 PASS    v=4555   p=188    zw=1 zt=1 blend=1 cw=0xf | vs[proj][   ][    ] ps='' rank=0 | tex0=44F193B0 inst=1
  578 PASS    v=4956   p=68     zw=1 zt=1 blend=1 cw=0xf | vs[proj][   ][    ] ps='' rank=0 | tex0=44F10190 inst=1
  579 PASS    v=36     p=50     zw=1 zt=1 blend=1 cw=0xf | vs[proj][   ][    ] ps='' rank=0 | tex0=3F2387F0 inst=1
  580 PASS    v=4956   p=502    zw=1 zt=1 blend=1 cw=0xf | vs[proj][   ][    ] ps='' rank=0 | tex0=44F193B0 inst=1
  581 PASS    v=6471   p=523    zw=1 zt=1 blend=1 cw=0xf | vs[proj][   ][    ] ps='' rank=0 | tex0=44F0BFF0 inst=1
  582 PASS    v=114    p=179    zw=1 zt=1 blend=1 cw=0xf | vs[proj][   ][    ] ps='' rank=0 | tex0=44F05DF0 inst=1
  583 PASS    v=278    p=512    zw=1 zt=1 blend=1 cw=0xf | vs[proj][   ][    ] ps='' rank=0 | tex0=44F05DF0 inst=1
  584 PASS    v=216    p=428    zw=1 zt=1 blend=1 cw=0xf | vs[proj][   ][    ] ps='' rank=0 | tex0=44F05DF0 inst=1
  585 PASS    v=312    p=440    zw=1 zt=1 blend=1 cw=0xf | vs[proj][   ][    ] ps='' rank=0 | tex0=44F06F70 inst=1
  586 PASS    v=830    p=236    zw=1 zt=1 blend=1 cw=0xf | vs[proj][   ][    ] ps='' rank=0 | tex0=44F06F70 inst=1
  587 PASS    v=194    p=31     zw=1 zt=1 blend=1 cw=0xf | vs[proj][   ][    ] ps='' rank=0 | tex0=44F06F70 inst=1
  588 PASS    v=38907  p=10199  zw=1 zt=1 blend=1 cw=0xf | vs[proj][   ][    ] ps='' rank=0 | tex0=3F254710 inst=1
  589 PASS    v=1924   p=2398   zw=1 zt=1 blend=1 cw=0xf | vs[proj][   ][    ] ps='' rank=0 | tex0=3F254710 inst=1
  590 PASS    v=974    p=1349   zw=1 zt=1 blend=1 cw=0xf | vs[proj][   ][    ] ps='' rank=0 | tex0=3F254710 inst=1
  591 PASS    v=222    p=2      zw=1 zt=1 blend=1 cw=0xf | vs[proj][   ][    ] ps='' rank=0 | tex0=44F08710 inst=1
  592 PASS    v=222    p=10     zw=1 zt=1 blend=1 cw=0xf | vs[proj][   ][    ] ps='' rank=0 | tex0=44F08710 inst=1
  593 PASS    v=222    p=2      zw=1 zt=1 blend=1 cw=0xf | vs[proj][   ][    ] ps='' rank=0 | tex0=44F08710 inst=1
  594 PASS    v=222    p=2      zw=1 zt=1 blend=1 cw=0xf | vs[proj][   ][    ] ps='' rank=0 | tex0=44F08710 inst=1
  595 PASS    v=72     p=104    zw=1 zt=1 blend=1 cw=0xf | vs[proj][   ][    ] ps='' rank=0 | tex0=44F193B0 inst=1
  596 PASS    v=4956   p=260    zw=1 zt=1 blend=1 cw=0xf | vs[proj][   ][    ] ps='' rank=0 | tex0=44F0FA90 inst=1
  597 PASS    v=2391   p=284    zw=1 zt=1 blend=1 cw=0xf | vs[proj][   ][    ] ps='' rank=0 | tex0=44F0FA90 inst=1
  598 PASS    v=301    p=170    zw=1 zt=1 blend=1 cw=0xf | vs[proj][   ][    ] ps='' rank=0 | tex0=44F05ED0 inst=1
  599 PASS    v=27     p=33     zw=1 zt=1 blend=1 cw=0xf | vs[proj][   ][    ] ps='' rank=0 | tex0=44F05ED0 inst=1
  600 PASS    v=4      p=2      zw=1 zt=1 blend=1 cw=0xf | vs[proj][   ][    ] ps='' rank=0 | tex0=3F256AF0 inst=1
  601 PASS    v=56     p=2      zw=1 zt=1 blend=1 cw=0xf | vs[proj][   ][    ] ps='' rank=0 | tex0=3F2381D0 inst=1
  602 PASS    v=28     p=2      zw=1 zt=1 blend=1 cw=0xf | vs[proj][   ][    ] ps='' rank=0 | tex0=3F2381D0 inst=1
  603 PASS    v=56     p=8      zw=1 zt=1 blend=1 cw=0xf | vs[proj][   ][    ] ps='' rank=0 | tex0=3F238E10 inst=1
  604 PASS    v=28     p=2      zw=1 zt=1 blend=1 cw=0xf | vs[proj][   ][    ] ps='' rank=0 | tex0=3F238E10 inst=1
  605 PASS    v=218    p=314    zw=1 zt=1 blend=1 cw=0xf | vs[proj][   ][    ] ps='' rank=0 | tex0=44F0C530 inst=1
  606 PASS    v=31     p=20     zw=1 zt=1 blend=1 cw=0xf | vs[proj][   ][    ] ps='' rank=0 | tex0=3F256F50 inst=1
  607 PASS    v=56     p=14     zw=1 zt=1 blend=1 cw=0xf | vs[proj][   ][    ] ps='' rank=0 | tex0=3F256F50 inst=1
  608 PASS    v=28     p=8      zw=1 zt=1 blend=1 cw=0xf | vs[proj][   ][    ] ps='' rank=0 | tex0=3F256F50 inst=1
  609 PASS    v=8      p=2      zw=1 zt=1 blend=1 cw=0xf | vs[proj][   ][    ] ps='' rank=0 | tex0=3F256F50 inst=1
  610 PASS    v=31     p=14     zw=1 zt=1 blend=1 cw=0xf | vs[proj][   ][    ] ps='' rank=0 | tex0=3F256D90 inst=1
  611 PASS    v=56     p=32     zw=1 zt=1 blend=1 cw=0xf | vs[proj][   ][    ] ps='' rank=0 | tex0=3F256D90 inst=1
  612 PASS    v=28     p=14     zw=1 zt=1 blend=1 cw=0xf | vs[proj][   ][    ] ps='' rank=0 | tex0=3F256D90 inst=1
  613 PASS    v=8      p=2      zw=1 zt=1 blend=1 cw=0xf | vs[proj][   ][    ] ps='' rank=0 | tex0=3F256D90 inst=1
  614 PASS    v=371    p=50     zw=1 zt=1 blend=1 cw=0xf | vs[proj][   ][    ] ps='' rank=0 | tex0=44F073D0 inst=1
  615 PASS    v=405    p=43     zw=1 zt=1 blend=1 cw=0xf | vs[proj][   ][    ] ps='' rank=0 | tex0=44F073D0 inst=1
  616 PASS    v=1135   p=92     zw=1 zt=1 blend=1 cw=0xf | vs[proj][   ][    ] ps='' rank=0 | tex0=44F073D0 inst=1
  617 PASS    v=216    p=341    zw=1 zt=1 blend=1 cw=0xf | vs[proj][   ][    ] ps='' rank=0 | tex0=44F193B0 inst=1
  618 PASS    v=216    p=341    zw=1 zt=1 blend=1 cw=0xf | vs[proj][   ][    ] ps='' rank=0 | tex0=44F193B0 inst=1
  619 PASS    v=216    p=341    zw=1 zt=1 blend=1 cw=0xf | vs[proj][   ][    ] ps='' rank=0 | tex0=44F193B0 inst=1
  620 PASS    v=1436   p=308    zw=1 zt=1 blend=1 cw=0xf | vs[proj][   ][    ] ps='' rank=0 | tex0=44F193B0 inst=1
  621 PASS    v=472    p=452    zw=1 zt=1 blend=1 cw=0xf | vs[proj][   ][    ] ps='' rank=0 | tex0=44F193B0 inst=1
  622 PASS    v=2614   p=275    zw=1 zt=1 blend=1 cw=0xf | vs[proj][   ][    ] ps='' rank=0 | tex0=44F193B0 inst=1
  623 PASS    v=1836   p=419    zw=1 zt=1 blend=1 cw=0xf | vs[proj][   ][    ] ps='' rank=0 | tex0=44F193B0 inst=1
  624 PASS    v=2794   p=555    zw=1 zt=1 blend=1 cw=0xf | vs[proj][   ][    ] ps='' rank=0 | tex0=44F193B0 inst=1
  625 PASS    v=184    p=44     zw=1 zt=1 blend=1 cw=0xf | vs[proj][   ][    ] ps='' rank=0 | tex0=44F193B0 inst=1
  626 PASS    v=2391   p=164    zw=1 zt=1 blend=1 cw=0xf | vs[proj][   ][    ] ps='' rank=0 | tex0=44F193B0 inst=1
  627 PASS    v=2781   p=419    zw=1 zt=1 blend=1 cw=0xf | vs[proj][   ][    ] ps='' rank=0 | tex0=44F193B0 inst=1
  628 PASS    v=3709   p=164    zw=1 zt=1 blend=1 cw=0xf | vs[proj][   ][    ] ps='' rank=0 | tex0=44F193B0 inst=1
  629 PASS    v=2608   p=275    zw=1 zt=1 blend=1 cw=0xf | vs[proj][   ][    ] ps='' rank=0 | tex0=44F193B0 inst=1
  630 PASS    v=538    p=668    zw=1 zt=1 blend=1 cw=0xf | vs[proj][   ][    ] ps='' rank=0 | tex0=3F23D6B0 inst=1
  631 PASS    v=3348   p=374    zw=1 zt=1 blend=1 cw=0xf | vs[proj][   ][    ] ps='' rank=0 | tex0=3F23D6B0 inst=1
  632 PASS    v=1907   p=388    zw=1 zt=1 blend=1 cw=0xf | vs[proj][   ][    ] ps='' rank=0 | tex0=3F23D6B0 inst=1
  633 PASS    v=1135   p=7      zw=1 zt=1 blend=1 cw=0xf | vs[proj][   ][    ] ps='' rank=0 | tex0=3F23D6B0 inst=1
  634 PASS    v=4252   p=129    zw=1 zt=1 blend=1 cw=0xf | vs[proj][   ][    ] ps='' rank=0 | tex0=44F193B0 inst=1
  635 PASS    v=829    p=757    zw=1 zt=1 blend=1 cw=0xf | vs[proj][   ][    ] ps='' rank=0 | tex0=44F193B0 inst=1
  636 PASS    v=4252   p=1081   zw=1 zt=1 blend=1 cw=0xf | vs[proj][   ][    ] ps='' rank=0 | tex0=44F0B030 inst=1
  637 PASS    v=4252   p=1148   zw=1 zt=1 blend=1 cw=0xf | vs[proj][   ][    ] ps='' rank=0 | tex0=44F0B030 inst=1
  638 PASS    v=4252   p=284    zw=1 zt=1 blend=1 cw=0xf | vs[proj][   ][    ] ps='' rank=0 | tex0=44F0B030 inst=1
  639 PASS    v=4252   p=16     zw=1 zt=1 blend=1 cw=0xf | vs[proj][   ][    ] ps='' rank=0 | tex0=44F0B030 inst=1
  640 PASS    v=4252   p=52     zw=1 zt=1 blend=1 cw=0xf | vs[proj][   ][    ] ps='' rank=0 | tex0=44F0B030 inst=1
  641 PASS    v=371    p=19     zw=1 zt=1 blend=1 cw=0xf | vs[proj][   ][    ] ps='' rank=0 | tex0=44F06B10 inst=1
  642 PASS    v=2595   p=317    zw=1 zt=1 blend=1 cw=0xf | vs[proj][   ][    ] ps='' rank=0 | tex0=44F06B10 inst=1
  643 PASS    v=1421   p=165    zw=1 zt=1 blend=1 cw=0xf | vs[proj][   ][    ] ps='' rank=0 | tex0=44F06B10 inst=1
  644 PASS    v=405    p=48     zw=1 zt=1 blend=1 cw=0xf | vs[proj][   ][    ] ps='' rank=0 | tex0=44F06B10 inst=1
  645 PASS    v=1879   p=78     zw=1 zt=1 blend=1 cw=0xf | vs[proj][   ][    ] ps='' rank=0 | tex0=44F06B10 inst=1
  646 PASS    v=1589   p=2      zw=1 zt=1 blend=1 cw=0xf | vs[proj][   ][    ] ps='' rank=0 | tex0=44F06B10 inst=1
  647 PASS    v=538    p=32     zw=1 zt=1 blend=1 cw=0xf | vs[proj][   ][    ] ps='' rank=0 | tex0=44F06B10 inst=1
  648 PASS    v=2750   p=151    zw=1 zt=1 blend=1 cw=0xf | vs[proj][   ][    ] ps='' rank=0 | tex0=44F06B10 inst=1
  649 PASS    v=3348   p=7      zw=1 zt=1 blend=1 cw=0xf | vs[proj][   ][    ] ps='' rank=0 | tex0=44F06B10 inst=1
  650 PASS    v=1907   p=35     zw=1 zt=1 blend=1 cw=0xf | vs[proj][   ][    ] ps='' rank=0 | tex0=44F06B10 inst=1
  651 PASS    v=1135   p=72     zw=1 zt=1 blend=1 cw=0xf | vs[proj][   ][    ] ps='' rank=0 | tex0=44F06B10 inst=1
  652 PASS    v=371    p=7      zw=1 zt=1 blend=1 cw=0xf | vs[proj][   ][    ] ps='' rank=0 | tex0=3F23C6F0 inst=1
  653 PASS    v=2595   p=13     zw=1 zt=1 blend=1 cw=0xf | vs[proj][   ][    ] ps='' rank=0 | tex0=3F23C6F0 inst=1
  654 PASS    v=564    p=37     zw=1 zt=1 blend=1 cw=0xf | vs[proj][   ][    ] ps='' rank=0 | tex0=3F23C6F0 inst=1
  655 PASS    v=1421   p=194    zw=1 zt=1 blend=1 cw=0xf | vs[proj][   ][    ] ps='' rank=0 | tex0=3F23C6F0 inst=1
  656 PASS    v=1879   p=50     zw=1 zt=1 blend=1 cw=0xf | vs[proj][   ][    ] ps='' rank=0 | tex0=3F23C6F0 inst=1
  657 PASS    v=1589   p=1      zw=1 zt=1 blend=1 cw=0xf | vs[proj][   ][    ] ps='' rank=0 | tex0=3F23C6F0 inst=1
  658 PASS    v=2750   p=67     zw=1 zt=1 blend=1 cw=0xf | vs[proj][   ][    ] ps='' rank=0 | tex0=3F23C6F0 inst=1
  659 PASS    v=3014   p=361    zw=1 zt=1 blend=1 cw=0xf | vs[proj][   ][    ] ps='' rank=0 | tex0=3F23C6F0 inst=1
  660 PASS    v=3348   p=117    zw=1 zt=1 blend=1 cw=0xf | vs[proj][   ][    ] ps='' rank=0 | tex0=3F23C6F0 inst=1
  661 PASS    v=1907   p=57     zw=1 zt=1 blend=1 cw=0xf | vs[proj][   ][    ] ps='' rank=0 | tex0=3F23C6F0 inst=1
  662 PASS    v=1135   p=85     zw=1 zt=1 blend=1 cw=0xf | vs[proj][   ][    ] ps='' rank=0 | tex0=3F23C6F0 inst=1
  663 PASS    v=371    p=8      zw=1 zt=1 blend=1 cw=0xf | vs[proj][   ][    ] ps='' rank=0 | tex0=44F07D70 inst=1
  664 PASS    v=405    p=20     zw=1 zt=1 blend=1 cw=0xf | vs[proj][   ][    ] ps='' rank=0 | tex0=44F07D70 inst=1
  665 PASS    v=270    p=139    zw=1 zt=1 blend=1 cw=0xf | vs[proj][   ][    ] ps='' rank=0 | tex0=44F161D0 inst=1
  666 PASS    v=270    p=170    zw=1 zt=1 blend=1 cw=0xf | vs[proj][   ][    ] ps='' rank=0 | tex0=44F14CD0 inst=1
  667 PASS    v=270    p=50     zw=1 zt=1 blend=1 cw=0xf | vs[proj][   ][    ] ps='' rank=0 | tex0=44F159F0 inst=1
  668 PASS    v=432    p=76     zw=1 zt=1 blend=1 cw=0xf | vs[proj][   ][    ] ps='' rank=0 | tex0=44F14BF0 inst=1
  669 PASS    v=317    p=85     zw=1 zt=1 blend=1 cw=0xf | vs[proj][   ][    ] ps='' rank=0 | tex0=44F14BF0 inst=1
  670 PASS    v=1429   p=21     zw=1 zt=1 blend=1 cw=0xf | vs[proj][   ][    ] ps='' rank=0 | tex0=3F2380F0 inst=1
  671 PASS    v=2614   p=19     zw=1 zt=1 blend=1 cw=0xf | vs[proj][   ][    ] ps='' rank=0 | tex0=3F2380F0 inst=1
  672 PASS    v=57     p=48     zw=1 zt=1 blend=1 cw=0xf | vs[proj][   ][    ] ps='' rank=0 | tex0=3F2380F0 inst=1
  673 PASS    v=57     p=16     zw=1 zt=1 blend=1 cw=0xf | vs[proj][   ][    ] ps='' rank=0 | tex0=3F2380F0 inst=1
  674 PASS    v=2794   p=57     zw=1 zt=1 blend=1 cw=0xf | vs[proj][   ][    ] ps='' rank=0 | tex0=3F2380F0 inst=1
  675 PASS    v=85     p=39     zw=1 zt=1 blend=1 cw=0xf | vs[proj][   ][    ] ps='' rank=0 | tex0=3F2380F0 inst=1
  676 PASS    v=85     p=40     zw=1 zt=1 blend=1 cw=0xf | vs[proj][   ][    ] ps='' rank=0 | tex0=3F2380F0 inst=1
  677 PASS    v=2279   p=117    zw=1 zt=1 blend=1 cw=0xf | vs[proj][   ][    ] ps='' rank=0 | tex0=3F2380F0 inst=1
  678 PASS    v=1731   p=19     zw=1 zt=1 blend=1 cw=0xf | vs[proj][   ][    ] ps='' rank=0 | tex0=3F2380F0 inst=1
  679 PASS    v=31     p=1      zw=1 zt=1 blend=1 cw=0xf | vs[proj][   ][    ] ps='Normal_MapSampler' rank=0 | tex0=3B446580 inst=1
  680 PASS    v=56     p=8      zw=1 zt=1 blend=1 cw=0xf | vs[proj][   ][    ] ps='Normal_MapSampler' rank=0 | tex0=3B446580 inst=1
  681 PASS    v=2115   p=110    zw=1 zt=1 blend=1 cw=0xf | vs[proj][   ][    ] ps='' rank=0 | tex0=44F0BC70 inst=1
  682 PASS    v=301    p=254    zw=1 zt=1 blend=1 cw=0xf | vs[proj][   ][    ] ps='' rank=0 | tex0=44F056F0 inst=1
  683 PASS    v=207    p=283    zw=1 zt=1 blend=1 cw=0xf | vs[proj][   ][    ] ps='' rank=0 | tex0=44F056F0 inst=1
  684 PASS    v=27     p=2      zw=1 zt=1 blend=1 cw=0xf | vs[proj][   ][    ] ps='' rank=0 | tex0=44F056F0 inst=1
  685 PASS    v=2595   p=35     zw=1 zt=1 blend=1 cw=0xf | vs[proj][   ][    ] ps='' rank=0 | tex0=44F05FB0 inst=1
  686 PASS    v=2750   p=14     zw=1 zt=1 blend=1 cw=0xf | vs[proj][   ][    ] ps='' rank=0 | tex0=44F05FB0 inst=1
  687 PASS    v=1269   p=1925   zw=1 zt=1 blend=1 cw=0xf | vs[proj][   ][    ] ps='' rank=0 | tex0=3F239510 inst=1
  688 PASS    v=1269   p=1925   zw=1 zt=1 blend=1 cw=0xf | vs[proj][   ][    ] ps='' rank=0 | tex0=3F239510 inst=1
  689 PASS    v=1269   p=1925   zw=1 zt=1 blend=1 cw=0xf | vs[proj][   ][    ] ps='' rank=0 | tex0=3F239510 inst=1
  690 PASS    v=6471   p=668    zw=1 zt=1 blend=1 cw=0xf | vs[proj][   ][    ] ps='' rank=0 | tex0=44F19B90 inst=1
  691 PASS    v=776    p=116    zw=1 zt=1 blend=1 cw=0xf | vs[proj][   ][    ] ps='' rank=0 | tex0=44F19B90 inst=1
  692 PASS    v=3506   p=695    zw=1 zt=1 blend=1 cw=0xf | vs[proj][   ][    ] ps='' rank=0 | tex0=44F19B90 inst=1
  693 PASS    v=1436   p=536    zw=1 zt=1 blend=1 cw=0xf | vs[proj][   ][    ] ps='' rank=0 | tex0=44F19B90 inst=1
  694 PASS    v=2488   p=767    zw=1 zt=1 blend=1 cw=0xf | vs[proj][   ][    ] ps='' rank=0 | tex0=44F19B90 inst=1
  695 PASS    v=472    p=314    zw=1 zt=1 blend=1 cw=0xf | vs[proj][   ][    ] ps='' rank=0 | tex0=44F19B90 inst=1
  696 PASS    v=1432   p=350    zw=1 zt=1 blend=1 cw=0xf | vs[proj][   ][    ] ps='' rank=0 | tex0=44F19B90 inst=1
  697 PASS    v=3676   p=3516   zw=1 zt=1 blend=1 cw=0xf | vs[proj][   ][    ] ps='' rank=0 | tex0=44F19B90 inst=1
  698 PASS    v=2614   p=86     zw=1 zt=1 blend=1 cw=0xf | vs[proj][   ][    ] ps='' rank=0 | tex0=44F19B90 inst=1
  699 PASS    v=2059   p=248    zw=1 zt=1 blend=1 cw=0xf | vs[proj][   ][    ] ps='' rank=0 | tex0=44F19B90 inst=1
  700 PASS    v=8627   p=116    zw=1 zt=1 blend=1 cw=0xf | vs[proj][   ][    ] ps='' rank=0 | tex0=44F19B90 inst=1
  701 PASS    v=1836   p=116    zw=1 zt=1 blend=1 cw=0xf | vs[proj][   ][    ] ps='' rank=0 | tex0=44F19B90 inst=1
  702 PASS    v=4956   p=2207   zw=1 zt=1 blend=1 cw=0xf | vs[proj][   ][    ] ps='' rank=0 | tex0=44F19B90 inst=1
  703 PASS    v=4956   p=2102   zw=1 zt=1 blend=1 cw=0xf | vs[proj][   ][    ] ps='' rank=0 | tex0=44F19B90 inst=1
  704 PASS    v=2794   p=176    zw=1 zt=1 blend=1 cw=0xf | vs[proj][   ][    ] ps='' rank=0 | tex0=44F19B90 inst=1
  705 PASS    v=2192   p=362    zw=1 zt=1 blend=1 cw=0xf | vs[proj][   ][    ] ps='' rank=0 | tex0=44F19B90 inst=1
  706 PASS    v=2391   p=386    zw=1 zt=1 blend=1 cw=0xf | vs[proj][   ][    ] ps='' rank=0 | tex0=44F19B90 inst=1
  707 PASS    v=2781   p=458    zw=1 zt=1 blend=1 cw=0xf | vs[proj][   ][    ] ps='' rank=0 | tex0=44F19B90 inst=1
  708 PASS    v=3709   p=860    zw=1 zt=1 blend=1 cw=0xf | vs[proj][   ][    ] ps='' rank=0 | tex0=44F19B90 inst=1
  709 PASS    v=3709   p=1508   zw=1 zt=1 blend=1 cw=0xf | vs[proj][   ][    ] ps='' rank=0 | tex0=44F19B90 inst=1
  710 PASS    v=855    p=158    zw=1 zt=1 blend=1 cw=0xf | vs[proj][   ][    ] ps='' rank=0 | tex0=44F19B90 inst=1
  711 PASS    v=1136   p=176    zw=1 zt=1 blend=1 cw=0xf | vs[proj][   ][    ] ps='' rank=0 | tex0=44F19B90 inst=1
  712 PASS    v=776    p=8      zw=1 zt=1 blend=1 cw=0xf | vs[proj][   ][    ] ps='' rank=0 | tex0=44F17890 inst=1
  713 PASS    v=563    p=430    zw=1 zt=1 blend=1 cw=0xf | vs[proj][   ][    ] ps='' rank=0 | tex0=44F183F0 inst=1
  714 PASS    v=1136   p=749    zw=1 zt=1 blend=1 cw=0xf | vs[proj][   ][    ] ps='' rank=0 | tex0=44F183F0 inst=1
  715 PASS    v=1136   p=14     zw=1 zt=1 blend=1 cw=0xf | vs[proj][   ][    ] ps='' rank=0 | tex0=3F23A070 inst=1
  716 PASS    v=642    p=123    zw=1 zt=1 blend=1 cw=0xf | vs[proj][   ][    ] ps='' rank=0 | tex0=3F23A070 inst=1
  717 PASS    v=3506   p=653    zw=1 zt=1 blend=1 cw=0xf | vs[proj][   ][    ] ps='' rank=0 | tex0=44F18230 inst=1
  718 PASS    v=2488   p=653    zw=1 zt=1 blend=1 cw=0xf | vs[proj][   ][    ] ps='' rank=0 | tex0=44F18230 inst=1
  719 PASS    v=3632   p=99     zw=1 zt=1 blend=1 cw=0xf | vs[proj][   ][    ] ps='' rank=0 | tex0=44F19650 inst=1
  720 PASS    v=1436   p=68     zw=1 zt=1 blend=1 cw=0xf | vs[proj][   ][    ] ps='' rank=0 | tex0=44F19650 inst=1
  721 PASS    v=4252   p=140    zw=1 zt=1 blend=1 cw=0xf | vs[proj][   ][    ] ps='' rank=0 | tex0=44F17C10 inst=1
  722 PASS    v=4252   p=956    zw=1 zt=1 blend=1 cw=0xf | vs[proj][   ][    ] ps='' rank=0 | tex0=44F17C10 inst=1
  723 PASS    v=4252   p=271    zw=1 zt=1 blend=1 cw=0xf | vs[proj][   ][    ] ps='' rank=0 | tex0=44F17C10 inst=1
  724 PASS    v=4252   p=363    zw=1 zt=1 blend=1 cw=0xf | vs[proj][   ][    ] ps='' rank=0 | tex0=44F17C10 inst=1
  725 PASS    v=4252   p=93     zw=1 zt=1 blend=1 cw=0xf | vs[proj][   ][    ] ps='' rank=0 | tex0=44F17C10 inst=1
  726 PASS    v=4252   p=44     zw=1 zt=1 blend=1 cw=0xf | vs[proj][   ][    ] ps='' rank=0 | tex0=44F17C10 inst=1
  727 PASS    v=4252   p=10     zw=1 zt=1 blend=1 cw=0xf | vs[proj][   ][    ] ps='' rank=0 | tex0=44F17C10 inst=1
  728 PASS    v=4252   p=1340   zw=1 zt=1 blend=1 cw=0xf | vs[proj][   ][    ] ps='' rank=0 | tex0=44F17C10 inst=1
  729 PASS    v=4252   p=140    zw=1 zt=1 blend=1 cw=0xf | vs[proj][   ][    ] ps='' rank=0 | tex0=44F17C10 inst=1
  730 PASS    v=4252   p=379    zw=1 zt=1 blend=1 cw=0xf | vs[proj][   ][    ] ps='' rank=0 | tex0=44F17C10 inst=1
  731 PASS    v=4252   p=11     zw=1 zt=1 blend=1 cw=0xf | vs[proj][   ][    ] ps='' rank=0 | tex0=44F17C10 inst=1
  732 PASS    v=4252   p=53     zw=1 zt=1 blend=1 cw=0xf | vs[proj][   ][    ] ps='' rank=0 | tex0=44F17C10 inst=1
  733 PASS    v=4252   p=29     zw=1 zt=1 blend=1 cw=0xf | vs[proj][   ][    ] ps='' rank=0 | tex0=44F17C10 inst=1
  734 PASS    v=4252   p=20     zw=1 zt=1 blend=1 cw=0xf | vs[proj][   ][    ] ps='' rank=0 | tex0=44F17C10 inst=1
  735 PASS    v=776    p=8      zw=1 zt=1 blend=1 cw=0xf | vs[proj][   ][    ] ps='' rank=0 | tex0=44F130D0 inst=1
  736 PASS    v=3506   p=14     zw=1 zt=1 blend=1 cw=0xf | vs[proj][   ][    ] ps='' rank=0 | tex0=44F130D0 inst=1
  737 PASS    v=3506   p=308    zw=1 zt=1 blend=1 cw=0xf | vs[proj][   ][    ] ps='' rank=0 | tex0=44F130D0 inst=1
  738 PASS    v=2488   p=308    zw=1 zt=1 blend=1 cw=0xf | vs[proj][   ][    ] ps='' rank=0 | tex0=44F130D0 inst=1
  739 PASS    v=2488   p=14     zw=1 zt=1 blend=1 cw=0xf | vs[proj][   ][    ] ps='' rank=0 | tex0=44F130D0 inst=1
  740 PASS    v=1432   p=332    zw=1 zt=1 blend=1 cw=0xf | vs[proj][   ][    ] ps='' rank=0 | tex0=44F130D0 inst=1
  741 PASS    v=1432   p=19     zw=1 zt=1 blend=1 cw=0xf | vs[proj][   ][    ] ps='' rank=0 | tex0=44F130D0 inst=1
  742 PASS    v=3662   p=7      zw=1 zt=1 blend=1 cw=0xf | vs[proj][   ][    ] ps='' rank=0 | tex0=44F130D0 inst=1
  743 PASS    v=3676   p=680    zw=1 zt=1 blend=1 cw=0xf | vs[proj][   ][    ] ps='' rank=0 | tex0=44F130D0 inst=1
  744 PASS    v=3676   p=20     zw=1 zt=1 blend=1 cw=0xf | vs[proj][   ][    ] ps='' rank=0 | tex0=44F130D0 inst=1
  745 PASS    v=551    p=1      zw=1 zt=1 blend=1 cw=0xf | vs[proj][   ][    ] ps='' rank=0 | tex0=44F130D0 inst=1
  746 PASS    v=551    p=110    zw=1 zt=1 blend=1 cw=0xf | vs[proj][   ][    ] ps='' rank=0 | tex0=44F130D0 inst=1
  747 PASS    v=2614   p=1683   zw=1 zt=1 blend=1 cw=0xf | vs[proj][   ][    ] ps='' rank=0 | tex0=44F130D0 inst=1
  748 PASS    v=2614   p=212    zw=1 zt=1 blend=1 cw=0xf | vs[proj][   ][    ] ps='' rank=0 | tex0=44F130D0 inst=1
  749 PASS    v=2059   p=176    zw=1 zt=1 blend=1 cw=0xf | vs[proj][   ][    ] ps='' rank=0 | tex0=44F130D0 inst=1
  750 PASS    v=8627   p=1683   zw=1 zt=1 blend=1 cw=0xf | vs[proj][   ][    ] ps='' rank=0 | tex0=44F130D0 inst=1
  751 PASS    v=8627   p=2175   zw=1 zt=1 blend=1 cw=0xf | vs[proj][   ][    ] ps='' rank=0 | tex0=44F130D0 inst=1
  752 PASS    v=8627   p=512    zw=1 zt=1 blend=1 cw=0xf | vs[proj][   ][    ] ps='' rank=0 | tex0=44F130D0 inst=1
  753 PASS    v=1158   p=7      zw=1 zt=1 blend=1 cw=0xf | vs[proj][   ][    ] ps='' rank=0 | tex0=44F130D0 inst=1
  754 PASS    v=2028   p=302    zw=1 zt=1 blend=1 cw=0xf | vs[proj][   ][    ] ps='' rank=0 | tex0=44F130D0 inst=1
  755 PASS    v=4555   p=692    zw=1 zt=1 blend=1 cw=0xf | vs[proj][   ][    ] ps='' rank=0 | tex0=44F130D0 inst=1
  756 PASS    v=1836   p=1781   zw=1 zt=1 blend=1 cw=0xf | vs[proj][   ][    ] ps='' rank=0 | tex0=44F130D0 inst=1
  757 PASS    v=4956   p=800    zw=1 zt=1 blend=1 cw=0xf | vs[proj][   ][    ] ps='' rank=0 | tex0=44F130D0 inst=1
  758 PASS    v=4956   p=1641   zw=1 zt=1 blend=1 cw=0xf | vs[proj][   ][    ] ps='' rank=0 | tex0=44F130D0 inst=1
  759 PASS    v=4956   p=98     zw=1 zt=1 blend=1 cw=0xf | vs[proj][   ][    ] ps='' rank=0 | tex0=44F130D0 inst=1
  760 PASS    v=2794   p=3371   zw=1 zt=1 blend=1 cw=0xf | vs[proj][   ][    ] ps='' rank=0 | tex0=44F130D0 inst=1
  761 PASS    v=2794   p=284    zw=1 zt=1 blend=1 cw=0xf | vs[proj][   ][    ] ps='' rank=0 | tex0=44F130D0 inst=1
  762 PASS    v=2192   p=536    zw=1 zt=1 blend=1 cw=0xf | vs[proj][   ][    ] ps='' rank=0 | tex0=44F130D0 inst=1
  763 PASS    v=2391   p=530    zw=1 zt=1 blend=1 cw=0xf | vs[proj][   ][    ] ps='' rank=0 | tex0=44F130D0 inst=1
  764 PASS    v=2781   p=1196   zw=1 zt=1 blend=1 cw=0xf | vs[proj][   ][    ] ps='' rank=0 | tex0=44F130D0 inst=1
  765 PASS    v=2781   p=587    zw=1 zt=1 blend=1 cw=0xf | vs[proj][   ][    ] ps='' rank=0 | tex0=44F130D0 inst=1
  766 PASS    v=2781   p=164    zw=1 zt=1 blend=1 cw=0xf | vs[proj][   ][    ] ps='' rank=0 | tex0=44F130D0 inst=1
  767 PASS    v=3709   p=1341   zw=1 zt=1 blend=1 cw=0xf | vs[proj][   ][    ] ps='' rank=0 | tex0=44F130D0 inst=1
  768 PASS    v=3709   p=1202   zw=1 zt=1 blend=1 cw=0xf | vs[proj][   ][    ] ps='' rank=0 | tex0=44F130D0 inst=1
  769 PASS    v=3709   p=680    zw=1 zt=1 blend=1 cw=0xf | vs[proj][   ][    ] ps='' rank=0 | tex0=44F130D0 inst=1
  770 PASS    v=2279   p=1      zw=1 zt=1 blend=1 cw=0xf | vs[proj][   ][    ] ps='' rank=0 | tex0=44F130D0 inst=1
  771 PASS    v=2279   p=1046   zw=1 zt=1 blend=1 cw=0xf | vs[proj][   ][    ] ps='' rank=0 | tex0=44F130D0 inst=1
  772 PASS    v=2608   p=1983   zw=1 zt=1 blend=1 cw=0xf | vs[proj][   ][    ] ps='' rank=0 | tex0=44F130D0 inst=1
  773 PASS    v=2608   p=860    zw=1 zt=1 blend=1 cw=0xf | vs[proj][   ][    ] ps='' rank=0 | tex0=44F130D0 inst=1
  774 PASS    v=1731   p=194    zw=1 zt=1 blend=1 cw=0xf | vs[proj][   ][    ] ps='' rank=0 | tex0=44F130D0 inst=1
  775 PASS    v=855    p=164    zw=1 zt=1 blend=1 cw=0xf | vs[proj][   ][    ] ps='' rank=0 | tex0=44F130D0 inst=1
  776 PASS    v=855    p=7      zw=1 zt=1 blend=1 cw=0xf | vs[proj][   ][    ] ps='' rank=0 | tex0=44F130D0 inst=1
  777 PASS    v=1136   p=164    zw=1 zt=1 blend=1 cw=0xf | vs[proj][   ][    ] ps='' rank=0 | tex0=44F130D0 inst=1
  778 PASS    v=1136   p=7      zw=1 zt=1 blend=1 cw=0xf | vs[proj][   ][    ] ps='' rank=0 | tex0=44F130D0 inst=1
  779 PASS    v=642    p=14     zw=1 zt=1 blend=1 cw=0xf | vs[proj][   ][    ] ps='' rank=0 | tex0=44F130D0 inst=1
  780 PASS    v=1267   p=308    zw=1 zt=1 blend=1 cw=0xf | vs[proj][   ][    ] ps='' rank=0 | tex0=44F130D0 inst=1
  781 PASS    v=1209   p=507    zw=1 zt=1 blend=1 cw=0xf | vs[proj][   ][    ] ps='' rank=0 | tex0=44F130D0 inst=1
  782 PASS    v=3195   p=33     zw=1 zt=1 blend=1 cw=0xf | vs[proj][   ][    ] ps='' rank=0 | tex0=3F255350 inst=1
  783 PASS    v=3632   p=513    zw=1 zt=1 blend=1 cw=0xf | vs[proj][   ][    ] ps='' rank=0 | tex0=44F16FD0 inst=1
  784 PASS    v=3632   p=38     zw=1 zt=1 blend=1 cw=0xf | vs[proj][   ][    ] ps='' rank=0 | tex0=44F16FD0 inst=1
  785 PASS    v=371    p=50     zw=1 zt=1 blend=1 cw=0xf | vs[proj][   ][    ] ps='' rank=0 | tex0=44F05ED0 inst=1
  786 PASS    v=2595   p=275    zw=1 zt=1 blend=1 cw=0xf | vs[proj][   ][    ] ps='' rank=0 | tex0=44F05ED0 inst=1
  787 PASS    v=564    p=209    zw=1 zt=1 blend=1 cw=0xf | vs[proj][   ][    ] ps='' rank=0 | tex0=44F05ED0 inst=1
  788 PASS    v=1421   p=8      zw=1 zt=1 blend=1 cw=0xf | vs[proj][   ][    ] ps='' rank=0 | tex0=44F05ED0 inst=1
  789 PASS    v=1879   p=194    zw=1 zt=1 blend=1 cw=0xf | vs[proj][   ][    ] ps='' rank=0 | tex0=44F05ED0 inst=1
  790 PASS    v=1907   p=8      zw=1 zt=1 blend=1 cw=0xf | vs[proj][   ][    ] ps='' rank=0 | tex0=44F05ED0 inst=1
  791 PASS    v=1426   p=1913   zw=1 zt=1 blend=1 cw=0xf | vs[proj][   ][    ] ps='' rank=0 | tex0=3F254390 inst=1
  792 PASS    v=1426   p=1913   zw=1 zt=1 blend=1 cw=0xf | vs[proj][   ][    ] ps='' rank=0 | tex0=3F254390 inst=1
  793 PASS    v=1272   p=1867   zw=1 zt=1 blend=1 cw=0xf | vs[proj][   ][    ] ps='' rank=0 | tex0=3F254390 inst=1
  794 PASS    v=1272   p=1867   zw=1 zt=1 blend=1 cw=0xf | vs[proj][   ][    ] ps='' rank=0 | tex0=3F254390 inst=1
  795 PASS    v=1272   p=1867   zw=1 zt=1 blend=1 cw=0xf | vs[proj][   ][    ] ps='' rank=0 | tex0=3F254390 inst=1
  796 PASS    v=1272   p=1867   zw=1 zt=1 blend=1 cw=0xf | vs[proj][   ][    ] ps='' rank=0 | tex0=3F254390 inst=1
  797 PASS    v=1272   p=1867   zw=1 zt=1 blend=1 cw=0xf | vs[proj][   ][    ] ps='' rank=0 | tex0=3F254390 inst=1
  798 PASS    v=1272   p=1867   zw=1 zt=1 blend=1 cw=0xf | vs[proj][   ][    ] ps='' rank=0 | tex0=3F254390 inst=1
  799 PASS    v=1272   p=1867   zw=1 zt=1 blend=1 cw=0xf | vs[proj][   ][    ] ps='' rank=0 | tex0=3F254390 inst=1
  800 PASS    v=1272   p=1867   zw=1 zt=1 blend=1 cw=0xf | vs[proj][   ][    ] ps='' rank=0 | tex0=3F254390 inst=1
  801 PASS    v=1426   p=176    zw=1 zt=1 blend=1 cw=0xf | vs[proj][   ][    ] ps='' rank=0 | tex0=3F254550 inst=1
  802 PASS    v=1426   p=176    zw=1 zt=1 blend=1 cw=0xf | vs[proj][   ][    ] ps='' rank=0 | tex0=3F254550 inst=1
  803 PASS    v=1272   p=20     zw=1 zt=1 blend=1 cw=0xf | vs[proj][   ][    ] ps='' rank=0 | tex0=3F254550 inst=1
  804 PASS    v=1272   p=20     zw=1 zt=1 blend=1 cw=0xf | vs[proj][   ][    ] ps='' rank=0 | tex0=3F254550 inst=1
  805 PASS    v=1272   p=20     zw=1 zt=1 blend=1 cw=0xf | vs[proj][   ][    ] ps='' rank=0 | tex0=3F254550 inst=1
  806 PASS    v=1272   p=20     zw=1 zt=1 blend=1 cw=0xf | vs[proj][   ][    ] ps='' rank=0 | tex0=3F254550 inst=1
  807 PASS    v=1272   p=20     zw=1 zt=1 blend=1 cw=0xf | vs[proj][   ][    ] ps='' rank=0 | tex0=3F254550 inst=1
  808 PASS    v=1272   p=20     zw=1 zt=1 blend=1 cw=0xf | vs[proj][   ][    ] ps='' rank=0 | tex0=3F254550 inst=1
  809 PASS    v=1272   p=20     zw=1 zt=1 blend=1 cw=0xf | vs[proj][   ][    ] ps='' rank=0 | tex0=3F254550 inst=1
  810 PASS    v=1272   p=20     zw=1 zt=1 blend=1 cw=0xf | vs[proj][   ][    ] ps='' rank=0 | tex0=3F254550 inst=1
  811 CONVERT v=1426   p=8      zw=1 zt=1 blend=1 cw=0xf | vs[proj][   ][    ] ps='Diffuse_MapSampler' rank=100 | tex0=3F2542B0 inst=1
  812 CONVERT v=1426   p=8      zw=1 zt=1 blend=1 cw=0xf | vs[proj][   ][    ] ps='Diffuse_MapSampler' rank=100 | tex0=3F2542B0 inst=1
  813 CONVERT v=1272   p=8      zw=1 zt=1 blend=1 cw=0xf | vs[proj][   ][    ] ps='Diffuse_MapSampler' rank=100 | tex0=3F2542B0 inst=1
  814 CONVERT v=1272   p=8      zw=1 zt=1 blend=1 cw=0xf | vs[proj][   ][    ] ps='Diffuse_MapSampler' rank=100 | tex0=3F2542B0 inst=1
  815 CONVERT v=1272   p=8      zw=1 zt=1 blend=1 cw=0xf | vs[proj][   ][    ] ps='Diffuse_MapSampler' rank=100 | tex0=3F2542B0 inst=1
  816 CONVERT v=1272   p=8      zw=1 zt=1 blend=1 cw=0xf | vs[proj][   ][    ] ps='Diffuse_MapSampler' rank=100 | tex0=3F2542B0 inst=1
  817 CONVERT v=1272   p=8      zw=1 zt=1 blend=1 cw=0xf | vs[proj][   ][    ] ps='Diffuse_MapSampler' rank=100 | tex0=3F2542B0 inst=1
  818 CONVERT v=1272   p=8      zw=1 zt=1 blend=1 cw=0xf | vs[proj][   ][    ] ps='Diffuse_MapSampler' rank=100 | tex0=3F2542B0 inst=1
  819 CONVERT v=1272   p=8      zw=1 zt=1 blend=1 cw=0xf | vs[proj][   ][    ] ps='Diffuse_MapSampler' rank=100 | tex0=3F2542B0 inst=1
  820 CONVERT v=1272   p=8      zw=1 zt=1 blend=1 cw=0xf | vs[proj][   ][    ] ps='Diffuse_MapSampler' rank=100 | tex0=3F2542B0 inst=1
  821 PASS    v=3236   p=68     zw=1 zt=1 blend=1 cw=0xf | vs[proj][   ][    ] ps='' rank=0 | tex0=3F23B570 inst=1
  822 PASS    v=336    p=373    zw=1 zt=1 blend=1 cw=0xf | vs[proj][   ][    ] ps='' rank=0 | tex0=3F23B570 inst=1
  823 PASS    v=99     p=157    zw=1 zt=1 blend=1 cw=0xf | vs[proj][   ][    ] ps='' rank=0 | tex0=3F23B570 inst=1
  824 PASS    v=43     p=68     zw=1 zt=1 blend=1 cw=0xf | vs[proj][   ][    ] ps='' rank=0 | tex0=3F23B570 inst=1
  825 PASS    v=3081   p=367    zw=1 zt=1 blend=1 cw=0xf | vs[proj][   ][    ] ps='' rank=0 | tex0=3F23B570 inst=1
  826 PASS    v=2059   p=115    zw=1 zt=1 blend=1 cw=0xf | vs[proj][   ][    ] ps='' rank=0 | tex0=3F23B570 inst=1
  827 PASS    v=1948   p=721    zw=1 zt=1 blend=1 cw=0xf | vs[proj][   ][    ] ps='' rank=0 | tex0=3F23B570 inst=1
  828 PASS    v=2781   p=68     zw=1 zt=1 blend=1 cw=0xf | vs[proj][   ][    ] ps='' rank=0 | tex0=3F23B570 inst=1
  829 PASS    v=855    p=155    zw=1 zt=1 blend=1 cw=0xf | vs[proj][   ][    ] ps='' rank=0 | tex0=3F23B570 inst=1
  830 PASS    v=301    p=105    zw=1 zt=1 blend=1 cw=0xf | vs[proj][   ][    ] ps='' rank=0 | tex0=44F056F0 inst=1
  831 PASS    v=207    p=89     zw=1 zt=1 blend=1 cw=0xf | vs[proj][   ][    ] ps='' rank=0 | tex0=44F056F0 inst=1
  832 PASS    v=17601  p=941    zw=1 zt=1 blend=1 cw=0xf | vs[proj][   ][    ] ps='Normal_MapSampler' rank=0 | tex0=44F0B650 inst=1
  833 PASS    v=17601  p=145    zw=1 zt=1 blend=1 cw=0xf | vs[proj][   ][    ] ps='Normal_MapSampler' rank=0 | tex0=44F0BB90 inst=1
  834 PASS    v=3081   p=334    zw=1 zt=1 blend=1 cw=0xf | vs[proj][   ][    ] ps='' rank=0 | tex0=44F13450 inst=1
  835 PASS    v=1948   p=249    zw=1 zt=1 blend=1 cw=0xf | vs[proj][   ][    ] ps='' rank=0 | tex0=44F13450 inst=1
  836 PASS    v=3632   p=122    zw=1 zt=1 blend=1 cw=0xf | vs[proj][   ][    ] ps='' rank=0 | tex0=44F105F0 inst=1
  837 PASS    v=371    p=61     zw=1 zt=1 blend=1 cw=0xf | vs[proj][   ][    ] ps='' rank=0 | tex0=44F05610 inst=1
  838 PASS    v=564    p=25     zw=1 zt=1 blend=1 cw=0xf | vs[proj][   ][    ] ps='' rank=0 | tex0=44F05610 inst=1
  839 PASS    v=405    p=126    zw=1 zt=1 blend=1 cw=0xf | vs[proj][   ][    ] ps='' rank=0 | tex0=44F05610 inst=1
  840 PASS    v=1879   p=119    zw=1 zt=1 blend=1 cw=0xf | vs[proj][   ][    ] ps='' rank=0 | tex0=44F05610 inst=1
  841 PASS    v=538    p=343    zw=1 zt=1 blend=1 cw=0xf | vs[proj][   ][    ] ps='' rank=0 | tex0=44F05610 inst=1
  842 PASS    v=2750   p=269    zw=1 zt=1 blend=1 cw=0xf | vs[proj][   ][    ] ps='' rank=0 | tex0=44F05610 inst=1
  843 PASS    v=1907   p=7      zw=1 zt=1 blend=1 cw=0xf | vs[proj][   ][    ] ps='' rank=0 | tex0=44F05610 inst=1
  844 PASS    v=1135   p=191    zw=1 zt=1 blend=1 cw=0xf | vs[proj][   ][    ] ps='' rank=0 | tex0=44F05610 inst=1
  845 CONVERT v=480    p=26     zw=1 zt=1 blend=1 cw=0xf | vs[proj][   ][    ] ps='Diffuse_MapSampler' rank=100 | tex0=44F11A10 inst=1
  846 PASS    v=480    p=284    zw=1 zt=1 blend=1 cw=0xf | vs[proj][   ][    ] ps='Normal_MapSampler' rank=0 | tex0=44F13A70 inst=1
  847 PASS    v=496    p=25     zw=1 zt=1 blend=1 cw=0xf | vs[proj][   ][    ] ps='Normal_MapSampler' rank=0 | tex0=44F0B9D0 inst=1
  848 PASS    v=480    p=25     zw=1 zt=1 blend=1 cw=0xf | vs[proj][   ][    ] ps='Normal_MapSampler' rank=0 | tex0=44F0B9D0 inst=1
  849 PASS    v=496    p=37     zw=1 zt=1 blend=1 cw=0xf | vs[proj][   ][    ] ps='Normal_MapSampler' rank=0 | tex0=44F0FEF0 inst=1
  850 PASS    v=496    p=269    zw=1 zt=1 blend=1 cw=0xf | vs[proj][   ][    ] ps='Normal_MapSampler' rank=0 | tex0=44F0FEF0 inst=1
  851 PASS    v=496    p=8      zw=1 zt=1 blend=1 cw=0xf | vs[proj][   ][    ] ps='Normal_MapSampler' rank=0 | tex0=44F0FEF0 inst=1
  852 PASS    v=480    p=37     zw=1 zt=1 blend=1 cw=0xf | vs[proj][   ][    ] ps='Normal_MapSampler' rank=0 | tex0=44F0FEF0 inst=1
  853 PASS    v=480    p=269    zw=1 zt=1 blend=1 cw=0xf | vs[proj][   ][    ] ps='Normal_MapSampler' rank=0 | tex0=44F0FEF0 inst=1
  854 PASS    v=480    p=8      zw=1 zt=1 blend=1 cw=0xf | vs[proj][   ][    ] ps='Normal_MapSampler' rank=0 | tex0=44F0FEF0 inst=1
  855 PASS    v=6471   p=1293   zw=1 zt=1 blend=1 cw=0xf | vs[proj][   ][    ] ps='' rank=0 | tex0=44F0FFD0 inst=1
  856 PASS    v=1486   p=8      zw=1 zt=1 blend=1 cw=0xf | vs[proj][   ][    ] ps='' rank=0 | tex0=44F0FFD0 inst=1
  857 PASS    v=3632   p=341    zw=1 zt=1 blend=1 cw=0xf | vs[proj][   ][    ] ps='' rank=0 | tex0=44F16E10 inst=1
  858 PASS    v=3632   p=428    zw=1 zt=1 blend=1 cw=0xf | vs[proj][   ][    ] ps='' rank=0 | tex0=44F16D30 inst=1
  859 PASS    v=1486   p=1728   zw=1 zt=1 blend=1 cw=0xf | vs[proj][   ][    ] ps='' rank=0 | tex0=44F16D30 inst=1
  860 PASS    v=776    p=207    zw=1 zt=1 blend=1 cw=0xf | vs[proj][   ][    ] ps='' rank=0 | tex0=44F16D30 inst=1
  861 PASS    v=1426   p=143    zw=1 zt=1 blend=1 cw=0xf | vs[proj][   ][    ] ps='' rank=0 | tex0=3F255350 inst=1
  862 PASS    v=1426   p=143    zw=1 zt=1 blend=1 cw=0xf | vs[proj][   ][    ] ps='' rank=0 | tex0=3F255350 inst=1
  863 PASS    v=1272   p=65     zw=1 zt=1 blend=1 cw=0xf | vs[proj][   ][    ] ps='' rank=0 | tex0=3F255350 inst=1
  864 PASS    v=1272   p=65     zw=1 zt=1 blend=1 cw=0xf | vs[proj][   ][    ] ps='' rank=0 | tex0=3F255350 inst=1
  865 PASS    v=1272   p=65     zw=1 zt=1 blend=1 cw=0xf | vs[proj][   ][    ] ps='' rank=0 | tex0=3F255350 inst=1
  866 PASS    v=1272   p=65     zw=1 zt=1 blend=1 cw=0xf | vs[proj][   ][    ] ps='' rank=0 | tex0=3F255350 inst=1
  867 PASS    v=1272   p=65     zw=1 zt=1 blend=1 cw=0xf | vs[proj][   ][    ] ps='' rank=0 | tex0=3F255350 inst=1
  868 PASS    v=1272   p=65     zw=1 zt=1 blend=1 cw=0xf | vs[proj][   ][    ] ps='' rank=0 | tex0=3F255350 inst=1
  869 PASS    v=1272   p=65     zw=1 zt=1 blend=1 cw=0xf | vs[proj][   ][    ] ps='' rank=0 | tex0=3F255350 inst=1
  870 PASS    v=1272   p=65     zw=1 zt=1 blend=1 cw=0xf | vs[proj][   ][    ] ps='' rank=0 | tex0=3F255350 inst=1
  871 PASS    v=1432   p=43     zw=1 zt=1 blend=1 cw=0xf | vs[proj][   ][    ] ps='' rank=0 | tex0=3F255350 inst=1
  872 PASS    v=3662   p=33     zw=1 zt=1 blend=1 cw=0xf | vs[proj][   ][    ] ps='' rank=0 | tex0=3F255350 inst=1
  873 PASS    v=1552   p=43     zw=1 zt=1 blend=1 cw=0xf | vs[proj][   ][    ] ps='' rank=0 | tex0=3F255350 inst=1
  874 PASS    v=3060   p=20     zw=1 zt=1 blend=1 cw=0xf | vs[proj][   ][    ] ps='' rank=0 | tex0=3F255350 inst=1
  875 PASS    v=829    p=251    zw=1 zt=1 blend=1 cw=0xf | vs[proj][   ][    ] ps='' rank=0 | tex0=3F255350 inst=1
  876 PASS    v=496    p=20     zw=1 zt=1 blend=1 cw=0xf | vs[proj][   ][    ] ps='' rank=0 | tex0=3F2381D0 inst=1
  877 CONVERT v=4      p=2      zw=1 zt=1 blend=1 cw=0xf | vs[proj][   ][    ] ps='Diffuse_MapSampler' rank=100 | tex0=3F2548D0 inst=1
  878 PASS    v=3506   p=524    zw=1 zt=1 blend=1 cw=0xf | vs[proj][   ][    ] ps='' rank=0 | tex0=44F097B0 inst=1
  879 PASS    v=2488   p=20     zw=1 zt=1 blend=1 cw=0xf | vs[proj][   ][    ] ps='' rank=0 | tex0=44F097B0 inst=1
  880 PASS    v=3632   p=263    zw=1 zt=1 blend=1 cw=0xf | vs[proj][   ][    ] ps='' rank=0 | tex0=44F09350 inst=1
  881 CONVERT v=3676   p=86     zw=1 zt=1 blend=1 cw=0xf | vs[proj][   ][    ] ps='Diffuse_MapSampler' rank=100 | tex0=44F11BD0 inst=1
  882 CONVERT v=551    p=44     zw=1 zt=1 blend=1 cw=0xf | vs[proj][   ][    ] ps='Diffuse_MapSampler' rank=100 | tex0=44F11BD0 inst=1
  883 CONVERT v=1731   p=308    zw=1 zt=1 blend=1 cw=0xf | vs[proj][   ][    ] ps='Diffuse_MapSampler' rank=100 | tex0=44F11BD0 inst=1
  884 PASS    v=2115   p=162    zw=1 zt=1 blend=1 cw=0xf | vs[proj][   ][    ] ps='' rank=0 | tex0=44F0DA30 inst=1
  885 PASS    v=2115   p=62     zw=1 zt=1 blend=1 cw=0xf | vs[proj][   ][    ] ps='' rank=0 | tex0=44F10510 inst=1
  886 PASS    v=3632   p=929    zw=1 zt=1 blend=1 cw=0xf | vs[proj][   ][    ] ps='' rank=0 | tex0=44F18070 inst=1
  887 CONVERT v=23     p=14     zw=1 zt=1 blend=1 cw=0xf | vs[proj][   ][    ] ps='Diffuse_MapSampler' rank=100 | tex0=3F2548D0 inst=1
  888 CONVERT v=23     p=20     zw=1 zt=1 blend=1 cw=0xf | vs[proj][   ][    ] ps='Diffuse_MapSampler' rank=100 | tex0=3F2548D0 inst=1
  889 CONVERT v=23     p=41     zw=1 zt=1 blend=1 cw=0xf | vs[proj][   ][    ] ps='Diffuse_MapSampler' rank=100 | tex0=3F2548D0 inst=1
  890 PASS    v=138    p=232    zw=1 zt=1 blend=1 cw=0xf | vs[proj][   ][    ] ps='' rank=0 | tex0=3F2397B0 inst=1
  891 PASS    v=138    p=232    zw=1 zt=1 blend=1 cw=0xf | vs[proj][   ][    ] ps='' rank=0 | tex0=3F2397B0 inst=1
  892 PASS    v=3632   p=236    zw=1 zt=1 blend=1 cw=0xf | vs[proj][   ][    ] ps='' rank=0 | tex0=44F18150 inst=1
  893 PASS    v=3506   p=1161   zw=1 zt=1 blend=1 cw=0xf | vs[proj][   ][    ] ps='' rank=0 | tex0=44F18150 inst=1
  894 PASS    v=2488   p=525    zw=1 zt=1 blend=1 cw=0xf | vs[proj][   ][    ] ps='' rank=0 | tex0=44F18150 inst=1
  895 PASS    v=1267   p=833    zw=1 zt=1 blend=1 cw=0xf | vs[proj][   ][    ] ps='' rank=0 | tex0=44F18150 inst=1
  896 PASS    v=1209   p=743    zw=1 zt=1 blend=1 cw=0xf | vs[proj][   ][    ] ps='' rank=0 | tex0=44F18150 inst=1
  897 CONVERT v=4252   p=8      zw=1 zt=1 blend=1 cw=0xf | vs[proj][   ][    ] ps='Diffuse_MapSampler' rank=100 | tex0=44F11A10 inst=1
  898 PASS    v=8      p=8      zw=1 zt=1 blend=1 cw=0xf | vs[proj][   ][    ] ps='' rank=0 | tex0=44F0F8D0 inst=1
  899 PASS    v=8      p=8      zw=1 zt=1 blend=1 cw=0xf | vs[proj][   ][    ] ps='' rank=0 | tex0=44F0F8D0 inst=1
  900 PASS    v=8      p=8      zw=1 zt=1 blend=1 cw=0xf | vs[proj][   ][    ] ps='' rank=0 | tex0=44F0F8D0 inst=1
  901 PASS    v=148    p=44     zw=1 zt=1 blend=1 cw=0xf | vs[proj][   ][    ] ps='' rank=0 | tex0=44F0F8D0 inst=1
  902 PASS    v=84     p=56     zw=1 zt=1 blend=1 cw=0xf | vs[proj][   ][    ] ps='' rank=0 | tex0=44F0F8D0 inst=1
  903 PASS    v=12     p=8      zw=1 zt=1 blend=1 cw=0xf | vs[proj][   ][    ] ps='' rank=0 | tex0=44F0F8D0 inst=1
  904 PASS    v=2115   p=200    zw=1 zt=1 blend=1 cw=0xf | vs[proj][   ][    ] ps='' rank=0 | tex0=44F10890 inst=1
  905 PASS    v=84     p=56     zw=1 zt=1 blend=1 cw=0xf | vs[proj][   ][    ] ps='' rank=0 | tex0=44F10270 inst=1
  906 CONVERT v=486    p=176    zw=1 zt=1 blend=1 cw=0xf | vs[proj][   ][    ] ps='Diffuse_MapSampler' rank=100 | tex0=44F11CB0 inst=1
  907 CONVERT v=1553   p=434    zw=1 zt=1 blend=1 cw=0xf | vs[proj][   ][    ] ps='Diffuse_MapSampler' rank=100 | tex0=44F11CB0 inst=1
  908 CONVERT v=551    p=656    zw=1 zt=1 blend=1 cw=0xf | vs[proj][   ][    ] ps='Diffuse_MapSampler' rank=100 | tex0=44F11CB0 inst=1
  909 CONVERT v=2279   p=2258   zw=1 zt=1 blend=1 cw=0xf | vs[proj][   ][    ] ps='Diffuse_MapSampler' rank=100 | tex0=44F11CB0 inst=1
  910 CONVERT v=1731   p=716    zw=1 zt=1 blend=1 cw=0xf | vs[proj][   ][    ] ps='Diffuse_MapSampler' rank=100 | tex0=44F11CB0 inst=1
  911 CONVERT v=958    p=368    zw=1 zt=1 blend=1 cw=0xf | vs[proj][   ][    ] ps='Diffuse_MapSampler' rank=100 | tex0=44F11CB0 inst=1
  912 PASS    v=776    p=95     zw=1 zt=1 blend=1 cw=0xf | vs[proj][   ][    ] ps='' rank=0 | tex0=44F185B0 inst=1
  913 PASS    v=270    p=116    zw=1 zt=1 blend=1 cw=0xf | vs[proj][   ][    ] ps='' rank=0 | tex0=44F15750 inst=1
  914 PASS    v=130    p=37     zw=1 zt=1 blend=1 cw=0xf | vs[proj][   ][    ] ps='' rank=0 | tex0=44F136F0 inst=1
  915 PASS    v=411    p=746    zw=1 zt=1 blend=1 cw=0xf | vs[proj][   ][    ] ps='' rank=0 | tex0=44F15D70 inst=1
  916 PASS    v=130    p=205    zw=1 zt=1 blend=1 cw=0xf | vs[proj][   ][    ] ps='' rank=0 | tex0=44F16630 inst=1
  917 PASS    v=3195   p=8      zw=1 zt=1 blend=1 cw=0xf | vs[proj][   ][    ] ps='' rank=0 | tex0=3F255EB0 inst=1
  918 PASS    v=3236   p=26     zw=1 zt=1 blend=1 cw=0xf | vs[proj][   ][    ] ps='' rank=0 | tex0=3F255EB0 inst=1
  919 PASS    v=1333   p=8      zw=1 zt=1 blend=1 cw=0xf | vs[proj][   ][    ] ps='' rank=0 | tex0=3F255EB0 inst=1
  920 PASS    v=1553   p=32     zw=1 zt=1 blend=1 cw=0xf | vs[proj][   ][    ] ps='' rank=0 | tex0=3F255EB0 inst=1
  921 PASS    v=16     p=20     zw=1 zt=1 blend=1 cw=0xf | vs[proj][   ][    ] ps='' rank=0 | tex0=3F255EB0 inst=1
  922 PASS    v=8      p=8      zw=1 zt=1 blend=1 cw=0xf | vs[proj][   ][    ] ps='' rank=0 | tex0=3F255EB0 inst=1
  923 PASS    v=1158   p=56     zw=1 zt=1 blend=1 cw=0xf | vs[proj][   ][    ] ps='' rank=0 | tex0=3F255EB0 inst=1
  924 PASS    v=8      p=8      zw=1 zt=1 blend=1 cw=0xf | vs[proj][   ][    ] ps='' rank=0 | tex0=3F255EB0 inst=1
  925 PASS    v=57     p=20     zw=1 zt=1 blend=1 cw=0xf | vs[proj][   ][    ] ps='' rank=0 | tex0=3F255EB0 inst=1
  926 PASS    v=85     p=44     zw=1 zt=1 blend=1 cw=0xf | vs[proj][   ][    ] ps='' rank=0 | tex0=3F255EB0 inst=1
  927 PASS    v=888    p=20     zw=1 zt=1 blend=1 cw=0xf | vs[proj][   ][    ] ps='' rank=0 | tex0=3F255EB0 inst=1
  928 PASS    v=8      p=8      zw=1 zt=1 blend=1 cw=0xf | vs[proj][   ][    ] ps='' rank=0 | tex0=3F255EB0 inst=1
  929 PASS    v=1534   p=68     zw=1 zt=1 blend=1 cw=0xf | vs[proj][   ][    ] ps='' rank=0 | tex0=3F255EB0 inst=1
  930 PASS    v=642    p=56     zw=1 zt=1 blend=1 cw=0xf | vs[proj][   ][    ] ps='' rank=0 | tex0=3F255EB0 inst=1
  931 PASS    v=540    p=248    zw=1 zt=1 blend=1 cw=0xf | vs[proj][   ][    ] ps='' rank=0 | tex0=3F2389B0 inst=1
  932 PASS    v=540    p=308    zw=1 zt=1 blend=1 cw=0xf | vs[proj][   ][    ] ps='' rank=0 | tex0=3F2389B0 inst=1
  933 PASS    v=540    p=254    zw=1 zt=1 blend=1 cw=0xf | vs[proj][   ][    ] ps='' rank=0 | tex0=3F2389B0 inst=1
  934 PASS    v=279    p=164    zw=1 zt=1 blend=1 cw=0xf | vs[proj][   ][    ] ps='' rank=0 | tex0=3F2389B0 inst=1
  935 PASS    v=279    p=152    zw=1 zt=1 blend=1 cw=0xf | vs[proj][   ][    ] ps='' rank=0 | tex0=3F2389B0 inst=1
  936 PASS    v=279    p=104    zw=1 zt=1 blend=1 cw=0xf | vs[proj][   ][    ] ps='' rank=0 | tex0=3F2389B0 inst=1
  937 PASS    v=279    p=164    zw=1 zt=1 blend=1 cw=0xf | vs[proj][   ][    ] ps='' rank=0 | tex0=3F2389B0 inst=1
  938 PASS    v=279    p=152    zw=1 zt=1 blend=1 cw=0xf | vs[proj][   ][    ] ps='' rank=0 | tex0=3F2389B0 inst=1
  939 PASS    v=279    p=104    zw=1 zt=1 blend=1 cw=0xf | vs[proj][   ][    ] ps='' rank=0 | tex0=3F2389B0 inst=1
  940 PASS    v=279    p=164    zw=1 zt=1 blend=1 cw=0xf | vs[proj][   ][    ] ps='' rank=0 | tex0=3F2389B0 inst=1
  941 PASS    v=279    p=152    zw=1 zt=1 blend=1 cw=0xf | vs[proj][   ][    ] ps='' rank=0 | tex0=3F2389B0 inst=1
  942 PASS    v=279    p=104    zw=1 zt=1 blend=1 cw=0xf | vs[proj][   ][    ] ps='' rank=0 | tex0=3F2389B0 inst=1
  943 PASS    v=279    p=164    zw=1 zt=1 blend=1 cw=0xf | vs[proj][   ][    ] ps='' rank=0 | tex0=3F2389B0 inst=1
  944 PASS    v=279    p=152    zw=1 zt=1 blend=1 cw=0xf | vs[proj][   ][    ] ps='' rank=0 | tex0=3F2389B0 inst=1
  945 PASS    v=279    p=104    zw=1 zt=1 blend=1 cw=0xf | vs[proj][   ][    ] ps='' rank=0 | tex0=3F2389B0 inst=1
  946 PASS    v=161    p=110    zw=1 zt=1 blend=1 cw=0xf | vs[proj][   ][    ] ps='' rank=0 | tex0=3F2389B0 inst=1
  947 PASS    v=161    p=86     zw=1 zt=1 blend=1 cw=0xf | vs[proj][   ][    ] ps='' rank=0 | tex0=3F2389B0 inst=1
  948 PASS    v=161    p=38     zw=1 zt=1 blend=1 cw=0xf | vs[proj][   ][    ] ps='' rank=0 | tex0=3F2389B0 inst=1
  949 PASS    v=161    p=110    zw=1 zt=1 blend=1 cw=0xf | vs[proj][   ][    ] ps='' rank=0 | tex0=3F2389B0 inst=1
  950 PASS    v=161    p=86     zw=1 zt=1 blend=1 cw=0xf | vs[proj][   ][    ] ps='' rank=0 | tex0=3F2389B0 inst=1
  951 PASS    v=161    p=38     zw=1 zt=1 blend=1 cw=0xf | vs[proj][   ][    ] ps='' rank=0 | tex0=3F2389B0 inst=1
  952 PASS    v=161    p=110    zw=1 zt=1 blend=1 cw=0xf | vs[proj][   ][    ] ps='' rank=0 | tex0=3F2389B0 inst=1
  953 PASS    v=161    p=86     zw=1 zt=1 blend=1 cw=0xf | vs[proj][   ][    ] ps='' rank=0 | tex0=3F2389B0 inst=1
  954 PASS    v=161    p=38     zw=1 zt=1 blend=1 cw=0xf | vs[proj][   ][    ] ps='' rank=0 | tex0=3F2389B0 inst=1
  955 PASS    v=161    p=110    zw=1 zt=1 blend=1 cw=0xf | vs[proj][   ][    ] ps='' rank=0 | tex0=3F2389B0 inst=1
  956 PASS    v=161    p=86     zw=1 zt=1 blend=1 cw=0xf | vs[proj][   ][    ] ps='' rank=0 | tex0=3F2389B0 inst=1
  957 PASS    v=161    p=38     zw=1 zt=1 blend=1 cw=0xf | vs[proj][   ][    ] ps='' rank=0 | tex0=3F2389B0 inst=1
  958 PASS    v=161    p=110    zw=1 zt=1 blend=1 cw=0xf | vs[proj][   ][    ] ps='' rank=0 | tex0=3F2389B0 inst=1
  959 PASS    v=161    p=86     zw=1 zt=1 blend=1 cw=0xf | vs[proj][   ][    ] ps='' rank=0 | tex0=3F2389B0 inst=1
  960 PASS    v=161    p=38     zw=1 zt=1 blend=1 cw=0xf | vs[proj][   ][    ] ps='' rank=0 | tex0=3F2389B0 inst=1
  961 PASS    v=1833   p=123    zw=1 zt=1 blend=1 cw=0xf | vs[proj][   ][    ] ps='' rank=0 | tex0=3F23C990 inst=1
  962 PASS    v=850    p=165    zw=1 zt=1 blend=1 cw=0xf | vs[proj][   ][    ] ps='' rank=0 | tex0=3F23C990 inst=1
  963 PASS    v=420    p=19     zw=1 zt=1 blend=1 cw=0xf | vs[proj][   ][    ] ps='' rank=0 | tex0=3F23C990 inst=1
  964 PASS    v=708    p=67     zw=1 zt=1 blend=1 cw=0xf | vs[proj][   ][    ] ps='' rank=0 | tex0=3F23C990 inst=1
  965 PASS    v=778    p=491    zw=1 zt=1 blend=1 cw=0xf | vs[proj][   ][    ] ps='' rank=0 | tex0=3F23C990 inst=1
  966 PASS    v=486    p=203    zw=1 zt=1 blend=1 cw=0xf | vs[proj][   ][    ] ps='' rank=0 | tex0=3F23C990 inst=1
  967 PASS    v=1368   p=183    zw=1 zt=1 blend=1 cw=0xf | vs[proj][   ][    ] ps='' rank=0 | tex0=3F23C990 inst=1
  968 PASS    v=3676   p=227    zw=1 zt=1 blend=1 cw=0xf | vs[proj][   ][    ] ps='' rank=0 | tex0=3F23C990 inst=1
  969 PASS    v=2614   p=85     zw=1 zt=1 blend=1 cw=0xf | vs[proj][   ][    ] ps='' rank=0 | tex0=3F23C990 inst=1
  970 PASS    v=1879   p=19     zw=1 zt=1 blend=1 cw=0xf | vs[proj][   ][    ] ps='' rank=0 | tex0=3F23C990 inst=1
  971 PASS    v=8627   p=137    zw=1 zt=1 blend=1 cw=0xf | vs[proj][   ][    ] ps='' rank=0 | tex0=3F23C990 inst=1
  972 PASS    v=2028   p=193    zw=1 zt=1 blend=1 cw=0xf | vs[proj][   ][    ] ps='' rank=0 | tex0=3F23C990 inst=1
  973 PASS    v=2794   p=14     zw=1 zt=1 blend=1 cw=0xf | vs[proj][   ][    ] ps='' rank=0 | tex0=3F23C990 inst=1
  974 PASS    v=2391   p=320    zw=1 zt=1 blend=1 cw=0xf | vs[proj][   ][    ] ps='' rank=0 | tex0=3F23C990 inst=1
  975 PASS    v=418    p=20     zw=1 zt=1 blend=1 cw=0xf | vs[proj][   ][    ] ps='' rank=0 | tex0=3F23C990 inst=1
  976 PASS    v=56     p=83     zw=1 zt=1 blend=1 cw=0xf | vs[proj][   ][    ] ps='' rank=0 | tex0=3F23C990 inst=1
  977 PASS    v=2608   p=87     zw=1 zt=1 blend=1 cw=0xf | vs[proj][   ][    ] ps='' rank=0 | tex0=3F23C990 inst=1
  978 PASS    v=1135   p=31     zw=1 zt=1 blend=1 cw=0xf | vs[proj][   ][    ] ps='' rank=0 | tex0=3F23C990 inst=1
  979 PASS    v=371    p=125    zw=1 zt=1 blend=1 cw=0xf | vs[proj][   ][    ] ps='' rank=0 | tex0=3F23D410 inst=1
  980 PASS    v=2595   p=532    zw=1 zt=1 blend=1 cw=0xf | vs[proj][   ][    ] ps='' rank=0 | tex0=3F23D410 inst=1
  981 PASS    v=564    p=140    zw=1 zt=1 blend=1 cw=0xf | vs[proj][   ][    ] ps='' rank=0 | tex0=3F23D410 inst=1
  982 PASS    v=1421   p=113    zw=1 zt=1 blend=1 cw=0xf | vs[proj][   ][    ] ps='' rank=0 | tex0=3F23D410 inst=1
  983 PASS    v=1879   p=59     zw=1 zt=1 blend=1 cw=0xf | vs[proj][   ][    ] ps='' rank=0 | tex0=3F23D410 inst=1
  984 PASS    v=1589   p=7      zw=1 zt=1 blend=1 cw=0xf | vs[proj][   ][    ] ps='' rank=0 | tex0=3F23D410 inst=1
  985 PASS    v=2750   p=92     zw=1 zt=1 blend=1 cw=0xf | vs[proj][   ][    ] ps='' rank=0 | tex0=3F23D410 inst=1
  986 PASS    v=3014   p=253    zw=1 zt=1 blend=1 cw=0xf | vs[proj][   ][    ] ps='' rank=0 | tex0=3F23D410 inst=1
  987 PASS    v=3348   p=155    zw=1 zt=1 blend=1 cw=0xf | vs[proj][   ][    ] ps='' rank=0 | tex0=3F23D410 inst=1
  988 PASS    v=1907   p=347    zw=1 zt=1 blend=1 cw=0xf | vs[proj][   ][    ] ps='' rank=0 | tex0=3F23D410 inst=1
  989 PASS    v=1135   p=115    zw=1 zt=1 blend=1 cw=0xf | vs[proj][   ][    ] ps='' rank=0 | tex0=3F23D410 inst=1
  990 PASS    v=405    p=170    zw=1 zt=1 blend=1 cw=0xf | vs[proj][   ][    ] ps='' rank=0 | tex0=44F05530 inst=1
  991 PASS    v=1907   p=19     zw=1 zt=1 blend=1 cw=0xf | vs[proj][   ][    ] ps='' rank=0 | tex0=44F05530 inst=1
  992 PASS    v=519    p=1      zw=1 zt=1 blend=1 cw=0xf | vs[proj][   ][    ] ps='' rank=0 | tex0=44F12B90 inst=1
  993 PASS    v=3515   p=25     zw=1 zt=1 blend=1 cw=0xf | vs[proj][   ][    ] ps='' rank=0 | tex0=44F12B90 inst=1
  994 PASS    v=3236   p=13     zw=1 zt=1 blend=1 cw=0xf | vs[proj][   ][    ] ps='' rank=0 | tex0=44F12B90 inst=1
  995 PASS    v=1361   p=13     zw=1 zt=1 blend=1 cw=0xf | vs[proj][   ][    ] ps='' rank=0 | tex0=44F12B90 inst=1
  996 PASS    v=3662   p=31     zw=1 zt=1 blend=1 cw=0xf | vs[proj][   ][    ] ps='' rank=0 | tex0=44F12B90 inst=1
  997 PASS    v=850    p=7      zw=1 zt=1 blend=1 cw=0xf | vs[proj][   ][    ] ps='' rank=0 | tex0=44F12B90 inst=1
  998 PASS    v=1429   p=7      zw=1 zt=1 blend=1 cw=0xf | vs[proj][   ][    ] ps='' rank=0 | tex0=44F12B90 inst=1
  999 PASS    v=1190   p=55     zw=1 zt=1 blend=1 cw=0xf | vs[proj][   ][    ] ps='' rank=0 | tex0=44F12B90 inst=1
 1000 PASS    v=486    p=68     zw=1 zt=1 blend=1 cw=0xf | vs[proj][   ][    ] ps='' rank=0 | tex0=44F12B90 inst=1
 1001 PASS    v=1553   p=31     zw=1 zt=1 blend=1 cw=0xf | vs[proj][   ][    ] ps='' rank=0 | tex0=44F12B90 inst=1
 1002 PASS    v=1553   p=1394   zw=1 zt=1 blend=1 cw=0xf | vs[proj][   ][    ] ps='' rank=0 | tex0=44F12B90 inst=1
 1003 PASS    v=3676   p=1016   zw=1 zt=1 blend=1 cw=0xf | vs[proj][   ][    ] ps='' rank=0 | tex0=44F12B90 inst=1
 1004 PASS    v=2608   p=524    zw=1 zt=1 blend=1 cw=0xf | vs[proj][   ][    ] ps='' rank=0 | tex0=44F12B90 inst=1
 1005 PASS    v=1731   p=452    zw=1 zt=1 blend=1 cw=0xf | vs[proj][   ][    ] ps='' rank=0 | tex0=44F12B90 inst=1
 1006 PASS    v=1731   p=740    zw=1 zt=1 blend=1 cw=0xf | vs[proj][   ][    ] ps='' rank=0 | tex0=44F12B90 inst=1
 1007 PASS    v=2115   p=327    zw=1 zt=1 blend=1 cw=0xf | vs[proj][   ][    ] ps='' rank=0 | tex0=44F107B0 inst=1
 1008 PASS    v=1421   p=31     zw=1 zt=1 blend=1 cw=0xf | vs[proj][   ][    ] ps='' rank=0 | tex0=44F0C530 inst=1
 1009 PASS    v=1589   p=25     zw=1 zt=1 blend=1 cw=0xf | vs[proj][   ][    ] ps='' rank=0 | tex0=44F0C530 inst=1
 1010 PASS    v=2750   p=80     zw=1 zt=1 blend=1 cw=0xf | vs[proj][   ][    ] ps='' rank=0 | tex0=44F0C530 inst=1
 1011 PASS    v=3014   p=87     zw=1 zt=1 blend=1 cw=0xf | vs[proj][   ][    ] ps='' rank=0 | tex0=44F0C530 inst=1
 1012 PASS    v=3348   p=164    zw=1 zt=1 blend=1 cw=0xf | vs[proj][   ][    ] ps='' rank=0 | tex0=44F0C530 inst=1
 1013 PASS    v=1907   p=75     zw=1 zt=1 blend=1 cw=0xf | vs[proj][   ][    ] ps='' rank=0 | tex0=44F0C530 inst=1
 1014 PASS    v=1486   p=225    zw=1 zt=1 blend=1 cw=0xf | vs[proj][   ][    ] ps='' rank=0 | tex0=44F11310 inst=1
 1015 PASS    v=1436   p=291    zw=1 zt=1 blend=1 cw=0xf | vs[proj][   ][    ] ps='' rank=0 | tex0=44F0FB70 inst=1
 1016 PASS    v=17601  p=1447   zw=1 zt=1 blend=1 cw=0xf | vs[proj][   ][    ] ps='Normal_MapSampler' rank=0 | tex0=44F0D6B0 inst=1
 1017 PASS    v=17601  p=183    zw=1 zt=1 blend=1 cw=0xf | vs[proj][   ][    ] ps='Normal_MapSampler' rank=0 | tex0=44F0D6B0 inst=1
 1018 PASS    v=17601  p=140    zw=1 zt=1 blend=1 cw=0xf | vs[proj][   ][    ] ps='Normal_MapSampler' rank=0 | tex0=44F0D6B0 inst=1
 1019 PASS    v=17601  p=644    zw=1 zt=1 blend=1 cw=0xf | vs[proj][   ][    ] ps='Normal_MapSampler' rank=0 | tex0=44F0C290 inst=1
 1020 PASS    v=17601  p=2240   zw=1 zt=1 blend=1 cw=0xf | vs[proj][   ][    ] ps='Normal_MapSampler' rank=0 | tex0=44F0D790 inst=1
 1021 PASS    v=17601  p=1405   zw=1 zt=1 blend=1 cw=0xf | vs[proj][   ][    ] ps='Normal_MapSampler' rank=0 | tex0=44F0D790 inst=1
 1022 PASS    v=2115   p=446    zw=1 zt=1 blend=1 cw=0xf | vs[proj][   ][    ] ps='' rank=0 | tex0=44F0BD50 inst=1
 1023 PASS    v=2115   p=284    zw=1 zt=1 blend=1 cw=0xf | vs[proj][   ][    ] ps='' rank=0 | tex0=44F0B3B0 inst=1
 1024 PASS    v=1436   p=584    zw=1 zt=1 blend=1 cw=0xf | vs[proj][   ][    ] ps='' rank=0 | tex0=44F0D4F0 inst=1
 1025 PASS    v=2115   p=182    zw=1 zt=1 blend=1 cw=0xf | vs[proj][   ][    ] ps='' rank=0 | tex0=44F0D4F0 inst=1
 1026 PASS    v=2115   p=1006   zw=1 zt=1 blend=1 cw=0xf | vs[proj][   ][    ] ps='' rank=0 | tex0=44F0D410 inst=1
 1027 PASS    v=3718   p=7      zw=1 zt=1 blend=1 cw=0xf | vs[proj][   ][    ] ps='' rank=0 | tex0=44F136F0 inst=1
 1028 PASS    v=1333   p=25     zw=1 zt=1 blend=1 cw=0xf | vs[proj][   ][    ] ps='' rank=0 | tex0=44F136F0 inst=1
 1029 PASS    v=1333   p=7      zw=1 zt=1 blend=1 cw=0xf | vs[proj][   ][    ] ps='' rank=0 | tex0=44F136F0 inst=1
 1030 PASS    v=486    p=188    zw=1 zt=1 blend=1 cw=0xf | vs[proj][   ][    ] ps='' rank=0 | tex0=44F136F0 inst=1
 1031 PASS    v=1553   p=25     zw=1 zt=1 blend=1 cw=0xf | vs[proj][   ][    ] ps='' rank=0 | tex0=44F136F0 inst=1
 1032 PASS    v=1553   p=14     zw=1 zt=1 blend=1 cw=0xf | vs[proj][   ][    ] ps='' rank=0 | tex0=44F136F0 inst=1
 1033 PASS    v=3081   p=19     zw=1 zt=1 blend=1 cw=0xf | vs[proj][   ][    ] ps='' rank=0 | tex0=44F136F0 inst=1
 1034 PASS    v=2614   p=1508   zw=1 zt=1 blend=1 cw=0xf | vs[proj][   ][    ] ps='' rank=0 | tex0=44F136F0 inst=1
 1035 PASS    v=2614   p=170    zw=1 zt=1 blend=1 cw=0xf | vs[proj][   ][    ] ps='' rank=0 | tex0=44F136F0 inst=1
 1036 PASS    v=2608   p=326    zw=1 zt=1 blend=1 cw=0xf | vs[proj][   ][    ] ps='' rank=0 | tex0=44F136F0 inst=1
 1037 PASS    v=1731   p=7      zw=1 zt=1 blend=1 cw=0xf | vs[proj][   ][    ] ps='' rank=0 | tex0=44F136F0 inst=1
 1038 PASS    v=1731   p=134    zw=1 zt=1 blend=1 cw=0xf | vs[proj][   ][    ] ps='' rank=0 | tex0=44F136F0 inst=1
 1039 PASS    v=829    p=170    zw=1 zt=1 blend=1 cw=0xf | vs[proj][   ][    ] ps='' rank=0 | tex0=44F136F0 inst=1
 1040 PASS    v=958    p=14     zw=1 zt=1 blend=1 cw=0xf | vs[proj][   ][    ] ps='' rank=0 | tex0=44F136F0 inst=1
 1041 PASS    v=958    p=32     zw=1 zt=1 blend=1 cw=0xf | vs[proj][   ][    ] ps='' rank=0 | tex0=44F136F0 inst=1
 1042 PASS    v=1534   p=7      zw=1 zt=1 blend=1 cw=0xf | vs[proj][   ][    ] ps='' rank=0 | tex0=44F136F0 inst=1
 1043 PASS    v=3632   p=799    zw=1 zt=1 blend=1 cw=0xf | vs[proj][   ][    ] ps='' rank=0 | tex0=44F0DBF0 inst=1
 1044 PASS    v=6471   p=2633   zw=1 zt=1 blend=1 cw=0xf | vs[proj][   ][    ] ps='' rank=0 | tex0=44F0DBF0 inst=1
 1045 PASS    v=6471   p=2498   zw=1 zt=1 blend=1 cw=0xf | vs[proj][   ][    ] ps='' rank=0 | tex0=44F0DBF0 inst=1
 1046 PASS    v=6471   p=1956   zw=1 zt=1 blend=1 cw=0xf | vs[proj][   ][    ] ps='' rank=0 | tex0=44F0DBF0 inst=1
 1047 PASS    v=6471   p=136    zw=1 zt=1 blend=1 cw=0xf | vs[proj][   ][    ] ps='' rank=0 | tex0=44F0DBF0 inst=1
 1048 PASS    v=6471   p=251    zw=1 zt=1 blend=1 cw=0xf | vs[proj][   ][    ] ps='' rank=0 | tex0=44F0DBF0 inst=1
 1049 PASS    v=1486   p=206    zw=1 zt=1 blend=1 cw=0xf | vs[proj][   ][    ] ps='' rank=0 | tex0=44F0DBF0 inst=1
 1050 PASS    v=776    p=875    zw=1 zt=1 blend=1 cw=0xf | vs[proj][   ][    ] ps='' rank=0 | tex0=44F0DBF0 inst=1
 1051 PASS    v=3506   p=882    zw=1 zt=1 blend=1 cw=0xf | vs[proj][   ][    ] ps='' rank=0 | tex0=44F0DBF0 inst=1
 1052 PASS    v=1436   p=77     zw=1 zt=1 blend=1 cw=0xf | vs[proj][   ][    ] ps='' rank=0 | tex0=44F0DBF0 inst=1
 1053 PASS    v=2488   p=128    zw=1 zt=1 blend=1 cw=0xf | vs[proj][   ][    ] ps='' rank=0 | tex0=44F0DBF0 inst=1
 1054 PASS    v=2488   p=270    zw=1 zt=1 blend=1 cw=0xf | vs[proj][   ][    ] ps='' rank=0 | tex0=44F0DBF0 inst=1
 1055 PASS    v=1267   p=155    zw=1 zt=1 blend=1 cw=0xf | vs[proj][   ][    ] ps='' rank=0 | tex0=44F0DBF0 inst=1
 1056 PASS    v=1209   p=100    zw=1 zt=1 blend=1 cw=0xf | vs[proj][   ][    ] ps='' rank=0 | tex0=44F0DBF0 inst=1
 1057 PASS    v=1209   p=158    zw=1 zt=1 blend=1 cw=0xf | vs[proj][   ][    ] ps='' rank=0 | tex0=44F0DBF0 inst=1
 1058 PASS    v=1486   p=308    zw=1 zt=1 blend=1 cw=0xf | vs[proj][   ][    ] ps='' rank=0 | tex0=44F0BC70 inst=1
 1059 PASS    v=3506   p=244    zw=1 zt=1 blend=1 cw=0xf | vs[proj][   ][    ] ps='' rank=0 | tex0=44F0BC70 inst=1
 1060 PASS    v=3506   p=620    zw=1 zt=1 blend=1 cw=0xf | vs[proj][   ][    ] ps='' rank=0 | tex0=44F0BC70 inst=1
 1061 PASS    v=1436   p=263    zw=1 zt=1 blend=1 cw=0xf | vs[proj][   ][    ] ps='' rank=0 | tex0=44F0BC70 inst=1
 1062 PASS    v=2488   p=236    zw=1 zt=1 blend=1 cw=0xf | vs[proj][   ][    ] ps='' rank=0 | tex0=44F0BC70 inst=1
 1063 PASS    v=2488   p=244    zw=1 zt=1 blend=1 cw=0xf | vs[proj][   ][    ] ps='' rank=0 | tex0=44F0BC70 inst=1
 1064 PASS    v=1267   p=644    zw=1 zt=1 blend=1 cw=0xf | vs[proj][   ][    ] ps='' rank=0 | tex0=44F0BC70 inst=1
 1065 PASS    v=1209   p=332    zw=1 zt=1 blend=1 cw=0xf | vs[proj][   ][    ] ps='' rank=0 | tex0=44F0BC70 inst=1
 1066 PASS    v=1421   p=7      zw=1 zt=1 blend=1 cw=0xf | vs[proj][   ][    ] ps='' rank=0 | tex0=44F0C6F0 inst=1
 1067 PASS    v=74     p=117    zw=1 zt=1 blend=1 cw=0xf | vs[proj][   ][    ] ps='' rank=0 | tex0=44F0FD30 inst=1
 1068 PASS    v=148    p=236    zw=1 zt=1 blend=1 cw=0xf | vs[proj][   ][    ] ps='' rank=0 | tex0=44F0FD30 inst=1
 1069 PASS    v=84     p=2      zw=1 zt=1 blend=1 cw=0xf | vs[proj][   ][    ] ps='' rank=0 | tex0=44F0FD30 inst=1
 1070 PASS    v=12     p=2      zw=1 zt=1 blend=1 cw=0xf | vs[proj][   ][    ] ps='' rank=0 | tex0=44F0FD30 inst=1
 1071 PASS    v=7      p=7      zw=1 zt=1 blend=1 cw=0xf | vs[proj][   ][    ] ps='' rank=0 | tex0=44F0FD30 inst=1
 1072 PASS    v=19     p=31     zw=1 zt=1 blend=1 cw=0xf | vs[proj][   ][    ] ps='' rank=0 | tex0=44F0FD30 inst=1
 1073 PASS    v=3632   p=595    zw=1 zt=1 blend=1 cw=0xf | vs[proj][   ][    ] ps='' rank=0 | tex0=44F0C7D0 inst=1
 1074 PASS    v=3506   p=22     zw=1 zt=1 blend=1 cw=0xf | vs[proj][   ][    ] ps='' rank=0 | tex0=44F0C7D0 inst=1
 1075 PASS    v=3506   p=261    zw=1 zt=1 blend=1 cw=0xf | vs[proj][   ][    ] ps='' rank=0 | tex0=44F0C7D0 inst=1
 1076 PASS    v=3506   p=44     zw=1 zt=1 blend=1 cw=0xf | vs[proj][   ][    ] ps='' rank=0 | tex0=44F0C7D0 inst=1
 1077 PASS    v=2115   p=746    zw=1 zt=1 blend=1 cw=0xf | vs[proj][   ][    ] ps='' rank=0 | tex0=44F0C7D0 inst=1
 1078 PASS    v=2488   p=428    zw=1 zt=1 blend=1 cw=0xf | vs[proj][   ][    ] ps='' rank=0 | tex0=44F0C7D0 inst=1
 1079 PASS    v=2488   p=22     zw=1 zt=1 blend=1 cw=0xf | vs[proj][   ][    ] ps='' rank=0 | tex0=44F0C7D0 inst=1
 1080 PASS    v=2488   p=261    zw=1 zt=1 blend=1 cw=0xf | vs[proj][   ][    ] ps='' rank=0 | tex0=44F0C7D0 inst=1
 1081 PASS    v=2115   p=2      zw=1 zt=1 blend=1 cw=0xf | vs[proj][   ][    ] ps='' rank=0 | tex0=3B6CB870 inst=1
 1082 PASS    v=52     p=26     zw=0 zt=1 blend=1 cw=0xf | vs[proj][   ][    ] ps='' rank=0 | tex0=44F12B90 inst=0
 1083 CONVERT v=40     p=20     zw=0 zt=1 blend=1 cw=0xf | vs[proj][   ][    ] ps='Diffuse_MapSampler' rank=100 | tex0=44F11CB0 inst=0
 1084 CONVERT v=384    p=192    zw=0 zt=1 blend=1 cw=0xf | vs[proj][   ][    ] ps='Diffuse_MapSampler' rank=100 | tex0=44F11A10 inst=0
 1085 CONVERT v=144    p=72     zw=0 zt=1 blend=1 cw=0xf | vs[proj][   ][    ] ps='Diffuse_MapSampler' rank=100 | tex0=44F11BD0 inst=0
 1086 PASS    v=176    p=88     zw=0 zt=1 blend=1 cw=0xf | vs[proj][   ][    ] ps='' rank=0 | tex0=44F130D0 inst=0
 1087 PASS    v=1164   p=582    zw=0 zt=1 blend=1 cw=0xf | vs[proj][   ][    ] ps='' rank=0 | tex0=44F19B90 inst=0
 1088 PASS    v=1124   p=562    zw=0 zt=1 blend=1 cw=0xf | vs[proj][   ][    ] ps='' rank=0 | tex0=44F12650 inst=0
 1089 PASS    v=116    p=58     zw=0 zt=1 blend=1 cw=0xf | vs[proj][   ][    ] ps='' rank=0 | tex0=44F12F10 inst=0
 1090 CONVERT v=1000   p=500    zw=1 zt=1 blend=1 cw=0xf | vs[proj][   ][    ] ps='Diffuse_mapSampler' rank=100 | tex0=3F23C450 inst=0
 1091 CONVERT v=192    p=96     zw=1 zt=1 blend=1 cw=0xf | vs[proj][   ][    ] ps='Diffuse_mapSampler' rank=100 | tex0=3F23C450 inst=0
 1092 CONVERT v=1840   p=920    zw=1 zt=1 blend=1 cw=0xf | vs[proj][   ][    ] ps='Diffuse_mapSampler' rank=100 | tex0=3F23C450 inst=0
 1093 ? v=536    p=892    zw=1 zt=1 blend=1 cw=0xf | vs[proj][obj][skin] ps='Normal_MapSampler' rank=0 | tex0=16099380 inst=0
 1094 ? v=536    p=243    zw=1 zt=1 blend=1 cw=0xf | vs[proj][obj][skin] ps='Normal_MapSampler' rank=0 | tex0=16099000 inst=0
 1095 ? v=416    p=964    zw=1 zt=1 blend=1 cw=0xf | vs[proj][obj][skin] ps='Normal_MapSampler' rank=0 | tex0=4A3A84F8 inst=0
 1096 ? v=3      p=1      zw=1 zt=1 blend=1 cw=0xf | vs[proj][obj][skin] ps='Normal_MapSampler' rank=0 | tex0=14D91E60 inst=0
 1097 ? v=1080   p=499    zw=1 zt=1 blend=1 cw=0xf | vs[proj][obj][skin] ps='Normal_MapSampler' rank=0 | tex0=16099380 inst=0
 1098 ? v=1080   p=500    zw=1 zt=1 blend=1 cw=0xf | vs[proj][obj][skin] ps='Normal_MapSampler' rank=0 | tex0=16099000 inst=0
 1099 ? v=1080   p=501    zw=1 zt=1 blend=1 cw=0xf | vs[proj][obj][skin] ps='Normal_MapSampler' rank=0 | tex0=160998C0 inst=0
 1100 ? v=1080   p=499    zw=1 zt=1 blend=1 cw=0xf | vs[proj][obj][skin] ps='Normal_MapSampler' rank=0 | tex0=160998C0 inst=0
 1101 ? v=1080   p=499    zw=1 zt=1 blend=1 cw=0xf | vs[proj][obj][skin] ps='Normal_MapSampler' rank=0 | tex0=16099000 inst=0
 1102 ? v=1080   p=499    zw=1 zt=1 blend=1 cw=0xf | vs[proj][obj][skin] ps='Normal_MapSampler' rank=0 | tex0=16099380 inst=0
 1103 ? v=990    p=1905   zw=1 zt=1 blend=1 cw=0xf | vs[proj][obj][skin] ps='Normal_MapSampler' rank=0 | tex0=16099000 inst=0
 1104 ? v=990    p=472    zw=1 zt=1 blend=1 cw=0xf | vs[proj][obj][skin] ps='Normal_MapSampler' rank=0 | tex0=16099380 inst=0
 1105 ? v=130    p=313    zw=1 zt=1 blend=1 cw=0xf | vs[proj][obj][skin] ps='Normal_MapSampler' rank=0 | tex0=4A3A8258 inst=0
 1106 ? v=764    p=1694   zw=1 zt=1 blend=1 cw=0xf | vs[proj][obj][skin] ps='Normal_MapSampler' rank=0 | tex0=4A3A9758 inst=0
 1107 ? v=7977   p=739    zw=1 zt=1 blend=1 cw=0xf | vs[proj][obj][skin] ps='Normal_MapSampler' rank=0 | tex0=3B9E9570 inst=0
 1108 ? v=7977   p=3408   zw=1 zt=1 blend=1 cw=0xf | vs[proj][obj][skin] ps='Normal_MapSampler' rank=0 | tex0=3B9E9570 inst=0
 1109 ? v=7977   p=427    zw=1 zt=1 blend=1 cw=0xf | vs[proj][obj][skin] ps='Normal_MapSampler' rank=0 | tex0=3B9E9570 inst=0
 1110 ? v=7977   p=677    zw=1 zt=1 blend=1 cw=0xf | vs[proj][obj][skin] ps='Normal_MapSampler' rank=0 | tex0=3B9E9570 inst=0
 1111 ? v=7977   p=315    zw=1 zt=1 blend=1 cw=0xf | vs[proj][obj][skin] ps='Normal_MapSampler' rank=0 | tex0=3B9E9570 inst=0
 1112 ? v=7977   p=284    zw=1 zt=1 blend=1 cw=0xf | vs[proj][obj][skin] ps='Normal_MapSampler' rank=0 | tex0=3B9E9570 inst=0
 1113 ? v=7977   p=222    zw=1 zt=1 blend=1 cw=0xf | vs[proj][obj][skin] ps='Normal_MapSampler' rank=0 | tex0=3B9E9570 inst=0
 1114 ? v=7977   p=383    zw=1 zt=1 blend=1 cw=0xf | vs[proj][obj][skin] ps='Normal_MapSampler' rank=0 | tex0=3B9E9570 inst=0
 1115 ? v=7977   p=154    zw=1 zt=1 blend=1 cw=0xf | vs[proj][obj][skin] ps='Normal_MapSampler' rank=0 | tex0=3B9E9570 inst=0
 1116 ? v=7977   p=250    zw=1 zt=1 blend=1 cw=0xf | vs[proj][obj][skin] ps='Normal_MapSampler' rank=0 | tex0=3B9E9570 inst=0
 1117 ? v=7977   p=628    zw=1 zt=1 blend=1 cw=0xf | vs[proj][obj][skin] ps='Normal_MapSampler' rank=0 | tex0=3B9E9570 inst=0
 1118 ? v=7977   p=851    zw=1 zt=1 blend=1 cw=0xf | vs[proj][obj][skin] ps='Normal_MapSampler' rank=0 | tex0=3B9E9570 inst=0
 1119 ? v=7977   p=168    zw=1 zt=1 blend=1 cw=0xf | vs[proj][obj][skin] ps='Normal_MapSampler' rank=0 | tex0=3B9E9570 inst=0
 1120 ? v=7977   p=245    zw=1 zt=1 blend=1 cw=0xf | vs[proj][obj][skin] ps='Normal_MapSampler' rank=0 | tex0=3B9E9570 inst=0
 1121 ? v=7977   p=131    zw=1 zt=1 blend=1 cw=0xf | vs[proj][obj][skin] ps='Normal_MapSampler' rank=0 | tex0=3B9E9570 inst=0
 1122 ? v=7977   p=183    zw=1 zt=1 blend=1 cw=0xf | vs[proj][obj][skin] ps='Normal_MapSampler' rank=0 | tex0=3B9E9570 inst=0
 1123 ? v=7977   p=498    zw=1 zt=1 blend=1 cw=0xf | vs[proj][obj][skin] ps='Normal_MapSampler' rank=0 | tex0=3B9E9570 inst=0
 1124 ? v=7977   p=1457   zw=1 zt=1 blend=1 cw=0xf | vs[proj][obj][skin] ps='Normal_MapSampler' rank=0 | tex0=3B9E9570 inst=0
 1125 ? v=7977   p=250    zw=1 zt=1 blend=1 cw=0xf | vs[proj][obj][skin] ps='Normal_MapSampler' rank=0 | tex0=3B9E9570 inst=0
 1126 ? v=7977   p=143    zw=1 zt=1 blend=1 cw=0xf | vs[proj][obj][skin] ps='Normal_MapSampler' rank=0 | tex0=3B9E9570 inst=0
 1127 ? v=7977   p=175    zw=1 zt=1 blend=1 cw=0xf | vs[proj][obj][skin] ps='Normal_MapSampler' rank=0 | tex0=3B9E9570 inst=0
 1128 ? v=7977   p=570    zw=1 zt=1 blend=1 cw=0xf | vs[proj][obj][skin] ps='Normal_MapSampler' rank=0 | tex0=3B9E9570 inst=0
 1129 ? v=7977   p=1416   zw=1 zt=1 blend=1 cw=0xf | vs[proj][obj][skin] ps='Normal_MapSampler' rank=0 | tex0=3B9E9570 inst=0
 1130 ? v=7977   p=539    zw=1 zt=1 blend=1 cw=0xf | vs[proj][obj][skin] ps='Normal_MapSampler' rank=0 | tex0=3B9E9570 inst=0
 1131 ? v=7977   p=723    zw=1 zt=1 blend=1 cw=0xf | vs[proj][obj][skin] ps='Normal_MapSampler' rank=0 | tex0=3B9E9570 inst=0
 1132 ? v=7977   p=198    zw=1 zt=1 blend=1 cw=0xf | vs[proj][obj][skin] ps='Normal_MapSampler' rank=0 | tex0=3B9E9570 inst=0
 1133 ? v=7977   p=86     zw=1 zt=1 blend=1 cw=0xf | vs[proj][obj][skin] ps='Normal_MapSampler' rank=0 | tex0=3B9E9570 inst=0
 1134 ? v=7977   p=188    zw=1 zt=1 blend=1 cw=0xf | vs[proj][obj][skin] ps='Normal_MapSampler' rank=0 | tex0=3B9E9570 inst=0
 1135 ? v=7977   p=386    zw=1 zt=1 blend=1 cw=0xf | vs[proj][obj][skin] ps='Normal_MapSampler' rank=0 | tex0=3B9E9570 inst=0
 1136 ? v=7977   p=1318   zw=1 zt=1 blend=1 cw=0xf | vs[proj][obj][skin] ps='Normal_MapSampler' rank=0 | tex0=3B9E9570 inst=0
 1137 ? v=7977   p=170    zw=1 zt=1 blend=1 cw=0xf | vs[proj][obj][skin] ps='Normal_MapSampler' rank=0 | tex0=3B9E9570 inst=0
 1138 ? v=7977   p=84     zw=1 zt=1 blend=1 cw=0xf | vs[proj][obj][skin] ps='Normal_MapSampler' rank=0 | tex0=3B9E9570 inst=0
 1139 ? v=7977   p=195    zw=1 zt=1 blend=1 cw=0xf | vs[proj][obj][skin] ps='Normal_MapSampler' rank=0 | tex0=3B9E9570 inst=0
 1140 ? v=7977   p=647    zw=1 zt=1 blend=1 cw=0xf | vs[proj][obj][skin] ps='Normal_MapSampler' rank=0 | tex0=3B9E9570 inst=0
 1141 ? v=7977   p=740    zw=1 zt=1 blend=1 cw=0xf | vs[proj][obj][skin] ps='Normal_MapSampler' rank=0 | tex0=3B9E9570 inst=0
 1142 ? v=7977   p=309    zw=1 zt=1 blend=1 cw=0xf | vs[proj][obj][skin] ps='Diffuse_MapSampler' rank=100 | tex0=16098E40 inst=0
 1143 ? v=7977   p=2972   zw=1 zt=1 blend=1 cw=0xf | vs[proj][obj][skin] ps='Normal_MapSampler' rank=0 | tex0=3B9E9570 inst=0
 1144 ? v=1128   p=2886   zw=1 zt=1 blend=1 cw=0xf | vs[proj][obj][skin] ps='Normal_MapSampler' rank=0 | tex0=4A3A8A38 inst=0
 1145 PASS    v=8      p=12     zw=0 zt=1 blend=1 cw=0 | vs[proj][   ][    ] ps='' rank=0 | tex0=4A3A8A38 inst=0
 1146 PASS    v=8      p=12     zw=0 zt=1 blend=1 cw=0 | vs[proj][   ][    ] ps='' rank=0 | tex0=4A3A8A38 inst=0
 1147 PASS    v=8      p=12     zw=0 zt=1 blend=1 cw=0 | vs[proj][   ][    ] ps='' rank=0 | tex0=4A3A8A38 inst=0
 1148 PASS    v=8      p=12     zw=0 zt=1 blend=1 cw=0 | vs[proj][   ][    ] ps='' rank=0 | tex0=4A3A8A38 inst=0
 1149 PASS    v=8      p=12     zw=0 zt=1 blend=1 cw=0 | vs[proj][   ][    ] ps='' rank=0 | tex0=4A3A8A38 inst=0
 1150 PASS    v=8      p=12     zw=0 zt=1 blend=1 cw=0 | vs[proj][   ][    ] ps='' rank=0 | tex0=4A3A8A38 inst=0
 1151 PASS    v=8      p=12     zw=0 zt=1 blend=1 cw=0 | vs[proj][   ][    ] ps='' rank=0 | tex0=4A3A8A38 inst=0
 1152 PASS    v=8      p=12     zw=0 zt=1 blend=1 cw=0 | vs[proj][   ][    ] ps='' rank=0 | tex0=4A3A8A38 inst=0
 1153 PASS    v=8      p=12     zw=0 zt=1 blend=1 cw=0 | vs[proj][   ][    ] ps='' rank=0 | tex0=4A3A8A38 inst=0
 1154 PASS    v=8      p=12     zw=0 zt=1 blend=1 cw=0 | vs[proj][   ][    ] ps='' rank=0 | tex0=4A3A8A38 inst=0
 1155 PASS    v=8      p=12     zw=0 zt=1 blend=1 cw=0 | vs[proj][   ][    ] ps='' rank=0 | tex0=4A3A8A38 inst=0
 1156 PASS    v=8      p=12     zw=0 zt=1 blend=1 cw=0 | vs[proj][   ][    ] ps='' rank=0 | tex0=4A3A8A38 inst=0
 1157 PASS    v=8      p=12     zw=0 zt=1 blend=1 cw=0 | vs[proj][   ][    ] ps='' rank=0 | tex0=4A3A8A38 inst=0
 1158 PASS    v=8      p=12     zw=0 zt=1 blend=1 cw=0 | vs[proj][   ][    ] ps='' rank=0 | tex0=4A3A8A38 inst=0
 1159 PASS    v=8      p=12     zw=0 zt=1 blend=1 cw=0 | vs[proj][   ][    ] ps='' rank=0 | tex0=4A3A8A38 inst=0
 1160 PASS    v=8      p=12     zw=0 zt=1 blend=1 cw=0 | vs[proj][   ][    ] ps='' rank=0 | tex0=4A3A8A38 inst=0
 1161 PASS    v=8      p=12     zw=0 zt=1 blend=1 cw=0 | vs[proj][   ][    ] ps='' rank=0 | tex0=4A3A8A38 inst=0
 1162 PASS    v=8      p=12     zw=0 zt=1 blend=1 cw=0 | vs[proj][   ][    ] ps='' rank=0 | tex0=4A3A8A38 inst=0
 1163 PASS    v=8      p=12     zw=0 zt=1 blend=1 cw=0 | vs[proj][   ][    ] ps='' rank=0 | tex0=4A3A8A38 inst=0
 1164 PASS    v=8      p=12     zw=0 zt=1 blend=1 cw=0 | vs[proj][   ][    ] ps='' rank=0 | tex0=4A3A8A38 inst=0
 1165 PASS    v=8      p=12     zw=0 zt=1 blend=1 cw=0 | vs[proj][   ][    ] ps='' rank=0 | tex0=4A3A8A38 inst=0
 1166 PASS    v=8      p=12     zw=0 zt=1 blend=1 cw=0 | vs[proj][   ][    ] ps='' rank=0 | tex0=4A3A8A38 inst=0
 1167 PASS    v=8      p=12     zw=0 zt=1 blend=1 cw=0 | vs[proj][   ][    ] ps='' rank=0 | tex0=4A3A8A38 inst=0
 1168 PASS    v=8      p=12     zw=0 zt=1 blend=1 cw=0 | vs[proj][   ][    ] ps='' rank=0 | tex0=4A3A8A38 inst=0
 1169 PASS    v=8      p=12     zw=0 zt=1 blend=1 cw=0 | vs[proj][   ][    ] ps='' rank=0 | tex0=4A3A8A38 inst=0
 1170 PASS    v=8      p=12     zw=0 zt=1 blend=1 cw=0 | vs[proj][   ][    ] ps='' rank=0 | tex0=4A3A8A38 inst=0
 1171 PASS    v=8      p=12     zw=0 zt=1 blend=1 cw=0 | vs[proj][   ][    ] ps='' rank=0 | tex0=4A3A8A38 inst=0
 1172 PASS    v=8      p=12     zw=0 zt=1 blend=1 cw=0 | vs[proj][   ][    ] ps='' rank=0 | tex0=4A3A8A38 inst=0
 1173 PASS    v=8      p=12     zw=0 zt=1 blend=1 cw=0 | vs[proj][   ][    ] ps='' rank=0 | tex0=4A3A8A38 inst=0
 1174 PASS    v=8      p=12     zw=0 zt=1 blend=1 cw=0 | vs[proj][   ][    ] ps='' rank=0 | tex0=4A3A8A38 inst=0
 1175 PASS    v=8      p=12     zw=0 zt=1 blend=1 cw=0 | vs[proj][   ][    ] ps='' rank=0 | tex0=4A3A8A38 inst=0
 1176 PASS    v=8      p=12     zw=0 zt=1 blend=1 cw=0 | vs[proj][   ][    ] ps='' rank=0 | tex0=4A3A8A38 inst=0
 1177 PASS    v=8      p=12     zw=0 zt=1 blend=1 cw=0 | vs[proj][   ][    ] ps='' rank=0 | tex0=4A3A8A38 inst=0
 1178 PASS    v=8      p=12     zw=0 zt=1 blend=1 cw=0 | vs[proj][   ][    ] ps='' rank=0 | tex0=4A3A8A38 inst=0
 1179 PASS    v=8      p=12     zw=0 zt=1 blend=1 cw=0 | vs[proj][   ][    ] ps='' rank=0 | tex0=4A3A8A38 inst=0
 1180 PASS    v=8      p=12     zw=0 zt=1 blend=1 cw=0 | vs[proj][   ][    ] ps='' rank=0 | tex0=4A3A8A38 inst=0
 1181 PASS    v=8      p=12     zw=0 zt=1 blend=1 cw=0 | vs[proj][   ][    ] ps='' rank=0 | tex0=4A3A8A38 inst=0
 1182 PASS    v=8      p=12     zw=0 zt=1 blend=1 cw=0 | vs[proj][   ][    ] ps='' rank=0 | tex0=4A3A8A38 inst=0
 1183 PASS    v=8      p=12     zw=0 zt=1 blend=1 cw=0 | vs[proj][   ][    ] ps='' rank=0 | tex0=4A3A8A38 inst=0
 1184 PASS    v=8      p=12     zw=0 zt=1 blend=1 cw=0 | vs[proj][   ][    ] ps='' rank=0 | tex0=4A3A8A38 inst=0
 1185 PASS    v=8      p=12     zw=0 zt=1 blend=1 cw=0 | vs[proj][   ][    ] ps='' rank=0 | tex0=4A3A8A38 inst=0
 1186 PASS    v=8      p=12     zw=0 zt=1 blend=1 cw=0 | vs[proj][   ][    ] ps='' rank=0 | tex0=4A3A8A38 inst=0
 1187 PASS    v=8      p=12     zw=0 zt=1 blend=1 cw=0 | vs[proj][   ][    ] ps='' rank=0 | tex0=4A3A8A38 inst=0
 1188 PASS    v=8      p=12     zw=0 zt=1 blend=1 cw=0 | vs[proj][   ][    ] ps='' rank=0 | tex0=4A3A8A38 inst=0
 1189 PASS    v=8      p=12     zw=0 zt=1 blend=1 cw=0 | vs[proj][   ][    ] ps='' rank=0 | tex0=4A3A8A38 inst=0
 1190 PASS    v=8      p=12     zw=0 zt=1 blend=1 cw=0 | vs[proj][   ][    ] ps='' rank=0 | tex0=4A3A8A38 inst=0
 1191 PASS    v=8      p=12     zw=0 zt=1 blend=1 cw=0 | vs[proj][   ][    ] ps='' rank=0 | tex0=4A3A8A38 inst=0
 1192 PASS    v=8      p=12     zw=0 zt=1 blend=1 cw=0 | vs[proj][   ][    ] ps='' rank=0 | tex0=4A3A8A38 inst=0
 1193 PASS    v=8      p=12     zw=0 zt=1 blend=1 cw=0 | vs[proj][   ][    ] ps='' rank=0 | tex0=4A3A8A38 inst=0
 1194 PASS    v=8      p=12     zw=0 zt=1 blend=1 cw=0 | vs[proj][   ][    ] ps='' rank=0 | tex0=4A3A8A38 inst=0
 1195 PASS    v=8      p=12     zw=0 zt=1 blend=1 cw=0 | vs[proj][   ][    ] ps='' rank=0 | tex0=4A3A8A38 inst=0
 1196 PASS    v=8      p=12     zw=0 zt=1 blend=1 cw=0 | vs[proj][   ][    ] ps='' rank=0 | tex0=4A3A8A38 inst=0
 1197 PASS    v=8      p=12     zw=0 zt=1 blend=1 cw=0 | vs[proj][   ][    ] ps='' rank=0 | tex0=4A3A8A38 inst=0
 1198 PASS    v=8      p=12     zw=0 zt=1 blend=1 cw=0 | vs[proj][   ][    ] ps='' rank=0 | tex0=4A3A8A38 inst=0
 1199 PASS    v=8      p=12     zw=0 zt=1 blend=1 cw=0 | vs[proj][   ][    ] ps='' rank=0 | tex0=4A3A8A38 inst=0
 1200 PASS    v=8      p=12     zw=0 zt=1 blend=1 cw=0 | vs[proj][   ][    ] ps='' rank=0 | tex0=4A3A8A38 inst=0
 1201 PASS    v=8      p=12     zw=0 zt=1 blend=1 cw=0 | vs[proj][   ][    ] ps='' rank=0 | tex0=4A3A8A38 inst=0
 1202 PASS    v=8      p=12     zw=0 zt=1 blend=1 cw=0 | vs[proj][   ][    ] ps='' rank=0 | tex0=4A3A8A38 inst=0
 1203 PASS    v=8      p=12     zw=0 zt=1 blend=1 cw=0 | vs[proj][   ][    ] ps='' rank=0 | tex0=4A3A8A38 inst=0
 1204 PASS    v=8      p=12     zw=0 zt=1 blend=1 cw=0 | vs[proj][   ][    ] ps='' rank=0 | tex0=4A3A8A38 inst=0
 1205 PASS    v=8      p=12     zw=0 zt=1 blend=1 cw=0 | vs[proj][   ][    ] ps='' rank=0 | tex0=4A3A8A38 inst=0
 1206 PASS    v=8      p=12     zw=0 zt=1 blend=1 cw=0 | vs[proj][   ][    ] ps='' rank=0 | tex0=4A3A8A38 inst=0
 1207 PASS    v=8      p=12     zw=0 zt=1 blend=1 cw=0 | vs[proj][   ][    ] ps='' rank=0 | tex0=4A3A8A38 inst=0
 1208 PASS    v=8      p=12     zw=0 zt=1 blend=1 cw=0 | vs[proj][   ][    ] ps='' rank=0 | tex0=4A3A8A38 inst=0
 1209 PASS    v=8      p=12     zw=0 zt=1 blend=1 cw=0 | vs[proj][   ][    ] ps='' rank=0 | tex0=4A3A8A38 inst=0
 1210 PASS    v=8      p=12     zw=0 zt=1 blend=1 cw=0 | vs[proj][   ][    ] ps='' rank=0 | tex0=4A3A8A38 inst=0
 1211 PASS    v=8      p=12     zw=0 zt=1 blend=1 cw=0 | vs[proj][   ][    ] ps='' rank=0 | tex0=4A3A8A38 inst=0
 1212 PASS    v=8      p=12     zw=0 zt=1 blend=1 cw=0 | vs[proj][   ][    ] ps='' rank=0 | tex0=4A3A8A38 inst=0
 1213 PASS    v=8      p=12     zw=0 zt=1 blend=1 cw=0 | vs[proj][   ][    ] ps='' rank=0 | tex0=4A3A8A38 inst=0
 1214 PASS    v=8      p=12     zw=0 zt=1 blend=1 cw=0 | vs[proj][   ][    ] ps='' rank=0 | tex0=4A3A8A38 inst=0
 1215 PASS    v=8      p=12     zw=0 zt=1 blend=1 cw=0 | vs[proj][   ][    ] ps='' rank=0 | tex0=4A3A8A38 inst=0
 1216 PASS    v=8      p=12     zw=0 zt=1 blend=1 cw=0 | vs[proj][   ][    ] ps='' rank=0 | tex0=4A3A8A38 inst=0
 1217 PASS    v=8      p=12     zw=0 zt=1 blend=1 cw=0 | vs[proj][   ][    ] ps='' rank=0 | tex0=4A3A8A38 inst=0
 1218 PASS    v=8      p=12     zw=0 zt=1 blend=1 cw=0 | vs[proj][   ][    ] ps='' rank=0 | tex0=4A3A8A38 inst=0
 1219 PASS    v=8      p=12     zw=0 zt=1 blend=1 cw=0 | vs[proj][   ][    ] ps='' rank=0 | tex0=4A3A8A38 inst=0
 1220 PASS    v=8      p=12     zw=0 zt=1 blend=1 cw=0 | vs[proj][   ][    ] ps='' rank=0 | tex0=4A3A8A38 inst=0
 1221 PASS    v=8      p=12     zw=0 zt=1 blend=1 cw=0 | vs[proj][   ][    ] ps='' rank=0 | tex0=4A3A8A38 inst=0
 1222 PASS    v=8      p=12     zw=0 zt=1 blend=1 cw=0 | vs[proj][   ][    ] ps='' rank=0 | tex0=4A3A8A38 inst=0
 1223 PASS    v=8      p=12     zw=0 zt=1 blend=1 cw=0 | vs[proj][   ][    ] ps='' rank=0 | tex0=4A3A8A38 inst=0
 1224 PASS    v=8      p=12     zw=0 zt=1 blend=1 cw=0 | vs[proj][   ][    ] ps='' rank=0 | tex0=4A3A8A38 inst=0
 1225 PASS    v=8      p=12     zw=0 zt=1 blend=1 cw=0 | vs[proj][   ][    ] ps='' rank=0 | tex0=4A3A8A38 inst=0
 1226 PASS    v=8      p=12     zw=0 zt=1 blend=1 cw=0 | vs[proj][   ][    ] ps='' rank=0 | tex0=4A3A8A38 inst=0
 1227 PASS    v=8      p=12     zw=0 zt=1 blend=1 cw=0 | vs[proj][   ][    ] ps='' rank=0 | tex0=4A3A8A38 inst=0
 1228 PASS    v=8      p=12     zw=0 zt=1 blend=1 cw=0 | vs[proj][   ][    ] ps='' rank=0 | tex0=4A3A8A38 inst=0
 1229 PASS    v=8      p=12     zw=0 zt=1 blend=1 cw=0 | vs[proj][   ][    ] ps='' rank=0 | tex0=4A3A8A38 inst=0
 1230 PASS    v=8      p=12     zw=0 zt=1 blend=1 cw=0 | vs[proj][   ][    ] ps='' rank=0 | tex0=4A3A8A38 inst=0
 1231 PASS    v=8      p=12     zw=0 zt=1 blend=1 cw=0 | vs[proj][   ][    ] ps='' rank=0 | tex0=4A3A8A38 inst=0
 1232 PASS    v=8      p=12     zw=0 zt=1 blend=1 cw=0 | vs[proj][   ][    ] ps='' rank=0 | tex0=4A3A8A38 inst=0
 1233 PASS    v=8      p=12     zw=0 zt=1 blend=1 cw=0 | vs[proj][   ][    ] ps='' rank=0 | tex0=4A3A8A38 inst=0
 1234 PASS    v=8      p=12     zw=0 zt=1 blend=1 cw=0 | vs[proj][   ][    ] ps='' rank=0 | tex0=4A3A8A38 inst=0
 1235 PASS    v=8      p=12     zw=0 zt=1 blend=1 cw=0 | vs[proj][   ][    ] ps='' rank=0 | tex0=4A3A8A38 inst=0
 1236 PASS    v=8      p=12     zw=0 zt=1 blend=1 cw=0 | vs[proj][   ][    ] ps='' rank=0 | tex0=4A3A8A38 inst=0
 1237 PASS    v=8      p=12     zw=0 zt=1 blend=1 cw=0 | vs[proj][   ][    ] ps='' rank=0 | tex0=4A3A8A38 inst=0
 1238 PASS    v=8      p=12     zw=0 zt=1 blend=1 cw=0 | vs[proj][   ][    ] ps='' rank=0 | tex0=4A3A8A38 inst=0
 1239 PASS    v=8      p=12     zw=0 zt=1 blend=1 cw=0 | vs[proj][   ][    ] ps='' rank=0 | tex0=4A3A8A38 inst=0
 1240 PASS    v=8      p=12     zw=0 zt=1 blend=1 cw=0 | vs[proj][   ][    ] ps='' rank=0 | tex0=4A3A8A38 inst=0
 1241 PASS    v=8      p=12     zw=0 zt=1 blend=1 cw=0 | vs[proj][   ][    ] ps='' rank=0 | tex0=4A3A8A38 inst=0
 1242 PASS    v=8      p=12     zw=0 zt=1 blend=1 cw=0 | vs[proj][   ][    ] ps='' rank=0 | tex0=4A3A8A38 inst=0
 1243 PASS    v=8      p=12     zw=0 zt=1 blend=1 cw=0 | vs[proj][   ][    ] ps='' rank=0 | tex0=4A3A8A38 inst=0
 1244 PASS    v=8      p=12     zw=0 zt=1 blend=1 cw=0 | vs[proj][   ][    ] ps='' rank=0 | tex0=4A3A8A38 inst=0
 1245 PASS    v=8      p=12     zw=0 zt=1 blend=1 cw=0 | vs[proj][   ][    ] ps='' rank=0 | tex0=4A3A8A38 inst=0
 1246 PASS    v=8      p=12     zw=0 zt=1 blend=1 cw=0 | vs[proj][   ][    ] ps='' rank=0 | tex0=4A3A8A38 inst=0
 1247 PASS    v=8      p=12     zw=0 zt=1 blend=1 cw=0 | vs[proj][   ][    ] ps='' rank=0 | tex0=4A3A8A38 inst=0
 1248 PASS    v=8      p=12     zw=0 zt=1 blend=1 cw=0 | vs[proj][   ][    ] ps='' rank=0 | tex0=4A3A8A38 inst=0
 1249 PASS    v=8      p=12     zw=0 zt=1 blend=1 cw=0 | vs[proj][   ][    ] ps='' rank=0 | tex0=4A3A8A38 inst=0
 1250 PASS    v=8      p=12     zw=0 zt=1 blend=1 cw=0 | vs[proj][   ][    ] ps='' rank=0 | tex0=4A3A8A38 inst=0
 1251 PASS    v=8      p=12     zw=0 zt=1 blend=1 cw=0 | vs[proj][   ][    ] ps='' rank=0 | tex0=4A3A8A38 inst=0
 1252 PASS    v=8      p=12     zw=0 zt=1 blend=1 cw=0 | vs[proj][   ][    ] ps='' rank=0 | tex0=4A3A8A38 inst=0
 1253 PASS    v=8      p=12     zw=0 zt=1 blend=1 cw=0 | vs[proj][   ][    ] ps='' rank=0 | tex0=4A3A8A38 inst=0
 1254 PASS    v=8      p=12     zw=0 zt=1 blend=1 cw=0 | vs[proj][   ][    ] ps='' rank=0 | tex0=4A3A8A38 inst=0
 1255 PASS    v=8      p=12     zw=0 zt=1 blend=1 cw=0 | vs[proj][   ][    ] ps='' rank=0 | tex0=4A3A8A38 inst=0
 1256 PASS    v=8      p=12     zw=0 zt=1 blend=1 cw=0 | vs[proj][   ][    ] ps='' rank=0 | tex0=4A3A8A38 inst=0
 1257 PASS    v=8      p=12     zw=0 zt=1 blend=1 cw=0 | vs[proj][   ][    ] ps='' rank=0 | tex0=4A3A8A38 inst=0
 1258 PASS    v=8      p=12     zw=0 zt=1 blend=1 cw=0 | vs[proj][   ][    ] ps='' rank=0 | tex0=4A3A8A38 inst=0
 1259 PASS    v=8      p=12     zw=0 zt=1 blend=1 cw=0 | vs[proj][   ][    ] ps='' rank=0 | tex0=4A3A8A38 inst=0
 1260 PASS    v=8      p=12     zw=0 zt=1 blend=1 cw=0 | vs[proj][   ][    ] ps='' rank=0 | tex0=4A3A8A38 inst=0
 1261 PASS    v=8      p=12     zw=0 zt=1 blend=1 cw=0 | vs[proj][   ][    ] ps='' rank=0 | tex0=4A3A8A38 inst=0
 1262 PASS    v=8      p=12     zw=0 zt=1 blend=1 cw=0 | vs[proj][   ][    ] ps='' rank=0 | tex0=4A3A8A38 inst=0
 1263 PASS    v=8      p=12     zw=0 zt=1 blend=1 cw=0 | vs[proj][   ][    ] ps='' rank=0 | tex0=4A3A8A38 inst=0
 1264 PASS    v=8      p=12     zw=0 zt=1 blend=1 cw=0 | vs[proj][   ][    ] ps='' rank=0 | tex0=4A3A8A38 inst=0
 1265 PASS    v=8      p=12     zw=0 zt=1 blend=1 cw=0 | vs[proj][   ][    ] ps='' rank=0 | tex0=4A3A8A38 inst=0
 1266 PASS    v=8      p=12     zw=0 zt=1 blend=1 cw=0 | vs[proj][   ][    ] ps='' rank=0 | tex0=4A3A8A38 inst=0
 1267 PASS    v=8      p=12     zw=0 zt=1 blend=1 cw=0 | vs[proj][   ][    ] ps='' rank=0 | tex0=4A3A8A38 inst=0
 1268 PASS    v=8      p=12     zw=0 zt=1 blend=1 cw=0 | vs[proj][   ][    ] ps='' rank=0 | tex0=4A3A8A38 inst=0
 1269 PASS    v=8      p=12     zw=0 zt=1 blend=1 cw=0 | vs[proj][   ][    ] ps='' rank=0 | tex0=4A3A8A38 inst=0
 1270 PASS    v=8      p=12     zw=0 zt=1 blend=1 cw=0 | vs[proj][   ][    ] ps='' rank=0 | tex0=4A3A8A38 inst=0
 1271 PASS    v=8      p=12     zw=0 zt=1 blend=1 cw=0 | vs[proj][   ][    ] ps='' rank=0 | tex0=4A3A8A38 inst=0
 1272 PASS    v=8      p=12     zw=0 zt=1 blend=1 cw=0 | vs[proj][   ][    ] ps='' rank=0 | tex0=4A3A8A38 inst=0
 1273 PASS    v=8      p=12     zw=0 zt=1 blend=1 cw=0 | vs[proj][   ][    ] ps='' rank=0 | tex0=4A3A8A38 inst=0
 1274 PASS    v=8      p=12     zw=0 zt=1 blend=1 cw=0 | vs[proj][   ][    ] ps='' rank=0 | tex0=4A3A8A38 inst=0
 1275 PASS    v=8      p=12     zw=0 zt=1 blend=1 cw=0 | vs[proj][   ][    ] ps='' rank=0 | tex0=4A3A8A38 inst=0
 1276 PASS    v=8      p=12     zw=0 zt=1 blend=1 cw=0 | vs[proj][   ][    ] ps='' rank=0 | tex0=4A3A8A38 inst=0
 1277 PASS    v=8      p=12     zw=0 zt=1 blend=1 cw=0 | vs[proj][   ][    ] ps='' rank=0 | tex0=4A3A8A38 inst=0
 1278 PASS    v=8      p=12     zw=0 zt=1 blend=1 cw=0 | vs[proj][   ][    ] ps='' rank=0 | tex0=4A3A8A38 inst=0
 1279 PASS    v=8      p=12     zw=0 zt=1 blend=1 cw=0 | vs[proj][   ][    ] ps='' rank=0 | tex0=4A3A8A38 inst=0
 1280 PASS    v=8      p=12     zw=0 zt=1 blend=1 cw=0 | vs[proj][   ][    ] ps='' rank=0 | tex0=4A3A8A38 inst=0
 1281 PASS    v=8      p=12     zw=0 zt=1 blend=1 cw=0 | vs[proj][   ][    ] ps='' rank=0 | tex0=4A3A8A38 inst=0
 1282 PASS    v=8      p=12     zw=0 zt=1 blend=1 cw=0 | vs[proj][   ][    ] ps='' rank=0 | tex0=4A3A8A38 inst=0
 1283 PASS    v=8      p=12     zw=0 zt=1 blend=1 cw=0 | vs[proj][   ][    ] ps='' rank=0 | tex0=4A3A8A38 inst=0
 1284 PASS    v=8      p=12     zw=0 zt=1 blend=1 cw=0 | vs[proj][   ][    ] ps='' rank=0 | tex0=4A3A8A38 inst=0
 1285 PASS    v=8      p=12     zw=0 zt=1 blend=1 cw=0 | vs[proj][   ][    ] ps='' rank=0 | tex0=4A3A8A38 inst=0
 1286 PASS    v=8      p=12     zw=0 zt=1 blend=1 cw=0 | vs[proj][   ][    ] ps='' rank=0 | tex0=4A3A8A38 inst=0
 1287 PASS    v=8      p=12     zw=0 zt=1 blend=1 cw=0 | vs[proj][   ][    ] ps='' rank=0 | tex0=4A3A8A38 inst=0
 1288 PASS    v=8      p=12     zw=0 zt=1 blend=1 cw=0 | vs[proj][   ][    ] ps='' rank=0 | tex0=4A3A8A38 inst=0
 1289 PASS    v=8      p=12     zw=0 zt=1 blend=1 cw=0 | vs[proj][   ][    ] ps='' rank=0 | tex0=4A3A8A38 inst=0
 1290 PASS    v=8      p=12     zw=0 zt=1 blend=1 cw=0 | vs[proj][   ][    ] ps='' rank=0 | tex0=4A3A8A38 inst=0
 1291 PASS    v=8      p=12     zw=0 zt=1 blend=1 cw=0 | vs[proj][   ][    ] ps='' rank=0 | tex0=4A3A8A38 inst=0
 1292 PASS    v=8      p=12     zw=0 zt=1 blend=1 cw=0 | vs[proj][   ][    ] ps='' rank=0 | tex0=4A3A8A38 inst=0
 1293 PASS    v=8      p=12     zw=0 zt=1 blend=1 cw=0 | vs[proj][   ][    ] ps='' rank=0 | tex0=4A3A8A38 inst=0
 1294 PASS    v=8      p=12     zw=0 zt=1 blend=1 cw=0 | vs[proj][   ][    ] ps='' rank=0 | tex0=4A3A8A38 inst=0
 1295 PASS    v=8      p=12     zw=0 zt=1 blend=1 cw=0 | vs[proj][   ][    ] ps='' rank=0 | tex0=4A3A8A38 inst=0
 1296 PASS    v=8      p=12     zw=0 zt=1 blend=1 cw=0 | vs[proj][   ][    ] ps='' rank=0 | tex0=4A3A8A38 inst=0
 1297 PASS    v=8      p=12     zw=0 zt=1 blend=1 cw=0 | vs[proj][   ][    ] ps='' rank=0 | tex0=4A3A8A38 inst=0
 1298 PASS    v=8      p=12     zw=0 zt=1 blend=1 cw=0 | vs[proj][   ][    ] ps='' rank=0 | tex0=4A3A8A38 inst=0
 1299 PASS    v=8      p=12     zw=0 zt=1 blend=1 cw=0 | vs[proj][   ][    ] ps='' rank=0 | tex0=4A3A8A38 inst=0
 1300 PASS    v=8      p=12     zw=0 zt=1 blend=1 cw=0 | vs[proj][   ][    ] ps='' rank=0 | tex0=4A3A8A38 inst=0
 1301 PASS    v=8      p=12     zw=0 zt=1 blend=1 cw=0 | vs[proj][   ][    ] ps='' rank=0 | tex0=4A3A8A38 inst=0
 1302 PASS    v=8      p=12     zw=0 zt=1 blend=1 cw=0 | vs[proj][   ][    ] ps='' rank=0 | tex0=4A3A8A38 inst=0
 1303 PASS    v=8      p=12     zw=0 zt=1 blend=1 cw=0 | vs[proj][   ][    ] ps='' rank=0 | tex0=4A3A8A38 inst=0
 1304 PASS    v=8      p=12     zw=0 zt=1 blend=1 cw=0 | vs[proj][   ][    ] ps='' rank=0 | tex0=4A3A8A38 inst=0
 1305 PASS    v=8      p=12     zw=0 zt=1 blend=1 cw=0 | vs[proj][   ][    ] ps='' rank=0 | tex0=4A3A8A38 inst=0
 1306 PASS    v=8      p=12     zw=0 zt=1 blend=1 cw=0 | vs[proj][   ][    ] ps='' rank=0 | tex0=4A3A8A38 inst=0
 1307 PASS    v=8      p=12     zw=0 zt=1 blend=1 cw=0 | vs[proj][   ][    ] ps='' rank=0 | tex0=4A3A8A38 inst=0
 1308 PASS    v=8      p=12     zw=0 zt=1 blend=1 cw=0 | vs[proj][   ][    ] ps='' rank=0 | tex0=4A3A8A38 inst=0
 1309 PASS    v=8      p=12     zw=0 zt=1 blend=1 cw=0 | vs[proj][   ][    ] ps='' rank=0 | tex0=4A3A8A38 inst=0
 1310 PASS    v=8      p=12     zw=0 zt=1 blend=1 cw=0 | vs[proj][   ][    ] ps='' rank=0 | tex0=4A3A8A38 inst=0
 1311 PASS    v=8      p=12     zw=0 zt=1 blend=1 cw=0 | vs[proj][   ][    ] ps='' rank=0 | tex0=4A3A8A38 inst=0
 1312 PASS    v=8      p=12     zw=0 zt=1 blend=1 cw=0 | vs[proj][   ][    ] ps='' rank=0 | tex0=4A3A8A38 inst=0
 1313 PASS    v=8      p=12     zw=0 zt=1 blend=1 cw=0 | vs[proj][   ][    ] ps='' rank=0 | tex0=4A3A8A38 inst=0
 1314 PASS    v=8      p=12     zw=0 zt=1 blend=1 cw=0 | vs[proj][   ][    ] ps='' rank=0 | tex0=4A3A8A38 inst=0
 1315 PASS    v=8      p=12     zw=0 zt=1 blend=1 cw=0 | vs[proj][   ][    ] ps='' rank=0 | tex0=4A3A8A38 inst=0
 1316 PASS    v=8      p=12     zw=0 zt=1 blend=1 cw=0 | vs[proj][   ][    ] ps='' rank=0 | tex0=4A3A8A38 inst=0
 1317 PASS    v=8      p=12     zw=0 zt=1 blend=1 cw=0 | vs[proj][   ][    ] ps='' rank=0 | tex0=4A3A8A38 inst=0
 1318 PASS    v=8      p=12     zw=0 zt=1 blend=1 cw=0 | vs[proj][   ][    ] ps='' rank=0 | tex0=4A3A8A38 inst=0
 1319 PASS    v=8      p=12     zw=0 zt=1 blend=1 cw=0 | vs[proj][   ][    ] ps='' rank=0 | tex0=4A3A8A38 inst=0
 1320 PASS    v=8      p=12     zw=0 zt=1 blend=1 cw=0 | vs[proj][   ][    ] ps='' rank=0 | tex0=4A3A8A38 inst=0
 1321 PASS    v=8      p=12     zw=0 zt=1 blend=1 cw=0 | vs[proj][   ][    ] ps='' rank=0 | tex0=4A3A8A38 inst=0
 1322 PASS    v=8      p=12     zw=0 zt=1 blend=1 cw=0 | vs[proj][   ][    ] ps='' rank=0 | tex0=4A3A8A38 inst=0
 1323 PASS    v=8      p=12     zw=0 zt=1 blend=1 cw=0 | vs[proj][   ][    ] ps='' rank=0 | tex0=4A3A8A38 inst=0
 1324 PASS    v=8      p=12     zw=0 zt=1 blend=1 cw=0 | vs[proj][   ][    ] ps='' rank=0 | tex0=4A3A8A38 inst=0
 1325 PASS    v=8      p=12     zw=0 zt=1 blend=1 cw=0 | vs[proj][   ][    ] ps='' rank=0 | tex0=4A3A8A38 inst=0
 1326 PASS    v=8      p=12     zw=0 zt=1 blend=1 cw=0 | vs[proj][   ][    ] ps='' rank=0 | tex0=4A3A8A38 inst=0
 1327 PASS    v=8      p=12     zw=0 zt=1 blend=1 cw=0 | vs[proj][   ][    ] ps='' rank=0 | tex0=4A3A8A38 inst=0
 1328 PASS    v=8      p=12     zw=0 zt=1 blend=1 cw=0 | vs[proj][   ][    ] ps='' rank=0 | tex0=4A3A8A38 inst=0
 1329 PASS    v=8      p=12     zw=0 zt=1 blend=1 cw=0 | vs[proj][   ][    ] ps='' rank=0 | tex0=4A3A8A38 inst=0
 1330 PASS    v=8      p=12     zw=0 zt=1 blend=1 cw=0 | vs[proj][   ][    ] ps='' rank=0 | tex0=4A3A8A38 inst=0
 1331 PASS    v=8      p=12     zw=0 zt=1 blend=1 cw=0 | vs[proj][   ][    ] ps='' rank=0 | tex0=4A3A8A38 inst=0
 1332 PASS    v=8      p=12     zw=0 zt=1 blend=1 cw=0 | vs[proj][   ][    ] ps='' rank=0 | tex0=4A3A8A38 inst=0
 1333 PASS    v=8      p=12     zw=0 zt=1 blend=1 cw=0 | vs[proj][   ][    ] ps='' rank=0 | tex0=4A3A8A38 inst=0
 1334 PASS    v=8      p=12     zw=0 zt=1 blend=1 cw=0 | vs[proj][   ][    ] ps='' rank=0 | tex0=4A3A8A38 inst=0
 1335 PASS    v=8      p=12     zw=0 zt=1 blend=1 cw=0 | vs[proj][   ][    ] ps='' rank=0 | tex0=4A3A8A38 inst=0
 1336 PASS    v=8      p=12     zw=0 zt=1 blend=1 cw=0 | vs[proj][   ][    ] ps='' rank=0 | tex0=4A3A8A38 inst=0
 1337 PASS    v=8      p=12     zw=0 zt=1 blend=1 cw=0 | vs[proj][   ][    ] ps='' rank=0 | tex0=4A3A8A38 inst=0
 1338 PASS    v=8      p=12     zw=0 zt=1 blend=1 cw=0 | vs[proj][   ][    ] ps='' rank=0 | tex0=4A3A8A38 inst=0
 1339 PASS    v=8      p=12     zw=0 zt=1 blend=1 cw=0 | vs[proj][   ][    ] ps='' rank=0 | tex0=4A3A8A38 inst=0
 1340 PASS    v=8      p=12     zw=0 zt=1 blend=1 cw=0 | vs[proj][   ][    ] ps='' rank=0 | tex0=4A3A8A38 inst=0
 1341 PASS    v=8      p=12     zw=0 zt=1 blend=1 cw=0 | vs[proj][   ][    ] ps='' rank=0 | tex0=4A3A8A38 inst=0
 1342 PASS    v=8      p=12     zw=0 zt=1 blend=1 cw=0 | vs[proj][   ][    ] ps='' rank=0 | tex0=4A3A8A38 inst=0
 1343 PASS    v=8      p=12     zw=0 zt=1 blend=1 cw=0 | vs[proj][   ][    ] ps='' rank=0 | tex0=4A3A8A38 inst=0
 1344 PASS    v=8      p=12     zw=0 zt=1 blend=1 cw=0 | vs[proj][   ][    ] ps='' rank=0 | tex0=4A3A8A38 inst=0
 1345 PASS    v=8      p=12     zw=0 zt=1 blend=1 cw=0 | vs[proj][   ][    ] ps='' rank=0 | tex0=4A3A8A38 inst=0
 1346 PASS    v=8      p=12     zw=0 zt=1 blend=1 cw=0 | vs[proj][   ][    ] ps='' rank=0 | tex0=4A3A8A38 inst=0
 1347 PASS    v=8      p=12     zw=0 zt=1 blend=1 cw=0 | vs[proj][   ][    ] ps='' rank=0 | tex0=4A3A8A38 inst=0
 1348 PASS    v=8      p=12     zw=0 zt=1 blend=1 cw=0 | vs[proj][   ][    ] ps='' rank=0 | tex0=4A3A8A38 inst=0
 1349 PASS    v=8      p=12     zw=0 zt=1 blend=1 cw=0 | vs[proj][   ][    ] ps='' rank=0 | tex0=4A3A8A38 inst=0
 1350 PASS    v=8      p=12     zw=0 zt=1 blend=1 cw=0 | vs[proj][   ][    ] ps='' rank=0 | tex0=4A3A8A38 inst=0
 1351 PASS    v=8      p=12     zw=0 zt=1 blend=1 cw=0 | vs[proj][   ][    ] ps='' rank=0 | tex0=4A3A8A38 inst=0
 1352 PASS    v=8      p=12     zw=0 zt=1 blend=1 cw=0 | vs[proj][   ][    ] ps='' rank=0 | tex0=4A3A8A38 inst=0
 1353 PASS    v=8      p=12     zw=0 zt=1 blend=1 cw=0 | vs[proj][   ][    ] ps='' rank=0 | tex0=4A3A8A38 inst=0
 1354 PASS    v=8      p=12     zw=0 zt=1 blend=1 cw=0 | vs[proj][   ][    ] ps='' rank=0 | tex0=4A3A8A38 inst=0
 1355 PASS    v=8      p=12     zw=0 zt=1 blend=1 cw=0 | vs[proj][   ][    ] ps='' rank=0 | tex0=4A3A8A38 inst=0
 1356 PASS    v=8      p=12     zw=0 zt=1 blend=1 cw=0 | vs[proj][   ][    ] ps='' rank=0 | tex0=4A3A8A38 inst=0
 1357 PASS    v=8      p=12     zw=0 zt=1 blend=1 cw=0 | vs[proj][   ][    ] ps='' rank=0 | tex0=4A3A8A38 inst=0
 1358 PASS    v=8      p=12     zw=0 zt=1 blend=1 cw=0 | vs[proj][   ][    ] ps='' rank=0 | tex0=4A3A8A38 inst=0
 1359 PASS    v=8      p=12     zw=0 zt=1 blend=1 cw=0 | vs[proj][   ][    ] ps='' rank=0 | tex0=4A3A8A38 inst=0
 1360 PASS    v=8      p=12     zw=0 zt=1 blend=1 cw=0 | vs[proj][   ][    ] ps='' rank=0 | tex0=4A3A8A38 inst=0
 1361 PASS    v=8      p=12     zw=0 zt=1 blend=1 cw=0 | vs[proj][   ][    ] ps='' rank=0 | tex0=4A3A8A38 inst=0
 1362 PASS    v=8      p=12     zw=0 zt=1 blend=1 cw=0 | vs[proj][   ][    ] ps='' rank=0 | tex0=4A3A8A38 inst=0
 1363 PASS    v=8      p=12     zw=0 zt=1 blend=1 cw=0 | vs[proj][   ][    ] ps='' rank=0 | tex0=4A3A8A38 inst=0
 1364 PASS    v=8      p=12     zw=0 zt=1 blend=1 cw=0 | vs[proj][   ][    ] ps='' rank=0 | tex0=4A3A8A38 inst=0
 1365 PASS    v=8      p=12     zw=0 zt=1 blend=1 cw=0 | vs[proj][   ][    ] ps='' rank=0 | tex0=4A3A8A38 inst=0
 1366 PASS    v=8      p=12     zw=0 zt=1 blend=1 cw=0 | vs[proj][   ][    ] ps='' rank=0 | tex0=4A3A8A38 inst=0
 1367 PASS    v=8      p=12     zw=0 zt=1 blend=1 cw=0 | vs[proj][   ][    ] ps='' rank=0 | tex0=4A3A8A38 inst=0
 1368 PASS    v=8      p=12     zw=0 zt=1 blend=1 cw=0 | vs[proj][   ][    ] ps='' rank=0 | tex0=4A3A8A38 inst=0
 1369 PASS    v=8      p=12     zw=0 zt=1 blend=1 cw=0 | vs[proj][   ][    ] ps='' rank=0 | tex0=4A3A8A38 inst=0
 1370 PASS    v=8      p=12     zw=0 zt=1 blend=1 cw=0 | vs[proj][   ][    ] ps='' rank=0 | tex0=4A3A8A38 inst=0
 1371 PASS    v=8      p=12     zw=0 zt=1 blend=1 cw=0 | vs[proj][   ][    ] ps='' rank=0 | tex0=4A3A8A38 inst=0
 1372 PASS    v=8      p=12     zw=0 zt=1 blend=1 cw=0 | vs[proj][   ][    ] ps='' rank=0 | tex0=4A3A8A38 inst=0
 1373 PASS    v=8      p=12     zw=0 zt=1 blend=1 cw=0 | vs[proj][   ][    ] ps='' rank=0 | tex0=4A3A8A38 inst=0
 1374 PASS    v=8      p=12     zw=0 zt=1 blend=1 cw=0 | vs[proj][   ][    ] ps='' rank=0 | tex0=4A3A8A38 inst=0
 1375 PASS    v=8      p=12     zw=0 zt=1 blend=1 cw=0 | vs[proj][   ][    ] ps='' rank=0 | tex0=4A3A8A38 inst=0
 1376 PASS    v=8      p=12     zw=0 zt=1 blend=1 cw=0 | vs[proj][   ][    ] ps='' rank=0 | tex0=4A3A8A38 inst=0
 1377 PASS    v=8      p=12     zw=0 zt=1 blend=1 cw=0 | vs[proj][   ][    ] ps='' rank=0 | tex0=4A3A8A38 inst=0
 1378 PASS    v=8      p=12     zw=0 zt=1 blend=1 cw=0 | vs[proj][   ][    ] ps='' rank=0 | tex0=4A3A8A38 inst=0
 1379 PASS    v=8      p=12     zw=0 zt=1 blend=1 cw=0 | vs[proj][   ][    ] ps='' rank=0 | tex0=4A3A8A38 inst=0
 1380 PASS    v=8      p=12     zw=0 zt=1 blend=1 cw=0 | vs[proj][   ][    ] ps='' rank=0 | tex0=4A3A8A38 inst=0
 1381 PASS    v=8      p=12     zw=0 zt=1 blend=1 cw=0 | vs[proj][   ][    ] ps='' rank=0 | tex0=4A3A8A38 inst=0
 1382 PASS    v=8      p=12     zw=0 zt=1 blend=1 cw=0 | vs[proj][   ][    ] ps='' rank=0 | tex0=4A3A8A38 inst=0
 1383 PASS    v=8      p=12     zw=0 zt=1 blend=1 cw=0 | vs[proj][   ][    ] ps='' rank=0 | tex0=4A3A8A38 inst=0
 1384 PASS    v=8      p=12     zw=0 zt=1 blend=1 cw=0 | vs[proj][   ][    ] ps='' rank=0 | tex0=4A3A8A38 inst=0
 1385 PASS    v=8      p=12     zw=0 zt=1 blend=1 cw=0 | vs[proj][   ][    ] ps='' rank=0 | tex0=4A3A8A38 inst=0
 1386 PASS    v=8      p=12     zw=0 zt=1 blend=1 cw=0 | vs[proj][   ][    ] ps='' rank=0 | tex0=4A3A8A38 inst=0
 1387 PASS    v=8      p=12     zw=0 zt=1 blend=1 cw=0 | vs[proj][   ][    ] ps='' rank=0 | tex0=4A3A8A38 inst=0
 1388 PASS    v=8      p=12     zw=0 zt=1 blend=1 cw=0 | vs[proj][   ][    ] ps='' rank=0 | tex0=4A3A8A38 inst=0
 1389 PASS    v=8      p=12     zw=0 zt=1 blend=1 cw=0 | vs[proj][   ][    ] ps='' rank=0 | tex0=4A3A8A38 inst=0
 1390 PASS    v=8      p=12     zw=0 zt=1 blend=1 cw=0 | vs[proj][   ][    ] ps='' rank=0 | tex0=4A3A8A38 inst=0
 1391 PASS    v=8      p=12     zw=0 zt=1 blend=1 cw=0 | vs[proj][   ][    ] ps='' rank=0 | tex0=4A3A8A38 inst=0
 1392 PASS    v=8      p=12     zw=0 zt=1 blend=1 cw=0 | vs[proj][   ][    ] ps='' rank=0 | tex0=4A3A8A38 inst=0
 1393 PASS    v=8      p=12     zw=0 zt=1 blend=1 cw=0 | vs[proj][   ][    ] ps='' rank=0 | tex0=4A3A8A38 inst=0
 1394 PASS    v=8      p=12     zw=0 zt=1 blend=1 cw=0 | vs[proj][   ][    ] ps='' rank=0 | tex0=4A3A8A38 inst=0
 1395 PASS    v=8      p=12     zw=0 zt=1 blend=1 cw=0 | vs[proj][   ][    ] ps='' rank=0 | tex0=4A3A8A38 inst=0
 1396 PASS    v=8      p=12     zw=0 zt=1 blend=1 cw=0 | vs[proj][   ][    ] ps='' rank=0 | tex0=4A3A8A38 inst=0
 1397 PASS    v=8      p=12     zw=0 zt=1 blend=1 cw=0 | vs[proj][   ][    ] ps='' rank=0 | tex0=4A3A8A38 inst=0
 1398 PASS    v=8      p=12     zw=0 zt=1 blend=1 cw=0 | vs[proj][   ][    ] ps='' rank=0 | tex0=4A3A8A38 inst=0
 1399 PASS    v=8      p=12     zw=0 zt=1 blend=1 cw=0 | vs[proj][   ][    ] ps='' rank=0 | tex0=4A3A8A38 inst=0
 1400 PASS    v=8      p=12     zw=0 zt=1 blend=1 cw=0 | vs[proj][   ][    ] ps='' rank=0 | tex0=4A3A8A38 inst=0
 1401 PASS    v=8      p=12     zw=0 zt=1 blend=1 cw=0 | vs[proj][   ][    ] ps='' rank=0 | tex0=4A3A8A38 inst=0
 1402 PASS    v=8      p=12     zw=0 zt=1 blend=1 cw=0 | vs[proj][   ][    ] ps='' rank=0 | tex0=4A3A8A38 inst=0
 1403 PASS    v=8      p=12     zw=0 zt=1 blend=1 cw=0 | vs[proj][   ][    ] ps='' rank=0 | tex0=4A3A8A38 inst=0
 1404 PASS    v=8      p=12     zw=0 zt=1 blend=1 cw=0 | vs[proj][   ][    ] ps='' rank=0 | tex0=4A3A8A38 inst=0
 1405 PASS    v=8      p=12     zw=0 zt=1 blend=1 cw=0 | vs[proj][   ][    ] ps='' rank=0 | tex0=4A3A8A38 inst=0
 1406 PASS    v=8      p=12     zw=0 zt=1 blend=1 cw=0 | vs[proj][   ][    ] ps='' rank=0 | tex0=4A3A8A38 inst=0
 1407 PASS    v=8      p=12     zw=0 zt=1 blend=1 cw=0 | vs[proj][   ][    ] ps='' rank=0 | tex0=4A3A8A38 inst=0
 1408 PASS    v=8      p=12     zw=0 zt=1 blend=1 cw=0 | vs[proj][   ][    ] ps='' rank=0 | tex0=4A3A8A38 inst=0
 1409 PASS    v=8      p=12     zw=0 zt=1 blend=1 cw=0 | vs[proj][   ][    ] ps='' rank=0 | tex0=4A3A8A38 inst=0
 1410 PASS    v=8      p=12     zw=0 zt=1 blend=1 cw=0 | vs[proj][   ][    ] ps='' rank=0 | tex0=4A3A8A38 inst=0
 1411 PASS    v=8      p=12     zw=0 zt=1 blend=1 cw=0 | vs[proj][   ][    ] ps='' rank=0 | tex0=4A3A8A38 inst=0
 1412 PASS    v=8      p=12     zw=0 zt=1 blend=1 cw=0 | vs[proj][   ][    ] ps='' rank=0 | tex0=4A3A8A38 inst=0
 1413 PASS    v=8      p=12     zw=0 zt=1 blend=1 cw=0 | vs[proj][   ][    ] ps='' rank=0 | tex0=4A3A8A38 inst=0
 1414 PASS    v=8      p=12     zw=0 zt=1 blend=1 cw=0 | vs[proj][   ][    ] ps='' rank=0 | tex0=4A3A8A38 inst=0
 1415 PASS    v=8      p=12     zw=0 zt=1 blend=1 cw=0 | vs[proj][   ][    ] ps='' rank=0 | tex0=4A3A8A38 inst=0
 1416 PASS    v=8      p=12     zw=0 zt=1 blend=1 cw=0 | vs[proj][   ][    ] ps='' rank=0 | tex0=4A3A8A38 inst=0
 1417 PASS    v=8      p=12     zw=0 zt=1 blend=1 cw=0 | vs[proj][   ][    ] ps='' rank=0 | tex0=4A3A8A38 inst=0
 1418 PASS    v=8      p=12     zw=0 zt=1 blend=1 cw=0 | vs[proj][   ][    ] ps='' rank=0 | tex0=4A3A8A38 inst=0
 1419 PASS    v=8      p=12     zw=0 zt=1 blend=1 cw=0 | vs[proj][   ][    ] ps='' rank=0 | tex0=4A3A8A38 inst=0
 1420 PASS    v=8      p=12     zw=0 zt=1 blend=1 cw=0 | vs[proj][   ][    ] ps='' rank=0 | tex0=4A3A8A38 inst=0
 1421 PASS    v=8      p=12     zw=0 zt=1 blend=1 cw=0 | vs[proj][   ][    ] ps='' rank=0 | tex0=4A3A8A38 inst=0
 1422 PASS    v=8      p=12     zw=0 zt=1 blend=1 cw=0 | vs[proj][   ][    ] ps='' rank=0 | tex0=4A3A8A38 inst=0
 1423 PASS    v=8      p=12     zw=0 zt=1 blend=1 cw=0 | vs[proj][   ][    ] ps='' rank=0 | tex0=4A3A8A38 inst=0
 1424 PASS    v=8      p=12     zw=0 zt=1 blend=1 cw=0 | vs[proj][   ][    ] ps='' rank=0 | tex0=4A3A8A38 inst=0
 1425 PASS    v=8      p=12     zw=0 zt=1 blend=1 cw=0 | vs[proj][   ][    ] ps='' rank=0 | tex0=4A3A8A38 inst=0
 1426 PASS    v=8      p=12     zw=0 zt=1 blend=1 cw=0 | vs[proj][   ][    ] ps='' rank=0 | tex0=4A3A8A38 inst=0
 1427 PASS    v=8      p=12     zw=0 zt=1 blend=1 cw=0 | vs[proj][   ][    ] ps='' rank=0 | tex0=4A3A8A38 inst=0
 1428 PASS    v=8      p=12     zw=0 zt=1 blend=1 cw=0 | vs[proj][   ][    ] ps='' rank=0 | tex0=4A3A8A38 inst=0
 1429 PASS    v=8      p=12     zw=0 zt=1 blend=1 cw=0 | vs[proj][   ][    ] ps='' rank=0 | tex0=4A3A8A38 inst=0
 1430 PASS    v=8      p=12     zw=0 zt=1 blend=1 cw=0 | vs[proj][   ][    ] ps='' rank=0 | tex0=4A3A8A38 inst=0
 1431 PASS    v=8      p=12     zw=0 zt=1 blend=1 cw=0 | vs[proj][   ][    ] ps='' rank=0 | tex0=4A3A8A38 inst=0
 1432 PASS    v=8      p=12     zw=0 zt=1 blend=1 cw=0 | vs[proj][   ][    ] ps='' rank=0 | tex0=4A3A8A38 inst=0
 1433 PASS    v=8      p=12     zw=0 zt=1 blend=1 cw=0 | vs[proj][   ][    ] ps='' rank=0 | tex0=4A3A8A38 inst=0
 1434 PASS    v=8      p=12     zw=0 zt=1 blend=1 cw=0 | vs[proj][   ][    ] ps='' rank=0 | tex0=4A3A8A38 inst=0
 1435 PASS    v=8      p=12     zw=0 zt=1 blend=1 cw=0 | vs[proj][   ][    ] ps='' rank=0 | tex0=4A3A8A38 inst=0
 1436 PASS    v=8      p=12     zw=0 zt=1 blend=1 cw=0 | vs[proj][   ][    ] ps='' rank=0 | tex0=4A3A8A38 inst=0
 1437 PASS    v=8      p=12     zw=0 zt=1 blend=1 cw=0 | vs[proj][   ][    ] ps='' rank=0 | tex0=4A3A8A38 inst=0
 1438 PASS    v=8      p=12     zw=0 zt=1 blend=1 cw=0 | vs[proj][   ][    ] ps='' rank=0 | tex0=4A3A8A38 inst=0
 1439 PASS    v=8      p=12     zw=0 zt=1 blend=1 cw=0 | vs[proj][   ][    ] ps='' rank=0 | tex0=4A3A8A38 inst=0
 1440 PASS    v=8      p=12     zw=0 zt=1 blend=1 cw=0 | vs[proj][   ][    ] ps='' rank=0 | tex0=4A3A8A38 inst=0
 1441 PASS    v=8      p=12     zw=0 zt=1 blend=1 cw=0 | vs[proj][   ][    ] ps='' rank=0 | tex0=4A3A8A38 inst=0
 1442 PASS    v=8      p=12     zw=0 zt=1 blend=1 cw=0 | vs[proj][   ][    ] ps='' rank=0 | tex0=4A3A8A38 inst=0
 1443 PASS    v=8      p=12     zw=0 zt=1 blend=1 cw=0 | vs[proj][   ][    ] ps='' rank=0 | tex0=4A3A8A38 inst=0
 1444 PASS    v=8      p=12     zw=0 zt=1 blend=1 cw=0 | vs[proj][   ][    ] ps='' rank=0 | tex0=4A3A8A38 inst=0
 1445 PASS    v=8      p=12     zw=0 zt=1 blend=1 cw=0 | vs[proj][   ][    ] ps='' rank=0 | tex0=4A3A8A38 inst=0
 1446 PASS    v=8      p=12     zw=0 zt=1 blend=1 cw=0 | vs[proj][   ][    ] ps='' rank=0 | tex0=4A3A8A38 inst=0
 1447 PASS    v=8      p=12     zw=0 zt=1 blend=1 cw=0 | vs[proj][   ][    ] ps='' rank=0 | tex0=4A3A8A38 inst=0
 1448 PASS    v=8      p=12     zw=0 zt=1 blend=1 cw=0 | vs[proj][   ][    ] ps='' rank=0 | tex0=4A3A8A38 inst=0
 1449 PASS    v=8      p=12     zw=0 zt=1 blend=1 cw=0 | vs[proj][   ][    ] ps='' rank=0 | tex0=4A3A8A38 inst=0
 1450 PASS    v=8      p=12     zw=0 zt=1 blend=1 cw=0 | vs[proj][   ][    ] ps='' rank=0 | tex0=4A3A8A38 inst=0
 1451 PASS    v=8      p=12     zw=0 zt=1 blend=1 cw=0 | vs[proj][   ][    ] ps='' rank=0 | tex0=4A3A8A38 inst=0
 1452 PASS    v=8      p=12     zw=0 zt=1 blend=1 cw=0 | vs[proj][   ][    ] ps='' rank=0 | tex0=4A3A8A38 inst=0
 1453 PASS    v=8      p=12     zw=0 zt=1 blend=1 cw=0 | vs[proj][   ][    ] ps='' rank=0 | tex0=4A3A8A38 inst=0
 1454 PASS    v=8      p=12     zw=0 zt=1 blend=1 cw=0 | vs[proj][   ][    ] ps='' rank=0 | tex0=4A3A8A38 inst=0
 1455 PASS    v=8      p=12     zw=0 zt=1 blend=1 cw=0 | vs[proj][   ][    ] ps='' rank=0 | tex0=4A3A8A38 inst=0
 1456 PASS    v=8      p=12     zw=0 zt=1 blend=1 cw=0 | vs[proj][   ][    ] ps='' rank=0 | tex0=4A3A8A38 inst=0
 1457 PASS    v=8      p=12     zw=0 zt=1 blend=1 cw=0 | vs[proj][   ][    ] ps='' rank=0 | tex0=4A3A8A38 inst=0
 1458 PASS    v=8      p=12     zw=0 zt=1 blend=1 cw=0 | vs[proj][   ][    ] ps='' rank=0 | tex0=4A3A8A38 inst=0
 1459 PASS    v=8      p=12     zw=0 zt=1 blend=1 cw=0 | vs[proj][   ][    ] ps='' rank=0 | tex0=4A3A8A38 inst=0
 1460 PASS    v=8      p=12     zw=0 zt=1 blend=1 cw=0 | vs[proj][   ][    ] ps='' rank=0 | tex0=4A3A8A38 inst=0
 1461 PASS    v=8      p=12     zw=0 zt=1 blend=1 cw=0 | vs[proj][   ][    ] ps='' rank=0 | tex0=4A3A8A38 inst=0
 1462 PASS    v=8      p=12     zw=0 zt=1 blend=1 cw=0 | vs[proj][   ][    ] ps='' rank=0 | tex0=4A3A8A38 inst=0
 1463 PASS    v=8      p=12     zw=0 zt=1 blend=1 cw=0 | vs[proj][   ][    ] ps='' rank=0 | tex0=4A3A8A38 inst=0
 1464 PASS    v=8      p=12     zw=0 zt=1 blend=1 cw=0 | vs[proj][   ][    ] ps='' rank=0 | tex0=4A3A8A38 inst=0
 1465 PASS    v=8      p=12     zw=0 zt=1 blend=1 cw=0 | vs[proj][   ][    ] ps='' rank=0 | tex0=4A3A8A38 inst=0
 1466 PASS    v=8      p=12     zw=0 zt=1 blend=1 cw=0 | vs[proj][   ][    ] ps='' rank=0 | tex0=4A3A8A38 inst=0
 1467 PASS    v=8      p=12     zw=0 zt=1 blend=1 cw=0 | vs[proj][   ][    ] ps='' rank=0 | tex0=4A3A8A38 inst=0
 1468 PASS    v=8      p=12     zw=0 zt=1 blend=1 cw=0 | vs[proj][   ][    ] ps='' rank=0 | tex0=4A3A8A38 inst=0
 1469 PASS    v=8      p=12     zw=0 zt=1 blend=1 cw=0 | vs[proj][   ][    ] ps='' rank=0 | tex0=4A3A8A38 inst=0
 1470 PASS    v=8      p=12     zw=0 zt=1 blend=1 cw=0 | vs[proj][   ][    ] ps='' rank=0 | tex0=4A3A8A38 inst=0
 1471 PASS    v=8      p=12     zw=0 zt=1 blend=1 cw=0 | vs[proj][   ][    ] ps='' rank=0 | tex0=4A3A8A38 inst=0
 1472 PASS    v=8      p=12     zw=0 zt=1 blend=1 cw=0 | vs[proj][   ][    ] ps='' rank=0 | tex0=4A3A8A38 inst=0
 1473 PASS    v=8      p=12     zw=0 zt=1 blend=1 cw=0 | vs[proj][   ][    ] ps='' rank=0 | tex0=4A3A8A38 inst=0
 1474 PASS    v=8      p=12     zw=0 zt=1 blend=1 cw=0 | vs[proj][   ][    ] ps='' rank=0 | tex0=4A3A8A38 inst=0
 1475 PASS    v=8      p=12     zw=0 zt=1 blend=1 cw=0 | vs[proj][   ][    ] ps='' rank=0 | tex0=4A3A8A38 inst=0
 1476 PASS    v=8      p=12     zw=0 zt=1 blend=1 cw=0 | vs[proj][   ][    ] ps='' rank=0 | tex0=4A3A8A38 inst=0
 1477 PASS    v=8      p=12     zw=0 zt=1 blend=1 cw=0 | vs[proj][   ][    ] ps='' rank=0 | tex0=4A3A8A38 inst=0
 1478 PASS    v=8      p=12     zw=0 zt=1 blend=1 cw=0 | vs[proj][   ][    ] ps='' rank=0 | tex0=4A3A8A38 inst=0
 1479 PASS    v=8      p=12     zw=0 zt=1 blend=1 cw=0 | vs[proj][   ][    ] ps='' rank=0 | tex0=4A3A8A38 inst=0
 1480 PASS    v=8      p=12     zw=0 zt=1 blend=1 cw=0 | vs[proj][   ][    ] ps='' rank=0 | tex0=4A3A8A38 inst=0
 1481 PASS    v=8      p=12     zw=0 zt=1 blend=1 cw=0 | vs[proj][   ][    ] ps='' rank=0 | tex0=4A3A8A38 inst=0
 1482 PASS    v=8      p=12     zw=0 zt=1 blend=1 cw=0 | vs[proj][   ][    ] ps='' rank=0 | tex0=4A3A8A38 inst=0
 1483 PASS    v=8      p=12     zw=0 zt=1 blend=1 cw=0 | vs[proj][   ][    ] ps='' rank=0 | tex0=4A3A8A38 inst=0
 1484 PASS    v=8      p=12     zw=0 zt=1 blend=1 cw=0 | vs[proj][   ][    ] ps='' rank=0 | tex0=4A3A8A38 inst=0
 1485 PASS    v=8      p=12     zw=0 zt=1 blend=1 cw=0 | vs[proj][   ][    ] ps='' rank=0 | tex0=4A3A8A38 inst=0
 1486 PASS    v=8      p=12     zw=0 zt=1 blend=1 cw=0 | vs[proj][   ][    ] ps='' rank=0 | tex0=4A3A8A38 inst=0
 1487 PASS    v=8      p=12     zw=0 zt=1 blend=1 cw=0 | vs[proj][   ][    ] ps='' rank=0 | tex0=4A3A8A38 inst=0
 1488 PASS    v=8      p=12     zw=0 zt=1 blend=1 cw=0 | vs[proj][   ][    ] ps='' rank=0 | tex0=4A3A8A38 inst=0
 1489 PASS    v=8      p=12     zw=0 zt=1 blend=1 cw=0 | vs[proj][   ][    ] ps='' rank=0 | tex0=4A3A8A38 inst=0
 1490 PASS    v=8      p=12     zw=0 zt=1 blend=1 cw=0 | vs[proj][   ][    ] ps='' rank=0 | tex0=4A3A8A38 inst=0
 1491 PASS    v=8      p=12     zw=0 zt=1 blend=1 cw=0 | vs[proj][   ][    ] ps='' rank=0 | tex0=4A3A8A38 inst=0
 1492 PASS    v=8      p=12     zw=0 zt=1 blend=1 cw=0 | vs[proj][   ][    ] ps='' rank=0 | tex0=4A3A8A38 inst=0
 1493 PASS    v=8      p=12     zw=0 zt=1 blend=1 cw=0 | vs[proj][   ][    ] ps='' rank=0 | tex0=4A3A8A38 inst=0
 1494 PASS    v=8      p=12     zw=0 zt=1 blend=1 cw=0 | vs[proj][   ][    ] ps='' rank=0 | tex0=4A3A8A38 inst=0
 1495 PASS    v=8      p=12     zw=0 zt=1 blend=1 cw=0 | vs[proj][   ][    ] ps='' rank=0 | tex0=4A3A8A38 inst=0
 1496 PASS    v=8      p=12     zw=0 zt=1 blend=1 cw=0 | vs[proj][   ][    ] ps='' rank=0 | tex0=4A3A8A38 inst=0
 1497 PASS    v=8      p=12     zw=0 zt=1 blend=1 cw=0 | vs[proj][   ][    ] ps='' rank=0 | tex0=4A3A8A38 inst=0
 1498 PASS    v=8      p=12     zw=0 zt=1 blend=1 cw=0 | vs[proj][   ][    ] ps='' rank=0 | tex0=4A3A8A38 inst=0
 1499 PASS    v=8      p=12     zw=0 zt=1 blend=1 cw=0 | vs[proj][   ][    ] ps='' rank=0 | tex0=4A3A8A38 inst=0
 1500 PASS    v=8      p=12     zw=0 zt=1 blend=1 cw=0 | vs[proj][   ][    ] ps='' rank=0 | tex0=4A3A8A38 inst=0
 1501 PASS    v=8      p=12     zw=0 zt=1 blend=1 cw=0 | vs[proj][   ][    ] ps='' rank=0 | tex0=4A3A8A38 inst=0
 1502 PASS    v=8      p=12     zw=0 zt=1 blend=1 cw=0 | vs[proj][   ][    ] ps='' rank=0 | tex0=4A3A8A38 inst=0
 1503 PASS    v=8      p=12     zw=0 zt=1 blend=1 cw=0 | vs[proj][   ][    ] ps='' rank=0 | tex0=4A3A8A38 inst=0
 1504 PASS    v=8      p=12     zw=0 zt=1 blend=1 cw=0 | vs[proj][   ][    ] ps='' rank=0 | tex0=4A3A8A38 inst=0
 1505 PASS    v=8      p=12     zw=0 zt=1 blend=1 cw=0 | vs[proj][   ][    ] ps='' rank=0 | tex0=4A3A8A38 inst=0
 1506 PASS    v=8      p=12     zw=0 zt=1 blend=1 cw=0 | vs[proj][   ][    ] ps='' rank=0 | tex0=4A3A8A38 inst=0
 1507 PASS    v=8      p=12     zw=0 zt=1 blend=1 cw=0 | vs[proj][   ][    ] ps='' rank=0 | tex0=4A3A8A38 inst=0
 1508 PASS    v=8      p=12     zw=0 zt=1 blend=1 cw=0 | vs[proj][   ][    ] ps='' rank=0 | tex0=4A3A8A38 inst=0
 1509 PASS    v=8      p=12     zw=0 zt=1 blend=1 cw=0 | vs[proj][   ][    ] ps='' rank=0 | tex0=4A3A8A38 inst=0
 1510 PASS    v=8      p=12     zw=0 zt=1 blend=1 cw=0 | vs[proj][   ][    ] ps='' rank=0 | tex0=4A3A8A38 inst=0
 1511 PASS    v=8      p=12     zw=0 zt=1 blend=1 cw=0 | vs[proj][   ][    ] ps='' rank=0 | tex0=4A3A8A38 inst=0
 1512 PASS    v=8      p=12     zw=0 zt=1 blend=1 cw=0 | vs[proj][   ][    ] ps='' rank=0 | tex0=4A3A8A38 inst=0
 1513 PASS    v=8      p=12     zw=0 zt=1 blend=1 cw=0 | vs[proj][   ][    ] ps='' rank=0 | tex0=4A3A8A38 inst=0
 1514 PASS    v=8      p=12     zw=0 zt=1 blend=1 cw=0 | vs[proj][   ][    ] ps='' rank=0 | tex0=4A3A8A38 inst=0
 1515 PASS    v=8      p=12     zw=0 zt=1 blend=1 cw=0 | vs[proj][   ][    ] ps='' rank=0 | tex0=4A3A8A38 inst=0
 1516 PASS    v=8      p=12     zw=0 zt=1 blend=1 cw=0 | vs[proj][   ][    ] ps='' rank=0 | tex0=4A3A8A38 inst=0
 1517 PASS    v=8      p=12     zw=0 zt=1 blend=1 cw=0 | vs[proj][   ][    ] ps='' rank=0 | tex0=4A3A8A38 inst=0
 1518 PASS    v=8      p=12     zw=0 zt=1 blend=1 cw=0 | vs[proj][   ][    ] ps='' rank=0 | tex0=4A3A8A38 inst=0
 1519 PASS    v=8      p=12     zw=0 zt=1 blend=1 cw=0 | vs[proj][   ][    ] ps='' rank=0 | tex0=4A3A8A38 inst=0
 1520 PASS    v=8      p=12     zw=0 zt=1 blend=1 cw=0 | vs[proj][   ][    ] ps='' rank=0 | tex0=4A3A8A38 inst=0
 1521 PASS    v=8      p=12     zw=0 zt=1 blend=1 cw=0 | vs[proj][   ][    ] ps='' rank=0 | tex0=4A3A8A38 inst=0
 1522 PASS    v=8      p=12     zw=0 zt=1 blend=1 cw=0 | vs[proj][   ][    ] ps='' rank=0 | tex0=4A3A8A38 inst=0
 1523 PASS    v=8      p=12     zw=0 zt=1 blend=1 cw=0 | vs[proj][   ][    ] ps='' rank=0 | tex0=4A3A8A38 inst=0
 1524 PASS    v=8      p=12     zw=0 zt=1 blend=1 cw=0 | vs[proj][   ][    ] ps='' rank=0 | tex0=4A3A8A38 inst=0
 1525 PASS    v=8      p=12     zw=0 zt=1 blend=1 cw=0 | vs[proj][   ][    ] ps='' rank=0 | tex0=4A3A8A38 inst=0
 1526 PASS    v=8      p=12     zw=0 zt=1 blend=1 cw=0 | vs[proj][   ][    ] ps='' rank=0 | tex0=4A3A8A38 inst=0
 1527 PASS    v=8      p=12     zw=0 zt=1 blend=1 cw=0 | vs[proj][   ][    ] ps='' rank=0 | tex0=4A3A8A38 inst=0
 1528 PASS    v=8      p=12     zw=0 zt=1 blend=1 cw=0 | vs[proj][   ][    ] ps='' rank=0 | tex0=4A3A8A38 inst=0
 1529 PASS    v=8      p=12     zw=0 zt=1 blend=1 cw=0 | vs[proj][   ][    ] ps='' rank=0 | tex0=4A3A8A38 inst=0
 1530 PASS    v=8      p=12     zw=0 zt=1 blend=1 cw=0 | vs[proj][   ][    ] ps='' rank=0 | tex0=4A3A8A38 inst=0
 1531 PASS    v=8      p=12     zw=0 zt=1 blend=1 cw=0 | vs[proj][   ][    ] ps='' rank=0 | tex0=4A3A8A38 inst=0
 1532 PASS    v=8      p=12     zw=0 zt=1 blend=1 cw=0 | vs[proj][   ][    ] ps='' rank=0 | tex0=4A3A8A38 inst=0
 1533 PASS    v=8      p=12     zw=0 zt=1 blend=1 cw=0 | vs[proj][   ][    ] ps='' rank=0 | tex0=4A3A8A38 inst=0
 1534 PASS    v=8      p=12     zw=0 zt=1 blend=1 cw=0 | vs[proj][   ][    ] ps='' rank=0 | tex0=4A3A8A38 inst=0
 1535 PASS    v=8      p=12     zw=0 zt=1 blend=1 cw=0 | vs[proj][   ][    ] ps='' rank=0 | tex0=4A3A8A38 inst=0
 1536 PASS    v=8      p=12     zw=0 zt=1 blend=1 cw=0 | vs[proj][   ][    ] ps='' rank=0 | tex0=4A3A8A38 inst=0
 1537 PASS    v=8      p=12     zw=0 zt=1 blend=1 cw=0 | vs[proj][   ][    ] ps='' rank=0 | tex0=4A3A8A38 inst=0
 1538 PASS    v=8      p=12     zw=0 zt=1 blend=1 cw=0 | vs[proj][   ][    ] ps='' rank=0 | tex0=4A3A8A38 inst=0
 1539 PASS    v=8      p=12     zw=0 zt=1 blend=1 cw=0 | vs[proj][   ][    ] ps='' rank=0 | tex0=4A3A8A38 inst=0
 1540 PASS    v=8      p=12     zw=0 zt=1 blend=1 cw=0 | vs[proj][   ][    ] ps='' rank=0 | tex0=4A3A8A38 inst=0
 1541 PASS    v=8      p=12     zw=0 zt=1 blend=1 cw=0 | vs[proj][   ][    ] ps='' rank=0 | tex0=4A3A8A38 inst=0
 1542 PASS    v=8      p=12     zw=0 zt=1 blend=1 cw=0 | vs[proj][   ][    ] ps='' rank=0 | tex0=4A3A8A38 inst=0
 1543 PASS    v=8      p=12     zw=0 zt=1 blend=1 cw=0 | vs[proj][   ][    ] ps='' rank=0 | tex0=4A3A8A38 inst=0
 1544 PASS    v=8      p=12     zw=0 zt=1 blend=1 cw=0 | vs[proj][   ][    ] ps='' rank=0 | tex0=4A3A8A38 inst=0
 1545 PASS    v=8      p=12     zw=0 zt=1 blend=1 cw=0 | vs[proj][   ][    ] ps='' rank=0 | tex0=4A3A8A38 inst=0
 1546 PASS    v=8      p=12     zw=0 zt=1 blend=1 cw=0 | vs[proj][   ][    ] ps='' rank=0 | tex0=4A3A8A38 inst=0
 1547 PASS    v=8      p=12     zw=0 zt=1 blend=1 cw=0 | vs[proj][   ][    ] ps='' rank=0 | tex0=4A3A8A38 inst=0
 1548 PASS    v=8      p=12     zw=0 zt=1 blend=1 cw=0 | vs[proj][   ][    ] ps='' rank=0 | tex0=4A3A8A38 inst=0
 1549 PASS    v=8      p=12     zw=0 zt=1 blend=1 cw=0 | vs[proj][   ][    ] ps='' rank=0 | tex0=4A3A8A38 inst=0
 1550 PASS    v=8      p=12     zw=0 zt=1 blend=1 cw=0 | vs[proj][   ][    ] ps='' rank=0 | tex0=4A3A8A38 inst=0
 1551 PASS    v=8      p=12     zw=0 zt=1 blend=1 cw=0 | vs[proj][   ][    ] ps='' rank=0 | tex0=4A3A8A38 inst=0
 1552 PASS    v=8      p=12     zw=0 zt=1 blend=1 cw=0 | vs[proj][   ][    ] ps='' rank=0 | tex0=4A3A8A38 inst=0
 1553 PASS    v=8      p=12     zw=0 zt=1 blend=1 cw=0 | vs[proj][   ][    ] ps='' rank=0 | tex0=4A3A8A38 inst=0
 1554 PASS    v=8      p=12     zw=0 zt=1 blend=1 cw=0 | vs[proj][   ][    ] ps='' rank=0 | tex0=4A3A8A38 inst=0
 1555 PASS    v=8      p=12     zw=0 zt=1 blend=1 cw=0 | vs[proj][   ][    ] ps='' rank=0 | tex0=4A3A8A38 inst=0
 1556 PASS    v=8      p=12     zw=0 zt=1 blend=1 cw=0 | vs[proj][   ][    ] ps='' rank=0 | tex0=4A3A8A38 inst=0
 1557 PASS    v=8      p=12     zw=0 zt=1 blend=1 cw=0 | vs[proj][   ][    ] ps='' rank=0 | tex0=4A3A8A38 inst=0
 1558 PASS    v=8      p=12     zw=0 zt=1 blend=1 cw=0 | vs[proj][   ][    ] ps='' rank=0 | tex0=4A3A8A38 inst=0
 1559 PASS    v=8      p=12     zw=0 zt=1 blend=1 cw=0 | vs[proj][   ][    ] ps='' rank=0 | tex0=4A3A8A38 inst=0
 1560 PASS    v=8      p=12     zw=0 zt=1 blend=1 cw=0 | vs[proj][   ][    ] ps='' rank=0 | tex0=4A3A8A38 inst=0
 1561 PASS    v=8      p=12     zw=0 zt=1 blend=1 cw=0 | vs[proj][   ][    ] ps='' rank=0 | tex0=4A3A8A38 inst=0
 1562 PASS    v=8      p=12     zw=0 zt=1 blend=1 cw=0 | vs[proj][   ][    ] ps='' rank=0 | tex0=4A3A8A38 inst=0
 1563 PASS    v=8      p=12     zw=0 zt=1 blend=1 cw=0 | vs[proj][   ][    ] ps='' rank=0 | tex0=4A3A8A38 inst=0
 1564 PASS    v=8      p=12     zw=0 zt=1 blend=1 cw=0 | vs[proj][   ][    ] ps='' rank=0 | tex0=4A3A8A38 inst=0
 1565 PASS    v=8      p=12     zw=0 zt=1 blend=1 cw=0 | vs[proj][   ][    ] ps='' rank=0 | tex0=4A3A8A38 inst=0
 1566 PASS    v=8      p=12     zw=0 zt=1 blend=1 cw=0 | vs[proj][   ][    ] ps='' rank=0 | tex0=4A3A8A38 inst=0
 1567 PASS    v=8      p=12     zw=0 zt=1 blend=1 cw=0 | vs[proj][   ][    ] ps='' rank=0 | tex0=4A3A8A38 inst=0
 1568 PASS    v=8      p=12     zw=0 zt=1 blend=1 cw=0 | vs[proj][   ][    ] ps='' rank=0 | tex0=4A3A8A38 inst=0
 1569 PASS    v=8      p=12     zw=0 zt=1 blend=1 cw=0 | vs[proj][   ][    ] ps='' rank=0 | tex0=4A3A8A38 inst=0
 1570 PASS    v=8      p=12     zw=0 zt=1 blend=1 cw=0 | vs[proj][   ][    ] ps='' rank=0 | tex0=4A3A8A38 inst=0
 1571 PASS    v=8      p=12     zw=0 zt=1 blend=1 cw=0 | vs[proj][   ][    ] ps='' rank=0 | tex0=4A3A8A38 inst=0
 1572 PASS    v=8      p=12     zw=0 zt=1 blend=1 cw=0 | vs[proj][   ][    ] ps='' rank=0 | tex0=4A3A8A38 inst=0
 1573 PASS    v=8      p=12     zw=0 zt=1 blend=1 cw=0 | vs[proj][   ][    ] ps='' rank=0 | tex0=4A3A8A38 inst=0
 1574 PASS    v=8      p=12     zw=0 zt=1 blend=1 cw=0 | vs[proj][   ][    ] ps='' rank=0 | tex0=4A3A8A38 inst=0
 1575 PASS    v=8      p=12     zw=0 zt=1 blend=1 cw=0 | vs[proj][   ][    ] ps='' rank=0 | tex0=4A3A8A38 inst=0
 1576 PASS    v=8      p=12     zw=0 zt=1 blend=1 cw=0 | vs[proj][   ][    ] ps='' rank=0 | tex0=4A3A8A38 inst=0
 1577 PASS    v=8      p=12     zw=0 zt=1 blend=1 cw=0 | vs[proj][   ][    ] ps='' rank=0 | tex0=4A3A8A38 inst=0
 1578 PASS    v=8      p=12     zw=0 zt=1 blend=1 cw=0 | vs[proj][   ][    ] ps='' rank=0 | tex0=4A3A8A38 inst=0
 1579 PASS    v=8      p=12     zw=0 zt=1 blend=1 cw=0 | vs[proj][   ][    ] ps='' rank=0 | tex0=4A3A8A38 inst=0
 1580 PASS    v=8      p=12     zw=0 zt=1 blend=1 cw=0 | vs[proj][   ][    ] ps='' rank=0 | tex0=4A3A8A38 inst=0
 1581 PASS    v=8      p=12     zw=0 zt=1 blend=1 cw=0 | vs[proj][   ][    ] ps='' rank=0 | tex0=4A3A8A38 inst=0
 1582 PASS    v=8      p=12     zw=0 zt=1 blend=1 cw=0 | vs[proj][   ][    ] ps='' rank=0 | tex0=4A3A8A38 inst=0
 1583 PASS    v=8      p=12     zw=0 zt=1 blend=1 cw=0 | vs[proj][   ][    ] ps='' rank=0 | tex0=4A3A8A38 inst=0
 1584 PASS    v=8      p=12     zw=0 zt=1 blend=1 cw=0 | vs[proj][   ][    ] ps='' rank=0 | tex0=4A3A8A38 inst=0
 1585 PASS    v=8      p=12     zw=0 zt=1 blend=1 cw=0 | vs[proj][   ][    ] ps='' rank=0 | tex0=4A3A8A38 inst=0
 1586 PASS    v=8      p=12     zw=0 zt=1 blend=1 cw=0 | vs[proj][   ][    ] ps='' rank=0 | tex0=4A3A8A38 inst=0
 1587 PASS    v=8      p=12     zw=0 zt=1 blend=1 cw=0 | vs[proj][   ][    ] ps='' rank=0 | tex0=4A3A8A38 inst=0
 1588 PASS    v=8      p=12     zw=0 zt=1 blend=1 cw=0 | vs[proj][   ][    ] ps='' rank=0 | tex0=4A3A8A38 inst=0
 1589 PASS    v=8      p=12     zw=0 zt=1 blend=1 cw=0 | vs[proj][   ][    ] ps='' rank=0 | tex0=4A3A8A38 inst=0
 1590 PASS    v=8      p=12     zw=0 zt=1 blend=1 cw=0 | vs[proj][   ][    ] ps='' rank=0 | tex0=4A3A8A38 inst=0
 1591 PASS    v=8      p=12     zw=0 zt=1 blend=1 cw=0 | vs[proj][   ][    ] ps='' rank=0 | tex0=4A3A8A38 inst=0
 1592 PASS    v=8      p=12     zw=0 zt=1 blend=1 cw=0 | vs[proj][   ][    ] ps='' rank=0 | tex0=4A3A8A38 inst=0
 1593 PASS    v=8      p=12     zw=0 zt=1 blend=1 cw=0 | vs[proj][   ][    ] ps='' rank=0 | tex0=4A3A8A38 inst=0
 1594 PASS    v=8      p=12     zw=0 zt=1 blend=1 cw=0 | vs[proj][   ][    ] ps='' rank=0 | tex0=4A3A8A38 inst=0
 1595 PASS    v=8      p=12     zw=0 zt=1 blend=1 cw=0 | vs[proj][   ][    ] ps='' rank=0 | tex0=4A3A8A38 inst=0
 1596 PASS    v=8      p=12     zw=0 zt=1 blend=1 cw=0 | vs[proj][   ][    ] ps='' rank=0 | tex0=4A3A8A38 inst=0
 1597 PASS    v=8      p=12     zw=0 zt=1 blend=1 cw=0 | vs[proj][   ][    ] ps='' rank=0 | tex0=4A3A8A38 inst=0
 1598 PASS    v=8      p=12     zw=0 zt=1 blend=1 cw=0 | vs[proj][   ][    ] ps='' rank=0 | tex0=4A3A8A38 inst=0
 1599 PASS    v=8      p=12     zw=0 zt=1 blend=1 cw=0 | vs[proj][   ][    ] ps='' rank=0 | tex0=4A3A8A38 inst=0
 1600 PASS    v=8      p=12     zw=0 zt=1 blend=1 cw=0 | vs[proj][   ][    ] ps='' rank=0 | tex0=4A3A8A38 inst=0
 1601 PASS    v=8      p=12     zw=0 zt=1 blend=1 cw=0 | vs[proj][   ][    ] ps='' rank=0 | tex0=4A3A8A38 inst=0
 1602 PASS    v=8      p=12     zw=0 zt=1 blend=1 cw=0 | vs[proj][   ][    ] ps='' rank=0 | tex0=4A3A8A38 inst=0
 1603 PASS    v=8      p=12     zw=0 zt=1 blend=1 cw=0 | vs[proj][   ][    ] ps='' rank=0 | tex0=4A3A8A38 inst=0
 1604 PASS    v=8      p=12     zw=0 zt=1 blend=1 cw=0 | vs[proj][   ][    ] ps='' rank=0 | tex0=4A3A8A38 inst=0
 1605 PASS    v=8      p=12     zw=0 zt=1 blend=1 cw=0 | vs[proj][   ][    ] ps='' rank=0 | tex0=4A3A8A38 inst=0
 1606 PASS    v=8      p=12     zw=0 zt=1 blend=1 cw=0 | vs[proj][   ][    ] ps='' rank=0 | tex0=4A3A8A38 inst=0
 1607 PASS    v=8      p=12     zw=0 zt=1 blend=1 cw=0 | vs[proj][   ][    ] ps='' rank=0 | tex0=4A3A8A38 inst=0
 1608 PASS    v=8      p=12     zw=0 zt=1 blend=1 cw=0 | vs[proj][   ][    ] ps='' rank=0 | tex0=4A3A8A38 inst=0
 1609 PASS    v=8      p=12     zw=0 zt=1 blend=1 cw=0 | vs[proj][   ][    ] ps='' rank=0 | tex0=4A3A8A38 inst=0
 1610 PASS    v=8      p=12     zw=0 zt=1 blend=1 cw=0 | vs[proj][   ][    ] ps='' rank=0 | tex0=4A3A8A38 inst=0
 1611 PASS    v=8      p=12     zw=0 zt=1 blend=1 cw=0 | vs[proj][   ][    ] ps='' rank=0 | tex0=4A3A8A38 inst=0
 1612 PASS    v=8      p=12     zw=0 zt=1 blend=1 cw=0 | vs[proj][   ][    ] ps='' rank=0 | tex0=4A3A8A38 inst=0
 1613 PASS    v=8      p=12     zw=0 zt=1 blend=1 cw=0 | vs[proj][   ][    ] ps='' rank=0 | tex0=4A3A8A38 inst=0
 1614 PASS    v=8      p=12     zw=0 zt=1 blend=1 cw=0 | vs[proj][   ][    ] ps='' rank=0 | tex0=4A3A8A38 inst=0
 1615 PASS    v=8      p=12     zw=0 zt=1 blend=1 cw=0 | vs[proj][   ][    ] ps='' rank=0 | tex0=4A3A8A38 inst=0
 1616 PASS    v=8      p=12     zw=0 zt=1 blend=1 cw=0 | vs[proj][   ][    ] ps='' rank=0 | tex0=4A3A8A38 inst=0
 1617 PASS    v=8      p=12     zw=0 zt=1 blend=1 cw=0 | vs[proj][   ][    ] ps='' rank=0 | tex0=4A3A8A38 inst=0
 1618 PASS    v=8      p=12     zw=0 zt=1 blend=1 cw=0 | vs[proj][   ][    ] ps='' rank=0 | tex0=4A3A8A38 inst=0
 1619 PASS    v=8      p=12     zw=0 zt=1 blend=1 cw=0 | vs[proj][   ][    ] ps='' rank=0 | tex0=4A3A8A38 inst=0
 1620 PASS    v=8      p=12     zw=0 zt=1 blend=1 cw=0 | vs[proj][   ][    ] ps='' rank=0 | tex0=4A3A8A38 inst=0
 1621 PASS    v=8      p=12     zw=0 zt=1 blend=1 cw=0 | vs[proj][   ][    ] ps='' rank=0 | tex0=4A3A8A38 inst=0
 1622 PASS    v=8      p=12     zw=0 zt=1 blend=1 cw=0 | vs[proj][   ][    ] ps='' rank=0 | tex0=4A3A8A38 inst=0
 1623 PASS    v=8      p=12     zw=0 zt=1 blend=1 cw=0 | vs[proj][   ][    ] ps='' rank=0 | tex0=4A3A8A38 inst=0
 1624 PASS    v=8      p=12     zw=0 zt=1 blend=1 cw=0 | vs[proj][   ][    ] ps='' rank=0 | tex0=4A3A8A38 inst=0
 1625 PASS    v=8      p=12     zw=0 zt=1 blend=1 cw=0 | vs[proj][   ][    ] ps='' rank=0 | tex0=4A3A8A38 inst=0
 1626 PASS    v=8      p=12     zw=0 zt=1 blend=1 cw=0 | vs[proj][   ][    ] ps='' rank=0 | tex0=4A3A8A38 inst=0
 1627 PASS    v=8      p=12     zw=0 zt=1 blend=1 cw=0 | vs[proj][   ][    ] ps='' rank=0 | tex0=4A3A8A38 inst=0
 1628 PASS    v=8      p=12     zw=0 zt=1 blend=1 cw=0 | vs[proj][   ][    ] ps='' rank=0 | tex0=4A3A8A38 inst=0
 1629 PASS    v=8      p=12     zw=0 zt=1 blend=1 cw=0 | vs[proj][   ][    ] ps='' rank=0 | tex0=4A3A8A38 inst=0
 1630 PASS    v=8      p=12     zw=0 zt=1 blend=1 cw=0 | vs[proj][   ][    ] ps='' rank=0 | tex0=4A3A8A38 inst=0
 1631 PASS    v=8      p=12     zw=0 zt=1 blend=1 cw=0 | vs[proj][   ][    ] ps='' rank=0 | tex0=4A3A8A38 inst=0
 1632 PASS    v=8      p=12     zw=0 zt=1 blend=1 cw=0 | vs[proj][   ][    ] ps='' rank=0 | tex0=4A3A8A38 inst=0
 1633 PASS    v=8      p=12     zw=0 zt=1 blend=1 cw=0 | vs[proj][   ][    ] ps='' rank=0 | tex0=4A3A8A38 inst=0
 1634 PASS    v=8      p=12     zw=0 zt=1 blend=1 cw=0 | vs[proj][   ][    ] ps='' rank=0 | tex0=4A3A8A38 inst=0
 1635 PASS    v=8      p=12     zw=0 zt=1 blend=1 cw=0 | vs[proj][   ][    ] ps='' rank=0 | tex0=4A3A8A38 inst=0
 1636 PASS    v=8      p=12     zw=0 zt=1 blend=1 cw=0 | vs[proj][   ][    ] ps='' rank=0 | tex0=4A3A8A38 inst=0
 1637 PASS    v=8      p=12     zw=0 zt=1 blend=1 cw=0 | vs[proj][   ][    ] ps='' rank=0 | tex0=4A3A8A38 inst=0
 1638 PASS    v=8      p=12     zw=0 zt=1 blend=1 cw=0 | vs[proj][   ][    ] ps='' rank=0 | tex0=4A3A8A38 inst=0
 1639 PASS    v=8      p=12     zw=0 zt=1 blend=1 cw=0 | vs[proj][   ][    ] ps='' rank=0 | tex0=4A3A8A38 inst=0
 1640 PASS    v=8      p=12     zw=0 zt=1 blend=1 cw=0 | vs[proj][   ][    ] ps='' rank=0 | tex0=4A3A8A38 inst=0
 1641 PASS    v=8      p=12     zw=0 zt=1 blend=1 cw=0 | vs[proj][   ][    ] ps='' rank=0 | tex0=4A3A8A38 inst=0
 1642 PASS    v=8      p=12     zw=0 zt=1 blend=1 cw=0 | vs[proj][   ][    ] ps='' rank=0 | tex0=4A3A8A38 inst=0
 1643 PASS    v=8      p=12     zw=0 zt=1 blend=1 cw=0 | vs[proj][   ][    ] ps='' rank=0 | tex0=4A3A8A38 inst=0
 1644 PASS    v=8      p=12     zw=0 zt=1 blend=1 cw=0 | vs[proj][   ][    ] ps='' rank=0 | tex0=4A3A8A38 inst=0
 1645 PASS    v=8      p=12     zw=0 zt=1 blend=1 cw=0 | vs[proj][   ][    ] ps='' rank=0 | tex0=4A3A8A38 inst=0
 1646 PASS    v=8      p=12     zw=0 zt=1 blend=1 cw=0 | vs[proj][   ][    ] ps='' rank=0 | tex0=4A3A8A38 inst=0
 1647 PASS    v=8      p=12     zw=0 zt=1 blend=1 cw=0 | vs[proj][   ][    ] ps='' rank=0 | tex0=4A3A8A38 inst=0
 1648 PASS    v=8      p=12     zw=0 zt=1 blend=1 cw=0 | vs[proj][   ][    ] ps='' rank=0 | tex0=4A3A8A38 inst=0
 1649 PASS    v=8      p=12     zw=0 zt=1 blend=1 cw=0 | vs[proj][   ][    ] ps='' rank=0 | tex0=4A3A8A38 inst=0
 1650 PASS    v=8      p=12     zw=0 zt=1 blend=1 cw=0 | vs[proj][   ][    ] ps='' rank=0 | tex0=4A3A8A38 inst=0
 1651 PASS    v=8      p=12     zw=0 zt=1 blend=1 cw=0 | vs[proj][   ][    ] ps='' rank=0 | tex0=4A3A8A38 inst=0
 1652 PASS    v=8      p=12     zw=0 zt=1 blend=1 cw=0 | vs[proj][   ][    ] ps='' rank=0 | tex0=4A3A8A38 inst=0
 1653 PASS    v=8      p=12     zw=0 zt=1 blend=1 cw=0 | vs[proj][   ][    ] ps='' rank=0 | tex0=4A3A8A38 inst=0
 1654 PASS    v=8      p=12     zw=0 zt=1 blend=1 cw=0 | vs[proj][   ][    ] ps='' rank=0 | tex0=4A3A8A38 inst=0
 1655 PASS    v=8      p=12     zw=0 zt=1 blend=1 cw=0 | vs[proj][   ][    ] ps='' rank=0 | tex0=4A3A8A38 inst=0
 1656 PASS    v=8      p=12     zw=0 zt=1 blend=1 cw=0 | vs[proj][   ][    ] ps='' rank=0 | tex0=4A3A8A38 inst=0
 1657 PASS    v=8      p=12     zw=0 zt=1 blend=1 cw=0 | vs[proj][   ][    ] ps='' rank=0 | tex0=4A3A8A38 inst=0
 1658 PASS    v=8      p=12     zw=0 zt=1 blend=1 cw=0 | vs[proj][   ][    ] ps='' rank=0 | tex0=4A3A8A38 inst=0
 1659 PASS    v=8      p=12     zw=0 zt=1 blend=1 cw=0 | vs[proj][   ][    ] ps='' rank=0 | tex0=4A3A8A38 inst=0
 1660 PASS    v=8      p=12     zw=0 zt=1 blend=1 cw=0 | vs[proj][   ][    ] ps='' rank=0 | tex0=4A3A8A38 inst=0
 1661 PASS    v=8      p=12     zw=0 zt=1 blend=1 cw=0 | vs[proj][   ][    ] ps='' rank=0 | tex0=4A3A8A38 inst=0
 1662 PASS    v=8      p=12     zw=0 zt=1 blend=1 cw=0 | vs[proj][   ][    ] ps='' rank=0 | tex0=4A3A8A38 inst=0
 1663 PASS    v=8      p=12     zw=0 zt=1 blend=1 cw=0 | vs[proj][   ][    ] ps='' rank=0 | tex0=4A3A8A38 inst=0
 1664 PASS    v=8      p=12     zw=0 zt=1 blend=1 cw=0 | vs[proj][   ][    ] ps='' rank=0 | tex0=4A3A8A38 inst=0
 1665 PASS    v=8      p=12     zw=0 zt=1 blend=1 cw=0 | vs[proj][   ][    ] ps='' rank=0 | tex0=4A3A8A38 inst=0
 1666 PASS    v=8      p=12     zw=0 zt=1 blend=1 cw=0 | vs[proj][   ][    ] ps='' rank=0 | tex0=4A3A8A38 inst=0
 1667 PASS    v=8      p=12     zw=0 zt=1 blend=1 cw=0 | vs[proj][   ][    ] ps='' rank=0 | tex0=4A3A8A38 inst=0
 1668 PASS    v=8      p=12     zw=0 zt=1 blend=1 cw=0 | vs[proj][   ][    ] ps='' rank=0 | tex0=4A3A8A38 inst=0
 1669 PASS    v=8      p=12     zw=0 zt=1 blend=1 cw=0 | vs[proj][   ][    ] ps='' rank=0 | tex0=4A3A8A38 inst=0
 1670 PASS    v=8      p=12     zw=0 zt=1 blend=1 cw=0 | vs[proj][   ][    ] ps='' rank=0 | tex0=4A3A8A38 inst=0
 1671 PASS    v=8      p=12     zw=0 zt=1 blend=1 cw=0 | vs[proj][   ][    ] ps='' rank=0 | tex0=4A3A8A38 inst=0
 1672 PASS    v=8      p=12     zw=0 zt=1 blend=1 cw=0 | vs[proj][   ][    ] ps='' rank=0 | tex0=4A3A8A38 inst=0
 1673 PASS    v=8      p=12     zw=0 zt=1 blend=1 cw=0 | vs[proj][   ][    ] ps='' rank=0 | tex0=4A3A8A38 inst=0
 1674 PASS    v=8      p=12     zw=0 zt=1 blend=1 cw=0 | vs[proj][   ][    ] ps='' rank=0 | tex0=4A3A8A38 inst=0
 1675 PASS    v=8      p=12     zw=0 zt=1 blend=1 cw=0 | vs[proj][   ][    ] ps='' rank=0 | tex0=4A3A8A38 inst=0
 1676 PASS    v=8      p=12     zw=0 zt=1 blend=1 cw=0 | vs[proj][   ][    ] ps='' rank=0 | tex0=4A3A8A38 inst=0
 1677 PASS    v=8      p=12     zw=0 zt=1 blend=1 cw=0 | vs[proj][   ][    ] ps='' rank=0 | tex0=4A3A8A38 inst=0
 1678 PASS    v=8      p=12     zw=0 zt=1 blend=1 cw=0 | vs[proj][   ][    ] ps='' rank=0 | tex0=4A3A8A38 inst=0
 1679 PASS    v=8      p=12     zw=0 zt=1 blend=1 cw=0 | vs[proj][   ][    ] ps='' rank=0 | tex0=4A3A8A38 inst=0
 1680 PASS    v=8      p=12     zw=0 zt=1 blend=1 cw=0 | vs[proj][   ][    ] ps='' rank=0 | tex0=4A3A8A38 inst=0
 1681 PASS    v=8      p=12     zw=0 zt=1 blend=1 cw=0 | vs[proj][   ][    ] ps='' rank=0 | tex0=4A3A8A38 inst=0
 1682 PASS    v=8      p=12     zw=0 zt=1 blend=1 cw=0 | vs[proj][   ][    ] ps='' rank=0 | tex0=4A3A8A38 inst=0
 1683 PASS    v=8      p=12     zw=0 zt=1 blend=1 cw=0 | vs[proj][   ][    ] ps='' rank=0 | tex0=4A3A8A38 inst=0
 1684 PASS    v=8      p=12     zw=0 zt=1 blend=1 cw=0 | vs[proj][   ][    ] ps='' rank=0 | tex0=4A3A8A38 inst=0
 1685 PASS    v=8      p=12     zw=0 zt=1 blend=1 cw=0 | vs[proj][   ][    ] ps='' rank=0 | tex0=4A3A8A38 inst=0
 1686 PASS    v=8      p=12     zw=0 zt=1 blend=1 cw=0 | vs[proj][   ][    ] ps='' rank=0 | tex0=4A3A8A38 inst=0
 1687 PASS    v=8      p=12     zw=0 zt=1 blend=1 cw=0 | vs[proj][   ][    ] ps='' rank=0 | tex0=4A3A8A38 inst=0
 1688 PASS    v=8      p=12     zw=0 zt=1 blend=1 cw=0 | vs[proj][   ][    ] ps='' rank=0 | tex0=4A3A8A38 inst=0
 1689 PASS    v=8      p=12     zw=0 zt=1 blend=1 cw=0 | vs[proj][   ][    ] ps='' rank=0 | tex0=4A3A8A38 inst=0
 1690 PASS    v=8      p=12     zw=0 zt=1 blend=1 cw=0 | vs[proj][   ][    ] ps='' rank=0 | tex0=4A3A8A38 inst=0
 1691 PASS    v=8      p=12     zw=0 zt=1 blend=1 cw=0 | vs[proj][   ][    ] ps='' rank=0 | tex0=4A3A8A38 inst=0
 1692 PASS    v=8      p=12     zw=0 zt=1 blend=1 cw=0 | vs[proj][   ][    ] ps='' rank=0 | tex0=4A3A8A38 inst=0
 1693 PASS    v=8      p=12     zw=0 zt=1 blend=1 cw=0 | vs[proj][   ][    ] ps='' rank=0 | tex0=4A3A8A38 inst=0
 1694 PASS    v=8      p=12     zw=0 zt=1 blend=1 cw=0 | vs[proj][   ][    ] ps='' rank=0 | tex0=4A3A8A38 inst=0
 1695 PASS    v=8      p=12     zw=0 zt=1 blend=1 cw=0 | vs[proj][   ][    ] ps='' rank=0 | tex0=4A3A8A38 inst=0
 1696 PASS    v=8      p=12     zw=0 zt=1 blend=1 cw=0 | vs[proj][   ][    ] ps='' rank=0 | tex0=4A3A8A38 inst=0
 1697 PASS    v=8      p=12     zw=0 zt=1 blend=1 cw=0 | vs[proj][   ][    ] ps='' rank=0 | tex0=4A3A8A38 inst=0
 1698 PASS    v=8      p=12     zw=0 zt=1 blend=1 cw=0 | vs[proj][   ][    ] ps='' rank=0 | tex0=4A3A8A38 inst=0
 1699 PASS    v=8      p=12     zw=0 zt=1 blend=1 cw=0 | vs[proj][   ][    ] ps='' rank=0 | tex0=4A3A8A38 inst=0
 1700 PASS    v=8      p=12     zw=0 zt=1 blend=1 cw=0 | vs[proj][   ][    ] ps='' rank=0 | tex0=4A3A8A38 inst=0
 1701 PASS    v=8      p=12     zw=0 zt=1 blend=1 cw=0 | vs[proj][   ][    ] ps='' rank=0 | tex0=4A3A8A38 inst=0
 1702 PASS    v=8      p=12     zw=0 zt=1 blend=1 cw=0 | vs[proj][   ][    ] ps='' rank=0 | tex0=4A3A8A38 inst=0
 1703 PASS    v=8      p=12     zw=0 zt=1 blend=1 cw=0 | vs[proj][   ][    ] ps='' rank=0 | tex0=4A3A8A38 inst=0
 1704 PASS    v=8      p=12     zw=0 zt=1 blend=1 cw=0 | vs[proj][   ][    ] ps='' rank=0 | tex0=4A3A8A38 inst=0
 1705 PASS    v=8      p=12     zw=0 zt=1 blend=1 cw=0 | vs[proj][   ][    ] ps='' rank=0 | tex0=4A3A8A38 inst=0
 1706 PASS    v=8      p=12     zw=0 zt=1 blend=1 cw=0 | vs[proj][   ][    ] ps='' rank=0 | tex0=4A3A8A38 inst=0
 1707 PASS    v=8      p=12     zw=0 zt=1 blend=1 cw=0 | vs[proj][   ][    ] ps='' rank=0 | tex0=4A3A8A38 inst=0
 1708 PASS    v=8      p=12     zw=0 zt=1 blend=1 cw=0 | vs[proj][   ][    ] ps='' rank=0 | tex0=4A3A8A38 inst=0
 1709 PASS    v=8      p=12     zw=0 zt=1 blend=1 cw=0 | vs[proj][   ][    ] ps='' rank=0 | tex0=4A3A8A38 inst=0
 1710 PASS    v=8      p=12     zw=0 zt=1 blend=1 cw=0 | vs[proj][   ][    ] ps='' rank=0 | tex0=4A3A8A38 inst=0
 1711 PASS    v=8      p=12     zw=0 zt=1 blend=1 cw=0 | vs[proj][   ][    ] ps='' rank=0 | tex0=4A3A8A38 inst=0
 1712 PASS    v=8      p=12     zw=0 zt=1 blend=1 cw=0 | vs[proj][   ][    ] ps='' rank=0 | tex0=4A3A8A38 inst=0
 1713 PASS    v=8      p=12     zw=0 zt=1 blend=1 cw=0 | vs[proj][   ][    ] ps='' rank=0 | tex0=4A3A8A38 inst=0
 1714 PASS    v=8      p=12     zw=0 zt=1 blend=1 cw=0 | vs[proj][   ][    ] ps='' rank=0 | tex0=4A3A8A38 inst=0
 1715 PASS    v=8      p=12     zw=0 zt=1 blend=1 cw=0 | vs[proj][   ][    ] ps='' rank=0 | tex0=4A3A8A38 inst=0
 1716 PASS    v=8      p=12     zw=0 zt=1 blend=1 cw=0 | vs[proj][   ][    ] ps='' rank=0 | tex0=4A3A8A38 inst=0
 1717 PASS    v=8      p=12     zw=0 zt=1 blend=1 cw=0 | vs[proj][   ][    ] ps='' rank=0 | tex0=4A3A8A38 inst=0
 1718 PASS    v=8      p=12     zw=0 zt=1 blend=1 cw=0 | vs[proj][   ][    ] ps='' rank=0 | tex0=4A3A8A38 inst=0
 1719 PASS    v=8      p=12     zw=0 zt=1 blend=1 cw=0 | vs[proj][   ][    ] ps='' rank=0 | tex0=4A3A8A38 inst=0
 1720 PASS    v=8      p=12     zw=0 zt=1 blend=1 cw=0 | vs[proj][   ][    ] ps='' rank=0 | tex0=4A3A8A38 inst=0
 1721 PASS    v=8      p=12     zw=0 zt=1 blend=1 cw=0 | vs[proj][   ][    ] ps='' rank=0 | tex0=4A3A8A38 inst=0
 1722 PASS    v=8      p=12     zw=0 zt=1 blend=1 cw=0 | vs[proj][   ][    ] ps='' rank=0 | tex0=4A3A8A38 inst=0
 1723 PASS    v=8      p=12     zw=0 zt=1 blend=1 cw=0 | vs[proj][   ][    ] ps='' rank=0 | tex0=4A3A8A38 inst=0
 1724 PASS    v=8      p=12     zw=0 zt=1 blend=1 cw=0 | vs[proj][   ][    ] ps='' rank=0 | tex0=4A3A8A38 inst=0
 1725 PASS    v=8      p=12     zw=0 zt=1 blend=1 cw=0 | vs[proj][   ][    ] ps='' rank=0 | tex0=4A3A8A38 inst=0
 1726 PASS    v=8      p=12     zw=0 zt=1 blend=1 cw=0 | vs[proj][   ][    ] ps='' rank=0 | tex0=4A3A8A38 inst=0
 1727 PASS    v=8      p=12     zw=0 zt=1 blend=1 cw=0 | vs[proj][   ][    ] ps='' rank=0 | tex0=4A3A8A38 inst=0
 1728 PASS    v=8      p=12     zw=0 zt=1 blend=1 cw=0 | vs[proj][   ][    ] ps='' rank=0 | tex0=4A3A8A38 inst=0
 1729 PASS    v=8      p=12     zw=0 zt=1 blend=1 cw=0 | vs[proj][   ][    ] ps='' rank=0 | tex0=4A3A8A38 inst=0
 1730 PASS    v=8      p=12     zw=0 zt=1 blend=1 cw=0 | vs[proj][   ][    ] ps='' rank=0 | tex0=4A3A8A38 inst=0
 1731 PASS    v=8      p=12     zw=0 zt=1 blend=1 cw=0 | vs[proj][   ][    ] ps='' rank=0 | tex0=4A3A8A38 inst=0
 1732 PASS    v=8      p=12     zw=0 zt=1 blend=1 cw=0 | vs[proj][   ][    ] ps='' rank=0 | tex0=4A3A8A38 inst=0
 1733 PASS    v=8      p=12     zw=0 zt=1 blend=1 cw=0 | vs[proj][   ][    ] ps='' rank=0 | tex0=4A3A8A38 inst=0
 1734 PASS    v=8      p=12     zw=0 zt=1 blend=1 cw=0 | vs[proj][   ][    ] ps='' rank=0 | tex0=4A3A8A38 inst=0
 1735 PASS    v=8      p=12     zw=0 zt=1 blend=1 cw=0 | vs[proj][   ][    ] ps='' rank=0 | tex0=4A3A8A38 inst=0
 1736 PASS    v=8      p=12     zw=0 zt=1 blend=1 cw=0 | vs[proj][   ][    ] ps='' rank=0 | tex0=4A3A8A38 inst=0
 1737 PASS    v=8      p=12     zw=0 zt=1 blend=1 cw=0 | vs[proj][   ][    ] ps='' rank=0 | tex0=4A3A8A38 inst=0
 1738 PASS    v=8      p=12     zw=0 zt=1 blend=1 cw=0 | vs[proj][   ][    ] ps='' rank=0 | tex0=4A3A8A38 inst=0
 1739 PASS    v=8      p=12     zw=0 zt=1 blend=1 cw=0 | vs[proj][   ][    ] ps='' rank=0 | tex0=4A3A8A38 inst=0
 1740 PASS    v=8      p=12     zw=0 zt=1 blend=1 cw=0 | vs[proj][   ][    ] ps='' rank=0 | tex0=4A3A8A38 inst=0
 1741 PASS    v=8      p=12     zw=0 zt=1 blend=1 cw=0 | vs[proj][   ][    ] ps='' rank=0 | tex0=4A3A8A38 inst=0
 1742 PASS    v=8      p=12     zw=0 zt=1 blend=1 cw=0 | vs[proj][   ][    ] ps='' rank=0 | tex0=4A3A8A38 inst=0
 1743 PASS    v=8      p=12     zw=0 zt=1 blend=1 cw=0 | vs[proj][   ][    ] ps='' rank=0 | tex0=4A3A8A38 inst=0
 1744 PASS    v=8      p=12     zw=0 zt=1 blend=1 cw=0 | vs[proj][   ][    ] ps='' rank=0 | tex0=4A3A8A38 inst=0
 1745 PASS    v=8      p=12     zw=0 zt=1 blend=1 cw=0 | vs[proj][   ][    ] ps='' rank=0 | tex0=4A3A8A38 inst=0
 1746 PASS    v=8      p=12     zw=0 zt=1 blend=1 cw=0 | vs[proj][   ][    ] ps='' rank=0 | tex0=4A3A8A38 inst=0
 1747 PASS    v=8      p=12     zw=0 zt=1 blend=1 cw=0 | vs[proj][   ][    ] ps='' rank=0 | tex0=4A3A8A38 inst=0
 1748 PASS    v=8      p=12     zw=0 zt=1 blend=1 cw=0 | vs[proj][   ][    ] ps='' rank=0 | tex0=4A3A8A38 inst=0
 1749 PASS    v=8      p=12     zw=0 zt=1 blend=1 cw=0 | vs[proj][   ][    ] ps='' rank=0 | tex0=4A3A8A38 inst=0
 1750 PASS    v=8      p=12     zw=0 zt=1 blend=1 cw=0 | vs[proj][   ][    ] ps='' rank=0 | tex0=4A3A8A38 inst=0
 1751 PASS    v=8      p=12     zw=0 zt=1 blend=1 cw=0 | vs[proj][   ][    ] ps='' rank=0 | tex0=4A3A8A38 inst=0
 1752 PASS    v=8      p=12     zw=0 zt=1 blend=1 cw=0 | vs[proj][   ][    ] ps='' rank=0 | tex0=4A3A8A38 inst=0
 1753 PASS    v=8      p=12     zw=0 zt=1 blend=1 cw=0 | vs[proj][   ][    ] ps='' rank=0 | tex0=4A3A8A38 inst=0
 1754 PASS    v=8      p=12     zw=0 zt=1 blend=1 cw=0 | vs[proj][   ][    ] ps='' rank=0 | tex0=4A3A8A38 inst=0
 1755 PASS    v=8      p=12     zw=0 zt=1 blend=1 cw=0 | vs[proj][   ][    ] ps='' rank=0 | tex0=4A3A8A38 inst=0
 1756 PASS    v=8      p=12     zw=0 zt=1 blend=1 cw=0 | vs[proj][   ][    ] ps='' rank=0 | tex0=4A3A8A38 inst=0
 1757 PASS    v=8      p=12     zw=0 zt=1 blend=1 cw=0 | vs[proj][   ][    ] ps='' rank=0 | tex0=4A3A8A38 inst=0
 1758 PASS    v=8      p=12     zw=0 zt=1 blend=1 cw=0 | vs[proj][   ][    ] ps='' rank=0 | tex0=4A3A8A38 inst=0
 1759 PASS    v=8      p=12     zw=0 zt=1 blend=1 cw=0 | vs[proj][   ][    ] ps='' rank=0 | tex0=4A3A8A38 inst=0
 1760 PASS    v=8      p=12     zw=0 zt=1 blend=1 cw=0 | vs[proj][   ][    ] ps='' rank=0 | tex0=4A3A8A38 inst=0
 1761 PASS    v=8      p=12     zw=0 zt=1 blend=1 cw=0 | vs[proj][   ][    ] ps='' rank=0 | tex0=4A3A8A38 inst=0
 1762 PASS    v=8      p=12     zw=0 zt=1 blend=1 cw=0 | vs[proj][   ][    ] ps='' rank=0 | tex0=4A3A8A38 inst=0
 1763 PASS    v=8      p=12     zw=0 zt=1 blend=1 cw=0 | vs[proj][   ][    ] ps='' rank=0 | tex0=4A3A8A38 inst=0
 1764 PASS    v=8      p=12     zw=0 zt=1 blend=1 cw=0 | vs[proj][   ][    ] ps='' rank=0 | tex0=4A3A8A38 inst=0
 1765 PASS    v=8      p=12     zw=0 zt=1 blend=1 cw=0 | vs[proj][   ][    ] ps='' rank=0 | tex0=4A3A8A38 inst=0
 1766 PASS    v=8      p=12     zw=0 zt=1 blend=1 cw=0 | vs[proj][   ][    ] ps='' rank=0 | tex0=4A3A8A38 inst=0
 1767 PASS    v=8      p=12     zw=0 zt=1 blend=1 cw=0 | vs[proj][   ][    ] ps='' rank=0 | tex0=4A3A8A38 inst=0
 1768 PASS    v=8      p=12     zw=0 zt=1 blend=1 cw=0 | vs[proj][   ][    ] ps='' rank=0 | tex0=4A3A8A38 inst=0
 1769 PASS    v=8      p=12     zw=0 zt=1 blend=1 cw=0 | vs[proj][   ][    ] ps='' rank=0 | tex0=4A3A8A38 inst=0
 1770 PASS    v=8      p=12     zw=0 zt=1 blend=1 cw=0 | vs[proj][   ][    ] ps='' rank=0 | tex0=4A3A8A38 inst=0
 1771 PASS    v=8      p=12     zw=0 zt=1 blend=1 cw=0 | vs[proj][   ][    ] ps='' rank=0 | tex0=4A3A8A38 inst=0
 1772 PASS    v=8      p=12     zw=0 zt=1 blend=1 cw=0 | vs[proj][   ][    ] ps='' rank=0 | tex0=4A3A8A38 inst=0
 1773 PASS    v=8      p=12     zw=0 zt=1 blend=1 cw=0 | vs[proj][   ][    ] ps='' rank=0 | tex0=4A3A8A38 inst=0
 1774 PASS    v=8      p=12     zw=0 zt=1 blend=1 cw=0 | vs[proj][   ][    ] ps='' rank=0 | tex0=4A3A8A38 inst=0
 1775 PASS    v=8      p=12     zw=0 zt=1 blend=1 cw=0 | vs[proj][   ][    ] ps='' rank=0 | tex0=4A3A8A38 inst=0
 1776 PASS    v=8      p=12     zw=0 zt=1 blend=1 cw=0 | vs[proj][   ][    ] ps='' rank=0 | tex0=4A3A8A38 inst=0
 1777 PASS    v=8      p=12     zw=0 zt=1 blend=1 cw=0 | vs[proj][   ][    ] ps='' rank=0 | tex0=4A3A8A38 inst=0
 1778 PASS    v=8      p=12     zw=0 zt=1 blend=1 cw=0 | vs[proj][   ][    ] ps='' rank=0 | tex0=4A3A8A38 inst=0
 1779 PASS    v=8      p=12     zw=0 zt=1 blend=1 cw=0 | vs[proj][   ][    ] ps='' rank=0 | tex0=4A3A8A38 inst=0
 1780 PASS    v=8      p=12     zw=0 zt=1 blend=1 cw=0 | vs[proj][   ][    ] ps='' rank=0 | tex0=4A3A8A38 inst=0
 1781 PASS    v=8      p=12     zw=0 zt=1 blend=1 cw=0 | vs[proj][   ][    ] ps='' rank=0 | tex0=4A3A8A38 inst=0
 1782 PASS    v=8      p=12     zw=0 zt=1 blend=1 cw=0 | vs[proj][   ][    ] ps='' rank=0 | tex0=4A3A8A38 inst=0
 1783 PASS    v=8      p=12     zw=0 zt=1 blend=1 cw=0 | vs[proj][   ][    ] ps='' rank=0 | tex0=4A3A8A38 inst=0
 1784 PASS    v=8      p=12     zw=0 zt=1 blend=1 cw=0 | vs[proj][   ][    ] ps='' rank=0 | tex0=4A3A8A38 inst=0
 1785 PASS    v=8      p=12     zw=0 zt=1 blend=1 cw=0 | vs[proj][   ][    ] ps='' rank=0 | tex0=4A3A8A38 inst=0
 1786 PASS    v=8      p=12     zw=0 zt=1 blend=1 cw=0 | vs[proj][   ][    ] ps='' rank=0 | tex0=4A3A8A38 inst=0
 1787 PASS    v=8      p=12     zw=0 zt=1 blend=1 cw=0 | vs[proj][   ][    ] ps='' rank=0 | tex0=4A3A8A38 inst=0
 1788 PASS    v=8      p=12     zw=0 zt=1 blend=1 cw=0 | vs[proj][   ][    ] ps='' rank=0 | tex0=4A3A8A38 inst=0
 1789 PASS    v=8      p=12     zw=0 zt=1 blend=1 cw=0 | vs[proj][   ][    ] ps='' rank=0 | tex0=4A3A8A38 inst=0
 1790 PASS    v=8      p=12     zw=0 zt=1 blend=1 cw=0 | vs[proj][   ][    ] ps='' rank=0 | tex0=4A3A8A38 inst=0
 1791 PASS    v=8      p=12     zw=0 zt=1 blend=1 cw=0 | vs[proj][   ][    ] ps='' rank=0 | tex0=4A3A8A38 inst=0
 1792 PASS    v=8      p=12     zw=0 zt=1 blend=1 cw=0 | vs[proj][   ][    ] ps='' rank=0 | tex0=4A3A8A38 inst=0
 1793 PASS    v=8      p=12     zw=0 zt=1 blend=1 cw=0 | vs[proj][   ][    ] ps='' rank=0 | tex0=4A3A8A38 inst=0
 1794 PASS    v=8      p=12     zw=0 zt=1 blend=1 cw=0 | vs[proj][   ][    ] ps='' rank=0 | tex0=4A3A8A38 inst=0
 1795 PASS    v=8      p=12     zw=0 zt=1 blend=1 cw=0 | vs[proj][   ][    ] ps='' rank=0 | tex0=4A3A8A38 inst=0
 1796 PASS    v=8      p=12     zw=0 zt=1 blend=1 cw=0 | vs[proj][   ][    ] ps='' rank=0 | tex0=4A3A8A38 inst=0
 1797 PASS    v=8      p=12     zw=0 zt=1 blend=1 cw=0 | vs[proj][   ][    ] ps='' rank=0 | tex0=4A3A8A38 inst=0
 1798 PASS    v=8      p=12     zw=0 zt=1 blend=1 cw=0 | vs[proj][   ][    ] ps='' rank=0 | tex0=4A3A8A38 inst=0
 1799 PASS    v=8      p=12     zw=0 zt=1 blend=1 cw=0 | vs[proj][   ][    ] ps='' rank=0 | tex0=4A3A8A38 inst=0
 1800 PASS    v=8      p=12     zw=0 zt=1 blend=1 cw=0 | vs[proj][   ][    ] ps='' rank=0 | tex0=4A3A8A38 inst=0
 1801 PASS    v=8      p=12     zw=0 zt=1 blend=1 cw=0 | vs[proj][   ][    ] ps='' rank=0 | tex0=4A3A8A38 inst=0
 1802 PASS    v=8      p=12     zw=0 zt=1 blend=1 cw=0 | vs[proj][   ][    ] ps='' rank=0 | tex0=4A3A8A38 inst=0
 1803 PASS    v=8      p=12     zw=0 zt=1 blend=1 cw=0 | vs[proj][   ][    ] ps='' rank=0 | tex0=4A3A8A38 inst=0
 1804 PASS    v=8      p=12     zw=0 zt=1 blend=1 cw=0 | vs[proj][   ][    ] ps='' rank=0 | tex0=4A3A8A38 inst=0
 1805 PASS    v=8      p=12     zw=0 zt=1 blend=1 cw=0 | vs[proj][   ][    ] ps='' rank=0 | tex0=4A3A8A38 inst=0
 1806 PASS    v=8      p=12     zw=0 zt=1 blend=1 cw=0 | vs[proj][   ][    ] ps='' rank=0 | tex0=4A3A8A38 inst=0
 1807 PASS    v=8      p=12     zw=0 zt=1 blend=1 cw=0 | vs[proj][   ][    ] ps='' rank=0 | tex0=4A3A8A38 inst=0
 1808 PASS    v=8      p=12     zw=0 zt=1 blend=1 cw=0 | vs[proj][   ][    ] ps='' rank=0 | tex0=4A3A8A38 inst=0
 1809 PASS    v=8      p=12     zw=0 zt=1 blend=1 cw=0 | vs[proj][   ][    ] ps='' rank=0 | tex0=4A3A8A38 inst=0
 1810 PASS    v=8      p=12     zw=0 zt=1 blend=1 cw=0 | vs[proj][   ][    ] ps='' rank=0 | tex0=4A3A8A38 inst=0
 1811 PASS    v=8      p=12     zw=0 zt=1 blend=1 cw=0 | vs[proj][   ][    ] ps='' rank=0 | tex0=4A3A8A38 inst=0
 1812 PASS    v=8      p=12     zw=0 zt=1 blend=1 cw=0 | vs[proj][   ][    ] ps='' rank=0 | tex0=4A3A8A38 inst=0
 1813 PASS    v=8      p=12     zw=0 zt=1 blend=1 cw=0 | vs[proj][   ][    ] ps='' rank=0 | tex0=4A3A8A38 inst=0
 1814 PASS    v=8      p=12     zw=0 zt=1 blend=1 cw=0 | vs[proj][   ][    ] ps='' rank=0 | tex0=4A3A8A38 inst=0
 1815 PASS    v=8      p=12     zw=0 zt=1 blend=1 cw=0 | vs[proj][   ][    ] ps='' rank=0 | tex0=4A3A8A38 inst=0
 1816 PASS    v=8      p=12     zw=0 zt=1 blend=1 cw=0 | vs[proj][   ][    ] ps='' rank=0 | tex0=4A3A8A38 inst=0
 1817 PASS    v=8      p=12     zw=0 zt=1 blend=1 cw=0 | vs[proj][   ][    ] ps='' rank=0 | tex0=4A3A8A38 inst=0
 1818 PASS    v=8      p=12     zw=0 zt=1 blend=1 cw=0 | vs[proj][   ][    ] ps='' rank=0 | tex0=4A3A8A38 inst=0
 1819 PASS    v=8      p=12     zw=0 zt=1 blend=1 cw=0 | vs[proj][   ][    ] ps='' rank=0 | tex0=4A3A8A38 inst=0
 1820 PASS    v=8      p=12     zw=0 zt=1 blend=1 cw=0 | vs[proj][   ][    ] ps='' rank=0 | tex0=4A3A8A38 inst=0
 1821 PASS    v=8      p=12     zw=0 zt=1 blend=1 cw=0 | vs[proj][   ][    ] ps='' rank=0 | tex0=4A3A8A38 inst=0
 1822 PASS    v=8      p=12     zw=0 zt=1 blend=1 cw=0 | vs[proj][   ][    ] ps='' rank=0 | tex0=4A3A8A38 inst=0
 1823 PASS    v=8      p=12     zw=0 zt=1 blend=1 cw=0 | vs[proj][   ][    ] ps='' rank=0 | tex0=4A3A8A38 inst=0
 1824 PASS    v=8      p=12     zw=0 zt=1 blend=1 cw=0 | vs[proj][   ][    ] ps='' rank=0 | tex0=4A3A8A38 inst=0
 1825 PASS    v=8      p=12     zw=0 zt=1 blend=1 cw=0 | vs[proj][   ][    ] ps='' rank=0 | tex0=4A3A8A38 inst=0
 1826 PASS    v=8      p=12     zw=0 zt=1 blend=1 cw=0 | vs[proj][   ][    ] ps='' rank=0 | tex0=4A3A8A38 inst=0
 1827 PASS    v=8      p=12     zw=0 zt=1 blend=1 cw=0 | vs[proj][   ][    ] ps='' rank=0 | tex0=4A3A8A38 inst=0
 1828 PASS    v=8      p=12     zw=0 zt=1 blend=1 cw=0 | vs[proj][   ][    ] ps='' rank=0 | tex0=4A3A8A38 inst=0
 1829 PASS    v=8      p=12     zw=0 zt=1 blend=1 cw=0 | vs[proj][   ][    ] ps='' rank=0 | tex0=4A3A8A38 inst=0
 1830 PASS    v=8      p=12     zw=0 zt=1 blend=1 cw=0 | vs[proj][   ][    ] ps='' rank=0 | tex0=4A3A8A38 inst=0
 1831 PASS    v=8      p=12     zw=0 zt=1 blend=1 cw=0 | vs[proj][   ][    ] ps='' rank=0 | tex0=4A3A8A38 inst=0
 1832 PASS    v=8      p=12     zw=0 zt=1 blend=1 cw=0 | vs[proj][   ][    ] ps='' rank=0 | tex0=4A3A8A38 inst=0
 1833 PASS    v=8      p=12     zw=0 zt=1 blend=1 cw=0 | vs[proj][   ][    ] ps='' rank=0 | tex0=4A3A8A38 inst=0
 1834 PASS    v=8      p=12     zw=0 zt=1 blend=1 cw=0 | vs[proj][   ][    ] ps='' rank=0 | tex0=4A3A8A38 inst=0
 1835 PASS    v=8      p=12     zw=0 zt=1 blend=1 cw=0 | vs[proj][   ][    ] ps='' rank=0 | tex0=4A3A8A38 inst=0
 1836 PASS    v=8      p=12     zw=0 zt=1 blend=1 cw=0 | vs[proj][   ][    ] ps='' rank=0 | tex0=4A3A8A38 inst=0
 1837 PASS    v=8      p=12     zw=0 zt=1 blend=1 cw=0 | vs[proj][   ][    ] ps='' rank=0 | tex0=4A3A8A38 inst=0
 1838 PASS    v=8      p=12     zw=0 zt=1 blend=1 cw=0 | vs[proj][   ][    ] ps='' rank=0 | tex0=4A3A8A38 inst=0
 1839 PASS    v=8      p=12     zw=0 zt=1 blend=1 cw=0 | vs[proj][   ][    ] ps='' rank=0 | tex0=4A3A8A38 inst=0
 1840 PASS    v=8      p=12     zw=0 zt=1 blend=1 cw=0 | vs[proj][   ][    ] ps='' rank=0 | tex0=4A3A8A38 inst=0
 1841 PASS    v=8      p=12     zw=0 zt=1 blend=1 cw=0 | vs[proj][   ][    ] ps='' rank=0 | tex0=4A3A8A38 inst=0
 1842 PASS    v=8      p=12     zw=0 zt=1 blend=1 cw=0 | vs[proj][   ][    ] ps='' rank=0 | tex0=4A3A8A38 inst=0
 1843 PASS    v=8      p=12     zw=0 zt=1 blend=1 cw=0 | vs[proj][   ][    ] ps='' rank=0 | tex0=4A3A8A38 inst=0
 1844 PASS    v=8      p=12     zw=0 zt=1 blend=1 cw=0 | vs[proj][   ][    ] ps='' rank=0 | tex0=4A3A8A38 inst=0
 1845 PASS    v=8      p=12     zw=0 zt=1 blend=1 cw=0 | vs[proj][   ][    ] ps='' rank=0 | tex0=4A3A8A38 inst=0
 1846 PASS    v=8      p=12     zw=0 zt=1 blend=1 cw=0 | vs[proj][   ][    ] ps='' rank=0 | tex0=4A3A8A38 inst=0
 1847 PASS    v=8      p=12     zw=0 zt=1 blend=1 cw=0 | vs[proj][   ][    ] ps='' rank=0 | tex0=4A3A8A38 inst=0
 1848 PASS    v=8      p=12     zw=0 zt=1 blend=1 cw=0 | vs[proj][   ][    ] ps='' rank=0 | tex0=4A3A8A38 inst=0
 1849 PASS    v=8      p=12     zw=0 zt=1 blend=1 cw=0 | vs[proj][   ][    ] ps='' rank=0 | tex0=4A3A8A38 inst=0
 1850 PASS    v=8      p=12     zw=0 zt=1 blend=1 cw=0 | vs[proj][   ][    ] ps='' rank=0 | tex0=4A3A8A38 inst=0
 1851 PASS    v=8      p=12     zw=0 zt=1 blend=1 cw=0 | vs[proj][   ][    ] ps='' rank=0 | tex0=4A3A8A38 inst=0
 1852 PASS    v=8      p=12     zw=0 zt=1 blend=1 cw=0 | vs[proj][   ][    ] ps='' rank=0 | tex0=4A3A8A38 inst=0
 1853 PASS    v=8      p=12     zw=0 zt=1 blend=1 cw=0 | vs[proj][   ][    ] ps='' rank=0 | tex0=4A3A8A38 inst=0
 1854 PASS    v=8      p=12     zw=0 zt=1 blend=1 cw=0 | vs[proj][   ][    ] ps='' rank=0 | tex0=4A3A8A38 inst=0
 1855 PASS    v=8      p=12     zw=0 zt=1 blend=1 cw=0 | vs[proj][   ][    ] ps='' rank=0 | tex0=4A3A8A38 inst=0
 1856 PASS    v=8      p=12     zw=0 zt=1 blend=1 cw=0 | vs[proj][   ][    ] ps='' rank=0 | tex0=4A3A8A38 inst=0
 1857 PASS    v=8      p=12     zw=0 zt=1 blend=1 cw=0 | vs[proj][   ][    ] ps='' rank=0 | tex0=4A3A8A38 inst=0
 1858 PASS    v=8      p=12     zw=0 zt=1 blend=1 cw=0 | vs[proj][   ][    ] ps='' rank=0 | tex0=4A3A8A38 inst=0
 1859 PASS    v=8      p=12     zw=0 zt=1 blend=1 cw=0 | vs[proj][   ][    ] ps='' rank=0 | tex0=4A3A8A38 inst=0
 1860 PASS    v=8      p=12     zw=0 zt=1 blend=1 cw=0 | vs[proj][   ][    ] ps='' rank=0 | tex0=4A3A8A38 inst=0
 1861 PASS    v=8      p=12     zw=0 zt=1 blend=1 cw=0 | vs[proj][   ][    ] ps='' rank=0 | tex0=4A3A8A38 inst=0
 1862 PASS    v=8      p=12     zw=0 zt=1 blend=1 cw=0 | vs[proj][   ][    ] ps='' rank=0 | tex0=4A3A8A38 inst=0
 1863 PASS    v=8      p=12     zw=0 zt=1 blend=1 cw=0 | vs[proj][   ][    ] ps='' rank=0 | tex0=4A3A8A38 inst=0
 1864 PASS    v=8      p=12     zw=0 zt=1 blend=1 cw=0 | vs[proj][   ][    ] ps='' rank=0 | tex0=4A3A8A38 inst=0
 1865 PASS    v=8      p=12     zw=0 zt=1 blend=1 cw=0 | vs[proj][   ][    ] ps='' rank=0 | tex0=4A3A8A38 inst=0
 1866 PASS    v=8      p=12     zw=0 zt=1 blend=1 cw=0 | vs[proj][   ][    ] ps='' rank=0 | tex0=4A3A8A38 inst=0
 1867 PASS    v=8      p=12     zw=0 zt=1 blend=1 cw=0 | vs[proj][   ][    ] ps='' rank=0 | tex0=4A3A8A38 inst=0
 1868 PASS    v=8      p=12     zw=0 zt=1 blend=1 cw=0 | vs[proj][   ][    ] ps='' rank=0 | tex0=4A3A8A38 inst=0
 1869 PASS    v=8      p=12     zw=0 zt=1 blend=1 cw=0 | vs[proj][   ][    ] ps='' rank=0 | tex0=4A3A8A38 inst=0
 1870 PASS    v=8      p=12     zw=0 zt=1 blend=1 cw=0 | vs[proj][   ][    ] ps='' rank=0 | tex0=4A3A8A38 inst=0
 1871 PASS    v=8      p=12     zw=0 zt=1 blend=1 cw=0 | vs[proj][   ][    ] ps='' rank=0 | tex0=4A3A8A38 inst=0
 1872 PASS    v=8      p=12     zw=0 zt=1 blend=1 cw=0 | vs[proj][   ][    ] ps='' rank=0 | tex0=4A3A8A38 inst=0
 1873 PASS    v=8      p=12     zw=0 zt=1 blend=1 cw=0 | vs[proj][   ][    ] ps='' rank=0 | tex0=4A3A8A38 inst=0
 1874 PASS    v=8      p=12     zw=0 zt=1 blend=1 cw=0 | vs[proj][   ][    ] ps='' rank=0 | tex0=4A3A8A38 inst=0
 1875 PASS    v=8      p=12     zw=0 zt=1 blend=1 cw=0 | vs[proj][   ][    ] ps='' rank=0 | tex0=4A3A8A38 inst=0
 1876 PASS    v=8      p=12     zw=0 zt=1 blend=1 cw=0 | vs[proj][   ][    ] ps='' rank=0 | tex0=4A3A8A38 inst=0
 1877 PASS    v=8      p=12     zw=0 zt=1 blend=1 cw=0 | vs[proj][   ][    ] ps='' rank=0 | tex0=4A3A8A38 inst=0
 1878 PASS    v=8      p=12     zw=0 zt=1 blend=1 cw=0 | vs[proj][   ][    ] ps='' rank=0 | tex0=4A3A8A38 inst=0
 1879 PASS    v=8      p=12     zw=0 zt=1 blend=1 cw=0 | vs[proj][   ][    ] ps='' rank=0 | tex0=4A3A8A38 inst=0
 1880 PASS    v=8      p=12     zw=0 zt=1 blend=1 cw=0 | vs[proj][   ][    ] ps='' rank=0 | tex0=4A3A8A38 inst=0
 1881 PASS    v=8      p=12     zw=0 zt=1 blend=1 cw=0 | vs[proj][   ][    ] ps='' rank=0 | tex0=4A3A8A38 inst=0
 1882 PASS    v=8      p=12     zw=0 zt=1 blend=1 cw=0 | vs[proj][   ][    ] ps='' rank=0 | tex0=4A3A8A38 inst=0
 1883 PASS    v=8      p=12     zw=0 zt=1 blend=1 cw=0 | vs[proj][   ][    ] ps='' rank=0 | tex0=4A3A8A38 inst=0
 1884 PASS    v=8      p=12     zw=0 zt=1 blend=1 cw=0 | vs[proj][   ][    ] ps='' rank=0 | tex0=4A3A8A38 inst=0
 1885 PASS    v=8      p=12     zw=0 zt=1 blend=1 cw=0 | vs[proj][   ][    ] ps='' rank=0 | tex0=4A3A8A38 inst=0
 1886 PASS    v=8      p=12     zw=0 zt=1 blend=1 cw=0 | vs[proj][   ][    ] ps='' rank=0 | tex0=4A3A8A38 inst=0
 1887 PASS    v=8      p=12     zw=0 zt=1 blend=1 cw=0 | vs[proj][   ][    ] ps='' rank=0 | tex0=4A3A8A38 inst=0
 1888 PASS    v=8      p=12     zw=0 zt=1 blend=1 cw=0 | vs[proj][   ][    ] ps='' rank=0 | tex0=4A3A8A38 inst=0
 1889 PASS    v=8      p=12     zw=0 zt=1 blend=1 cw=0 | vs[proj][   ][    ] ps='' rank=0 | tex0=4A3A8A38 inst=0
 1890 PASS    v=8      p=12     zw=0 zt=1 blend=1 cw=0 | vs[proj][   ][    ] ps='' rank=0 | tex0=4A3A8A38 inst=0
 1891 PASS    v=8      p=12     zw=0 zt=1 blend=1 cw=0 | vs[proj][   ][    ] ps='' rank=0 | tex0=4A3A8A38 inst=0
 1892 PASS    v=8      p=12     zw=0 zt=1 blend=1 cw=0 | vs[proj][   ][    ] ps='' rank=0 | tex0=4A3A8A38 inst=0
 1893 PASS    v=8      p=12     zw=0 zt=1 blend=1 cw=0 | vs[proj][   ][    ] ps='' rank=0 | tex0=4A3A8A38 inst=0
 1894 PASS    v=8      p=12     zw=0 zt=1 blend=1 cw=0 | vs[proj][   ][    ] ps='' rank=0 | tex0=4A3A8A38 inst=0
 1895 PASS    v=8      p=12     zw=0 zt=1 blend=1 cw=0 | vs[proj][   ][    ] ps='' rank=0 | tex0=4A3A8A38 inst=0
 1896 PASS    v=8      p=12     zw=0 zt=1 blend=1 cw=0 | vs[proj][   ][    ] ps='' rank=0 | tex0=4A3A8A38 inst=0
 1897 PASS    v=8      p=12     zw=0 zt=1 blend=1 cw=0 | vs[proj][   ][    ] ps='' rank=0 | tex0=4A3A8A38 inst=0
 1898 PASS    v=8      p=12     zw=0 zt=1 blend=1 cw=0 | vs[proj][   ][    ] ps='' rank=0 | tex0=4A3A8A38 inst=0
 1899 PASS    v=8      p=12     zw=0 zt=1 blend=1 cw=0 | vs[proj][   ][    ] ps='' rank=0 | tex0=4A3A8A38 inst=0
 1900 PASS    v=8      p=12     zw=0 zt=1 blend=1 cw=0 | vs[proj][   ][    ] ps='' rank=0 | tex0=4A3A8A38 inst=0
 1901 PASS    v=8      p=12     zw=0 zt=1 blend=1 cw=0 | vs[proj][   ][    ] ps='' rank=0 | tex0=4A3A8A38 inst=0
 1902 PASS    v=8      p=12     zw=0 zt=1 blend=1 cw=0 | vs[proj][   ][    ] ps='' rank=0 | tex0=4A3A8A38 inst=0
 1903 PASS    v=8      p=12     zw=0 zt=1 blend=1 cw=0 | vs[proj][   ][    ] ps='' rank=0 | tex0=4A3A8A38 inst=0
 1904 PASS    v=8      p=12     zw=0 zt=1 blend=1 cw=0 | vs[proj][   ][    ] ps='' rank=0 | tex0=4A3A8A38 inst=0
 1905 PASS    v=8      p=12     zw=0 zt=1 blend=1 cw=0 | vs[proj][   ][    ] ps='' rank=0 | tex0=4A3A8A38 inst=0
 1906 PASS    v=8      p=12     zw=0 zt=1 blend=1 cw=0 | vs[proj][   ][    ] ps='' rank=0 | tex0=4A3A8A38 inst=0
 1907 PASS    v=8      p=12     zw=0 zt=1 blend=1 cw=0 | vs[proj][   ][    ] ps='' rank=0 | tex0=4A3A8A38 inst=0
 1908 PASS    v=8      p=12     zw=0 zt=1 blend=1 cw=0 | vs[proj][   ][    ] ps='' rank=0 | tex0=4A3A8A38 inst=0
 1909 PASS    v=8      p=12     zw=0 zt=1 blend=1 cw=0 | vs[proj][   ][    ] ps='' rank=0 | tex0=4A3A8A38 inst=0
 1910 PASS    v=8      p=12     zw=0 zt=1 blend=1 cw=0 | vs[proj][   ][    ] ps='' rank=0 | tex0=4A3A8A38 inst=0
 1911 PASS    v=8      p=12     zw=0 zt=1 blend=1 cw=0 | vs[proj][   ][    ] ps='' rank=0 | tex0=4A3A8A38 inst=0
 1912 PASS    v=8      p=12     zw=0 zt=1 blend=1 cw=0 | vs[proj][   ][    ] ps='' rank=0 | tex0=4A3A8A38 inst=0
 1913 PASS    v=8      p=12     zw=0 zt=1 blend=1 cw=0 | vs[proj][   ][    ] ps='' rank=0 | tex0=4A3A8A38 inst=0
 1914 PASS    v=8      p=12     zw=0 zt=1 blend=1 cw=0 | vs[proj][   ][    ] ps='' rank=0 | tex0=4A3A8A38 inst=0
 1915 PASS    v=8      p=12     zw=0 zt=1 blend=1 cw=0 | vs[proj][   ][    ] ps='' rank=0 | tex0=4A3A8A38 inst=0
 1916 PASS    v=8      p=12     zw=0 zt=1 blend=1 cw=0 | vs[proj][   ][    ] ps='' rank=0 | tex0=4A3A8A38 inst=0
 1917 PASS    v=8      p=12     zw=0 zt=1 blend=1 cw=0 | vs[proj][   ][    ] ps='' rank=0 | tex0=4A3A8A38 inst=0
 1918 PASS    v=8      p=12     zw=0 zt=1 blend=1 cw=0 | vs[proj][   ][    ] ps='' rank=0 | tex0=4A3A8A38 inst=0
 1919 PASS    v=8      p=12     zw=0 zt=1 blend=1 cw=0 | vs[proj][   ][    ] ps='' rank=0 | tex0=4A3A8A38 inst=0
 1920 PASS    v=8      p=12     zw=0 zt=1 blend=1 cw=0 | vs[proj][   ][    ] ps='' rank=0 | tex0=4A3A8A38 inst=0
 1921 PASS    v=8      p=12     zw=0 zt=1 blend=1 cw=0 | vs[proj][   ][    ] ps='' rank=0 | tex0=4A3A8A38 inst=0
 1922 PASS    v=8      p=12     zw=0 zt=1 blend=1 cw=0 | vs[proj][   ][    ] ps='' rank=0 | tex0=4A3A8A38 inst=0
 1923 PASS    v=8      p=12     zw=0 zt=1 blend=1 cw=0 | vs[proj][   ][    ] ps='' rank=0 | tex0=4A3A8A38 inst=0
 1924 PASS    v=8      p=12     zw=0 zt=1 blend=1 cw=0 | vs[proj][   ][    ] ps='' rank=0 | tex0=4A3A8A38 inst=0
 1925 PASS    v=8      p=12     zw=0 zt=1 blend=1 cw=0 | vs[proj][   ][    ] ps='' rank=0 | tex0=4A3A8A38 inst=0
 1926 PASS    v=8      p=12     zw=0 zt=1 blend=1 cw=0 | vs[proj][   ][    ] ps='' rank=0 | tex0=4A3A8A38 inst=0
 1927 PASS    v=8      p=12     zw=0 zt=1 blend=1 cw=0 | vs[proj][   ][    ] ps='' rank=0 | tex0=4A3A8A38 inst=0
 1928 PASS    v=8      p=12     zw=0 zt=1 blend=1 cw=0 | vs[proj][   ][    ] ps='' rank=0 | tex0=4A3A8A38 inst=0
 1929 PASS    v=8      p=12     zw=0 zt=1 blend=1 cw=0 | vs[proj][   ][    ] ps='' rank=0 | tex0=4A3A8A38 inst=0
 1930 PASS    v=8      p=12     zw=0 zt=1 blend=1 cw=0 | vs[proj][   ][    ] ps='' rank=0 | tex0=4A3A8A38 inst=0
 1931 PASS    v=8      p=12     zw=0 zt=1 blend=1 cw=0 | vs[proj][   ][    ] ps='' rank=0 | tex0=4A3A8A38 inst=0
 1932 PASS    v=8      p=12     zw=0 zt=1 blend=1 cw=0 | vs[proj][   ][    ] ps='' rank=0 | tex0=4A3A8A38 inst=0
 1933 PASS    v=8      p=12     zw=0 zt=1 blend=1 cw=0 | vs[proj][   ][    ] ps='' rank=0 | tex0=4A3A8A38 inst=0
 1934 PASS    v=8      p=12     zw=0 zt=1 blend=1 cw=0 | vs[proj][   ][    ] ps='' rank=0 | tex0=4A3A8A38 inst=0
 1935 PASS    v=8      p=12     zw=0 zt=1 blend=1 cw=0 | vs[proj][   ][    ] ps='' rank=0 | tex0=4A3A8A38 inst=0
 1936 PASS    v=8      p=12     zw=0 zt=1 blend=1 cw=0 | vs[proj][   ][    ] ps='' rank=0 | tex0=4A3A8A38 inst=0
 1937 PASS    v=8      p=12     zw=0 zt=1 blend=1 cw=0 | vs[proj][   ][    ] ps='' rank=0 | tex0=4A3A8A38 inst=0
 1938 PASS    v=8      p=12     zw=0 zt=1 blend=1 cw=0 | vs[proj][   ][    ] ps='' rank=0 | tex0=4A3A8A38 inst=0
 1939 PASS    v=8      p=12     zw=0 zt=1 blend=1 cw=0 | vs[proj][   ][    ] ps='' rank=0 | tex0=4A3A8A38 inst=0
 1940 PASS    v=8      p=12     zw=0 zt=1 blend=1 cw=0 | vs[proj][   ][    ] ps='' rank=0 | tex0=4A3A8A38 inst=0
 1941 PASS    v=8      p=12     zw=0 zt=1 blend=1 cw=0 | vs[proj][   ][    ] ps='' rank=0 | tex0=4A3A8A38 inst=0
 1942 PASS    v=8      p=12     zw=0 zt=1 blend=1 cw=0 | vs[proj][   ][    ] ps='' rank=0 | tex0=4A3A8A38 inst=0
 1943 PASS    v=8      p=12     zw=0 zt=1 blend=1 cw=0 | vs[proj][   ][    ] ps='' rank=0 | tex0=4A3A8A38 inst=0
 1944 PASS    v=8      p=12     zw=0 zt=1 blend=1 cw=0 | vs[proj][   ][    ] ps='' rank=0 | tex0=4A3A8A38 inst=0
 1945 PASS    v=8      p=12     zw=0 zt=1 blend=1 cw=0 | vs[proj][   ][    ] ps='' rank=0 | tex0=4A3A8A38 inst=0
 1946 PASS    v=8      p=12     zw=0 zt=1 blend=1 cw=0 | vs[proj][   ][    ] ps='' rank=0 | tex0=4A3A8A38 inst=0
 1947 PASS    v=8      p=12     zw=0 zt=1 blend=1 cw=0 | vs[proj][   ][    ] ps='' rank=0 | tex0=4A3A8A38 inst=0
 1948 PASS    v=8      p=12     zw=0 zt=1 blend=1 cw=0 | vs[proj][   ][    ] ps='' rank=0 | tex0=4A3A8A38 inst=0
 1949 PASS    v=8      p=12     zw=0 zt=1 blend=1 cw=0 | vs[proj][   ][    ] ps='' rank=0 | tex0=4A3A8A38 inst=0
 1950 PASS    v=8      p=12     zw=0 zt=1 blend=1 cw=0 | vs[proj][   ][    ] ps='' rank=0 | tex0=4A3A8A38 inst=0
 1951 PASS    v=8      p=12     zw=0 zt=1 blend=1 cw=0 | vs[proj][   ][    ] ps='' rank=0 | tex0=4A3A8A38 inst=0
 1952 PASS    v=8      p=12     zw=0 zt=1 blend=1 cw=0 | vs[proj][   ][    ] ps='' rank=0 | tex0=4A3A8A38 inst=0
 1953 PASS    v=8      p=12     zw=0 zt=1 blend=1 cw=0 | vs[proj][   ][    ] ps='' rank=0 | tex0=4A3A8A38 inst=0
 1954 PASS    v=8      p=12     zw=0 zt=1 blend=1 cw=0 | vs[proj][   ][    ] ps='' rank=0 | tex0=4A3A8A38 inst=0
 1955 PASS    v=8      p=12     zw=0 zt=1 blend=1 cw=0 | vs[proj][   ][    ] ps='' rank=0 | tex0=4A3A8A38 inst=0
 1956 PASS    v=8      p=12     zw=0 zt=1 blend=1 cw=0 | vs[proj][   ][    ] ps='' rank=0 | tex0=4A3A8A38 inst=0
 1957 PASS    v=8      p=12     zw=0 zt=1 blend=1 cw=0 | vs[proj][   ][    ] ps='' rank=0 | tex0=4A3A8A38 inst=0
 1958 PASS    v=8      p=12     zw=0 zt=1 blend=1 cw=0 | vs[proj][   ][    ] ps='' rank=0 | tex0=4A3A8A38 inst=0
 1959 PASS    v=8      p=12     zw=0 zt=1 blend=1 cw=0 | vs[proj][   ][    ] ps='' rank=0 | tex0=4A3A8A38 inst=0
 1960 PASS    v=8      p=12     zw=0 zt=1 blend=1 cw=0 | vs[proj][   ][    ] ps='' rank=0 | tex0=4A3A8A38 inst=0
 1961 PASS    v=8      p=12     zw=0 zt=1 blend=1 cw=0 | vs[proj][   ][    ] ps='' rank=0 | tex0=4A3A8A38 inst=0
 1962 PASS    v=8      p=12     zw=0 zt=1 blend=1 cw=0 | vs[proj][   ][    ] ps='' rank=0 | tex0=4A3A8A38 inst=0
 1963 PASS    v=8      p=12     zw=0 zt=1 blend=1 cw=0 | vs[proj][   ][    ] ps='' rank=0 | tex0=4A3A8A38 inst=0
 1964 PASS    v=8      p=12     zw=0 zt=1 blend=1 cw=0 | vs[proj][   ][    ] ps='' rank=0 | tex0=4A3A8A38 inst=0
 1965 PASS    v=8      p=12     zw=0 zt=1 blend=1 cw=0 | vs[proj][   ][    ] ps='' rank=0 | tex0=4A3A8A38 inst=0
 1966 PASS    v=8      p=12     zw=0 zt=1 blend=1 cw=0 | vs[proj][   ][    ] ps='' rank=0 | tex0=4A3A8A38 inst=0
 1967 PASS    v=8      p=12     zw=0 zt=1 blend=1 cw=0 | vs[proj][   ][    ] ps='' rank=0 | tex0=4A3A8A38 inst=0
 1968 PASS    v=8      p=12     zw=0 zt=1 blend=1 cw=0 | vs[proj][   ][    ] ps='' rank=0 | tex0=4A3A8A38 inst=0
 1969 PASS    v=8      p=12     zw=0 zt=1 blend=1 cw=0 | vs[proj][   ][    ] ps='' rank=0 | tex0=4A3A8A38 inst=0
 1970 PASS    v=8      p=12     zw=0 zt=1 blend=1 cw=0 | vs[proj][   ][    ] ps='' rank=0 | tex0=4A3A8A38 inst=0
 1971 PASS    v=8      p=12     zw=0 zt=1 blend=1 cw=0 | vs[proj][   ][    ] ps='' rank=0 | tex0=4A3A8A38 inst=0
 1972 PASS    v=8      p=12     zw=0 zt=1 blend=1 cw=0 | vs[proj][   ][    ] ps='' rank=0 | tex0=4A3A8A38 inst=0
 1973 PASS    v=8      p=12     zw=0 zt=1 blend=1 cw=0 | vs[proj][   ][    ] ps='' rank=0 | tex0=4A3A8A38 inst=0
 1974 PASS    v=8      p=12     zw=0 zt=1 blend=1 cw=0 | vs[proj][   ][    ] ps='' rank=0 | tex0=4A3A8A38 inst=0
 1975 PASS    v=8      p=12     zw=0 zt=1 blend=1 cw=0 | vs[proj][   ][    ] ps='' rank=0 | tex0=4A3A8A38 inst=0
 1976 PASS    v=8      p=12     zw=0 zt=1 blend=1 cw=0 | vs[proj][   ][    ] ps='' rank=0 | tex0=4A3A8A38 inst=0
 1977 PASS    v=8      p=12     zw=0 zt=1 blend=1 cw=0 | vs[proj][   ][    ] ps='' rank=0 | tex0=4A3A8A38 inst=0
 1978 PASS    v=8      p=12     zw=0 zt=1 blend=1 cw=0 | vs[proj][   ][    ] ps='' rank=0 | tex0=4A3A8A38 inst=0
 1979 PASS    v=8      p=12     zw=0 zt=1 blend=1 cw=0 | vs[proj][   ][    ] ps='' rank=0 | tex0=4A3A8A38 inst=0
 1980 PASS    v=8      p=12     zw=0 zt=1 blend=1 cw=0 | vs[proj][   ][    ] ps='' rank=0 | tex0=4A3A8A38 inst=0
 1981 PASS    v=8      p=12     zw=0 zt=1 blend=1 cw=0 | vs[proj][   ][    ] ps='' rank=0 | tex0=4A3A8A38 inst=0
 1982 PASS    v=8      p=12     zw=0 zt=1 blend=1 cw=0 | vs[proj][   ][    ] ps='' rank=0 | tex0=4A3A8A38 inst=0
 1983 PASS    v=8      p=12     zw=0 zt=1 blend=1 cw=0 | vs[proj][   ][    ] ps='' rank=0 | tex0=4A3A8A38 inst=0
 1984 PASS    v=8      p=12     zw=0 zt=1 blend=1 cw=0 | vs[proj][   ][    ] ps='' rank=0 | tex0=4A3A8A38 inst=0
 1985 PASS    v=8      p=12     zw=0 zt=1 blend=1 cw=0 | vs[proj][   ][    ] ps='' rank=0 | tex0=4A3A8A38 inst=0
 1986 PASS    v=8      p=12     zw=0 zt=1 blend=1 cw=0 | vs[proj][   ][    ] ps='' rank=0 | tex0=4A3A8A38 inst=0
 1987 PASS    v=8      p=12     zw=0 zt=1 blend=1 cw=0 | vs[proj][   ][    ] ps='' rank=0 | tex0=4A3A8A38 inst=0
 1988 PASS    v=8      p=12     zw=0 zt=1 blend=1 cw=0 | vs[proj][   ][    ] ps='' rank=0 | tex0=4A3A8A38 inst=0
 1989 PASS    v=8      p=12     zw=0 zt=1 blend=1 cw=0 | vs[proj][   ][    ] ps='' rank=0 | tex0=4A3A8A38 inst=0
 1990 PASS    v=8      p=12     zw=0 zt=1 blend=1 cw=0 | vs[proj][   ][    ] ps='' rank=0 | tex0=4A3A8A38 inst=0
 1991 PASS    v=8      p=12     zw=0 zt=1 blend=1 cw=0 | vs[proj][   ][    ] ps='' rank=0 | tex0=4A3A8A38 inst=0
 1992 PASS    v=8      p=12     zw=0 zt=1 blend=1 cw=0 | vs[proj][   ][    ] ps='' rank=0 | tex0=4A3A8A38 inst=0
 1993 PASS    v=8      p=12     zw=0 zt=1 blend=1 cw=0 | vs[proj][   ][    ] ps='' rank=0 | tex0=4A3A8A38 inst=0
 1994 PASS    v=8      p=12     zw=0 zt=1 blend=1 cw=0 | vs[proj][   ][    ] ps='' rank=0 | tex0=4A3A8A38 inst=0
 1995 PASS    v=8      p=12     zw=0 zt=1 blend=1 cw=0 | vs[proj][   ][    ] ps='' rank=0 | tex0=4A3A8A38 inst=0
 1996 PASS    v=8      p=12     zw=0 zt=1 blend=1 cw=0 | vs[proj][   ][    ] ps='' rank=0 | tex0=4A3A8A38 inst=0
 1997 PASS    v=8      p=12     zw=0 zt=1 blend=1 cw=0 | vs[proj][   ][    ] ps='' rank=0 | tex0=4A3A8A38 inst=0
 1998 PASS    v=8      p=12     zw=0 zt=1 blend=1 cw=0 | vs[proj][   ][    ] ps='' rank=0 | tex0=4A3A8A38 inst=0
 1999 PASS    v=8      p=12     zw=0 zt=1 blend=1 cw=0 | vs[proj][   ][    ] ps='' rank=0 | tex0=4A3A8A38 inst=0
 2000 PASS    v=8      p=12     zw=0 zt=1 blend=1 cw=0 | vs[proj][   ][    ] ps='' rank=0 | tex0=4A3A8A38 inst=0
 2001 PASS    v=8      p=12     zw=0 zt=1 blend=1 cw=0 | vs[proj][   ][    ] ps='' rank=0 | tex0=4A3A8A38 inst=0
 2002 PASS    v=8      p=12     zw=0 zt=1 blend=1 cw=0 | vs[proj][   ][    ] ps='' rank=0 | tex0=4A3A8A38 inst=0
 2003 PASS    v=8      p=12     zw=0 zt=1 blend=1 cw=0 | vs[proj][   ][    ] ps='' rank=0 | tex0=4A3A8A38 inst=0
 2004 PASS    v=8      p=12     zw=0 zt=1 blend=1 cw=0 | vs[proj][   ][    ] ps='' rank=0 | tex0=4A3A8A38 inst=0
 2005 PASS    v=8      p=12     zw=0 zt=1 blend=1 cw=0 | vs[proj][   ][    ] ps='' rank=0 | tex0=4A3A8A38 inst=0
 2006 PASS    v=8      p=12     zw=0 zt=1 blend=1 cw=0 | vs[proj][   ][    ] ps='' rank=0 | tex0=4A3A8A38 inst=0
 2007 PASS    v=8      p=12     zw=0 zt=1 blend=1 cw=0 | vs[proj][   ][    ] ps='' rank=0 | tex0=4A3A8A38 inst=0
 2008 PASS    v=8      p=12     zw=0 zt=1 blend=1 cw=0 | vs[proj][   ][    ] ps='' rank=0 | tex0=4A3A8A38 inst=0
 2009 PASS    v=8      p=12     zw=0 zt=1 blend=1 cw=0 | vs[proj][   ][    ] ps='' rank=0 | tex0=4A3A8A38 inst=0
 2010 PASS    v=8      p=12     zw=0 zt=1 blend=1 cw=0 | vs[proj][   ][    ] ps='' rank=0 | tex0=4A3A8A38 inst=0
 2011 PASS    v=8      p=12     zw=0 zt=1 blend=1 cw=0 | vs[proj][   ][    ] ps='' rank=0 | tex0=4A3A8A38 inst=0
 2012 PASS    v=8      p=12     zw=0 zt=1 blend=1 cw=0 | vs[proj][   ][    ] ps='' rank=0 | tex0=4A3A8A38 inst=0
 2013 PASS    v=8      p=12     zw=0 zt=1 blend=1 cw=0 | vs[proj][   ][    ] ps='' rank=0 | tex0=4A3A8A38 inst=0
 2014 PASS    v=8      p=12     zw=0 zt=1 blend=1 cw=0 | vs[proj][   ][    ] ps='' rank=0 | tex0=4A3A8A38 inst=0
 2015 PASS    v=8      p=12     zw=0 zt=1 blend=1 cw=0 | vs[proj][   ][    ] ps='' rank=0 | tex0=4A3A8A38 inst=0
 2016 PASS    v=8      p=12     zw=0 zt=1 blend=1 cw=0 | vs[proj][   ][    ] ps='' rank=0 | tex0=4A3A8A38 inst=0
 2017 PASS    v=8      p=12     zw=0 zt=1 blend=1 cw=0 | vs[proj][   ][    ] ps='' rank=0 | tex0=4A3A8A38 inst=0
 2018 PASS    v=8      p=12     zw=0 zt=1 blend=1 cw=0 | vs[proj][   ][    ] ps='' rank=0 | tex0=4A3A8A38 inst=0
 2019 PASS    v=8      p=12     zw=0 zt=1 blend=1 cw=0 | vs[proj][   ][    ] ps='' rank=0 | tex0=4A3A8A38 inst=0
 2020 PASS    v=8      p=12     zw=0 zt=1 blend=1 cw=0 | vs[proj][   ][    ] ps='' rank=0 | tex0=4A3A8A38 inst=0
 2021 PASS    v=8      p=12     zw=0 zt=1 blend=1 cw=0 | vs[proj][   ][    ] ps='' rank=0 | tex0=4A3A8A38 inst=0
 2022 PASS    v=8      p=12     zw=0 zt=1 blend=1 cw=0 | vs[proj][   ][    ] ps='' rank=0 | tex0=4A3A8A38 inst=0
 2023 PASS    v=8      p=12     zw=0 zt=1 blend=1 cw=0 | vs[proj][   ][    ] ps='' rank=0 | tex0=4A3A8A38 inst=0
 2024 PASS    v=8      p=12     zw=0 zt=1 blend=1 cw=0 | vs[proj][   ][    ] ps='' rank=0 | tex0=4A3A8A38 inst=0
 2025 PASS    v=8      p=12     zw=0 zt=1 blend=1 cw=0 | vs[proj][   ][    ] ps='' rank=0 | tex0=4A3A8A38 inst=0
 2026 PASS    v=8      p=12     zw=0 zt=1 blend=1 cw=0 | vs[proj][   ][    ] ps='' rank=0 | tex0=4A3A8A38 inst=0
 2027 PASS    v=8      p=12     zw=0 zt=1 blend=1 cw=0 | vs[proj][   ][    ] ps='' rank=0 | tex0=4A3A8A38 inst=0
 2028 PASS    v=8      p=12     zw=0 zt=1 blend=1 cw=0 | vs[proj][   ][    ] ps='' rank=0 | tex0=4A3A8A38 inst=0
 2029 PASS    v=2676   p=2546   zw=0 zt=1 blend=1 cw=0xf | vs[proj][obj][    ] ps='' rank=0 | tex0=44F19B90 inst=0
 2030 PASS    v=2676   p=1460   zw=0 zt=1 blend=1 cw=0xf | vs[proj][obj][    ] ps='' rank=0 | tex0=44F19B90 inst=0
 2031 ? v=271    p=455    zw=1 zt=1 blend=1 cw=0xf | vs[proj][obj][skin] ps='Diffuse_MapSampler' rank=100 | tex0=4A3A94B8 inst=0
 2032 PASS    v=312    p=20     zw=1 zt=1 blend=1 cw=0xf | vs[proj][obj][    ] ps='IR_Stipple_Pattern_2DSample' rank=0 | tex0=3F252A30 inst=0
 2033 PASS    v=17601  p=171    zw=1 zt=1 blend=1 cw=0xf | vs[proj][obj][    ] ps='IR_Stipple_Pattern_2DSample' rank=0 | tex0=47E60FB0 inst=0
 2034 PASS    v=16     p=23     zw=1 zt=1 blend=1 cw=0xf | vs[proj][obj][    ] ps='IR_Stipple_Pattern_2DSample' rank=0 | tex0=16098740 inst=0
 2035 PASS    v=194    p=88     zw=1 zt=1 blend=1 cw=0xf | vs[proj][obj][    ] ps='IR_Stipple_Pattern_2DSample' rank=0 | tex0=3F252A30 inst=0
 2036 PASS    v=8      p=8      zw=1 zt=1 blend=1 cw=0xf | vs[proj][obj][    ] ps='IR_Stipple_Pattern_2DSample' rank=0 | tex0=3F252A30 inst=0
 2037 PASS    v=8      p=8      zw=1 zt=1 blend=1 cw=0xf | vs[proj][obj][    ] ps='IR_Stipple_Pattern_2DSample' rank=0 | tex0=3F252A30 inst=0
 2038 PASS    v=16     p=20     zw=1 zt=1 blend=1 cw=0xf | vs[proj][obj][    ] ps='IR_Stipple_Pattern_2DSample' rank=0 | tex0=3F252A30 inst=0
 2039 PASS    v=8      p=8      zw=1 zt=1 blend=1 cw=0xf | vs[proj][obj][    ] ps='IR_Stipple_Pattern_2DSample' rank=0 | tex0=3F252A30 inst=0
 2040 PASS    v=8      p=8      zw=1 zt=1 blend=1 cw=0xf | vs[proj][obj][    ] ps='IR_Stipple_Pattern_2DSample' rank=0 | tex0=3F252A30 inst=0
 2041 PASS    v=16     p=20     zw=1 zt=1 blend=1 cw=0xf | vs[proj][obj][    ] ps='IR_Stipple_Pattern_2DSample' rank=0 | tex0=3F252A30 inst=0
 2042 PASS    v=8      p=8      zw=1 zt=1 blend=1 cw=0xf | vs[proj][obj][    ] ps='IR_Stipple_Pattern_2DSample' rank=0 | tex0=3F252A30 inst=0
 2043 PASS    v=3632   p=307    zw=1 zt=1 blend=1 cw=0xf | vs[proj][obj][    ] ps='IR_Stipple_Pattern_2DSample' rank=0 | tex0=44F12650 inst=0
 2044 PASS    v=830    p=426    zw=1 zt=1 blend=1 cw=0xf | vs[proj][obj][    ] ps='IR_Stipple_Pattern_2DSample' rank=0 | tex0=3F252A30 inst=0
 2045 PASS    v=8      p=8      zw=1 zt=1 blend=1 cw=0xf | vs[proj][obj][    ] ps='IR_Stipple_Pattern_2DSample' rank=0 | tex0=3F252A30 inst=0
 2046 PASS    v=8      p=8      zw=1 zt=1 blend=1 cw=0xf | vs[proj][obj][    ] ps='IR_Stipple_Pattern_2DSample' rank=0 | tex0=3F252A30 inst=0
 2047 PASS    v=8      p=8      zw=1 zt=1 blend=1 cw=0xf | vs[proj][obj][    ] ps='IR_Stipple_Pattern_2DSample' rank=0 | tex0=3F252A30 inst=0
 2048 PASS    v=8      p=8      zw=1 zt=1 blend=1 cw=0xf | vs[proj][obj][    ] ps='IR_Stipple_Pattern_2DSample' rank=0 | tex0=3F252A30 inst=0
 2049 PASS    v=16     p=20     zw=1 zt=1 blend=1 cw=0xf | vs[proj][obj][    ] ps='IR_Stipple_Pattern_2DSample' rank=0 | tex0=3F252A30 inst=0
 2050 PASS    v=8      p=8      zw=1 zt=1 blend=1 cw=0xf | vs[proj][obj][    ] ps='IR_Stipple_Pattern_2DSample' rank=0 | tex0=3F252A30 inst=0
 2051 PASS    v=16     p=20     zw=1 zt=1 blend=1 cw=0xf | vs[proj][obj][    ] ps='IR_Stipple_Pattern_2DSample' rank=0 | tex0=3F252A30 inst=0
 2052 PASS    v=8      p=8      zw=1 zt=1 blend=1 cw=0xf | vs[proj][obj][    ] ps='IR_Stipple_Pattern_2DSample' rank=0 | tex0=3F252A30 inst=0
 2053 PASS    v=8      p=8      zw=1 zt=1 blend=1 cw=0xf | vs[proj][obj][    ] ps='IR_Stipple_Pattern_2DSample' rank=0 | tex0=3F252A30 inst=0
 2054 PASS    v=8      p=8      zw=1 zt=1 blend=1 cw=0xf | vs[proj][obj][    ] ps='IR_Stipple_Pattern_2DSample' rank=0 | tex0=3F252A30 inst=0
 2055 PASS    v=8      p=8      zw=1 zt=1 blend=1 cw=0xf | vs[proj][obj][    ] ps='IR_Stipple_Pattern_2DSample' rank=0 | tex0=3F252A30 inst=0
 2056 ? v=764    p=387    zw=1 zt=1 blend=1 cw=0xf | vs[proj][obj][skin] ps='IR_Stipple_Pattern_2DSample' rank=0 | tex0=4A3A9758 inst=0

=== RENDER TARGET 14D885D0  1280x720 fmt=113 ===
 2057 PASS    v=240    p=397    zw=0 zt=1 blend=0 cw=0 | vs[proj][obj][    ] ps='' rank=0 | tex0=4A3A9758 inst=0

=== RENDER TARGET 0382EEE0  400x288 fmt=113 ===
 2058 HIDE    v=498    p=577    zw=0 zt=1 blend=0 cw=0x7 | vs[     ][obj][    ] ps='' rank=0 | tex0=00000000 inst=0
 2059 HIDE    v=343    p=118    zw=0 zt=1 blend=1 cw=0xf | vs[     ][obj][    ] ps='Diffuse_Map_1Sampler' rank=100 | tex0=44F192D0 inst=0
 2060 HIDE    v=343    p=625    zw=0 zt=1 blend=1 cw=0xf | vs[     ][obj][    ] ps='Diffuse_Map_1Sampler' rank=100 | tex0=44F19D50 inst=0
 2061 HIDE    v=343    p=118    zw=0 zt=1 blend=1 cw=0xf | vs[     ][obj][    ] ps='Diffuse_MapSampler' rank=100 | tex0=44F19110 inst=0

=== RENDER TARGET 14D85230  400x288 fmt=113 ===
 2062 HIDE    v=498    p=577    zw=0 zt=1 blend=0 cw=0x7 | vs[     ][obj][    ] ps='' rank=0 | tex0=44F19110 inst=0
 2063 HIDE    v=343    p=118    zw=0 zt=1 blend=1 cw=0xf | vs[     ][obj][    ] ps='Diffuse_Map_1Sampler' rank=100 | tex0=44F192D0 inst=0
 2064 HIDE    v=343    p=625    zw=0 zt=1 blend=1 cw=0xf | vs[     ][obj][    ] ps='Diffuse_Map_1Sampler' rank=100 | tex0=44F19D50 inst=0
 2065 HIDE    v=343    p=118    zw=0 zt=1 blend=1 cw=0xf | vs[     ][obj][    ] ps='Diffuse_MapSampler' rank=100 | tex0=44F19110 inst=0

=== RENDER TARGET 14D298A0  400x288 fmt=113 ===
 2066 PASS    v=498    p=577    zw=0 zt=1 blend=0 cw=0x7 | vs[proj][obj][    ] ps='' rank=0 | tex0=44F19110 inst=0
 2067 PASS    v=343    p=118    zw=0 zt=1 blend=1 cw=0xf | vs[proj][obj][    ] ps='Diffuse_Map_1Sampler' rank=100 | tex0=44F192D0 inst=0
 2068 PASS    v=343    p=625    zw=0 zt=1 blend=1 cw=0xf | vs[proj][obj][    ] ps='Diffuse_Map_1Sampler' rank=100 | tex0=44F19D50 inst=0
 2069 PASS    v=343    p=118    zw=0 zt=1 blend=1 cw=0xf | vs[proj][obj][    ] ps='Diffuse_MapSampler' rank=100 | tex0=44F19110 inst=0

=== RENDER TARGET 14D8CDE8  1280x720 fmt=113 ===
 2070 PASS    v=121    p=179    zw=1 zt=1 blend=1 cw=0 | vs[proj][   ][    ] ps='' rank=0 | tex0=14D28378 inst=1
 2071 PASS    v=180    p=266    zw=1 zt=1 blend=1 cw=0 | vs[proj][   ][    ] ps='' rank=0 | tex0=14D28378 inst=1
 2072 PASS    v=3931   p=6076   zw=1 zt=1 blend=1 cw=0 | vs[proj][   ][    ] ps='' rank=0 | tex0=14D28378 inst=1
 2073 PASS    v=17601  p=572    zw=1 zt=1 blend=1 cw=0 | vs[proj][   ][    ] ps='' rank=0 | tex0=3F2388D0 inst=1
 2074 PASS    v=17601  p=92     zw=1 zt=1 blend=1 cw=0 | vs[proj][   ][    ] ps='' rank=0 | tex0=3F2388D0 inst=1
 2075 PASS    v=17601  p=75     zw=1 zt=1 blend=1 cw=0 | vs[proj][   ][    ] ps='' rank=0 | tex0=3F2388D0 inst=1
 2076 PASS    v=17601  p=73     zw=1 zt=1 blend=1 cw=0 | vs[proj][   ][    ] ps='' rank=0 | tex0=3F2388D0 inst=1
 2077 PASS    v=17601  p=308    zw=1 zt=1 blend=1 cw=0 | vs[proj][   ][    ] ps='' rank=0 | tex0=3F2388D0 inst=1
 2078 PASS    v=17601  p=947    zw=1 zt=1 blend=1 cw=0 | vs[proj][   ][    ] ps='' rank=0 | tex0=3F2388D0 inst=1
 2079 PASS    v=17601  p=323    zw=1 zt=1 blend=1 cw=0 | vs[proj][   ][    ] ps='' rank=0 | tex0=3F2388D0 inst=1
 2080 PASS    v=17601  p=38     zw=1 zt=1 blend=1 cw=0 | vs[proj][   ][    ] ps='' rank=0 | tex0=3F2388D0 inst=1
 2081 PASS    v=17601  p=52     zw=1 zt=1 blend=1 cw=0 | vs[proj][   ][    ] ps='' rank=0 | tex0=3F2388D0 inst=1
 2082 PASS    v=17601  p=319    zw=1 zt=1 blend=1 cw=0 | vs[proj][   ][    ] ps='' rank=0 | tex0=3F2388D0 inst=1
 2083 PASS    v=35877  p=108    zw=1 zt=1 blend=1 cw=0 | vs[proj][   ][    ] ps='' rank=0 | tex0=3F2388D0 inst=1
 2084 PASS    v=1369   p=30     zw=1 zt=1 blend=1 cw=0 | vs[proj][   ][    ] ps='' rank=0 | tex0=3F2388D0 inst=1
 2085 PASS    v=17601  p=20     zw=1 zt=1 blend=1 cw=0 | vs[proj][   ][    ] ps='' rank=0 | tex0=3F2388D0 inst=1
 2086 PASS    v=17601  p=36     zw=1 zt=1 blend=1 cw=0 | vs[proj][   ][    ] ps='' rank=0 | tex0=3F2388D0 inst=1
 2087 PASS    v=17601  p=1022   zw=1 zt=1 blend=1 cw=0 | vs[proj][   ][    ] ps='' rank=0 | tex0=3F2388D0 inst=1
 2088 PASS    v=770    p=71     zw=1 zt=1 blend=1 cw=0 | vs[proj][   ][    ] ps='' rank=0 | tex0=3F2388D0 inst=1
 2089 PASS    v=317    p=68     zw=1 zt=1 blend=1 cw=0 | vs[proj][   ][    ] ps='' rank=0 | tex0=3F2388D0 inst=1
 2090 PASS    v=17601  p=1000   zw=1 zt=1 blend=1 cw=0 | vs[proj][   ][    ] ps='' rank=0 | tex0=3F2388D0 inst=1
 2091 PASS    v=17601  p=4768   zw=1 zt=1 blend=1 cw=0 | vs[proj][   ][    ] ps='' rank=0 | tex0=3F2388D0 inst=1
 2092 PASS    v=17601  p=35     zw=1 zt=1 blend=1 cw=0 | vs[proj][   ][    ] ps='' rank=0 | tex0=3F2388D0 inst=1
 2093 PASS    v=17601  p=1492   zw=1 zt=1 blend=1 cw=0 | vs[proj][   ][    ] ps='' rank=0 | tex0=3F2388D0 inst=1
 2094 PASS    v=38907  p=46118  zw=1 zt=1 blend=1 cw=0 | vs[proj][   ][    ] ps='' rank=0 | tex0=3F2388D0 inst=1
 2095 PASS    v=17601  p=1051   zw=1 zt=1 blend=1 cw=0 | vs[proj][   ][    ] ps='' rank=0 | tex0=3F2388D0 inst=1
 2096 PASS    v=17601  p=319    zw=1 zt=1 blend=1 cw=0 | vs[proj][   ][    ] ps='' rank=0 | tex0=3F2388D0 inst=1
 2097 PASS    v=17601  p=721    zw=1 zt=1 blend=1 cw=0 | vs[proj][   ][    ] ps='' rank=0 | tex0=3F2388D0 inst=1
 2098 PASS    v=17601  p=1003   zw=1 zt=1 blend=1 cw=0 | vs[proj][   ][    ] ps='' rank=0 | tex0=3F2388D0 inst=1
 2099 PASS    v=17601  p=115    zw=1 zt=1 blend=1 cw=0 | vs[proj][   ][    ] ps='' rank=0 | tex0=3F2388D0 inst=1
 2100 PASS    v=17601  p=1742   zw=1 zt=1 blend=1 cw=0 | vs[proj][   ][    ] ps='' rank=0 | tex0=3F2388D0 inst=1
 2101 PASS    v=17601  p=116    zw=1 zt=1 blend=1 cw=0 | vs[proj][   ][    ] ps='' rank=0 | tex0=3F2388D0 inst=1
 2102 PASS    v=17601  p=812    zw=1 zt=1 blend=1 cw=0 | vs[proj][   ][    ] ps='' rank=0 | tex0=3F2388D0 inst=1
 2103 PASS    v=1369   p=1279   zw=1 zt=1 blend=1 cw=0 | vs[proj][   ][    ] ps='' rank=0 | tex0=3F2388D0 inst=1
 2104 PASS    v=35877  p=81     zw=1 zt=1 blend=1 cw=0 | vs[proj][   ][    ] ps='' rank=0 | tex0=3F2388D0 inst=1
 2105 PASS    v=17601  p=403    zw=1 zt=1 blend=1 cw=0 | vs[proj][   ][    ] ps='' rank=0 | tex0=3F2388D0 inst=1
 2106 PASS    v=17601  p=1629   zw=1 zt=1 blend=1 cw=0 | vs[proj][   ][    ] ps='' rank=0 | tex0=3F2388D0 inst=1
 2107 PASS    v=1369   p=20     zw=1 zt=1 blend=1 cw=0 | vs[proj][   ][    ] ps='' rank=0 | tex0=3F2388D0 inst=1
 2108 PASS    v=261    p=492    zw=1 zt=1 blend=1 cw=0 | vs[proj][   ][    ] ps='' rank=0 | tex0=3F2388D0 inst=1
 2109 PASS    v=261    p=492    zw=1 zt=1 blend=1 cw=0 | vs[proj][   ][    ] ps='' rank=0 | tex0=3F2388D0 inst=1
 2110 PASS    v=261    p=492    zw=1 zt=1 blend=1 cw=0 | vs[proj][   ][    ] ps='' rank=0 | tex0=3F2388D0 inst=1
 2111 PASS    v=145    p=384    zw=1 zt=1 blend=1 cw=0 | vs[proj][   ][    ] ps='' rank=0 | tex0=3F2388D0 inst=1
 2112 PASS    v=145    p=384    zw=1 zt=1 blend=1 cw=0 | vs[proj][   ][    ] ps='' rank=0 | tex0=3F2388D0 inst=1
 2113 PASS    v=145    p=384    zw=1 zt=1 blend=1 cw=0 | vs[proj][   ][    ] ps='' rank=0 | tex0=3F2388D0 inst=1
 2114 PASS    v=145    p=384    zw=1 zt=1 blend=1 cw=0 | vs[proj][   ][    ] ps='' rank=0 | tex0=3F2388D0 inst=1
 2115 PASS    v=145    p=384    zw=1 zt=1 blend=1 cw=0 | vs[proj][   ][    ] ps='' rank=0 | tex0=3F2388D0 inst=1
 2116 PASS    v=145    p=384    zw=1 zt=1 blend=1 cw=0 | vs[proj][   ][    ] ps='' rank=0 | tex0=3F2388D0 inst=1
 2117 PASS    v=145    p=384    zw=1 zt=1 blend=1 cw=0 | vs[proj][   ][    ] ps='' rank=0 | tex0=3F2388D0 inst=1
 2118 PASS    v=6278   p=116    zw=1 zt=1 blend=1 cw=0 | vs[proj][   ][    ] ps='' rank=0 | tex0=3F2388D0 inst=1
 2119 PASS    v=6278   p=9376   zw=1 zt=1 blend=1 cw=0 | vs[proj][   ][    ] ps='' rank=0 | tex0=3F2388D0 inst=1
 2120 PASS    v=6278   p=4139   zw=1 zt=1 blend=1 cw=0 | vs[proj][   ][    ] ps='' rank=0 | tex0=3F2388D0 inst=1
 2121 PASS    v=3306   p=1263   zw=1 zt=1 blend=1 cw=0 | vs[proj][   ][    ] ps='' rank=0 | tex0=3F2388D0 inst=1
 2122 PASS    v=38907  p=2180   zw=1 zt=1 blend=1 cw=0 | vs[proj][   ][    ] ps='' rank=0 | tex0=3F2388D0 inst=1
 2123 PASS    v=1924   p=587    zw=1 zt=1 blend=1 cw=0 | vs[proj][   ][    ] ps='' rank=0 | tex0=3F2388D0 inst=1
 2124 PASS    v=3306   p=13     zw=1 zt=1 blend=1 cw=0 | vs[proj][   ][    ] ps='' rank=0 | tex0=3F2388D0 inst=1
 2125 PASS    v=3306   p=189    zw=1 zt=1 blend=1 cw=0 | vs[proj][   ][    ] ps='' rank=0 | tex0=3F2388D0 inst=1
 2126 PASS    v=2974   p=83     zw=1 zt=1 blend=1 cw=0 | vs[proj][   ][    ] ps='' rank=0 | tex0=3F2388D0 inst=1
 2127 PASS    v=2974   p=8      zw=1 zt=1 blend=1 cw=0 | vs[proj][   ][    ] ps='' rank=0 | tex0=3F2388D0 inst=1
 2128 PASS    v=35877  p=63344  zw=1 zt=1 blend=1 cw=0 | vs[proj][   ][    ] ps='' rank=0 | tex0=3F2388D0 inst=1
 2129 PASS    v=1369   p=744    zw=1 zt=1 blend=1 cw=0 | vs[proj][   ][    ] ps='' rank=0 | tex0=3F2388D0 inst=1
 2130 PASS    v=3306   p=141    zw=1 zt=1 blend=1 cw=0 | vs[proj][   ][    ] ps='' rank=0 | tex0=3F2388D0 inst=1
 2131 PASS    v=2974   p=12     zw=1 zt=1 blend=1 cw=0 | vs[proj][   ][    ] ps='' rank=0 | tex0=3F2388D0 inst=1
 2132 PASS    v=974    p=32     zw=1 zt=1 blend=1 cw=0 | vs[proj][   ][    ] ps='' rank=0 | tex0=3F2388D0 inst=1
 2133 PASS    v=3306   p=843    zw=1 zt=1 blend=1 cw=0 | vs[proj][   ][    ] ps='' rank=0 | tex0=3F2388D0 inst=1
 2134 PASS    v=2974   p=287    zw=1 zt=1 blend=1 cw=0 | vs[proj][   ][    ] ps='' rank=0 | tex0=3F2388D0 inst=1
 2135 PASS    v=3306   p=80     zw=1 zt=1 blend=1 cw=0 | vs[proj][   ][    ] ps='' rank=0 | tex0=3F2388D0 inst=1
 2136 PASS    v=2974   p=42     zw=1 zt=1 blend=1 cw=0 | vs[proj][   ][    ] ps='' rank=0 | tex0=3F2388D0 inst=1
 2137 PASS    v=3306   p=314    zw=1 zt=1 blend=1 cw=0 | vs[proj][   ][    ] ps='' rank=0 | tex0=3F2388D0 inst=1
 2138 PASS    v=2974   p=792    zw=1 zt=1 blend=1 cw=0 | vs[proj][   ][    ] ps='' rank=0 | tex0=3F2388D0 inst=1
 2139 PASS    v=206    p=427    zw=1 zt=1 blend=1 cw=0 | vs[proj][   ][    ] ps='' rank=0 | tex0=3F2388D0 inst=1
 2140 PASS    v=640    p=1003   zw=1 zt=1 blend=1 cw=0 | vs[proj][   ][    ] ps='' rank=0 | tex0=3F2388D0 inst=1
 2141 PASS    v=640    p=1003   zw=1 zt=1 blend=1 cw=0 | vs[proj][   ][    ] ps='' rank=0 | tex0=3F2388D0 inst=1
 2142 PASS    v=3306   p=1076   zw=1 zt=1 blend=1 cw=0 | vs[proj][   ][    ] ps='' rank=0 | tex0=3F2388D0 inst=1
 2143 PASS    v=12     p=19     zw=1 zt=1 blend=1 cw=0 | vs[proj][   ][    ] ps='' rank=0 | tex0=3F2388D0 inst=1
 2144 PASS    v=12     p=19     zw=1 zt=1 blend=1 cw=0 | vs[proj][   ][    ] ps='' rank=0 | tex0=3F2388D0 inst=1
 2145 PASS    v=12     p=19     zw=1 zt=1 blend=1 cw=0 | vs[proj][   ][    ] ps='' rank=0 | tex0=3F2388D0 inst=1
 2146 PASS    v=12     p=19     zw=1 zt=1 blend=1 cw=0 | vs[proj][   ][    ] ps='' rank=0 | tex0=3F2388D0 inst=1
 2147 PASS    v=202    p=321    zw=1 zt=1 blend=1 cw=0 | vs[proj][   ][    ] ps='' rank=0 | tex0=3F2388D0 inst=1
 2148 PASS    v=202    p=321    zw=1 zt=1 blend=1 cw=0 | vs[proj][   ][    ] ps='' rank=0 | tex0=3F2388D0 inst=1
 2149 PASS    v=202    p=321    zw=1 zt=1 blend=1 cw=0 | vs[proj][   ][    ] ps='' rank=0 | tex0=3F2388D0 inst=1
 2150 PASS    v=202    p=321    zw=1 zt=1 blend=1 cw=0 | vs[proj][   ][    ] ps='' rank=0 | tex0=3F2388D0 inst=1
 2151 PASS    v=202    p=321    zw=1 zt=1 blend=1 cw=0 | vs[proj][   ][    ] ps='' rank=0 | tex0=3F2388D0 inst=1
 2152 PASS    v=202    p=321    zw=1 zt=1 blend=1 cw=0 | vs[proj][   ][    ] ps='' rank=0 | tex0=3F2388D0 inst=1
 2153 PASS    v=202    p=321    zw=1 zt=1 blend=1 cw=0 | vs[proj][   ][    ] ps='' rank=0 | tex0=3F2388D0 inst=1
 2154 PASS    v=202    p=321    zw=1 zt=1 blend=1 cw=0 | vs[proj][   ][    ] ps='' rank=0 | tex0=3F2388D0 inst=1
 2155 PASS    v=202    p=321    zw=1 zt=1 blend=1 cw=0 | vs[proj][   ][    ] ps='' rank=0 | tex0=3F2388D0 inst=1
 2156 PASS    v=1924   p=20     zw=1 zt=1 blend=1 cw=0 | vs[proj][   ][    ] ps='' rank=0 | tex0=3F2388D0 inst=1
 2157 PASS    v=974    p=20     zw=1 zt=1 blend=1 cw=0 | vs[proj][   ][    ] ps='' rank=0 | tex0=3F2388D0 inst=1
 2158 PASS    v=830    p=242    zw=1 zt=1 blend=1 cw=0 | vs[proj][   ][    ] ps='' rank=0 | tex0=3F2388D0 inst=1
 2159 PASS    v=194    p=68     zw=1 zt=1 blend=1 cw=0 | vs[proj][   ][    ] ps='' rank=0 | tex0=3F2388D0 inst=1
 2160 PASS    v=6278   p=284    zw=1 zt=1 blend=1 cw=0 | vs[proj][   ][    ] ps='' rank=0 | tex0=3F2388D0 inst=1
 2161 PASS    v=2974   p=2876   zw=1 zt=1 blend=1 cw=0 | vs[proj][   ][    ] ps='' rank=0 | tex0=3F2388D0 inst=1
 2162 PASS    v=222    p=315    zw=1 zt=1 blend=1 cw=0 | vs[proj][   ][    ] ps='' rank=0 | tex0=3F2388D0 inst=1
 2163 PASS    v=17601  p=196    zw=1 zt=1 blend=1 cw=0 | vs[proj][   ][    ] ps='' rank=0 | tex0=3F2388D0 inst=1
 2164 PASS    v=830    p=294    zw=1 zt=1 blend=1 cw=0 | vs[proj][   ][    ] ps='' rank=0 | tex0=3F2388D0 inst=1
 2165 PASS    v=194    p=82     zw=1 zt=1 blend=1 cw=0 | vs[proj][   ][    ] ps='' rank=0 | tex0=3F2388D0 inst=1
 2166 PASS    v=770    p=132    zw=1 zt=1 blend=1 cw=0 | vs[proj][   ][    ] ps='' rank=0 | tex0=3F2388D0 inst=1
 2167 PASS    v=317    p=169    zw=1 zt=1 blend=1 cw=0 | vs[proj][   ][    ] ps='' rank=0 | tex0=3F2388D0 inst=1
 2168 PASS    v=770    p=356    zw=1 zt=1 blend=1 cw=0 | vs[proj][   ][    ] ps='' rank=0 | tex0=3F2388D0 inst=1
 2169 PASS    v=317    p=245    zw=1 zt=1 blend=1 cw=0 | vs[proj][   ][    ] ps='' rank=0 | tex0=3F2388D0 inst=1
 2170 PASS    v=517    p=455    zw=1 zt=1 blend=1 cw=0 | vs[proj][   ][    ] ps='' rank=0 | tex0=3F2388D0 inst=1
 2171 PASS    v=324    p=322    zw=1 zt=1 blend=1 cw=0 | vs[proj][   ][    ] ps='' rank=0 | tex0=3F2388D0 inst=1
 2172 PASS    v=770    p=611    zw=1 zt=1 blend=1 cw=0 | vs[proj][   ][    ] ps='' rank=0 | tex0=3F2388D0 inst=1
 2173 PASS    v=517    p=362    zw=1 zt=1 blend=1 cw=0 | vs[proj][   ][    ] ps='' rank=0 | tex0=3F2388D0 inst=1
 2174 PASS    v=324    p=172    zw=1 zt=1 blend=1 cw=0 | vs[proj][   ][    ] ps='' rank=0 | tex0=3F2388D0 inst=1
 2175 PASS    v=3306   p=981    zw=1 zt=1 blend=1 cw=0 | vs[proj][   ][    ] ps='' rank=0 | tex0=3F2388D0 inst=1
 2176 PASS    v=2974   p=377    zw=1 zt=1 blend=1 cw=0 | vs[proj][   ][    ] ps='' rank=0 | tex0=3F2388D0 inst=1
 2177 PASS    v=312    p=440    zw=1 zt=1 blend=1 cw=0 | vs[proj][   ][    ] ps='' rank=0 | tex0=3F2388D0 inst=1
 2178 PASS    v=830    p=236    zw=1 zt=1 blend=1 cw=0 | vs[proj][   ][    ] ps='' rank=0 | tex0=3F2388D0 inst=1
 2179 PASS    v=194    p=31     zw=1 zt=1 blend=1 cw=0 | vs[proj][   ][    ] ps='' rank=0 | tex0=3F2388D0 inst=1
 2180 PASS    v=38907  p=10199  zw=1 zt=1 blend=1 cw=0 | vs[proj][   ][    ] ps='' rank=0 | tex0=3F2388D0 inst=1
 2181 PASS    v=1924   p=2398   zw=1 zt=1 blend=1 cw=0 | vs[proj][   ][    ] ps='' rank=0 | tex0=3F2388D0 inst=1
 2182 PASS    v=974    p=1349   zw=1 zt=1 blend=1 cw=0 | vs[proj][   ][    ] ps='' rank=0 | tex0=3F2388D0 inst=1
 2183 PASS    v=222    p=2      zw=1 zt=1 blend=1 cw=0 | vs[proj][   ][    ] ps='' rank=0 | tex0=3F2388D0 inst=1
 2184 PASS    v=222    p=10     zw=1 zt=1 blend=1 cw=0 | vs[proj][   ][    ] ps='' rank=0 | tex0=3F2388D0 inst=1
 2185 PASS    v=222    p=2      zw=1 zt=1 blend=1 cw=0 | vs[proj][   ][    ] ps='' rank=0 | tex0=3F2388D0 inst=1
 2186 PASS    v=222    p=2      zw=1 zt=1 blend=1 cw=0 | vs[proj][   ][    ] ps='' rank=0 | tex0=3F2388D0 inst=1
 2187 PASS    v=1267   p=308    zw=1 zt=1 blend=1 cw=0 | vs[proj][   ][    ] ps='' rank=0 | tex0=3F2388D0 inst=1
 2188 PASS    v=1209   p=507    zw=1 zt=1 blend=1 cw=0 | vs[proj][   ][    ] ps='' rank=0 | tex0=3F2388D0 inst=1
 2189 PASS    v=17601  p=941    zw=1 zt=1 blend=1 cw=0 | vs[proj][   ][    ] ps='' rank=0 | tex0=3F2388D0 inst=1
 2190 PASS    v=17601  p=145    zw=1 zt=1 blend=1 cw=0 | vs[proj][   ][    ] ps='' rank=0 | tex0=3F2388D0 inst=1
 2191 PASS    v=1267   p=833    zw=1 zt=1 blend=1 cw=0 | vs[proj][   ][    ] ps='' rank=0 | tex0=3F2388D0 inst=1
 2192 PASS    v=1209   p=743    zw=1 zt=1 blend=1 cw=0 | vs[proj][   ][    ] ps='' rank=0 | tex0=3F2388D0 inst=1
 2193 PASS    v=17601  p=1447   zw=1 zt=1 blend=1 cw=0 | vs[proj][   ][    ] ps='' rank=0 | tex0=3F2388D0 inst=1
 2194 PASS    v=17601  p=183    zw=1 zt=1 blend=1 cw=0 | vs[proj][   ][    ] ps='' rank=0 | tex0=3F2388D0 inst=1
 2195 PASS    v=17601  p=140    zw=1 zt=1 blend=1 cw=0 | vs[proj][   ][    ] ps='' rank=0 | tex0=3F2388D0 inst=1
 2196 PASS    v=17601  p=644    zw=1 zt=1 blend=1 cw=0 | vs[proj][   ][    ] ps='' rank=0 | tex0=3F2388D0 inst=1
 2197 PASS    v=17601  p=2240   zw=1 zt=1 blend=1 cw=0 | vs[proj][   ][    ] ps='' rank=0 | tex0=3F2388D0 inst=1
 2198 PASS    v=17601  p=1405   zw=1 zt=1 blend=1 cw=0 | vs[proj][   ][    ] ps='' rank=0 | tex0=3F2388D0 inst=1
 2199 PASS    v=1267   p=155    zw=1 zt=1 blend=1 cw=0 | vs[proj][   ][    ] ps='' rank=0 | tex0=3F2388D0 inst=1
 2200 PASS    v=1209   p=100    zw=1 zt=1 blend=1 cw=0 | vs[proj][   ][    ] ps='' rank=0 | tex0=3F2388D0 inst=1
 2201 PASS    v=1209   p=158    zw=1 zt=1 blend=1 cw=0 | vs[proj][   ][    ] ps='' rank=0 | tex0=3F2388D0 inst=1
 2202 PASS    v=1267   p=644    zw=1 zt=1 blend=1 cw=0 | vs[proj][   ][    ] ps='' rank=0 | tex0=3F2388D0 inst=1
 2203 PASS    v=1209   p=332    zw=1 zt=1 blend=1 cw=0 | vs[proj][   ][    ] ps='' rank=0 | tex0=3F2388D0 inst=1
 2204 PASS    v=7      p=7      zw=1 zt=1 blend=1 cw=0 | vs[proj][   ][    ] ps='' rank=0 | tex0=3F2388D0 inst=1
 2205 PASS    v=19     p=31     zw=1 zt=1 blend=1 cw=0 | vs[proj][   ][    ] ps='' rank=0 | tex0=3F2388D0 inst=1
 2206 PASS    v=173    p=518    zw=1 zt=1 blend=1 cw=0 | vs[proj][   ][    ] ps='' rank=0 | tex0=3F2388D0 inst=1
 2207 ? v=536    p=892    zw=1 zt=1 blend=1 cw=0 | vs[proj][obj][skin] ps='' rank=0 | tex0=3F2388D0 inst=0
 2208 ? v=536    p=243    zw=1 zt=1 blend=1 cw=0 | vs[proj][obj][skin] ps='' rank=0 | tex0=3F2388D0 inst=0
 2209 ? v=416    p=964    zw=1 zt=1 blend=1 cw=0 | vs[proj][obj][skin] ps='' rank=0 | tex0=3F2388D0 inst=0
 2210 ? v=3      p=1      zw=1 zt=1 blend=1 cw=0 | vs[proj][obj][skin] ps='' rank=0 | tex0=3F2388D0 inst=0
 2211 ? v=1080   p=499    zw=1 zt=1 blend=1 cw=0 | vs[proj][obj][skin] ps='' rank=0 | tex0=3F2388D0 inst=0
 2212 ? v=1080   p=500    zw=1 zt=1 blend=1 cw=0 | vs[proj][obj][skin] ps='' rank=0 | tex0=3F2388D0 inst=0
 2213 ? v=1080   p=501    zw=1 zt=1 blend=1 cw=0 | vs[proj][obj][skin] ps='' rank=0 | tex0=3F2388D0 inst=0
 2214 ? v=1080   p=499    zw=1 zt=1 blend=1 cw=0 | vs[proj][obj][skin] ps='' rank=0 | tex0=3F2388D0 inst=0
 2215 ? v=1080   p=499    zw=1 zt=1 blend=1 cw=0 | vs[proj][obj][skin] ps='' rank=0 | tex0=3F2388D0 inst=0
 2216 ? v=1080   p=499    zw=1 zt=1 blend=1 cw=0 | vs[proj][obj][skin] ps='' rank=0 | tex0=3F2388D0 inst=0
 2217 ? v=990    p=1905   zw=1 zt=1 blend=1 cw=0 | vs[proj][obj][skin] ps='' rank=0 | tex0=3F2388D0 inst=0
 2218 ? v=990    p=472    zw=1 zt=1 blend=1 cw=0 | vs[proj][obj][skin] ps='' rank=0 | tex0=3F2388D0 inst=0
 2219 ? v=130    p=313    zw=1 zt=1 blend=1 cw=0 | vs[proj][obj][skin] ps='' rank=0 | tex0=3F2388D0 inst=0
 2220 ? v=764    p=1694   zw=1 zt=1 blend=1 cw=0 | vs[proj][obj][skin] ps='' rank=0 | tex0=3F2388D0 inst=0
 2221 ? v=7977   p=739    zw=1 zt=1 blend=1 cw=0 | vs[proj][obj][skin] ps='' rank=0 | tex0=3F2388D0 inst=0
 2222 ? v=7977   p=3408   zw=1 zt=1 blend=1 cw=0 | vs[proj][obj][skin] ps='' rank=0 | tex0=3F2388D0 inst=0
 2223 ? v=7977   p=427    zw=1 zt=1 blend=1 cw=0 | vs[proj][obj][skin] ps='' rank=0 | tex0=3F2388D0 inst=0
 2224 ? v=7977   p=677    zw=1 zt=1 blend=1 cw=0 | vs[proj][obj][skin] ps='' rank=0 | tex0=3F2388D0 inst=0
 2225 ? v=7977   p=315    zw=1 zt=1 blend=1 cw=0 | vs[proj][obj][skin] ps='' rank=0 | tex0=3F2388D0 inst=0
 2226 ? v=7977   p=284    zw=1 zt=1 blend=1 cw=0 | vs[proj][obj][skin] ps='' rank=0 | tex0=3F2388D0 inst=0
 2227 ? v=7977   p=222    zw=1 zt=1 blend=1 cw=0 | vs[proj][obj][skin] ps='' rank=0 | tex0=3F2388D0 inst=0
 2228 ? v=7977   p=383    zw=1 zt=1 blend=1 cw=0 | vs[proj][obj][skin] ps='' rank=0 | tex0=3F2388D0 inst=0
 2229 ? v=7977   p=154    zw=1 zt=1 blend=1 cw=0 | vs[proj][obj][skin] ps='' rank=0 | tex0=3F2388D0 inst=0
 2230 ? v=7977   p=250    zw=1 zt=1 blend=1 cw=0 | vs[proj][obj][skin] ps='' rank=0 | tex0=3F2388D0 inst=0
 2231 ? v=7977   p=628    zw=1 zt=1 blend=1 cw=0 | vs[proj][obj][skin] ps='' rank=0 | tex0=3F2388D0 inst=0
 2232 ? v=7977   p=851    zw=1 zt=1 blend=1 cw=0 | vs[proj][obj][skin] ps='' rank=0 | tex0=3F2388D0 inst=0
 2233 ? v=7977   p=168    zw=1 zt=1 blend=1 cw=0 | vs[proj][obj][skin] ps='' rank=0 | tex0=3F2388D0 inst=0
 2234 ? v=7977   p=245    zw=1 zt=1 blend=1 cw=0 | vs[proj][obj][skin] ps='' rank=0 | tex0=3F2388D0 inst=0
 2235 ? v=7977   p=131    zw=1 zt=1 blend=1 cw=0 | vs[proj][obj][skin] ps='' rank=0 | tex0=3F2388D0 inst=0
 2236 ? v=7977   p=183    zw=1 zt=1 blend=1 cw=0 | vs[proj][obj][skin] ps='' rank=0 | tex0=3F2388D0 inst=0
 2237 ? v=7977   p=498    zw=1 zt=1 blend=1 cw=0 | vs[proj][obj][skin] ps='' rank=0 | tex0=3F2388D0 inst=0
 2238 ? v=7977   p=1457   zw=1 zt=1 blend=1 cw=0 | vs[proj][obj][skin] ps='' rank=0 | tex0=3F2388D0 inst=0
 2239 ? v=7977   p=250    zw=1 zt=1 blend=1 cw=0 | vs[proj][obj][skin] ps='' rank=0 | tex0=3F2388D0 inst=0
 2240 ? v=7977   p=143    zw=1 zt=1 blend=1 cw=0 | vs[proj][obj][skin] ps='' rank=0 | tex0=3F2388D0 inst=0
 2241 ? v=7977   p=175    zw=1 zt=1 blend=1 cw=0 | vs[proj][obj][skin] ps='' rank=0 | tex0=3F2388D0 inst=0
 2242 ? v=7977   p=570    zw=1 zt=1 blend=1 cw=0 | vs[proj][obj][skin] ps='' rank=0 | tex0=3F2388D0 inst=0
 2243 ? v=7977   p=1416   zw=1 zt=1 blend=1 cw=0 | vs[proj][obj][skin] ps='' rank=0 | tex0=3F2388D0 inst=0
 2244 ? v=7977   p=539    zw=1 zt=1 blend=1 cw=0 | vs[proj][obj][skin] ps='' rank=0 | tex0=3F2388D0 inst=0
 2245 ? v=7977   p=723    zw=1 zt=1 blend=1 cw=0 | vs[proj][obj][skin] ps='' rank=0 | tex0=3F2388D0 inst=0
 2246 ? v=7977   p=198    zw=1 zt=1 blend=1 cw=0 | vs[proj][obj][skin] ps='' rank=0 | tex0=3F2388D0 inst=0
 2247 ? v=7977   p=86     zw=1 zt=1 blend=1 cw=0 | vs[proj][obj][skin] ps='' rank=0 | tex0=3F2388D0 inst=0
 2248 ? v=7977   p=188    zw=1 zt=1 blend=1 cw=0 | vs[proj][obj][skin] ps='' rank=0 | tex0=3F2388D0 inst=0
 2249 ? v=7977   p=386    zw=1 zt=1 blend=1 cw=0 | vs[proj][obj][skin] ps='' rank=0 | tex0=3F2388D0 inst=0
 2250 ? v=7977   p=1318   zw=1 zt=1 blend=1 cw=0 | vs[proj][obj][skin] ps='' rank=0 | tex0=3F2388D0 inst=0
 2251 ? v=7977   p=170    zw=1 zt=1 blend=1 cw=0 | vs[proj][obj][skin] ps='' rank=0 | tex0=3F2388D0 inst=0
 2252 ? v=7977   p=84     zw=1 zt=1 blend=1 cw=0 | vs[proj][obj][skin] ps='' rank=0 | tex0=3F2388D0 inst=0
 2253 ? v=7977   p=195    zw=1 zt=1 blend=1 cw=0 | vs[proj][obj][skin] ps='' rank=0 | tex0=3F2388D0 inst=0
 2254 ? v=7977   p=647    zw=1 zt=1 blend=1 cw=0 | vs[proj][obj][skin] ps='' rank=0 | tex0=3F2388D0 inst=0
 2255 ? v=7977   p=740    zw=1 zt=1 blend=1 cw=0 | vs[proj][obj][skin] ps='' rank=0 | tex0=3F2388D0 inst=0
 2256 ? v=7977   p=2972   zw=1 zt=1 blend=1 cw=0 | vs[proj][obj][skin] ps='' rank=0 | tex0=16098E40 inst=0
 2257 ? v=1128   p=2886   zw=1 zt=1 blend=1 cw=0 | vs[proj][obj][skin] ps='' rank=0 | tex0=16098E40 inst=0
 2258 CONVERT v=121    p=179    zw=1 zt=1 blend=1 cw=0xf | vs[proj][   ][    ] ps='Diffuse_MapSampler' rank=100 | tex0=3F252A30 inst=1
 2259 CONVERT v=180    p=266    zw=1 zt=1 blend=1 cw=0xf | vs[proj][   ][    ] ps='Diffuse_MapSampler' rank=100 | tex0=3F252A30 inst=1
 2260 CONVERT v=4      p=2      zw=1 zt=1 blend=1 cw=0xf | vs[proj][   ][    ] ps='Diffuse_MapSampler' rank=100 | tex0=165D2C90 inst=1
 2261 CONVERT v=4      p=2      zw=1 zt=1 blend=1 cw=0xf | vs[proj][   ][    ] ps='Diffuse_MapSampler' rank=100 | tex0=165D2C90 inst=1
 2262 CONVERT v=3931   p=6076   zw=1 zt=1 blend=1 cw=0xf | vs[proj][   ][    ] ps='Diffuse_MapSampler' rank=100 | tex0=47E622F0 inst=1
 2263 CONVERT v=17601  p=494    zw=1 zt=1 blend=1 cw=0xf | vs[proj][   ][    ] ps='Diffuse_MapSampler' rank=100 | tex0=3F2388D0 inst=1
 2264 CONVERT v=17601  p=572    zw=1 zt=1 blend=1 cw=0xf | vs[proj][   ][    ] ps='Diffuse_MapSampler' rank=100 | tex0=41BFB130 inst=1
 2265 CONVERT v=17601  p=92     zw=1 zt=1 blend=1 cw=0xf | vs[proj][   ][    ] ps='Diffuse_MapSampler' rank=100 | tex0=41BFBAD0 inst=1
 2266 CONVERT v=17601  p=75     zw=1 zt=1 blend=1 cw=0xf | vs[proj][   ][    ] ps='Diffuse_MapSampler' rank=100 | tex0=47E61E90 inst=1
 2267 CONVERT v=17601  p=73     zw=1 zt=1 blend=1 cw=0xf | vs[proj][   ][    ] ps='Diffuse_MapSampler' rank=100 | tex0=47E61CD0 inst=1
 2268 CONVERT v=17601  p=308    zw=1 zt=1 blend=1 cw=0xf | vs[proj][   ][    ] ps='Diffuse_MapSampler' rank=100 | tex0=44F0D950 inst=1
 2269 CONVERT v=17601  p=947    zw=1 zt=1 blend=1 cw=0xf | vs[proj][   ][    ] ps='Diffuse_MapSampler' rank=100 | tex0=44F0D950 inst=1
 2270 CONVERT v=17601  p=323    zw=1 zt=1 blend=1 cw=0xf | vs[proj][   ][    ] ps='Diffuse_MapSampler' rank=100 | tex0=47E60B50 inst=1
 2271 CONVERT v=17601  p=38     zw=1 zt=1 blend=1 cw=0xf | vs[proj][   ][    ] ps='Diffuse_MapSampler' rank=100 | tex0=44EFED10 inst=1
 2272 CONVERT v=17601  p=52     zw=1 zt=1 blend=1 cw=0xf | vs[proj][   ][    ] ps='Diffuse_MapSampler' rank=100 | tex0=47E61BF0 inst=1
 2273 CONVERT v=17601  p=319    zw=1 zt=1 blend=1 cw=0xf | vs[proj][   ][    ] ps='Diffuse_MapSampler' rank=100 | tex0=47E60ED0 inst=1
 2274 CONVERT v=35877  p=108    zw=1 zt=1 blend=1 cw=0xf | vs[proj][   ][    ] ps='Diffuse_MapSampler' rank=100 | tex0=44F1D0F0 inst=1
 2275 CONVERT v=1369   p=30     zw=1 zt=1 blend=1 cw=0xf | vs[proj][   ][    ] ps='Diffuse_MapSampler' rank=100 | tex0=44F1D0F0 inst=1
 2276 CONVERT v=17601  p=20     zw=1 zt=1 blend=1 cw=0xf | vs[proj][   ][    ] ps='Diffuse_MapSampler' rank=100 | tex0=47E61410 inst=1
 2277 CONVERT v=17601  p=36     zw=1 zt=1 blend=1 cw=0xf | vs[proj][   ][    ] ps='Diffuse_MapSampler' rank=100 | tex0=41BFB670 inst=1
 2278 CONVERT v=17601  p=1022   zw=1 zt=1 blend=1 cw=0xf | vs[proj][   ][    ] ps='Diffuse_MapSampler' rank=100 | tex0=41BFD6D0 inst=1
 2279 CONVERT v=770    p=71     zw=1 zt=1 blend=1 cw=0xf | vs[proj][   ][    ] ps='Decal_MapSampler' rank=100 | tex0=41BFAF70 inst=1
 2280 CONVERT v=317    p=68     zw=1 zt=1 blend=1 cw=0xf | vs[proj][   ][    ] ps='Decal_MapSampler' rank=100 | tex0=41BFAF70 inst=1
 2281 CONVERT v=17601  p=1000   zw=1 zt=1 blend=1 cw=0xf | vs[proj][   ][    ] ps='Diffuse_MapSampler' rank=100 | tex0=41BFB910 inst=1
 2282 CONVERT v=17601  p=4768   zw=1 zt=1 blend=1 cw=0xf | vs[proj][   ][    ] ps='Diffuse_MapSampler' rank=100 | tex0=41BFA870 inst=1
 2283 CONVERT v=17601  p=35     zw=1 zt=1 blend=1 cw=0xf | vs[proj][   ][    ] ps='Diffuse_MapSampler' rank=100 | tex0=41BFB3D0 inst=1
 2284 CONVERT v=17601  p=1492   zw=1 zt=1 blend=1 cw=0xf | vs[proj][   ][    ] ps='Diffuse_MapSampler' rank=100 | tex0=41BFA4F0 inst=1
 2285 CONVERT v=38907  p=46118  zw=1 zt=1 blend=1 cw=0xf | vs[proj][   ][    ] ps='Diffuse_MapSampler' rank=100 | tex0=44F0D170 inst=1
 2286 CONVERT v=17601  p=1051   zw=1 zt=1 blend=1 cw=0xf | vs[proj][   ][    ] ps='Diffuse_MapSampler' rank=100 | tex0=47E60A70 inst=1
 2287 CONVERT v=17601  p=319    zw=1 zt=1 blend=1 cw=0xf | vs[proj][   ][    ] ps='Diffuse_MapSampler' rank=100 | tex0=47E60A70 inst=1
 2288 CONVERT v=17601  p=721    zw=1 zt=1 blend=1 cw=0xf | vs[proj][   ][    ] ps='Diffuse_MapSampler' rank=100 | tex0=47E60990 inst=1
 2289 CONVERT v=17601  p=1003   zw=1 zt=1 blend=1 cw=0xf | vs[proj][   ][    ] ps='Diffuse_MapSampler' rank=100 | tex0=47E60990 inst=1
 2290 CONVERT v=17601  p=115    zw=1 zt=1 blend=1 cw=0xf | vs[proj][   ][    ] ps='Diffuse_MapSampler' rank=100 | tex0=47E60990 inst=1
 2291 CONVERT v=17601  p=1742   zw=1 zt=1 blend=1 cw=0xf | vs[proj][   ][    ] ps='Diffuse_MapSampler' rank=100 | tex0=47E60990 inst=1
 2292 CONVERT v=17601  p=116    zw=1 zt=1 blend=1 cw=0xf | vs[proj][   ][    ] ps='Diffuse_MapSampler' rank=100 | tex0=47E60DF0 inst=1
 2293 CONVERT v=17601  p=812    zw=1 zt=1 blend=1 cw=0xf | vs[proj][   ][    ] ps='Diffuse_MapSampler' rank=100 | tex0=47E60DF0 inst=1
 2294 CONVERT v=1369   p=1279   zw=1 zt=1 blend=1 cw=0xf | vs[proj][   ][    ] ps='Decal_MapSampler' rank=100 | tex0=47E60610 inst=1
 2295 CONVERT v=35877  p=81     zw=1 zt=1 blend=1 cw=0xf | vs[proj][   ][    ] ps='Diffuse_MapSampler' rank=100 | tex0=47E5F2D0 inst=1
 2296 CONVERT v=17601  p=403    zw=1 zt=1 blend=1 cw=0xf | vs[proj][   ][    ] ps='Diffuse_MapSampler' rank=100 | tex0=47E5F2D0 inst=1
 2297 CONVERT v=17601  p=1629   zw=1 zt=1 blend=1 cw=0xf | vs[proj][   ][    ] ps='Diffuse_MapSampler' rank=100 | tex0=47E5F2D0 inst=1
 2298 CONVERT v=1369   p=20     zw=1 zt=1 blend=1 cw=0xf | vs[proj][   ][    ] ps='Diffuse_MapSampler' rank=100 | tex0=47E5F2D0 inst=1
 2299 CONVERT v=315    p=537    zw=1 zt=1 blend=1 cw=0xf | vs[proj][   ][    ] ps='Diffuse_MapSampler' rank=100 | tex0=41BFE230 inst=1
 2300 CONVERT v=261    p=492    zw=1 zt=1 blend=1 cw=0xf | vs[proj][   ][    ] ps='Diffuse_MapSampler' rank=100 | tex0=41BF43D0 inst=1
 2301 CONVERT v=261    p=492    zw=1 zt=1 blend=1 cw=0xf | vs[proj][   ][    ] ps='Diffuse_MapSampler' rank=100 | tex0=41BF43D0 inst=1
 2302 CONVERT v=261    p=492    zw=1 zt=1 blend=1 cw=0xf | vs[proj][   ][    ] ps='Diffuse_MapSampler' rank=100 | tex0=41BF43D0 inst=1
 2303 CONVERT v=145    p=384    zw=1 zt=1 blend=1 cw=0xf | vs[proj][   ][    ] ps='Diffuse_MapSampler' rank=100 | tex0=3B6CB870 inst=1
 2304 CONVERT v=145    p=384    zw=1 zt=1 blend=1 cw=0xf | vs[proj][   ][    ] ps='Diffuse_MapSampler' rank=100 | tex0=3B6CB870 inst=1
 2305 CONVERT v=145    p=384    zw=1 zt=1 blend=1 cw=0xf | vs[proj][   ][    ] ps='Diffuse_MapSampler' rank=100 | tex0=3B6CB870 inst=1
 2306 CONVERT v=145    p=384    zw=1 zt=1 blend=1 cw=0xf | vs[proj][   ][    ] ps='Diffuse_MapSampler' rank=100 | tex0=3B6CB870 inst=1
 2307 CONVERT v=145    p=384    zw=1 zt=1 blend=1 cw=0xf | vs[proj][   ][    ] ps='Diffuse_MapSampler' rank=100 | tex0=3B6CB870 inst=1
 2308 CONVERT v=145    p=384    zw=1 zt=1 blend=1 cw=0xf | vs[proj][   ][    ] ps='Diffuse_MapSampler' rank=100 | tex0=3B6CB870 inst=1
 2309 CONVERT v=145    p=384    zw=1 zt=1 blend=1 cw=0xf | vs[proj][   ][    ] ps='Diffuse_MapSampler' rank=100 | tex0=3B6CB870 inst=1
 2310 CONVERT v=6278   p=116    zw=1 zt=1 blend=1 cw=0xf | vs[proj][   ][    ] ps='Diffuse_MapSampler' rank=100 | tex0=3B6CB870 inst=1
 2311 CONVERT v=6278   p=9376   zw=1 zt=1 blend=1 cw=0xf | vs[proj][   ][    ] ps='Diffuse_MapSampler' rank=100 | tex0=44F07130 inst=1
 2312 CONVERT v=6278   p=4139   zw=1 zt=1 blend=1 cw=0xf | vs[proj][   ][    ] ps='Diffuse_MapSampler' rank=100 | tex0=3F254710 inst=1
 2313 CONVERT v=3306   p=1263   zw=1 zt=1 blend=1 cw=0xf | vs[proj][   ][    ] ps='Diffuse_MapSampler' rank=100 | tex0=41BE5E90 inst=1
 2314 CONVERT v=38907  p=2180   zw=1 zt=1 blend=1 cw=0xf | vs[proj][   ][    ] ps='Diffuse_MapSampler' rank=100 | tex0=3F254710 inst=1
 2315 CONVERT v=1924   p=587    zw=1 zt=1 blend=1 cw=0xf | vs[proj][   ][    ] ps='Diffuse_MapSampler' rank=100 | tex0=3F254710 inst=1
 2316 CONVERT v=3306   p=13     zw=1 zt=1 blend=1 cw=0xf | vs[proj][   ][    ] ps='Diffuse_MapSampler' rank=100 | tex0=41BE5790 inst=1
 2317 CONVERT v=3306   p=189    zw=1 zt=1 blend=1 cw=0xf | vs[proj][   ][    ] ps='Diffuse_MapSampler' rank=100 | tex0=41BE5790 inst=1
 2318 CONVERT v=2974   p=83     zw=1 zt=1 blend=1 cw=0xf | vs[proj][   ][    ] ps='Diffuse_MapSampler' rank=100 | tex0=41BE5790 inst=1
 2319 CONVERT v=2974   p=8      zw=1 zt=1 blend=1 cw=0xf | vs[proj][   ][    ] ps='Diffuse_MapSampler' rank=100 | tex0=41BE5CD0 inst=1
 2320 CONVERT v=35877  p=63344  zw=1 zt=1 blend=1 cw=0xf | vs[proj][   ][    ] ps='Diffuse_MapSampler' rank=100 | tex0=41BE5790 inst=1
 2321 CONVERT v=1369   p=744    zw=1 zt=1 blend=1 cw=0xf | vs[proj][   ][    ] ps='Diffuse_MapSampler' rank=100 | tex0=41BE5790 inst=1
 2322 CONVERT v=3306   p=141    zw=1 zt=1 blend=1 cw=0xf | vs[proj][   ][    ] ps='Diffuse_MapSampler' rank=100 | tex0=41BE5790 inst=1
 2323 CONVERT v=2974   p=12     zw=1 zt=1 blend=1 cw=0xf | vs[proj][   ][    ] ps='Diffuse_MapSampler' rank=100 | tex0=41BE5790 inst=1
 2324 CONVERT v=974    p=32     zw=1 zt=1 blend=1 cw=0xf | vs[proj][   ][    ] ps='Diffuse_MapSampler' rank=100 | tex0=414A1D68 inst=1
 2325 CONVERT v=3306   p=843    zw=1 zt=1 blend=1 cw=0xf | vs[proj][   ][    ] ps='Diffuse_MapSampler' rank=100 | tex0=41BE5090 inst=1
 2326 CONVERT v=2974   p=287    zw=1 zt=1 blend=1 cw=0xf | vs[proj][   ][    ] ps='Diffuse_MapSampler' rank=100 | tex0=41BE5090 inst=1
 2327 CONVERT v=3306   p=80     zw=1 zt=1 blend=1 cw=0xf | vs[proj][   ][    ] ps='Diffuse_MapSampler' rank=100 | tex0=3F2540F0 inst=1
 2328 CONVERT v=2974   p=42     zw=1 zt=1 blend=1 cw=0xf | vs[proj][   ][    ] ps='Diffuse_MapSampler' rank=100 | tex0=3F2540F0 inst=1
 2329 CONVERT v=3306   p=314    zw=1 zt=1 blend=1 cw=0xf | vs[proj][   ][    ] ps='Diffuse_MapSampler' rank=100 | tex0=41BE5250 inst=1
 2330 CONVERT v=2974   p=792    zw=1 zt=1 blend=1 cw=0xf | vs[proj][   ][    ] ps='Diffuse_MapSampler' rank=100 | tex0=41BE5250 inst=1
 2331 CONVERT v=206    p=427    zw=1 zt=1 blend=1 cw=0xf | vs[proj][   ][    ] ps='Diffuse_MapSampler' rank=100 | tex0=41BD60D0 inst=1
 2332 CONVERT v=640    p=1003   zw=1 zt=1 blend=1 cw=0xf | vs[proj][   ][    ] ps='Diffuse_MapSampler' rank=100 | tex0=41BD6ED0 inst=1
 2333 CONVERT v=640    p=1003   zw=1 zt=1 blend=1 cw=0xf | vs[proj][   ][    ] ps='Diffuse_MapSampler' rank=100 | tex0=41BD6ED0 inst=1
 2334 CONVERT v=3306   p=1076   zw=1 zt=1 blend=1 cw=0xf | vs[proj][   ][    ] ps='Diffuse_MapSampler' rank=100 | tex0=414B02A8 inst=1
 2335 CONVERT v=12     p=19     zw=1 zt=1 blend=1 cw=0xf | vs[proj][   ][    ] ps='Diffuse_MapSampler' rank=100 | tex0=414AF2E8 inst=1
 2336 CONVERT v=12     p=19     zw=1 zt=1 blend=1 cw=0xf | vs[proj][   ][    ] ps='Diffuse_MapSampler' rank=100 | tex0=414AF2E8 inst=1
 2337 CONVERT v=12     p=19     zw=1 zt=1 blend=1 cw=0xf | vs[proj][   ][    ] ps='Diffuse_MapSampler' rank=100 | tex0=414AF2E8 inst=1
 2338 CONVERT v=12     p=19     zw=1 zt=1 blend=1 cw=0xf | vs[proj][   ][    ] ps='Diffuse_MapSampler' rank=100 | tex0=414AF2E8 inst=1
 2339 CONVERT v=202    p=321    zw=1 zt=1 blend=1 cw=0xf | vs[proj][   ][    ] ps='Diffuse_MapSampler' rank=100 | tex0=414AE788 inst=1
 2340 CONVERT v=202    p=321    zw=1 zt=1 blend=1 cw=0xf | vs[proj][   ][    ] ps='Diffuse_MapSampler' rank=100 | tex0=414AE788 inst=1
 2341 CONVERT v=202    p=321    zw=1 zt=1 blend=1 cw=0xf | vs[proj][   ][    ] ps='Diffuse_MapSampler' rank=100 | tex0=414AE788 inst=1
 2342 CONVERT v=202    p=321    zw=1 zt=1 blend=1 cw=0xf | vs[proj][   ][    ] ps='Diffuse_MapSampler' rank=100 | tex0=414AE788 inst=1
 2343 CONVERT v=202    p=321    zw=1 zt=1 blend=1 cw=0xf | vs[proj][   ][    ] ps='Diffuse_MapSampler' rank=100 | tex0=414AE788 inst=1
 2344 CONVERT v=202    p=321    zw=1 zt=1 blend=1 cw=0xf | vs[proj][   ][    ] ps='Diffuse_MapSampler' rank=100 | tex0=414AE788 inst=1
 2345 CONVERT v=202    p=321    zw=1 zt=1 blend=1 cw=0xf | vs[proj][   ][    ] ps='Diffuse_MapSampler' rank=100 | tex0=414AE788 inst=1
 2346 CONVERT v=202    p=321    zw=1 zt=1 blend=1 cw=0xf | vs[proj][   ][    ] ps='Diffuse_MapSampler' rank=100 | tex0=414AE788 inst=1
 2347 CONVERT v=202    p=321    zw=1 zt=1 blend=1 cw=0xf | vs[proj][   ][    ] ps='Diffuse_MapSampler' rank=100 | tex0=414AE788 inst=1
 2348 CONVERT v=1924   p=20     zw=1 zt=1 blend=1 cw=0xf | vs[proj][   ][    ] ps='Diffuse_MapSampler' rank=100 | tex0=414ACAA8 inst=1
 2349 CONVERT v=974    p=20     zw=1 zt=1 blend=1 cw=0xf | vs[proj][   ][    ] ps='Diffuse_MapSampler' rank=100 | tex0=414ACAA8 inst=1
 2350 CONVERT v=830    p=242    zw=1 zt=1 blend=1 cw=0xf | vs[proj][   ][    ] ps='Decal_MapSampler' rank=100 | tex0=414AD7C8 inst=1
 2351 CONVERT v=194    p=68     zw=1 zt=1 blend=1 cw=0xf | vs[proj][   ][    ] ps='Decal_MapSampler' rank=100 | tex0=414AD7C8 inst=1
 2352 CONVERT v=6278   p=284    zw=1 zt=1 blend=1 cw=0xf | vs[proj][   ][    ] ps='Diffuse_MapSampler' rank=100 | tex0=160992A0 inst=1
 2353 CONVERT v=2974   p=2876   zw=1 zt=1 blend=1 cw=0xf | vs[proj][   ][    ] ps='Diffuse_MapSampler' rank=100 | tex0=40D3C0D0 inst=1
 2354 CONVERT v=222    p=315    zw=1 zt=1 blend=1 cw=0xf | vs[proj][   ][    ] ps='Diffuse_MapSampler' rank=100 | tex0=44F03D90 inst=1
 2355 CONVERT v=17601  p=196    zw=1 zt=1 blend=1 cw=0xf | vs[proj][   ][    ] ps='Diffuse_MapSampler' rank=100 | tex0=44F00210 inst=1
 2356 CONVERT v=830    p=294    zw=1 zt=1 blend=1 cw=0xf | vs[proj][   ][    ] ps='Decal_MapSampler' rank=100 | tex0=44EFE8B0 inst=1
 2357 CONVERT v=194    p=82     zw=1 zt=1 blend=1 cw=0xf | vs[proj][   ][    ] ps='Decal_MapSampler' rank=100 | tex0=44EFE8B0 inst=1
 2358 CONVERT v=770    p=132    zw=1 zt=1 blend=1 cw=0xf | vs[proj][   ][    ] ps='Decal_MapSampler' rank=100 | tex0=44F0D950 inst=1
 2359 CONVERT v=317    p=169    zw=1 zt=1 blend=1 cw=0xf | vs[proj][   ][    ] ps='Decal_MapSampler' rank=100 | tex0=44F0D950 inst=1
 2360 CONVERT v=770    p=356    zw=1 zt=1 blend=1 cw=0xf | vs[proj][   ][    ] ps='Decal_MapSampler' rank=100 | tex0=44EFED10 inst=1
 2361 CONVERT v=317    p=245    zw=1 zt=1 blend=1 cw=0xf | vs[proj][   ][    ] ps='Decal_MapSampler' rank=100 | tex0=44EFED10 inst=1
 2362 CONVERT v=517    p=455    zw=1 zt=1 blend=1 cw=0xf | vs[proj][   ][    ] ps='Decal_MapSampler' rank=100 | tex0=44EFED10 inst=1
 2363 CONVERT v=324    p=322    zw=1 zt=1 blend=1 cw=0xf | vs[proj][   ][    ] ps='Decal_MapSampler' rank=100 | tex0=44EFED10 inst=1
 2364 CONVERT v=770    p=611    zw=1 zt=1 blend=1 cw=0xf | vs[proj][   ][    ] ps='Decal_MapSampler' rank=100 | tex0=44EFEDF0 inst=1
 2365 CONVERT v=517    p=362    zw=1 zt=1 blend=1 cw=0xf | vs[proj][   ][    ] ps='Decal_MapSampler' rank=100 | tex0=44EFEDF0 inst=1
 2366 CONVERT v=324    p=172    zw=1 zt=1 blend=1 cw=0xf | vs[proj][   ][    ] ps='Decal_MapSampler' rank=100 | tex0=44EFEDF0 inst=1
 2367 CONVERT v=3306   p=981    zw=1 zt=1 blend=1 cw=0xf | vs[proj][   ][    ] ps='Diffuse_MapSampler' rank=100 | tex0=44F1BDB0 inst=1
 2368 CONVERT v=2974   p=377    zw=1 zt=1 blend=1 cw=0xf | vs[proj][   ][    ] ps='Diffuse_MapSampler' rank=100 | tex0=44F1BDB0 inst=1
 2369 CONVERT v=25     p=21     zw=1 zt=1 blend=1 cw=0xf | vs[proj][   ][    ] ps='Diffuse_MapSampler' rank=100 | tex0=44F090B0 inst=1
 2370 CONVERT v=20     p=14     zw=1 zt=1 blend=1 cw=0xf | vs[proj][   ][    ] ps='Diffuse_MapSampler' rank=100 | tex0=44F090B0 inst=1
 2371 CONVERT v=72     p=20     zw=1 zt=1 blend=1 cw=0xf | vs[proj][   ][    ] ps='Diffuse_MapSampler' rank=100 | tex0=44F090B0 inst=1
 2372 CONVERT v=72     p=20     zw=1 zt=1 blend=1 cw=0xf | vs[proj][   ][    ] ps='Diffuse_MapSampler' rank=100 | tex0=44F090B0 inst=1
 2373 CONVERT v=46     p=20     zw=1 zt=1 blend=1 cw=0xf | vs[proj][   ][    ] ps='Diffuse_MapSampler' rank=100 | tex0=44F090B0 inst=1
 2374 CONVERT v=6022   p=25     zw=1 zt=1 blend=1 cw=0xf | vs[proj][   ][    ] ps='Diffuse_MapSampler' rank=100 | tex0=3F255890 inst=1
 2375 CONVERT v=3564   p=38     zw=1 zt=1 blend=1 cw=0xf | vs[proj][   ][    ] ps='Diffuse_MapSampler' rank=100 | tex0=3F255890 inst=1
 2376 CONVERT v=20     p=2      zw=1 zt=1 blend=1 cw=0xf | vs[proj][   ][    ] ps='Diffuse_MapSampler' rank=100 | tex0=3F254EF0 inst=1
 2377 CONVERT v=1879   p=61     zw=1 zt=1 blend=1 cw=0xf | vs[proj][   ][    ] ps='Diffuse_MapSampler' rank=100 | tex0=3F23A770 inst=1
 2378 CONVERT v=2750   p=69     zw=1 zt=1 blend=1 cw=0xf | vs[proj][   ][    ] ps='Diffuse_MapSampler' rank=100 | tex0=3F23A770 inst=1
 2379 CONVERT v=184    p=224    zw=1 zt=1 blend=1 cw=0xf | vs[proj][   ][    ] ps='Diffuse_MapSampler' rank=100 | tex0=44F11AF0 inst=1
 2380 CONVERT v=2595   p=15     zw=1 zt=1 blend=1 cw=0xf | vs[proj][   ][    ] ps='Diffuse_MapSampler' rank=100 | tex0=3F23EE50 inst=1
 2381 CONVERT v=564    p=123    zw=1 zt=1 blend=1 cw=0xf | vs[proj][   ][    ] ps='Diffuse_MapSampler' rank=100 | tex0=3F23EE50 inst=1
 2382 CONVERT v=3014   p=32     zw=1 zt=1 blend=1 cw=0xf | vs[proj][   ][    ] ps='Diffuse_MapSampler' rank=100 | tex0=44F0E910 inst=1
 2383 CONVERT v=3014   p=32     zw=1 zt=1 blend=1 cw=0xf | vs[proj][   ][    ] ps='Diffuse_MapSampler' rank=100 | tex0=3F23BFF0 inst=1
 2384 CONVERT v=3014   p=23     zw=1 zt=1 blend=1 cw=0xf | vs[proj][   ][    ] ps='Diffuse_MapSampler' rank=100 | tex0=3F239CF0 inst=1
 2385 CONVERT v=3014   p=56     zw=1 zt=1 blend=1 cw=0xf | vs[proj][   ][    ] ps='Diffuse_MapSampler' rank=100 | tex0=3F23C990 inst=1
 2386 CONVERT v=3014   p=20     zw=1 zt=1 blend=1 cw=0xf | vs[proj][   ][    ] ps='Diffuse_MapSampler' rank=100 | tex0=3F23AA10 inst=1
 2387 CONVERT v=3014   p=14     zw=1 zt=1 blend=1 cw=0xf | vs[proj][   ][    ] ps='Diffuse_MapSampler' rank=100 | tex0=44F08710 inst=1
 2388 CONVERT v=2750   p=27     zw=1 zt=1 blend=1 cw=0xf | vs[proj][   ][    ] ps='Diffuse_MapSampler' rank=100 | tex0=44F08710 inst=1
 2389 CONVERT v=3348   p=23     zw=1 zt=1 blend=1 cw=0xf | vs[proj][   ][    ] ps='Diffuse_MapSampler' rank=100 | tex0=44F08710 inst=1
 2390 CONVERT v=1907   p=31     zw=1 zt=1 blend=1 cw=0xf | vs[proj][   ][    ] ps='Diffuse_MapSampler' rank=100 | tex0=44F08710 inst=1
 2391 CONVERT v=2750   p=2      zw=1 zt=1 blend=1 cw=0xf | vs[proj][   ][    ] ps='Diffuse_MapSampler' rank=100 | tex0=44F168D0 inst=1
 2392 CONVERT v=1907   p=21     zw=1 zt=1 blend=1 cw=0xf | vs[proj][   ][    ] ps='Diffuse_MapSampler' rank=100 | tex0=44F168D0 inst=1
 2393 CONVERT v=28     p=45     zw=1 zt=1 blend=1 cw=0xf | vs[proj][   ][    ] ps='Diffuse_MapSampler' rank=100 | tex0=3F23B9D0 inst=1
 2394 CONVERT v=3014   p=14     zw=1 zt=1 blend=1 cw=0xf | vs[proj][   ][    ] ps='Diffuse_MapSampler' rank=100 | tex0=44F0C6F0 inst=1
 2395 CONVERT v=3014   p=554    zw=1 zt=1 blend=1 cw=0xf | vs[proj][   ][    ] ps='Diffuse_MapSampler' rank=100 | tex0=44F0C530 inst=1
 2396 CONVERT v=3014   p=67     zw=1 zt=1 blend=1 cw=0xf | vs[proj][   ][    ] ps='Diffuse_MapSampler' rank=100 | tex0=44F0C7D0 inst=1
 2397 CONVERT v=405    p=37     zw=1 zt=1 blend=1 cw=0xf | vs[proj][   ][    ] ps='Diffuse_MapSampler' rank=100 | tex0=3F23DB10 inst=1
 2398 PASS    v=737    p=731    zw=1 zt=1 blend=1 cw=0xf | vs[proj][   ][    ] ps='IR_GBuffer_DSF_DataSampler' rank=0 | tex0=3F23DB10 inst=1
 2399 PASS    v=733    p=566    zw=1 zt=1 blend=1 cw=0xf | vs[proj][   ][    ] ps='IR_GBuffer_DSF_DataSampler' rank=0 | tex0=3F23DB10 inst=1
 2400 CONVERT v=2750   p=9      zw=1 zt=1 blend=1 cw=0xf | vs[proj][   ][    ] ps='Diffuse_MapSampler' rank=100 | tex0=44F07670 inst=1
 2401 CONVERT v=480    p=98     zw=1 zt=1 blend=1 cw=0xf | vs[proj][   ][    ] ps='Diffuse_MapSampler' rank=100 | tex0=44F13A70 inst=1
 2402 CONVERT v=1879   p=239    zw=1 zt=1 blend=1 cw=0xf | vs[proj][   ][    ] ps='Diffuse_MapSampler' rank=100 | tex0=3F23A5B0 inst=1
 2403 CONVERT v=1589   p=322    zw=1 zt=1 blend=1 cw=0xf | vs[proj][   ][    ] ps='Diffuse_MapSampler' rank=100 | tex0=3F23A5B0 inst=1
 2404 CONVERT v=2750   p=654    zw=1 zt=1 blend=1 cw=0xf | vs[proj][   ][    ] ps='Diffuse_MapSampler' rank=100 | tex0=3F23A5B0 inst=1
 2405 CONVERT v=3348   p=113    zw=1 zt=1 blend=1 cw=0xf | vs[proj][   ][    ] ps='Diffuse_MapSampler' rank=100 | tex0=3F23A5B0 inst=1
 2406 CONVERT v=1135   p=128    zw=1 zt=1 blend=1 cw=0xf | vs[proj][   ][    ] ps='Diffuse_MapSampler' rank=100 | tex0=3F23A5B0 inst=1
 2407 CONVERT v=1879   p=8      zw=1 zt=1 blend=1 cw=0xf | vs[proj][   ][    ] ps='Diffuse_MapSampler' rank=100 | tex0=3F239CF0 inst=1
 2408 CONVERT v=1589   p=8      zw=1 zt=1 blend=1 cw=0xf | vs[proj][   ][    ] ps='Diffuse_MapSampler' rank=100 | tex0=3F239CF0 inst=1
 2409 CONVERT v=2750   p=1      zw=1 zt=1 blend=1 cw=0xf | vs[proj][   ][    ] ps='Diffuse_MapSampler' rank=100 | tex0=3F239CF0 inst=1
 2410 CONVERT v=3014   p=47     zw=1 zt=1 blend=1 cw=0xf | vs[proj][   ][    ] ps='Diffuse_MapSampler' rank=100 | tex0=3F239CF0 inst=1
 2411 CONVERT v=3348   p=21     zw=1 zt=1 blend=1 cw=0xf | vs[proj][   ][    ] ps='Diffuse_MapSampler' rank=100 | tex0=3F239CF0 inst=1
 2412 CONVERT v=1135   p=35     zw=1 zt=1 blend=1 cw=0xf | vs[proj][   ][    ] ps='Diffuse_MapSampler' rank=100 | tex0=3F239CF0 inst=1
 2413 CONVERT v=1879   p=19     zw=1 zt=1 blend=1 cw=0xf | vs[proj][   ][    ] ps='Diffuse_MapSampler' rank=100 | tex0=3F23D4F0 inst=1
 2414 CONVERT v=2750   p=23     zw=1 zt=1 blend=1 cw=0xf | vs[proj][   ][    ] ps='Diffuse_MapSampler' rank=100 | tex0=3F23D4F0 inst=1
 2415 PASS    v=731    p=75     zw=1 zt=1 blend=1 cw=0xf | vs[proj][   ][    ] ps='IR_GBuffer_DSF_DataSampler' rank=0 | tex0=3F23D4F0 inst=1
 2416 PASS    v=929    p=841    zw=1 zt=1 blend=1 cw=0xf | vs[proj][   ][    ] ps='IR_GBuffer_DSF_DataSampler' rank=0 | tex0=3F23D4F0 inst=1
 2417 PASS    v=707    p=151    zw=1 zt=1 blend=1 cw=0xf | vs[proj][   ][    ] ps='IR_GBuffer_DSF_DataSampler' rank=0 | tex0=3F23D4F0 inst=1
 2418 PASS    v=1198   p=1113   zw=1 zt=1 blend=1 cw=0xf | vs[proj][   ][    ] ps='IR_GBuffer_DSF_DataSampler' rank=0 | tex0=3F23D4F0 inst=1
 2419 PASS    v=239    p=41     zw=1 zt=1 blend=1 cw=0xf | vs[proj][   ][    ] ps='IR_GBuffer_DSF_DataSampler' rank=0 | tex0=3F23D4F0 inst=1
 2420 PASS    v=820    p=599    zw=1 zt=1 blend=1 cw=0xf | vs[proj][   ][    ] ps='IR_GBuffer_DSF_DataSampler' rank=0 | tex0=3F23D4F0 inst=1
 2421 PASS    v=307    p=68     zw=1 zt=1 blend=1 cw=0xf | vs[proj][   ][    ] ps='IR_GBuffer_DSF_DataSampler' rank=0 | tex0=3F23D4F0 inst=1
 2422 PASS    v=1028   p=1113   zw=1 zt=1 blend=1 cw=0xf | vs[proj][   ][    ] ps='IR_GBuffer_DSF_DataSampler' rank=0 | tex0=3F23D4F0 inst=1
 2423 PASS    v=489    p=179    zw=1 zt=1 blend=1 cw=0xf | vs[proj][   ][    ] ps='IR_GBuffer_DSF_DataSampler' rank=0 | tex0=3F23D4F0 inst=1
 2424 PASS    v=402    p=333    zw=1 zt=1 blend=1 cw=0xf | vs[proj][   ][    ] ps='IR_GBuffer_DSF_DataSampler' rank=0 | tex0=3F23D4F0 inst=1
 2425 CONVERT v=486    p=92     zw=1 zt=1 blend=1 cw=0xf | vs[proj][   ][    ] ps='Diffuse_MapSampler' rank=100 | tex0=44F131B0 inst=1
 2426 CONVERT v=1553   p=182    zw=1 zt=1 blend=1 cw=0xf | vs[proj][   ][    ] ps='Diffuse_MapSampler' rank=100 | tex0=44F131B0 inst=1
 2427 CONVERT v=829    p=31     zw=1 zt=1 blend=1 cw=0xf | vs[proj][   ][    ] ps='Diffuse_MapSampler' rank=100 | tex0=44F131B0 inst=1
 2428 CONVERT v=829    p=68     zw=1 zt=1 blend=1 cw=0xf | vs[proj][   ][    ] ps='Diffuse_MapSampler' rank=100 | tex0=44F131B0 inst=1
 2429 CONVERT v=958    p=1010   zw=1 zt=1 blend=1 cw=0xf | vs[proj][   ][    ] ps='Diffuse_MapSampler' rank=100 | tex0=44F131B0 inst=1
 2430 CONVERT v=1553   p=200    zw=1 zt=1 blend=1 cw=0xf | vs[proj][   ][    ] ps='Diffuse_MapSampler' rank=100 | tex0=44F11D90 inst=1
 2431 CONVERT v=2750   p=2      zw=1 zt=1 blend=1 cw=0xf | vs[proj][   ][    ] ps='Diffuse_MapSampler' rank=100 | tex0=44F06410 inst=1
 2432 CONVERT v=2595   p=1      zw=1 zt=1 blend=1 cw=0xf | vs[proj][   ][    ] ps='Diffuse_MapSampler' rank=100 | tex0=3F23D950 inst=1
 2433 CONVERT v=1879   p=107    zw=1 zt=1 blend=1 cw=0xf | vs[proj][   ][    ] ps='Diffuse_MapSampler' rank=100 | tex0=3F23D950 inst=1
 2434 CONVERT v=1589   p=184    zw=1 zt=1 blend=1 cw=0xf | vs[proj][   ][    ] ps='Diffuse_MapSampler' rank=100 | tex0=3F23D950 inst=1
 2435 CONVERT v=2750   p=115    zw=1 zt=1 blend=1 cw=0xf | vs[proj][   ][    ] ps='Diffuse_MapSampler' rank=100 | tex0=3F23D950 inst=1
 2436 CONVERT v=3348   p=53     zw=1 zt=1 blend=1 cw=0xf | vs[proj][   ][    ] ps='Diffuse_MapSampler' rank=100 | tex0=3F23D950 inst=1
 2437 CONVERT v=1135   p=19     zw=1 zt=1 blend=1 cw=0xf | vs[proj][   ][    ] ps='Diffuse_MapSampler' rank=100 | tex0=3F23D950 inst=1
 2438 PASS    v=28     p=78     zw=1 zt=1 blend=1 cw=0xf | vs[proj][   ][    ] ps='IR_GBuffer_DSF_DataSampler' rank=0 | tex0=3F23D950 inst=1
 2439 PASS    v=35     p=97     zw=1 zt=1 blend=1 cw=0xf | vs[proj][   ][    ] ps='IR_GBuffer_DSF_DataSampler' rank=0 | tex0=3F23D950 inst=1
 2440 PASS    v=3      p=1      zw=1 zt=1 blend=1 cw=0xf | vs[proj][   ][    ] ps='IR_GBuffer_DSF_DataSampler' rank=0 | tex0=3F23D950 inst=1
 2441 PASS    v=6      p=9      zw=1 zt=1 blend=1 cw=0xf | vs[proj][   ][    ] ps='IR_GBuffer_DSF_DataSampler' rank=0 | tex0=3F23D950 inst=1
 2442 PASS    v=6      p=9      zw=1 zt=1 blend=1 cw=0xf | vs[proj][   ][    ] ps='IR_GBuffer_DSF_DataSampler' rank=0 | tex0=3F23D950 inst=1
 2443 CONVERT v=2595   p=50     zw=1 zt=1 blend=1 cw=0xf | vs[proj][   ][    ] ps='Diffuse_MapSampler' rank=100 | tex0=3F23AA10 inst=1
 2444 CONVERT v=1421   p=56     zw=1 zt=1 blend=1 cw=0xf | vs[proj][   ][    ] ps='Diffuse_MapSampler' rank=100 | tex0=3F23AA10 inst=1
 2445 CONVERT v=2750   p=7      zw=1 zt=1 blend=1 cw=0xf | vs[proj][   ][    ] ps='Diffuse_MapSampler' rank=100 | tex0=3F23AA10 inst=1
 2446 CONVERT v=3014   p=62     zw=1 zt=1 blend=1 cw=0xf | vs[proj][   ][    ] ps='Diffuse_MapSampler' rank=100 | tex0=3F23AA10 inst=1
 2447 CONVERT v=2595   p=19     zw=1 zt=1 blend=1 cw=0xf | vs[proj][   ][    ] ps='Diffuse_MapSampler' rank=100 | tex0=44F0CED0 inst=1
 2448 CONVERT v=1421   p=79     zw=1 zt=1 blend=1 cw=0xf | vs[proj][   ][    ] ps='Diffuse_MapSampler' rank=100 | tex0=44F0CED0 inst=1
 2449 CONVERT v=1879   p=429    zw=1 zt=1 blend=1 cw=0xf | vs[proj][   ][    ] ps='Diffuse_MapSampler' rank=100 | tex0=44F0CED0 inst=1
 2450 CONVERT v=1589   p=19     zw=1 zt=1 blend=1 cw=0xf | vs[proj][   ][    ] ps='Diffuse_MapSampler' rank=100 | tex0=44F0CED0 inst=1
 2451 CONVERT v=3014   p=98     zw=1 zt=1 blend=1 cw=0xf | vs[proj][   ][    ] ps='Diffuse_MapSampler' rank=100 | tex0=44F0CED0 inst=1
 2452 CONVERT v=3348   p=55     zw=1 zt=1 blend=1 cw=0xf | vs[proj][   ][    ] ps='Diffuse_MapSampler' rank=100 | tex0=44F0CED0 inst=1
 2453 CONVERT v=2595   p=31     zw=1 zt=1 blend=1 cw=0xf | vs[proj][   ][    ] ps='Diffuse_MapSampler' rank=100 | tex0=44F0C6F0 inst=1
 2454 CONVERT v=3014   p=212    zw=1 zt=1 blend=1 cw=0xf | vs[proj][   ][    ] ps='Diffuse_MapSampler' rank=100 | tex0=44F0C6F0 inst=1
 2455 PASS    v=5158   p=223    zw=1 zt=1 blend=1 cw=0xf | vs[proj][   ][    ] ps='IR_GBuffer_DSF_DataSampler' rank=0 | tex0=44F0C6F0 inst=1
 2456 PASS    v=4803   p=4      zw=1 zt=1 blend=1 cw=0xf | vs[proj][   ][    ] ps='IR_GBuffer_DSF_DataSampler' rank=0 | tex0=44F0C6F0 inst=1
 2457 PASS    v=4824   p=166    zw=1 zt=1 blend=1 cw=0xf | vs[proj][   ][    ] ps='IR_GBuffer_DSF_DataSampler' rank=0 | tex0=44F0C6F0 inst=1
 2458 PASS    v=3925   p=51     zw=1 zt=1 blend=1 cw=0xf | vs[proj][   ][    ] ps='IR_GBuffer_DSF_DataSampler' rank=0 | tex0=44F0C6F0 inst=1
 2459 PASS    v=5035   p=51     zw=1 zt=1 blend=1 cw=0xf | vs[proj][   ][    ] ps='IR_GBuffer_DSF_DataSampler' rank=0 | tex0=44F0C6F0 inst=1
 2460 PASS    v=4586   p=397    zw=1 zt=1 blend=1 cw=0xf | vs[proj][   ][    ] ps='IR_GBuffer_DSF_DataSampler' rank=0 | tex0=44F0C6F0 inst=1
 2461 PASS    v=2284   p=93     zw=1 zt=1 blend=1 cw=0xf | vs[proj][   ][    ] ps='IR_GBuffer_DSF_DataSampler' rank=0 | tex0=44F0C6F0 inst=1
 2462 PASS    v=4171   p=1      zw=1 zt=1 blend=1 cw=0xf | vs[proj][   ][    ] ps='IR_GBuffer_DSF_DataSampler' rank=0 | tex0=44F0C6F0 inst=1
 2463 PASS    v=2785   p=83     zw=1 zt=1 blend=1 cw=0xf | vs[proj][   ][    ] ps='IR_GBuffer_DSF_DataSampler' rank=0 | tex0=44F0C6F0 inst=1
 2464 PASS    v=2606   p=17     zw=1 zt=1 blend=1 cw=0xf | vs[proj][   ][    ] ps='IR_GBuffer_DSF_DataSampler' rank=0 | tex0=44F0C6F0 inst=1
 2465 PASS    v=4013   p=8      zw=1 zt=1 blend=1 cw=0xf | vs[proj][   ][    ] ps='IR_GBuffer_DSF_DataSampler' rank=0 | tex0=44F0C6F0 inst=1
 2466 PASS    v=230    p=7      zw=1 zt=1 blend=1 cw=0xf | vs[proj][   ][    ] ps='IR_GBuffer_DSF_DataSampler' rank=0 | tex0=44F0C6F0 inst=1
 2467 PASS    v=1900   p=7      zw=1 zt=1 blend=1 cw=0xf | vs[proj][   ][    ] ps='IR_GBuffer_DSF_DataSampler' rank=0 | tex0=44F0C6F0 inst=1
 2468 PASS    v=2311   p=25     zw=1 zt=1 blend=1 cw=0xf | vs[proj][   ][    ] ps='IR_GBuffer_DSF_DataSampler' rank=0 | tex0=44F0C6F0 inst=1
 2469 PASS    v=4159   p=29     zw=1 zt=1 blend=1 cw=0xf | vs[proj][   ][    ] ps='IR_GBuffer_DSF_DataSampler' rank=0 | tex0=44F0C6F0 inst=1
 2470 PASS    v=2125   p=111    zw=1 zt=1 blend=1 cw=0xf | vs[proj][   ][    ] ps='IR_GBuffer_DSF_DataSampler' rank=0 | tex0=44F0C6F0 inst=1
 2471 PASS    v=362    p=25     zw=1 zt=1 blend=1 cw=0xf | vs[proj][   ][    ] ps='IR_GBuffer_DSF_DataSampler' rank=0 | tex0=44F0C6F0 inst=1
 2472 PASS    v=7416   p=147    zw=1 zt=1 blend=1 cw=0xf | vs[proj][   ][    ] ps='IR_GBuffer_DSF_DataSampler' rank=0 | tex0=44F0C6F0 inst=1
 2473 PASS    v=3348   p=123    zw=1 zt=1 blend=1 cw=0xf | vs[proj][   ][    ] ps='IR_GBuffer_DSF_DataSampler' rank=0 | tex0=44F0C6F0 inst=1
 2474 PASS    v=806    p=65     zw=1 zt=1 blend=1 cw=0xf | vs[proj][   ][    ] ps='IR_GBuffer_DSF_DataSampler' rank=0 | tex0=44F0C6F0 inst=1
 2475 PASS    v=5036   p=233    zw=1 zt=1 blend=1 cw=0xf | vs[proj][   ][    ] ps='IR_GBuffer_DSF_DataSampler' rank=0 | tex0=44F0C6F0 inst=1
 2476 PASS    v=1131   p=105    zw=1 zt=1 blend=1 cw=0xf | vs[proj][   ][    ] ps='IR_GBuffer_DSF_DataSampler' rank=0 | tex0=44F0C6F0 inst=1
 2477 PASS    v=1717   p=77     zw=1 zt=1 blend=1 cw=0xf | vs[proj][   ][    ] ps='IR_GBuffer_DSF_DataSampler' rank=0 | tex0=44F0C6F0 inst=1
 2478 PASS    v=6421   p=273    zw=1 zt=1 blend=1 cw=0xf | vs[proj][   ][    ] ps='IR_GBuffer_DSF_DataSampler' rank=0 | tex0=44F0C6F0 inst=1
 2479 PASS    v=4304   p=50     zw=1 zt=1 blend=1 cw=0xf | vs[proj][   ][    ] ps='IR_GBuffer_DSF_DataSampler' rank=0 | tex0=44F0C6F0 inst=1
 2480 PASS    v=1273   p=99     zw=1 zt=1 blend=1 cw=0xf | vs[proj][   ][    ] ps='IR_GBuffer_DSF_DataSampler' rank=0 | tex0=44F0C6F0 inst=1
 2481 PASS    v=3346   p=105    zw=1 zt=1 blend=1 cw=0xf | vs[proj][   ][    ] ps='IR_GBuffer_DSF_DataSampler' rank=0 | tex0=44F0C6F0 inst=1
 2482 PASS    v=3493   p=185    zw=1 zt=1 blend=1 cw=0xf | vs[proj][   ][    ] ps='IR_GBuffer_DSF_DataSampler' rank=0 | tex0=44F0C6F0 inst=1
 2483 PASS    v=1330   p=169    zw=1 zt=1 blend=1 cw=0xf | vs[proj][   ][    ] ps='IR_GBuffer_DSF_DataSampler' rank=0 | tex0=44F0C6F0 inst=1
 2484 PASS    v=2819   p=345    zw=1 zt=1 blend=1 cw=0xf | vs[proj][   ][    ] ps='IR_GBuffer_DSF_DataSampler' rank=0 | tex0=44F0C6F0 inst=1
 2485 PASS    v=2588   p=67     zw=1 zt=1 blend=1 cw=0xf | vs[proj][   ][    ] ps='IR_GBuffer_DSF_DataSampler' rank=0 | tex0=44F0C6F0 inst=1
 2486 PASS    v=3021   p=109    zw=1 zt=1 blend=1 cw=0xf | vs[proj][   ][    ] ps='IR_GBuffer_DSF_DataSampler' rank=0 | tex0=44F0C6F0 inst=1
 2487 PASS    v=1217   p=49     zw=1 zt=1 blend=1 cw=0xf | vs[proj][   ][    ] ps='IR_GBuffer_DSF_DataSampler' rank=0 | tex0=44F0C6F0 inst=1
 2488 PASS    v=3442   p=85     zw=1 zt=1 blend=1 cw=0xf | vs[proj][   ][    ] ps='IR_GBuffer_DSF_DataSampler' rank=0 | tex0=44F0C6F0 inst=1
 2489 PASS    v=2827   p=51     zw=1 zt=1 blend=1 cw=0xf | vs[proj][   ][    ] ps='IR_GBuffer_DSF_DataSampler' rank=0 | tex0=44F0C6F0 inst=1
 2490 CONVERT v=1907   p=8      zw=1 zt=1 blend=1 cw=0xf | vs[proj][   ][    ] ps='Diffuse_MapSampler' rank=100 | tex0=44F06790 inst=1
 2491 CONVERT v=405    p=89     zw=1 zt=1 blend=1 cw=0xf | vs[proj][   ][    ] ps='Diffuse_MapSampler' rank=100 | tex0=44F05990 inst=1
 2492 CONVERT v=1907   p=1      zw=1 zt=1 blend=1 cw=0xf | vs[proj][   ][    ] ps='Diffuse_MapSampler' rank=100 | tex0=44F05990 inst=1
 2493 PASS    v=558    p=121    zw=1 zt=1 blend=1 cw=0xf | vs[proj][   ][    ] ps='IR_GBuffer_DSF_DataSampler' rank=0 | tex0=44F05990 inst=1
 2494 PASS    v=237    p=117    zw=1 zt=1 blend=1 cw=0xf | vs[proj][   ][    ] ps='IR_GBuffer_DSF_DataSampler' rank=0 | tex0=44F05990 inst=1
 2495 PASS    v=651    p=239    zw=1 zt=1 blend=1 cw=0xf | vs[proj][   ][    ] ps='IR_GBuffer_DSF_DataSampler' rank=0 | tex0=44F05990 inst=1
 2496 PASS    v=1419   p=1609   zw=1 zt=1 blend=1 cw=0xf | vs[proj][   ][    ] ps='IR_GBuffer_DSF_DataSampler' rank=0 | tex0=44F05990 inst=1
 2497 PASS    v=722    p=167    zw=1 zt=1 blend=1 cw=0xf | vs[proj][   ][    ] ps='IR_GBuffer_DSF_DataSampler' rank=0 | tex0=44F05990 inst=1
 2498 PASS    v=355    p=95     zw=1 zt=1 blend=1 cw=0xf | vs[proj][   ][    ] ps='IR_GBuffer_DSF_DataSampler' rank=0 | tex0=44F05990 inst=1
 2499 PASS    v=1124   p=489    zw=1 zt=1 blend=1 cw=0xf | vs[proj][   ][    ] ps='IR_GBuffer_DSF_DataSampler' rank=0 | tex0=44F05990 inst=1
 2500 PASS    v=642    p=389    zw=1 zt=1 blend=1 cw=0xf | vs[proj][   ][    ] ps='IR_GBuffer_DSF_DataSampler' rank=0 | tex0=44F05990 inst=1
 2501 PASS    v=1868   p=1019   zw=1 zt=1 blend=1 cw=0xf | vs[proj][   ][    ] ps='IR_GBuffer_DSF_DataSampler' rank=0 | tex0=44F05990 inst=1
 2502 PASS    v=1875   p=1015   zw=1 zt=1 blend=1 cw=0xf | vs[proj][   ][    ] ps='IR_GBuffer_DSF_DataSampler' rank=0 | tex0=44F05990 inst=1
 2503 PASS    v=2267   p=1285   zw=1 zt=1 blend=1 cw=0xf | vs[proj][   ][    ] ps='IR_GBuffer_DSF_DataSampler' rank=0 | tex0=44F05990 inst=1
 2504 PASS    v=431    p=103    zw=1 zt=1 blend=1 cw=0xf | vs[proj][   ][    ] ps='IR_GBuffer_DSF_DataSampler' rank=0 | tex0=44F05990 inst=1
 2505 PASS    v=264    p=77     zw=1 zt=1 blend=1 cw=0xf | vs[proj][   ][    ] ps='IR_GBuffer_DSF_DataSampler' rank=0 | tex0=44F05990 inst=1
 2506 PASS    v=1586   p=941    zw=1 zt=1 blend=1 cw=0xf | vs[proj][   ][    ] ps='IR_GBuffer_DSF_DataSampler' rank=0 | tex0=44F05990 inst=1
 2507 PASS    v=1552   p=905    zw=1 zt=1 blend=1 cw=0xf | vs[proj][   ][    ] ps='IR_GBuffer_DSF_DataSampler' rank=0 | tex0=44F05990 inst=1
 2508 PASS    v=2467   p=1728   zw=1 zt=1 blend=1 cw=0xf | vs[proj][   ][    ] ps='IR_GBuffer_DSF_DataSampler' rank=0 | tex0=44F05990 inst=1
 2509 PASS    v=106    p=21     zw=1 zt=1 blend=1 cw=0xf | vs[proj][   ][    ] ps='IR_GBuffer_DSF_DataSampler' rank=0 | tex0=44F05990 inst=1
 2510 PASS    v=1384   p=1233   zw=1 zt=1 blend=1 cw=0xf | vs[proj][   ][    ] ps='IR_GBuffer_DSF_DataSampler' rank=0 | tex0=44F05990 inst=1
 2511 PASS    v=360    p=20     zw=1 zt=1 blend=1 cw=0xf | vs[proj][   ][    ] ps='IR_GBuffer_DSF_DataSampler' rank=0 | tex0=44F05990 inst=1
 2512 PASS    v=1238   p=1107   zw=1 zt=1 blend=1 cw=0xf | vs[proj][   ][    ] ps='IR_GBuffer_DSF_DataSampler' rank=0 | tex0=44F05990 inst=1
 2513 PASS    v=390    p=178    zw=1 zt=1 blend=1 cw=0xf | vs[proj][   ][    ] ps='IR_GBuffer_DSF_DataSampler' rank=0 | tex0=44F05990 inst=1
 2514 PASS    v=429    p=287    zw=1 zt=1 blend=1 cw=0xf | vs[proj][   ][    ] ps='IR_GBuffer_DSF_DataSampler' rank=0 | tex0=44F05990 inst=1
 2515 PASS    v=286    p=165    zw=1 zt=1 blend=1 cw=0xf | vs[proj][   ][    ] ps='IR_GBuffer_DSF_DataSampler' rank=0 | tex0=44F05990 inst=1
 2516 PASS    v=1254   p=1221   zw=1 zt=1 blend=1 cw=0xf | vs[proj][   ][    ] ps='IR_GBuffer_DSF_DataSampler' rank=0 | tex0=44F05990 inst=1
 2517 PASS    v=290    p=110    zw=1 zt=1 blend=1 cw=0xf | vs[proj][   ][    ] ps='IR_GBuffer_DSF_DataSampler' rank=0 | tex0=44F05990 inst=1
 2518 PASS    v=380    p=319    zw=1 zt=1 blend=1 cw=0xf | vs[proj][   ][    ] ps='IR_GBuffer_DSF_DataSampler' rank=0 | tex0=44F05990 inst=1
 2519 PASS    v=1121   p=943    zw=1 zt=1 blend=1 cw=0xf | vs[proj][   ][    ] ps='IR_GBuffer_DSF_DataSampler' rank=0 | tex0=44F05990 inst=1
 2520 PASS    v=179    p=18     zw=1 zt=1 blend=1 cw=0xf | vs[proj][   ][    ] ps='IR_GBuffer_DSF_DataSampler' rank=0 | tex0=44F05990 inst=1
 2521 PASS    v=593    p=61     zw=1 zt=1 blend=1 cw=0xf | vs[proj][   ][    ] ps='IR_GBuffer_DSF_DataSampler' rank=0 | tex0=44F05990 inst=1
 2522 PASS    v=176    p=184    zw=1 zt=1 blend=1 cw=0xf | vs[proj][   ][    ] ps='IR_GBuffer_DSF_DataSampler' rank=0 | tex0=44F05990 inst=1
 2523 PASS    v=249    p=41     zw=1 zt=1 blend=1 cw=0xf | vs[proj][   ][    ] ps='IR_GBuffer_DSF_DataSampler' rank=0 | tex0=44F05990 inst=1
 2524 PASS    v=1450   p=1827   zw=1 zt=1 blend=1 cw=0xf | vs[proj][   ][    ] ps='IR_GBuffer_DSF_DataSampler' rank=0 | tex0=44F05990 inst=1
 2525 PASS    v=121    p=32     zw=1 zt=1 blend=1 cw=0xf | vs[proj][   ][    ] ps='IR_GBuffer_DSF_DataSampler' rank=0 | tex0=44F05990 inst=1
 2526 PASS    v=570    p=429    zw=1 zt=1 blend=1 cw=0xf | vs[proj][   ][    ] ps='IR_GBuffer_DSF_DataSampler' rank=0 | tex0=44F05990 inst=1
 2527 PASS    v=409    p=23     zw=1 zt=1 blend=1 cw=0xf | vs[proj][   ][    ] ps='IR_GBuffer_DSF_DataSampler' rank=0 | tex0=44F05990 inst=1
 2528 PASS    v=855    p=331    zw=1 zt=1 blend=1 cw=0xf | vs[proj][   ][    ] ps='IR_GBuffer_DSF_DataSampler' rank=0 | tex0=44F05990 inst=1
 2529 PASS    v=341    p=41     zw=1 zt=1 blend=1 cw=0xf | vs[proj][   ][    ] ps='IR_GBuffer_DSF_DataSampler' rank=0 | tex0=44F05990 inst=1
 2530 PASS    v=1612   p=1337   zw=1 zt=1 blend=1 cw=0xf | vs[proj][   ][    ] ps='IR_GBuffer_DSF_DataSampler' rank=0 | tex0=44F05990 inst=1
 2531 PASS    v=1418   p=1765   zw=1 zt=1 blend=1 cw=0xf | vs[proj][   ][    ] ps='IR_GBuffer_DSF_DataSampler' rank=0 | tex0=44F05990 inst=1
 2532 PASS    v=90     p=4      zw=1 zt=1 blend=1 cw=0xf | vs[proj][   ][    ] ps='IR_GBuffer_DSF_DataSampler' rank=0 | tex0=44F05990 inst=1
 2533 PASS    v=194    p=177    zw=1 zt=1 blend=1 cw=0xf | vs[proj][   ][    ] ps='IR_GBuffer_DSF_DataSampler' rank=0 | tex0=44F05990 inst=1
 2534 PASS    v=281    p=50     zw=1 zt=1 blend=1 cw=0xf | vs[proj][   ][    ] ps='IR_GBuffer_DSF_DataSampler' rank=0 | tex0=44F05990 inst=1
 2535 PASS    v=930    p=1137   zw=1 zt=1 blend=1 cw=0xf | vs[proj][   ][    ] ps='IR_GBuffer_DSF_DataSampler' rank=0 | tex0=44F05990 inst=1
 2536 PASS    v=1107   p=971    zw=1 zt=1 blend=1 cw=0xf | vs[proj][   ][    ] ps='IR_GBuffer_DSF_DataSampler' rank=0 | tex0=44F05990 inst=1
 2537 PASS    v=1754   p=1560   zw=1 zt=1 blend=1 cw=0xf | vs[proj][   ][    ] ps='IR_GBuffer_DSF_DataSampler' rank=0 | tex0=44F05990 inst=1
 2538 PASS    v=289    p=31     zw=1 zt=1 blend=1 cw=0xf | vs[proj][   ][    ] ps='IR_GBuffer_DSF_DataSampler' rank=0 | tex0=44F05990 inst=1
 2539 PASS    v=1266   p=1337   zw=1 zt=1 blend=1 cw=0xf | vs[proj][   ][    ] ps='IR_GBuffer_DSF_DataSampler' rank=0 | tex0=44F05990 inst=1
 2540 PASS    v=497    p=509    zw=1 zt=1 blend=1 cw=0xf | vs[proj][   ][    ] ps='IR_GBuffer_DSF_DataSampler' rank=0 | tex0=44F05990 inst=1
 2541 PASS    v=296    p=15     zw=1 zt=1 blend=1 cw=0xf | vs[proj][   ][    ] ps='IR_GBuffer_DSF_DataSampler' rank=0 | tex0=44F05990 inst=1
 2542 PASS    v=1392   p=957    zw=1 zt=1 blend=1 cw=0xf | vs[proj][   ][    ] ps='IR_GBuffer_DSF_DataSampler' rank=0 | tex0=44F05990 inst=1
 2543 PASS    v=488    p=460    zw=1 zt=1 blend=1 cw=0xf | vs[proj][   ][    ] ps='IR_GBuffer_DSF_DataSampler' rank=0 | tex0=44F05990 inst=1
 2544 PASS    v=1127   p=793    zw=1 zt=1 blend=1 cw=0xf | vs[proj][   ][    ] ps='IR_GBuffer_DSF_DataSampler' rank=0 | tex0=44F05990 inst=1
 2545 PASS    v=1521   p=1139   zw=1 zt=1 blend=1 cw=0xf | vs[proj][   ][    ] ps='IR_GBuffer_DSF_DataSampler' rank=0 | tex0=44F05990 inst=1
 2546 PASS    v=322    p=888    zw=1 zt=1 blend=1 cw=0xf | vs[proj][   ][    ] ps='IR_GBuffer_DSF_DataSampler' rank=0 | tex0=44F05990 inst=1
 2547 PASS    v=107    p=197    zw=1 zt=1 blend=1 cw=0xf | vs[proj][   ][    ] ps='IR_GBuffer_DSF_DataSampler' rank=0 | tex0=44F05990 inst=1
 2548 PASS    v=164    p=335    zw=1 zt=1 blend=1 cw=0xf | vs[proj][   ][    ] ps='IR_GBuffer_DSF_DataSampler' rank=0 | tex0=44F05990 inst=1
 2549 PASS    v=26     p=73     zw=1 zt=1 blend=1 cw=0xf | vs[proj][   ][    ] ps='IR_GBuffer_DSF_DataSampler' rank=0 | tex0=44F05990 inst=1
 2550 PASS    v=42     p=112    zw=1 zt=1 blend=1 cw=0xf | vs[proj][   ][    ] ps='IR_GBuffer_DSF_DataSampler' rank=0 | tex0=44F05990 inst=1
 2551 PASS    v=396    p=788    zw=1 zt=1 blend=1 cw=0xf | vs[proj][   ][    ] ps='IR_GBuffer_DSF_DataSampler' rank=0 | tex0=44F05990 inst=1
 2552 PASS    v=218    p=407    zw=1 zt=1 blend=1 cw=0xf | vs[proj][   ][    ] ps='IR_GBuffer_DSF_DataSampler' rank=0 | tex0=44F05990 inst=1
 2553 PASS    v=320    p=885    zw=1 zt=1 blend=1 cw=0xf | vs[proj][   ][    ] ps='IR_GBuffer_DSF_DataSampler' rank=0 | tex0=44F05990 inst=1
 2554 PASS    v=457    p=1258   zw=1 zt=1 blend=1 cw=0xf | vs[proj][   ][    ] ps='IR_GBuffer_DSF_DataSampler' rank=0 | tex0=44F05990 inst=1
 2555 PASS    v=1293   p=2120   zw=1 zt=1 blend=1 cw=0xf | vs[proj][   ][    ] ps='IR_GBuffer_DSF_DataSampler' rank=0 | tex0=44F05990 inst=1
 2556 PASS    v=66     p=100    zw=1 zt=1 blend=1 cw=0xf | vs[proj][   ][    ] ps='IR_GBuffer_DSF_DataSampler' rank=0 | tex0=44F05990 inst=1
 2557 PASS    v=617    p=1236   zw=1 zt=1 blend=1 cw=0xf | vs[proj][   ][    ] ps='IR_GBuffer_DSF_DataSampler' rank=0 | tex0=44F05990 inst=1
 2558 PASS    v=558    p=1017   zw=1 zt=1 blend=1 cw=0xf | vs[proj][   ][    ] ps='IR_GBuffer_DSF_DataSampler' rank=0 | tex0=44F05990 inst=1
 2559 PASS    v=617    p=1230   zw=1 zt=1 blend=1 cw=0xf | vs[proj][   ][    ] ps='IR_GBuffer_DSF_DataSampler' rank=0 | tex0=44F05990 inst=1
 2560 PASS    v=237    p=337    zw=1 zt=1 blend=1 cw=0xf | vs[proj][   ][    ] ps='IR_GBuffer_DSF_DataSampler' rank=0 | tex0=44F05990 inst=1
 2561 PASS    v=280    p=549    zw=1 zt=1 blend=1 cw=0xf | vs[proj][   ][    ] ps='IR_GBuffer_DSF_DataSampler' rank=0 | tex0=44F05990 inst=1
 2562 PASS    v=651    p=997    zw=1 zt=1 blend=1 cw=0xf | vs[proj][   ][    ] ps='IR_GBuffer_DSF_DataSampler' rank=0 | tex0=44F05990 inst=1
 2563 PASS    v=5158   p=8376   zw=1 zt=1 blend=1 cw=0xf | vs[proj][   ][    ] ps='IR_GBuffer_DSF_DataSampler' rank=0 | tex0=44F05990 inst=1
 2564 PASS    v=1419   p=1117   zw=1 zt=1 blend=1 cw=0xf | vs[proj][   ][    ] ps='IR_GBuffer_DSF_DataSampler' rank=0 | tex0=44F05990 inst=1
 2565 PASS    v=47     p=131    zw=1 zt=1 blend=1 cw=0xf | vs[proj][   ][    ] ps='IR_GBuffer_DSF_DataSampler' rank=0 | tex0=44F05990 inst=1
 2566 PASS    v=468    p=905    zw=1 zt=1 blend=1 cw=0xf | vs[proj][   ][    ] ps='IR_GBuffer_DSF_DataSampler' rank=0 | tex0=44F05990 inst=1
 2567 PASS    v=93     p=177    zw=1 zt=1 blend=1 cw=0xf | vs[proj][   ][    ] ps='IR_GBuffer_DSF_DataSampler' rank=0 | tex0=44F05990 inst=1
 2568 PASS    v=1458   p=2383   zw=1 zt=1 blend=1 cw=0xf | vs[proj][   ][    ] ps='IR_GBuffer_DSF_DataSampler' rank=0 | tex0=44F05990 inst=1
 2569 PASS    v=735    p=1216   zw=1 zt=1 blend=1 cw=0xf | vs[proj][   ][    ] ps='IR_GBuffer_DSF_DataSampler' rank=0 | tex0=44F05990 inst=1
 2570 PASS    v=466    p=929    zw=1 zt=1 blend=1 cw=0xf | vs[proj][   ][    ] ps='IR_GBuffer_DSF_DataSampler' rank=0 | tex0=44F05990 inst=1
 2571 PASS    v=722    p=1295   zw=1 zt=1 blend=1 cw=0xf | vs[proj][   ][    ] ps='IR_GBuffer_DSF_DataSampler' rank=0 | tex0=44F05990 inst=1
 2572 PASS    v=461    p=919    zw=1 zt=1 blend=1 cw=0xf | vs[proj][   ][    ] ps='IR_GBuffer_DSF_DataSampler' rank=0 | tex0=44F05990 inst=1
 2573 PASS    v=355    p=587    zw=1 zt=1 blend=1 cw=0xf | vs[proj][   ][    ] ps='IR_GBuffer_DSF_DataSampler' rank=0 | tex0=44F05990 inst=1
 2574 PASS    v=633    p=1333   zw=1 zt=1 blend=1 cw=0xf | vs[proj][   ][    ] ps='IR_GBuffer_DSF_DataSampler' rank=0 | tex0=44F05990 inst=1
 2575 PASS    v=1290   p=2049   zw=1 zt=1 blend=1 cw=0xf | vs[proj][   ][    ] ps='IR_GBuffer_DSF_DataSampler' rank=0 | tex0=44F05990 inst=1
 2576 PASS    v=2815   p=4719   zw=1 zt=1 blend=1 cw=0xf | vs[proj][   ][    ] ps='IR_GBuffer_DSF_DataSampler' rank=0 | tex0=44F05990 inst=1
 2577 PASS    v=136    p=237    zw=1 zt=1 blend=1 cw=0xf | vs[proj][   ][    ] ps='IR_GBuffer_DSF_DataSampler' rank=0 | tex0=44F05990 inst=1
 2578 PASS    v=1124   p=1877   zw=1 zt=1 blend=1 cw=0xf | vs[proj][   ][    ] ps='IR_GBuffer_DSF_DataSampler' rank=0 | tex0=44F05990 inst=1
 2579 PASS    v=136    p=241    zw=1 zt=1 blend=1 cw=0xf | vs[proj][   ][    ] ps='IR_GBuffer_DSF_DataSampler' rank=0 | tex0=44F05990 inst=1
 2580 PASS    v=642    p=828    zw=1 zt=1 blend=1 cw=0xf | vs[proj][   ][    ] ps='IR_GBuffer_DSF_DataSampler' rank=0 | tex0=44F05990 inst=1
 2581 PASS    v=63     p=170    zw=1 zt=1 blend=1 cw=0xf | vs[proj][   ][    ] ps='IR_GBuffer_DSF_DataSampler' rank=0 | tex0=44F05990 inst=1
 2582 PASS    v=4803   p=7519   zw=1 zt=1 blend=1 cw=0xf | vs[proj][   ][    ] ps='IR_GBuffer_DSF_DataSampler' rank=0 | tex0=44F05990 inst=1
 2583 PASS    v=409    p=820    zw=1 zt=1 blend=1 cw=0xf | vs[proj][   ][    ] ps='IR_GBuffer_DSF_DataSampler' rank=0 | tex0=44F05990 inst=1
 2584 PASS    v=1868   p=2501   zw=1 zt=1 blend=1 cw=0xf | vs[proj][   ][    ] ps='IR_GBuffer_DSF_DataSampler' rank=0 | tex0=44F05990 inst=1
 2585 PASS    v=412    p=816    zw=1 zt=1 blend=1 cw=0xf | vs[proj][   ][    ] ps='IR_GBuffer_DSF_DataSampler' rank=0 | tex0=44F05990 inst=1
 2586 PASS    v=1875   p=2504   zw=1 zt=1 blend=1 cw=0xf | vs[proj][   ][    ] ps='IR_GBuffer_DSF_DataSampler' rank=0 | tex0=44F05990 inst=1
 2587 PASS    v=477    p=430    zw=1 zt=1 blend=1 cw=0xf | vs[proj][   ][    ] ps='IR_GBuffer_DSF_DataSampler' rank=0 | tex0=44F05990 inst=1
 2588 PASS    v=4824   p=7807   zw=1 zt=1 blend=1 cw=0xf | vs[proj][   ][    ] ps='IR_GBuffer_DSF_DataSampler' rank=0 | tex0=44F05990 inst=1
 2589 PASS    v=2267   p=2974   zw=1 zt=1 blend=1 cw=0xf | vs[proj][   ][    ] ps='IR_GBuffer_DSF_DataSampler' rank=0 | tex0=44F05990 inst=1
 2590 PASS    v=21     p=39     zw=1 zt=1 blend=1 cw=0xf | vs[proj][   ][    ] ps='IR_GBuffer_DSF_DataSampler' rank=0 | tex0=44F05990 inst=1
 2591 PASS    v=341    p=943    zw=1 zt=1 blend=1 cw=0xf | vs[proj][   ][    ] ps='IR_GBuffer_DSF_DataSampler' rank=0 | tex0=44F05990 inst=1
 2592 PASS    v=1290   p=2102   zw=1 zt=1 blend=1 cw=0xf | vs[proj][   ][    ] ps='IR_GBuffer_DSF_DataSampler' rank=0 | tex0=44F05990 inst=1
 2593 PASS    v=125    p=199    zw=1 zt=1 blend=1 cw=0xf | vs[proj][   ][    ] ps='IR_GBuffer_DSF_DataSampler' rank=0 | tex0=44F05990 inst=1
 2594 PASS    v=629    p=1241   zw=1 zt=1 blend=1 cw=0xf | vs[proj][   ][    ] ps='IR_GBuffer_DSF_DataSampler' rank=0 | tex0=44F05990 inst=1
 2595 PASS    v=431    p=775    zw=1 zt=1 blend=1 cw=0xf | vs[proj][   ][    ] ps='IR_GBuffer_DSF_DataSampler' rank=0 | tex0=44F05990 inst=1
 2596 PASS    v=629    p=1263   zw=1 zt=1 blend=1 cw=0xf | vs[proj][   ][    ] ps='IR_GBuffer_DSF_DataSampler' rank=0 | tex0=44F05990 inst=1
 2597 PASS    v=264    p=437    zw=1 zt=1 blend=1 cw=0xf | vs[proj][   ][    ] ps='IR_GBuffer_DSF_DataSampler' rank=0 | tex0=44F05990 inst=1
 2598 PASS    v=484    p=842    zw=1 zt=1 blend=1 cw=0xf | vs[proj][   ][    ] ps='IR_GBuffer_DSF_DataSampler' rank=0 | tex0=44F05990 inst=1
 2599 PASS    v=3925   p=6495   zw=1 zt=1 blend=1 cw=0xf | vs[proj][   ][    ] ps='IR_GBuffer_DSF_DataSampler' rank=0 | tex0=44F05990 inst=1
 2600 PASS    v=334    p=676    zw=1 zt=1 blend=1 cw=0xf | vs[proj][   ][    ] ps='IR_GBuffer_DSF_DataSampler' rank=0 | tex0=44F05990 inst=1
 2601 PASS    v=1586   p=2162   zw=1 zt=1 blend=1 cw=0xf | vs[proj][   ][    ] ps='IR_GBuffer_DSF_DataSampler' rank=0 | tex0=44F05990 inst=1
 2602 PASS    v=335    p=676    zw=1 zt=1 blend=1 cw=0xf | vs[proj][   ][    ] ps='IR_GBuffer_DSF_DataSampler' rank=0 | tex0=44F05990 inst=1
 2603 PASS    v=1552   p=2130   zw=1 zt=1 blend=1 cw=0xf | vs[proj][   ][    ] ps='IR_GBuffer_DSF_DataSampler' rank=0 | tex0=44F05990 inst=1
 2604 PASS    v=797    p=1353   zw=1 zt=1 blend=1 cw=0xf | vs[proj][   ][    ] ps='IR_GBuffer_DSF_DataSampler' rank=0 | tex0=44F05990 inst=1
 2605 PASS    v=5035   p=8223   zw=1 zt=1 blend=1 cw=0xf | vs[proj][   ][    ] ps='IR_GBuffer_DSF_DataSampler' rank=0 | tex0=44F05990 inst=1
 2606 PASS    v=2467   p=2868   zw=1 zt=1 blend=1 cw=0xf | vs[proj][   ][    ] ps='IR_GBuffer_DSF_DataSampler' rank=0 | tex0=44F05990 inst=1
 2607 PASS    v=1874   p=2359   zw=1 zt=1 blend=1 cw=0xf | vs[proj][   ][    ] ps='IR_GBuffer_DSF_DataSampler' rank=0 | tex0=44F05990 inst=1
 2608 PASS    v=4586   p=7184   zw=1 zt=1 blend=1 cw=0xf | vs[proj][   ][    ] ps='IR_GBuffer_DSF_DataSampler' rank=0 | tex0=44F05990 inst=1
 2609 PASS    v=106    p=176    zw=1 zt=1 blend=1 cw=0xf | vs[proj][   ][    ] ps='IR_GBuffer_DSF_DataSampler' rank=0 | tex0=44F05990 inst=1
 2610 PASS    v=1384   p=1403   zw=1 zt=1 blend=1 cw=0xf | vs[proj][   ][    ] ps='IR_GBuffer_DSF_DataSampler' rank=0 | tex0=44F05990 inst=1
 2611 PASS    v=2248   p=3865   zw=1 zt=1 blend=1 cw=0xf | vs[proj][   ][    ] ps='IR_GBuffer_DSF_DataSampler' rank=0 | tex0=44F05990 inst=1
 2612 PASS    v=2284   p=3521   zw=1 zt=1 blend=1 cw=0xf | vs[proj][   ][    ] ps='IR_GBuffer_DSF_DataSampler' rank=0 | tex0=44F05990 inst=1
 2613 PASS    v=360    p=673    zw=1 zt=1 blend=1 cw=0xf | vs[proj][   ][    ] ps='IR_GBuffer_DSF_DataSampler' rank=0 | tex0=44F05990 inst=1
 2614 PASS    v=1238   p=1210   zw=1 zt=1 blend=1 cw=0xf | vs[proj][   ][    ] ps='IR_GBuffer_DSF_DataSampler' rank=0 | tex0=44F05990 inst=1
 2615 PASS    v=4171   p=6497   zw=1 zt=1 blend=1 cw=0xf | vs[proj][   ][    ] ps='IR_GBuffer_DSF_DataSampler' rank=0 | tex0=44F05990 inst=1
 2616 PASS    v=2931   p=4949   zw=1 zt=1 blend=1 cw=0xf | vs[proj][   ][    ] ps='IR_GBuffer_DSF_DataSampler' rank=0 | tex0=44F05990 inst=1
 2617 PASS    v=731    p=1261   zw=1 zt=1 blend=1 cw=0xf | vs[proj][   ][    ] ps='IR_GBuffer_DSF_DataSampler' rank=0 | tex0=44F05990 inst=1
 2618 PASS    v=929    p=963    zw=1 zt=1 blend=1 cw=0xf | vs[proj][   ][    ] ps='IR_GBuffer_DSF_DataSampler' rank=0 | tex0=44F05990 inst=1
 2619 PASS    v=814    p=1376   zw=1 zt=1 blend=1 cw=0xf | vs[proj][   ][    ] ps='IR_GBuffer_DSF_DataSampler' rank=0 | tex0=44F05990 inst=1
 2620 PASS    v=898    p=1518   zw=1 zt=1 blend=1 cw=0xf | vs[proj][   ][    ] ps='IR_GBuffer_DSF_DataSampler' rank=0 | tex0=44F05990 inst=1
 2621 PASS    v=390    p=576    zw=1 zt=1 blend=1 cw=0xf | vs[proj][   ][    ] ps='IR_GBuffer_DSF_DataSampler' rank=0 | tex0=44F05990 inst=1
 2622 PASS    v=429    p=566    zw=1 zt=1 blend=1 cw=0xf | vs[proj][   ][    ] ps='IR_GBuffer_DSF_DataSampler' rank=0 | tex0=44F05990 inst=1
 2623 PASS    v=1532   p=2566   zw=1 zt=1 blend=1 cw=0xf | vs[proj][   ][    ] ps='IR_GBuffer_DSF_DataSampler' rank=0 | tex0=44F05990 inst=1
 2624 PASS    v=2785   p=4590   zw=1 zt=1 blend=1 cw=0xf | vs[proj][   ][    ] ps='IR_GBuffer_DSF_DataSampler' rank=0 | tex0=44F05990 inst=1
 2625 PASS    v=286    p=353    zw=1 zt=1 blend=1 cw=0xf | vs[proj][   ][    ] ps='IR_GBuffer_DSF_DataSampler' rank=0 | tex0=44F05990 inst=1
 2626 PASS    v=1254   p=1198   zw=1 zt=1 blend=1 cw=0xf | vs[proj][   ][    ] ps='IR_GBuffer_DSF_DataSampler' rank=0 | tex0=44F05990 inst=1
 2627 PASS    v=846    p=1470   zw=1 zt=1 blend=1 cw=0xf | vs[proj][   ][    ] ps='IR_GBuffer_DSF_DataSampler' rank=0 | tex0=44F05990 inst=1
 2628 PASS    v=2606   p=4215   zw=1 zt=1 blend=1 cw=0xf | vs[proj][   ][    ] ps='IR_GBuffer_DSF_DataSampler' rank=0 | tex0=44F05990 inst=1
 2629 PASS    v=290    p=411    zw=1 zt=1 blend=1 cw=0xf | vs[proj][   ][    ] ps='IR_GBuffer_DSF_DataSampler' rank=0 | tex0=44F05990 inst=1
 2630 PASS    v=380    p=408    zw=1 zt=1 blend=1 cw=0xf | vs[proj][   ][    ] ps='IR_GBuffer_DSF_DataSampler' rank=0 | tex0=44F05990 inst=1
 2631 PASS    v=2554   p=4415   zw=1 zt=1 blend=1 cw=0xf | vs[proj][   ][    ] ps='IR_GBuffer_DSF_DataSampler' rank=0 | tex0=44F05990 inst=1
 2632 PASS    v=4013   p=6219   zw=1 zt=1 blend=1 cw=0xf | vs[proj][   ][    ] ps='IR_GBuffer_DSF_DataSampler' rank=0 | tex0=44F05990 inst=1
 2633 PASS    v=230    p=373    zw=1 zt=1 blend=1 cw=0xf | vs[proj][   ][    ] ps='IR_GBuffer_DSF_DataSampler' rank=0 | tex0=44F05990 inst=1
 2634 PASS    v=498    p=851    zw=1 zt=1 blend=1 cw=0xf | vs[proj][   ][    ] ps='IR_GBuffer_DSF_DataSampler' rank=0 | tex0=44F05990 inst=1
 2635 PASS    v=102    p=209    zw=1 zt=1 blend=1 cw=0xf | vs[proj][   ][    ] ps='IR_GBuffer_DSF_DataSampler' rank=0 | tex0=44F05990 inst=1
 2636 PASS    v=1121   p=1159   zw=1 zt=1 blend=1 cw=0xf | vs[proj][   ][    ] ps='IR_GBuffer_DSF_DataSampler' rank=0 | tex0=44F05990 inst=1
 2637 PASS    v=5476   p=9167   zw=1 zt=1 blend=1 cw=0xf | vs[proj][   ][    ] ps='IR_GBuffer_DSF_DataSampler' rank=0 | tex0=44F05990 inst=1
 2638 PASS    v=1900   p=3366   zw=1 zt=1 blend=1 cw=0xf | vs[proj][   ][    ] ps='IR_GBuffer_DSF_DataSampler' rank=0 | tex0=44F05990 inst=1
 2639 PASS    v=707    p=1047   zw=1 zt=1 blend=1 cw=0xf | vs[proj][   ][    ] ps='IR_GBuffer_DSF_DataSampler' rank=0 | tex0=44F05990 inst=1
 2640 PASS    v=1198   p=1202   zw=1 zt=1 blend=1 cw=0xf | vs[proj][   ][    ] ps='IR_GBuffer_DSF_DataSampler' rank=0 | tex0=44F05990 inst=1
 2641 PASS    v=2311   p=3923   zw=1 zt=1 blend=1 cw=0xf | vs[proj][   ][    ] ps='IR_GBuffer_DSF_DataSampler' rank=0 | tex0=44F05990 inst=1
 2642 PASS    v=2311   p=8      zw=1 zt=1 blend=1 cw=0xf | vs[proj][   ][    ] ps='IR_GBuffer_DSF_DataSampler' rank=0 | tex0=44F05990 inst=1
 2643 PASS    v=4159   p=7089   zw=1 zt=1 blend=1 cw=0xf | vs[proj][   ][    ] ps='IR_GBuffer_DSF_DataSampler' rank=0 | tex0=44F05990 inst=1
 2644 PASS    v=4159   p=32     zw=1 zt=1 blend=1 cw=0xf | vs[proj][   ][    ] ps='IR_GBuffer_DSF_DataSampler' rank=0 | tex0=44F05990 inst=1
 2645 PASS    v=23     p=41     zw=1 zt=1 blend=1 cw=0xf | vs[proj][   ][    ] ps='IR_GBuffer_DSF_DataSampler' rank=0 | tex0=44F05990 inst=1
 2646 PASS    v=59     p=115    zw=1 zt=1 blend=1 cw=0xf | vs[proj][   ][    ] ps='IR_GBuffer_DSF_DataSampler' rank=0 | tex0=44F05990 inst=1
 2647 PASS    v=602    p=996    zw=1 zt=1 blend=1 cw=0xf | vs[proj][   ][    ] ps='IR_GBuffer_DSF_DataSampler' rank=0 | tex0=44F05990 inst=1
 2648 PASS    v=179    p=298    zw=1 zt=1 blend=1 cw=0xf | vs[proj][   ][    ] ps='IR_GBuffer_DSF_DataSampler' rank=0 | tex0=44F05990 inst=1
 2649 PASS    v=695    p=1126   zw=1 zt=1 blend=1 cw=0xf | vs[proj][   ][    ] ps='IR_GBuffer_DSF_DataSampler' rank=0 | tex0=44F05990 inst=1
 2650 PASS    v=593    p=1059   zw=1 zt=1 blend=1 cw=0xf | vs[proj][   ][    ] ps='IR_GBuffer_DSF_DataSampler' rank=0 | tex0=44F05990 inst=1
 2651 PASS    v=176    p=143    zw=1 zt=1 blend=1 cw=0xf | vs[proj][   ][    ] ps='IR_GBuffer_DSF_DataSampler' rank=0 | tex0=44F05990 inst=1
 2652 PASS    v=2125   p=3554   zw=1 zt=1 blend=1 cw=0xf | vs[proj][   ][    ] ps='IR_GBuffer_DSF_DataSampler' rank=0 | tex0=44F05990 inst=1
 2653 PASS    v=362    p=606    zw=1 zt=1 blend=1 cw=0xf | vs[proj][   ][    ] ps='IR_GBuffer_DSF_DataSampler' rank=0 | tex0=44F05990 inst=1
 2654 PASS    v=7      p=8      zw=1 zt=1 blend=1 cw=0xf | vs[proj][   ][    ] ps='IR_GBuffer_DSF_DataSampler' rank=0 | tex0=44F05990 inst=1
 2655 PASS    v=239    p=401    zw=1 zt=1 blend=1 cw=0xf | vs[proj][   ][    ] ps='IR_GBuffer_DSF_DataSampler' rank=0 | tex0=44F05990 inst=1
 2656 PASS    v=820    p=931    zw=1 zt=1 blend=1 cw=0xf | vs[proj][   ][    ] ps='IR_GBuffer_DSF_DataSampler' rank=0 | tex0=44F05990 inst=1
 2657 PASS    v=4      p=4      zw=1 zt=1 blend=1 cw=0xf | vs[proj][   ][    ] ps='IR_GBuffer_DSF_DataSampler' rank=0 | tex0=44F05990 inst=1
 2658 PASS    v=7416   p=12263  zw=1 zt=1 blend=1 cw=0xf | vs[proj][   ][    ] ps='IR_GBuffer_DSF_DataSampler' rank=0 | tex0=44F05990 inst=1
 2659 PASS    v=249    p=343    zw=1 zt=1 blend=1 cw=0xf | vs[proj][   ][    ] ps='IR_GBuffer_DSF_DataSampler' rank=0 | tex0=44F05990 inst=1
 2660 PASS    v=1450   p=953    zw=1 zt=1 blend=1 cw=0xf | vs[proj][   ][    ] ps='IR_GBuffer_DSF_DataSampler' rank=0 | tex0=44F05990 inst=1
 2661 PASS    v=3348   p=5520   zw=1 zt=1 blend=1 cw=0xf | vs[proj][   ][    ] ps='IR_GBuffer_DSF_DataSampler' rank=0 | tex0=44F05990 inst=1
 2662 PASS    v=3348   p=26     zw=1 zt=1 blend=1 cw=0xf | vs[proj][   ][    ] ps='IR_GBuffer_DSF_DataSampler' rank=0 | tex0=44F05990 inst=1
 2663 PASS    v=806    p=1211   zw=1 zt=1 blend=1 cw=0xf | vs[proj][   ][    ] ps='IR_GBuffer_DSF_DataSampler' rank=0 | tex0=44F05990 inst=1
 2664 PASS    v=806    p=86     zw=1 zt=1 blend=1 cw=0xf | vs[proj][   ][    ] ps='IR_GBuffer_DSF_DataSampler' rank=0 | tex0=44F05990 inst=1
 2665 PASS    v=2074   p=3565   zw=1 zt=1 blend=1 cw=0xf | vs[proj][   ][    ] ps='IR_GBuffer_DSF_DataSampler' rank=0 | tex0=44F05990 inst=1
 2666 PASS    v=73     p=138    zw=1 zt=1 blend=1 cw=0xf | vs[proj][   ][    ] ps='IR_GBuffer_DSF_DataSampler' rank=0 | tex0=44F05990 inst=1
 2667 PASS    v=1553   p=2674   zw=1 zt=1 blend=1 cw=0xf | vs[proj][   ][    ] ps='IR_GBuffer_DSF_DataSampler' rank=0 | tex0=44F05990 inst=1
 2668 PASS    v=20     p=26     zw=1 zt=1 blend=1 cw=0xf | vs[proj][   ][    ] ps='IR_GBuffer_DSF_DataSampler' rank=0 | tex0=44F05990 inst=1
 2669 PASS    v=121    p=188    zw=1 zt=1 blend=1 cw=0xf | vs[proj][   ][    ] ps='IR_GBuffer_DSF_DataSampler' rank=0 | tex0=44F05990 inst=1
 2670 PASS    v=570    p=707    zw=1 zt=1 blend=1 cw=0xf | vs[proj][   ][    ] ps='IR_GBuffer_DSF_DataSampler' rank=0 | tex0=44F05990 inst=1
 2671 PASS    v=2610   p=4198   zw=1 zt=1 blend=1 cw=0xf | vs[proj][   ][    ] ps='IR_GBuffer_DSF_DataSampler' rank=0 | tex0=44F05990 inst=1
 2672 PASS    v=7      p=8      zw=1 zt=1 blend=1 cw=0xf | vs[proj][   ][    ] ps='IR_GBuffer_DSF_DataSampler' rank=0 | tex0=44F05990 inst=1
 2673 PASS    v=409    p=748    zw=1 zt=1 blend=1 cw=0xf | vs[proj][   ][    ] ps='IR_GBuffer_DSF_DataSampler' rank=0 | tex0=44F05990 inst=1
 2674 PASS    v=855    p=1336   zw=1 zt=1 blend=1 cw=0xf | vs[proj][   ][    ] ps='IR_GBuffer_DSF_DataSampler' rank=0 | tex0=44F05990 inst=1
 2675 PASS    v=5036   p=8125   zw=1 zt=1 blend=1 cw=0xf | vs[proj][   ][    ] ps='IR_GBuffer_DSF_DataSampler' rank=0 | tex0=44F05990 inst=1
 2676 PASS    v=1131   p=1795   zw=1 zt=1 blend=1 cw=0xf | vs[proj][   ][    ] ps='IR_GBuffer_DSF_DataSampler' rank=0 | tex0=44F05990 inst=1
 2677 PASS    v=341    p=601    zw=1 zt=1 blend=1 cw=0xf | vs[proj][   ][    ] ps='IR_GBuffer_DSF_DataSampler' rank=0 | tex0=44F05990 inst=1
 2678 PASS    v=1612   p=1677   zw=1 zt=1 blend=1 cw=0xf | vs[proj][   ][    ] ps='IR_GBuffer_DSF_DataSampler' rank=0 | tex0=44F05990 inst=1
 2679 PASS    v=1717   p=2854   zw=1 zt=1 blend=1 cw=0xf | vs[proj][   ][    ] ps='IR_GBuffer_DSF_DataSampler' rank=0 | tex0=44F05990 inst=1
 2680 PASS    v=6421   p=10707  zw=1 zt=1 blend=1 cw=0xf | vs[proj][   ][    ] ps='IR_GBuffer_DSF_DataSampler' rank=0 | tex0=44F05990 inst=1
 2681 PASS    v=22     p=32     zw=1 zt=1 blend=1 cw=0xf | vs[proj][   ][    ] ps='IR_GBuffer_DSF_DataSampler' rank=0 | tex0=44F05990 inst=1
 2682 PASS    v=307    p=473    zw=1 zt=1 blend=1 cw=0xf | vs[proj][   ][    ] ps='IR_GBuffer_DSF_DataSampler' rank=0 | tex0=44F05990 inst=1
 2683 PASS    v=1028   p=783    zw=1 zt=1 blend=1 cw=0xf | vs[proj][   ][    ] ps='IR_GBuffer_DSF_DataSampler' rank=0 | tex0=44F05990 inst=1
 2684 PASS    v=4809   p=8050   zw=1 zt=1 blend=1 cw=0xf | vs[proj][   ][    ] ps='IR_GBuffer_DSF_DataSampler' rank=0 | tex0=44F05990 inst=1
 2685 PASS    v=4304   p=7094   zw=1 zt=1 blend=1 cw=0xf | vs[proj][   ][    ] ps='IR_GBuffer_DSF_DataSampler' rank=0 | tex0=44F05990 inst=1
 2686 PASS    v=1418   p=925    zw=1 zt=1 blend=1 cw=0xf | vs[proj][   ][    ] ps='IR_GBuffer_DSF_DataSampler' rank=0 | tex0=44F05990 inst=1
 2687 PASS    v=4520   p=7479   zw=1 zt=1 blend=1 cw=0xf | vs[proj][   ][    ] ps='IR_GBuffer_DSF_DataSampler' rank=0 | tex0=44F05990 inst=1
 2688 PASS    v=43     p=66     zw=1 zt=1 blend=1 cw=0xf | vs[proj][   ][    ] ps='IR_GBuffer_DSF_DataSampler' rank=0 | tex0=44F05990 inst=1
 2689 PASS    v=2775   p=4697   zw=1 zt=1 blend=1 cw=0xf | vs[proj][   ][    ] ps='IR_GBuffer_DSF_DataSampler' rank=0 | tex0=44F05990 inst=1
 2690 PASS    v=134    p=215    zw=1 zt=1 blend=1 cw=0xf | vs[proj][   ][    ] ps='IR_GBuffer_DSF_DataSampler' rank=0 | tex0=44F05990 inst=1
 2691 PASS    v=944    p=1677   zw=1 zt=1 blend=1 cw=0xf | vs[proj][   ][    ] ps='IR_GBuffer_DSF_DataSampler' rank=0 | tex0=44F05990 inst=1
 2692 PASS    v=20     p=26     zw=1 zt=1 blend=1 cw=0xf | vs[proj][   ][    ] ps='IR_GBuffer_DSF_DataSampler' rank=0 | tex0=44F05990 inst=1
 2693 PASS    v=90     p=145    zw=1 zt=1 blend=1 cw=0xf | vs[proj][   ][    ] ps='IR_GBuffer_DSF_DataSampler' rank=0 | tex0=44F05990 inst=1
 2694 PASS    v=194    p=179    zw=1 zt=1 blend=1 cw=0xf | vs[proj][   ][    ] ps='IR_GBuffer_DSF_DataSampler' rank=0 | tex0=44F05990 inst=1
 2695 PASS    v=1616   p=2738   zw=1 zt=1 blend=1 cw=0xf | vs[proj][   ][    ] ps='IR_GBuffer_DSF_DataSampler' rank=0 | tex0=44F05990 inst=1
 2696 PASS    v=281    p=437    zw=1 zt=1 blend=1 cw=0xf | vs[proj][   ][    ] ps='IR_GBuffer_DSF_DataSampler' rank=0 | tex0=44F05990 inst=1
 2697 PASS    v=930    p=627    zw=1 zt=1 blend=1 cw=0xf | vs[proj][   ][    ] ps='IR_GBuffer_DSF_DataSampler' rank=0 | tex0=44F05990 inst=1
 2698 PASS    v=1201   p=1867   zw=1 zt=1 blend=1 cw=0xf | vs[proj][   ][    ] ps='IR_GBuffer_DSF_DataSampler' rank=0 | tex0=44F05990 inst=1
 2699 PASS    v=1610   p=2490   zw=1 zt=1 blend=1 cw=0xf | vs[proj][   ][    ] ps='IR_GBuffer_DSF_DataSampler' rank=0 | tex0=44F05990 inst=1
 2700 PASS    v=5369   p=8938   zw=1 zt=1 blend=1 cw=0xf | vs[proj][   ][    ] ps='IR_GBuffer_DSF_DataSampler' rank=0 | tex0=44F05990 inst=1
 2701 PASS    v=1273   p=2005   zw=1 zt=1 blend=1 cw=0xf | vs[proj][   ][    ] ps='IR_GBuffer_DSF_DataSampler' rank=0 | tex0=44F05990 inst=1
 2702 PASS    v=1107   p=1266   zw=1 zt=1 blend=1 cw=0xf | vs[proj][   ][    ] ps='IR_GBuffer_DSF_DataSampler' rank=0 | tex0=44F05990 inst=1
 2703 PASS    v=3346   p=5605   zw=1 zt=1 blend=1 cw=0xf | vs[proj][   ][    ] ps='IR_GBuffer_DSF_DataSampler' rank=0 | tex0=44F05990 inst=1
 2704 PASS    v=1754   p=1821   zw=1 zt=1 blend=1 cw=0xf | vs[proj][   ][    ] ps='IR_GBuffer_DSF_DataSampler' rank=0 | tex0=44F05990 inst=1
 2705 PASS    v=3493   p=5811   zw=1 zt=1 blend=1 cw=0xf | vs[proj][   ][    ] ps='IR_GBuffer_DSF_DataSampler' rank=0 | tex0=44F05990 inst=1
 2706 PASS    v=1330   p=2065   zw=1 zt=1 blend=1 cw=0xf | vs[proj][   ][    ] ps='IR_GBuffer_DSF_DataSampler' rank=0 | tex0=44F05990 inst=1
 2707 PASS    v=1457   p=2495   zw=1 zt=1 blend=1 cw=0xf | vs[proj][   ][    ] ps='IR_GBuffer_DSF_DataSampler' rank=0 | tex0=44F05990 inst=1
 2708 PASS    v=289    p=491    zw=1 zt=1 blend=1 cw=0xf | vs[proj][   ][    ] ps='IR_GBuffer_DSF_DataSampler' rank=0 | tex0=44F05990 inst=1
 2709 PASS    v=1266   p=1075   zw=1 zt=1 blend=1 cw=0xf | vs[proj][   ][    ] ps='IR_GBuffer_DSF_DataSampler' rank=0 | tex0=44F05990 inst=1
 2710 PASS    v=2472   p=4017   zw=1 zt=1 blend=1 cw=0xf | vs[proj][   ][    ] ps='IR_GBuffer_DSF_DataSampler' rank=0 | tex0=44F05990 inst=1
 2711 PASS    v=3559   p=5892   zw=1 zt=1 blend=1 cw=0xf | vs[proj][   ][    ] ps='IR_GBuffer_DSF_DataSampler' rank=0 | tex0=44F05990 inst=1
 2712 PASS    v=2819   p=4479   zw=1 zt=1 blend=1 cw=0xf | vs[proj][   ][    ] ps='IR_GBuffer_DSF_DataSampler' rank=0 | tex0=44F05990 inst=1
 2713 PASS    v=2819   p=44     zw=1 zt=1 blend=1 cw=0xf | vs[proj][   ][    ] ps='IR_GBuffer_DSF_DataSampler' rank=0 | tex0=44F05990 inst=1
 2714 PASS    v=14     p=20     zw=1 zt=1 blend=1 cw=0xf | vs[proj][   ][    ] ps='IR_GBuffer_DSF_DataSampler' rank=0 | tex0=44F05990 inst=1
 2715 PASS    v=2588   p=4197   zw=1 zt=1 blend=1 cw=0xf | vs[proj][   ][    ] ps='IR_GBuffer_DSF_DataSampler' rank=0 | tex0=44F05990 inst=1
 2716 PASS    v=2588   p=116    zw=1 zt=1 blend=1 cw=0xf | vs[proj][   ][    ] ps='IR_GBuffer_DSF_DataSampler' rank=0 | tex0=44F05990 inst=1
 2717 PASS    v=3021   p=4869   zw=1 zt=1 blend=1 cw=0xf | vs[proj][   ][    ] ps='IR_GBuffer_DSF_DataSampler' rank=0 | tex0=44F05990 inst=1
 2718 PASS    v=3021   p=32     zw=1 zt=1 blend=1 cw=0xf | vs[proj][   ][    ] ps='IR_GBuffer_DSF_DataSampler' rank=0 | tex0=44F05990 inst=1
 2719 PASS    v=455    p=854    zw=1 zt=1 blend=1 cw=0xf | vs[proj][   ][    ] ps='IR_GBuffer_DSF_DataSampler' rank=0 | tex0=44F05990 inst=1
 2720 PASS    v=497    p=406    zw=1 zt=1 blend=1 cw=0xf | vs[proj][   ][    ] ps='IR_GBuffer_DSF_DataSampler' rank=0 | tex0=44F05990 inst=1
 2721 PASS    v=1961   p=3272   zw=1 zt=1 blend=1 cw=0xf | vs[proj][   ][    ] ps='IR_GBuffer_DSF_DataSampler' rank=0 | tex0=44F05990 inst=1
 2722 PASS    v=489    p=723    zw=1 zt=1 blend=1 cw=0xf | vs[proj][   ][    ] ps='IR_GBuffer_DSF_DataSampler' rank=0 | tex0=44F05990 inst=1
 2723 PASS    v=402    p=415    zw=1 zt=1 blend=1 cw=0xf | vs[proj][   ][    ] ps='IR_GBuffer_DSF_DataSampler' rank=0 | tex0=44F05990 inst=1
 2724 PASS    v=3545   p=6077   zw=1 zt=1 blend=1 cw=0xf | vs[proj][   ][    ] ps='IR_GBuffer_DSF_DataSampler' rank=0 | tex0=44F05990 inst=1
 2725 PASS    v=1217   p=1944   zw=1 zt=1 blend=1 cw=0xf | vs[proj][   ][    ] ps='IR_GBuffer_DSF_DataSampler' rank=0 | tex0=44F05990 inst=1
 2726 PASS    v=1217   p=86     zw=1 zt=1 blend=1 cw=0xf | vs[proj][   ][    ] ps='IR_GBuffer_DSF_DataSampler' rank=0 | tex0=44F05990 inst=1
 2727 PASS    v=3046   p=2013   zw=1 zt=1 blend=1 cw=0xf | vs[proj][   ][    ] ps='IR_GBuffer_DSF_DataSampler' rank=0 | tex0=44F05990 inst=1
 2728 PASS    v=737    p=669    zw=1 zt=1 blend=1 cw=0xf | vs[proj][   ][    ] ps='IR_GBuffer_DSF_DataSampler' rank=0 | tex0=44F05990 inst=1
 2729 PASS    v=733    p=839    zw=1 zt=1 blend=1 cw=0xf | vs[proj][   ][    ] ps='IR_GBuffer_DSF_DataSampler' rank=0 | tex0=44F05990 inst=1
 2730 PASS    v=3442   p=5825   zw=1 zt=1 blend=1 cw=0xf | vs[proj][   ][    ] ps='IR_GBuffer_DSF_DataSampler' rank=0 | tex0=44F05990 inst=1
 2731 PASS    v=296    p=547    zw=1 zt=1 blend=1 cw=0xf | vs[proj][   ][    ] ps='IR_GBuffer_DSF_DataSampler' rank=0 | tex0=44F05990 inst=1
 2732 PASS    v=1392   p=1759   zw=1 zt=1 blend=1 cw=0xf | vs[proj][   ][    ] ps='IR_GBuffer_DSF_DataSampler' rank=0 | tex0=44F05990 inst=1
 2733 PASS    v=488    p=485    zw=1 zt=1 blend=1 cw=0xf | vs[proj][   ][    ] ps='IR_GBuffer_DSF_DataSampler' rank=0 | tex0=44F05990 inst=1
 2734 PASS    v=1127   p=1308   zw=1 zt=1 blend=1 cw=0xf | vs[proj][   ][    ] ps='IR_GBuffer_DSF_DataSampler' rank=0 | tex0=44F05990 inst=1
 2735 PASS    v=1340   p=2177   zw=1 zt=1 blend=1 cw=0xf | vs[proj][   ][    ] ps='IR_GBuffer_DSF_DataSampler' rank=0 | tex0=44F05990 inst=1
 2736 PASS    v=2827   p=4924   zw=1 zt=1 blend=1 cw=0xf | vs[proj][   ][    ] ps='IR_GBuffer_DSF_DataSampler' rank=0 | tex0=44F05990 inst=1
 2737 PASS    v=1521   p=1730   zw=1 zt=1 blend=1 cw=0xf | vs[proj][   ][    ] ps='IR_GBuffer_DSF_DataSampler' rank=0 | tex0=44F05990 inst=1
 2738 CONVERT v=2595   p=17     zw=1 zt=1 blend=1 cw=0xf | vs[proj][   ][    ] ps='Diffuse_MapSampler' rank=100 | tex0=3F23BFF0 inst=1
 2739 CONVERT v=564    p=8      zw=1 zt=1 blend=1 cw=0xf | vs[proj][   ][    ] ps='Diffuse_MapSampler' rank=100 | tex0=3F23BFF0 inst=1
 2740 CONVERT v=1421   p=221    zw=1 zt=1 blend=1 cw=0xf | vs[proj][   ][    ] ps='Diffuse_MapSampler' rank=100 | tex0=3F23BFF0 inst=1
 2741 CONVERT v=1879   p=145    zw=1 zt=1 blend=1 cw=0xf | vs[proj][   ][    ] ps='Diffuse_MapSampler' rank=100 | tex0=3F23BFF0 inst=1
 2742 CONVERT v=1589   p=115    zw=1 zt=1 blend=1 cw=0xf | vs[proj][   ][    ] ps='Diffuse_MapSampler' rank=100 | tex0=3F23BFF0 inst=1
 2743 CONVERT v=2750   p=169    zw=1 zt=1 blend=1 cw=0xf | vs[proj][   ][    ] ps='Diffuse_MapSampler' rank=100 | tex0=3F23BFF0 inst=1
 2744 CONVERT v=3014   p=552    zw=1 zt=1 blend=1 cw=0xf | vs[proj][   ][    ] ps='Diffuse_MapSampler' rank=100 | tex0=3F23BFF0 inst=1
 2745 CONVERT v=3348   p=455    zw=1 zt=1 blend=1 cw=0xf | vs[proj][   ][    ] ps='Diffuse_MapSampler' rank=100 | tex0=3F23BFF0 inst=1
 2746 CONVERT v=1907   p=221    zw=1 zt=1 blend=1 cw=0xf | vs[proj][   ][    ] ps='Diffuse_MapSampler' rank=100 | tex0=3F23BFF0 inst=1
 2747 CONVERT v=1135   p=162    zw=1 zt=1 blend=1 cw=0xf | vs[proj][   ][    ] ps='Diffuse_MapSampler' rank=100 | tex0=3F23BFF0 inst=1
 2748 CONVERT v=2750   p=111    zw=1 zt=1 blend=1 cw=0xf | vs[proj][   ][    ] ps='Diffuse_MapSampler' rank=100 | tex0=44F0C530 inst=1
 2749 CONVERT v=1907   p=194    zw=1 zt=1 blend=1 cw=0xf | vs[proj][   ][    ] ps='Diffuse_MapSampler' rank=100 | tex0=44F0C530 inst=1
 2750 CONVERT v=371    p=25     zw=1 zt=1 blend=1 cw=0xf | vs[proj][   ][    ] ps='Diffuse_MapSampler' rank=100 | tex0=3F23B110 inst=1
 2751 CONVERT v=2595   p=256    zw=1 zt=1 blend=1 cw=0xf | vs[proj][   ][    ] ps='Diffuse_MapSampler' rank=100 | tex0=3F23B110 inst=1
 2752 CONVERT v=1421   p=367    zw=1 zt=1 blend=1 cw=0xf | vs[proj][   ][    ] ps='Diffuse_MapSampler' rank=100 | tex0=3F23B110 inst=1
 2753 CONVERT v=1879   p=157    zw=1 zt=1 blend=1 cw=0xf | vs[proj][   ][    ] ps='Diffuse_MapSampler' rank=100 | tex0=3F23B110 inst=1
 2754 CONVERT v=1589   p=185    zw=1 zt=1 blend=1 cw=0xf | vs[proj][   ][    ] ps='Diffuse_MapSampler' rank=100 | tex0=3F23B110 inst=1
 2755 CONVERT v=2750   p=95     zw=1 zt=1 blend=1 cw=0xf | vs[proj][   ][    ] ps='Diffuse_MapSampler' rank=100 | tex0=3F23B110 inst=1
 2756 CONVERT v=3014   p=727    zw=1 zt=1 blend=1 cw=0xf | vs[proj][   ][    ] ps='Diffuse_MapSampler' rank=100 | tex0=3F23B110 inst=1
 2757 CONVERT v=3348   p=1055   zw=1 zt=1 blend=1 cw=0xf | vs[proj][   ][    ] ps='Diffuse_MapSampler' rank=100 | tex0=3F23B110 inst=1
 2758 CONVERT v=1907   p=429    zw=1 zt=1 blend=1 cw=0xf | vs[proj][   ][    ] ps='Diffuse_MapSampler' rank=100 | tex0=3F23B110 inst=1
 2759 CONVERT v=1135   p=278    zw=1 zt=1 blend=1 cw=0xf | vs[proj][   ][    ] ps='Diffuse_MapSampler' rank=100 | tex0=3F23B110 inst=1
 2760 CONVERT v=2595   p=125    zw=1 zt=1 blend=1 cw=0xf | vs[proj][   ][    ] ps='Diffuse_MapSampler' rank=100 | tex0=3F239DD0 inst=1
 2761 CONVERT v=1421   p=63     zw=1 zt=1 blend=1 cw=0xf | vs[proj][   ][    ] ps='Diffuse_MapSampler' rank=100 | tex0=3F239DD0 inst=1
 2762 CONVERT v=1879   p=67     zw=1 zt=1 blend=1 cw=0xf | vs[proj][   ][    ] ps='Diffuse_MapSampler' rank=100 | tex0=3F239DD0 inst=1
 2763 CONVERT v=1589   p=87     zw=1 zt=1 blend=1 cw=0xf | vs[proj][   ][    ] ps='Diffuse_MapSampler' rank=100 | tex0=3F239DD0 inst=1
 2764 CONVERT v=2750   p=139    zw=1 zt=1 blend=1 cw=0xf | vs[proj][   ][    ] ps='Diffuse_MapSampler' rank=100 | tex0=3F239DD0 inst=1
 2765 CONVERT v=3014   p=63     zw=1 zt=1 blend=1 cw=0xf | vs[proj][   ][    ] ps='Diffuse_MapSampler' rank=100 | tex0=3F239DD0 inst=1
 2766 CONVERT v=3348   p=103    zw=1 zt=1 blend=1 cw=0xf | vs[proj][   ][    ] ps='Diffuse_MapSampler' rank=100 | tex0=3F239DD0 inst=1
 2767 CONVERT v=1907   p=25     zw=1 zt=1 blend=1 cw=0xf | vs[proj][   ][    ] ps='Diffuse_MapSampler' rank=100 | tex0=3F239DD0 inst=1
 2768 CONVERT v=1135   p=17     zw=1 zt=1 blend=1 cw=0xf | vs[proj][   ][    ] ps='Diffuse_MapSampler' rank=100 | tex0=3F239DD0 inst=1
 2769 CONVERT v=2595   p=91     zw=1 zt=1 blend=1 cw=0xf | vs[proj][   ][    ] ps='Diffuse_MapSampler' rank=100 | tex0=3F23B030 inst=1
 2770 CONVERT v=1421   p=55     zw=1 zt=1 blend=1 cw=0xf | vs[proj][   ][    ] ps='Diffuse_MapSampler' rank=100 | tex0=3F23B030 inst=1
 2771 CONVERT v=1879   p=38     zw=1 zt=1 blend=1 cw=0xf | vs[proj][   ][    ] ps='Diffuse_MapSampler' rank=100 | tex0=3F23B030 inst=1
 2772 CONVERT v=1589   p=86     zw=1 zt=1 blend=1 cw=0xf | vs[proj][   ][    ] ps='Diffuse_MapSampler' rank=100 | tex0=3F23B030 inst=1
 2773 CONVERT v=2750   p=61     zw=1 zt=1 blend=1 cw=0xf | vs[proj][   ][    ] ps='Diffuse_MapSampler' rank=100 | tex0=3F23B030 inst=1
 2774 CONVERT v=3014   p=32     zw=1 zt=1 blend=1 cw=0xf | vs[proj][   ][    ] ps='Diffuse_MapSampler' rank=100 | tex0=3F23B030 inst=1
 2775 CONVERT v=3348   p=49     zw=1 zt=1 blend=1 cw=0xf | vs[proj][   ][    ] ps='Diffuse_MapSampler' rank=100 | tex0=3F23B030 inst=1
 2776 CONVERT v=1907   p=1      zw=1 zt=1 blend=1 cw=0xf | vs[proj][   ][    ] ps='Diffuse_MapSampler' rank=100 | tex0=3F23B030 inst=1
 2777 CONVERT v=1135   p=7      zw=1 zt=1 blend=1 cw=0xf | vs[proj][   ][    ] ps='Diffuse_MapSampler' rank=100 | tex0=3F23B030 inst=1
 2778 CONVERT v=2595   p=677    zw=1 zt=1 blend=1 cw=0xf | vs[proj][   ][    ] ps='Diffuse_MapSampler' rank=100 | tex0=3F239190 inst=1
 2779 CONVERT v=564    p=43     zw=1 zt=1 blend=1 cw=0xf | vs[proj][   ][    ] ps='Diffuse_MapSampler' rank=100 | tex0=3F239190 inst=1
 2780 CONVERT v=1421   p=183    zw=1 zt=1 blend=1 cw=0xf | vs[proj][   ][    ] ps='Diffuse_MapSampler' rank=100 | tex0=3F239190 inst=1
 2781 CONVERT v=1879   p=207    zw=1 zt=1 blend=1 cw=0xf | vs[proj][   ][    ] ps='Diffuse_MapSampler' rank=100 | tex0=3F239190 inst=1
 2782 CONVERT v=1589   p=355    zw=1 zt=1 blend=1 cw=0xf | vs[proj][   ][    ] ps='Diffuse_MapSampler' rank=100 | tex0=3F239190 inst=1
 2783 CONVERT v=2750   p=327    zw=1 zt=1 blend=1 cw=0xf | vs[proj][   ][    ] ps='Diffuse_MapSampler' rank=100 | tex0=3F239190 inst=1
 2784 CONVERT v=3014   p=427    zw=1 zt=1 blend=1 cw=0xf | vs[proj][   ][    ] ps='Diffuse_MapSampler' rank=100 | tex0=3F239190 inst=1
 2785 CONVERT v=3348   p=554    zw=1 zt=1 blend=1 cw=0xf | vs[proj][   ][    ] ps='Diffuse_MapSampler' rank=100 | tex0=3F239190 inst=1
 2786 CONVERT v=1907   p=704    zw=1 zt=1 blend=1 cw=0xf | vs[proj][   ][    ] ps='Diffuse_MapSampler' rank=100 | tex0=3F239190 inst=1
 2787 CONVERT v=1135   p=145    zw=1 zt=1 blend=1 cw=0xf | vs[proj][   ][    ] ps='Diffuse_MapSampler' rank=100 | tex0=3F239190 inst=1
 2788 CONVERT v=34     p=70     zw=1 zt=1 blend=1 cw=0xf | vs[proj][   ][    ] ps='Diffuse_MapSampler' rank=100 | tex0=44F06870 inst=1
 2789 CONVERT v=371    p=23     zw=1 zt=1 blend=1 cw=0xf | vs[proj][   ][    ] ps='Diffuse_MapSampler' rank=100 | tex0=44F06870 inst=1
 2790 CONVERT v=2595   p=741    zw=1 zt=1 blend=1 cw=0xf | vs[proj][   ][    ] ps='Diffuse_MapSampler' rank=100 | tex0=44F06870 inst=1
 2791 CONVERT v=564    p=231    zw=1 zt=1 blend=1 cw=0xf | vs[proj][   ][    ] ps='Diffuse_MapSampler' rank=100 | tex0=44F06870 inst=1
 2792 CONVERT v=1421   p=187    zw=1 zt=1 blend=1 cw=0xf | vs[proj][   ][    ] ps='Diffuse_MapSampler' rank=100 | tex0=44F06870 inst=1
 2793 CONVERT v=405    p=13     zw=1 zt=1 blend=1 cw=0xf | vs[proj][   ][    ] ps='Diffuse_MapSampler' rank=100 | tex0=44F06870 inst=1
 2794 CONVERT v=1879   p=576    zw=1 zt=1 blend=1 cw=0xf | vs[proj][   ][    ] ps='Diffuse_MapSampler' rank=100 | tex0=44F06870 inst=1
 2795 CONVERT v=1589   p=467    zw=1 zt=1 blend=1 cw=0xf | vs[proj][   ][    ] ps='Diffuse_MapSampler' rank=100 | tex0=44F06870 inst=1
 2796 CONVERT v=538    p=24     zw=1 zt=1 blend=1 cw=0xf | vs[proj][   ][    ] ps='Diffuse_MapSampler' rank=100 | tex0=44F06870 inst=1
 2797 CONVERT v=2750   p=1207   zw=1 zt=1 blend=1 cw=0xf | vs[proj][   ][    ] ps='Diffuse_MapSampler' rank=100 | tex0=44F06870 inst=1
 2798 CONVERT v=3014   p=367    zw=1 zt=1 blend=1 cw=0xf | vs[proj][   ][    ] ps='Diffuse_MapSampler' rank=100 | tex0=44F06870 inst=1
 2799 CONVERT v=3348   p=421    zw=1 zt=1 blend=1 cw=0xf | vs[proj][   ][    ] ps='Diffuse_MapSampler' rank=100 | tex0=44F06870 inst=1
 2800 CONVERT v=1907   p=140    zw=1 zt=1 blend=1 cw=0xf | vs[proj][   ][    ] ps='Diffuse_MapSampler' rank=100 | tex0=44F06870 inst=1
 2801 CONVERT v=1135   p=239    zw=1 zt=1 blend=1 cw=0xf | vs[proj][   ][    ] ps='Diffuse_MapSampler' rank=100 | tex0=44F06870 inst=1
 2802 CONVERT v=2595   p=255    zw=1 zt=1 blend=1 cw=0xf | vs[proj][   ][    ] ps='Diffuse_MapSampler' rank=100 | tex0=3F23B570 inst=1
 2803 CONVERT v=564    p=63     zw=1 zt=1 blend=1 cw=0xf | vs[proj][   ][    ] ps='Diffuse_MapSampler' rank=100 | tex0=3F23B570 inst=1
 2804 CONVERT v=1421   p=162    zw=1 zt=1 blend=1 cw=0xf | vs[proj][   ][    ] ps='Diffuse_MapSampler' rank=100 | tex0=3F23B570 inst=1
 2805 CONVERT v=1879   p=175    zw=1 zt=1 blend=1 cw=0xf | vs[proj][   ][    ] ps='Diffuse_MapSampler' rank=100 | tex0=3F23B570 inst=1
 2806 CONVERT v=1589   p=309    zw=1 zt=1 blend=1 cw=0xf | vs[proj][   ][    ] ps='Diffuse_MapSampler' rank=100 | tex0=3F23B570 inst=1
 2807 CONVERT v=2750   p=349    zw=1 zt=1 blend=1 cw=0xf | vs[proj][   ][    ] ps='Diffuse_MapSampler' rank=100 | tex0=3F23B570 inst=1
 2808 CONVERT v=3014   p=279    zw=1 zt=1 blend=1 cw=0xf | vs[proj][   ][    ] ps='Diffuse_MapSampler' rank=100 | tex0=3F23B570 inst=1
 2809 CONVERT v=3348   p=463    zw=1 zt=1 blend=1 cw=0xf | vs[proj][   ][    ] ps='Diffuse_MapSampler' rank=100 | tex0=3F23B570 inst=1
 2810 CONVERT v=1907   p=109    zw=1 zt=1 blend=1 cw=0xf | vs[proj][   ][    ] ps='Diffuse_MapSampler' rank=100 | tex0=3F23B570 inst=1
 2811 CONVERT v=1135   p=119    zw=1 zt=1 blend=1 cw=0xf | vs[proj][   ][    ] ps='Diffuse_MapSampler' rank=100 | tex0=3F23B570 inst=1
 2812 CONVERT v=371    p=281    zw=1 zt=1 blend=1 cw=0xf | vs[proj][   ][    ] ps='Diffuse_MapSampler' rank=100 | tex0=3F23C990 inst=1
 2813 CONVERT v=2595   p=1121   zw=1 zt=1 blend=1 cw=0xf | vs[proj][   ][    ] ps='Diffuse_MapSampler' rank=100 | tex0=3F23C990 inst=1
 2814 CONVERT v=564    p=97     zw=1 zt=1 blend=1 cw=0xf | vs[proj][   ][    ] ps='Diffuse_MapSampler' rank=100 | tex0=3F23C990 inst=1
 2815 CONVERT v=1421   p=661    zw=1 zt=1 blend=1 cw=0xf | vs[proj][   ][    ] ps='Diffuse_MapSampler' rank=100 | tex0=3F23C990 inst=1
 2816 CONVERT v=405    p=209    zw=1 zt=1 blend=1 cw=0xf | vs[proj][   ][    ] ps='Diffuse_MapSampler' rank=100 | tex0=3F23C990 inst=1
 2817 CONVERT v=1879   p=595    zw=1 zt=1 blend=1 cw=0xf | vs[proj][   ][    ] ps='Diffuse_MapSampler' rank=100 | tex0=3F23C990 inst=1
 2818 CONVERT v=1589   p=653    zw=1 zt=1 blend=1 cw=0xf | vs[proj][   ][    ] ps='Diffuse_MapSampler' rank=100 | tex0=3F23C990 inst=1
 2819 CONVERT v=2750   p=842    zw=1 zt=1 blend=1 cw=0xf | vs[proj][   ][    ] ps='Diffuse_MapSampler' rank=100 | tex0=3F23C990 inst=1
 2820 CONVERT v=3014   p=1251   zw=1 zt=1 blend=1 cw=0xf | vs[proj][   ][    ] ps='Diffuse_MapSampler' rank=100 | tex0=3F23C990 inst=1
 2821 CONVERT v=3348   p=2021   zw=1 zt=1 blend=1 cw=0xf | vs[proj][   ][    ] ps='Diffuse_MapSampler' rank=100 | tex0=3F23C990 inst=1
 2822 CONVERT v=1907   p=648    zw=1 zt=1 blend=1 cw=0xf | vs[proj][   ][    ] ps='Diffuse_MapSampler' rank=100 | tex0=3F23C990 inst=1
 2823 CONVERT v=1135   p=329    zw=1 zt=1 blend=1 cw=0xf | vs[proj][   ][    ] ps='Diffuse_MapSampler' rank=100 | tex0=3F23C990 inst=1
 2824 CONVERT v=3132   p=4711   zw=1 zt=1 blend=1 cw=0xf | vs[proj][   ][    ] ps='Diffuse_MapSampler' rank=100 | tex0=44F175F0 inst=1
 2825 CONVERT v=792    p=1599   zw=1 zt=1 blend=1 cw=0xf | vs[proj][   ][    ] ps='Diffuse_MapSampler' rank=100 | tex0=44F08710 inst=1
 2826 CONVERT v=3632   p=75     zw=1 zt=1 blend=1 cw=0xf | vs[proj][   ][    ] ps='Diffuse_MapSampler' rank=100 | tex0=44F0B810 inst=1
 2827 CONVERT v=3632   p=267    zw=1 zt=1 blend=1 cw=0xf | vs[proj][   ][    ] ps='Diffuse_MapSampler' rank=100 | tex0=44F08B70 inst=1
 2828 CONVERT v=3632   p=11     zw=1 zt=1 blend=1 cw=0xf | vs[proj][   ][    ] ps='Diffuse_MapSampler' rank=100 | tex0=44F08B70 inst=1
 2829 CONVERT v=3632   p=206    zw=1 zt=1 blend=1 cw=0xf | vs[proj][   ][    ] ps='Diffuse_MapSampler' rank=100 | tex0=44F09890 inst=1
 2830 CONVERT v=3632   p=146    zw=1 zt=1 blend=1 cw=0xf | vs[proj][   ][    ] ps='Diffuse_MapSampler' rank=100 | tex0=44F107B0 inst=1
 2831 CONVERT v=3632   p=275    zw=1 zt=1 blend=1 cw=0xf | vs[proj][   ][    ] ps='Diffuse_MapSampler' rank=100 | tex0=44F107B0 inst=1
 2832 CONVERT v=3632   p=465    zw=1 zt=1 blend=1 cw=0xf | vs[proj][   ][    ] ps='Diffuse_MapSampler' rank=100 | tex0=44F176D0 inst=1
 2833 CONVERT v=3632   p=31     zw=1 zt=1 blend=1 cw=0xf | vs[proj][   ][    ] ps='Diffuse_MapSampler' rank=100 | tex0=44F176D0 inst=1
 2834 CONVERT v=4555   p=188    zw=1 zt=1 blend=1 cw=0xf | vs[proj][   ][    ] ps='Diffuse_MapSampler' rank=100 | tex0=44F193B0 inst=1
 2835 CONVERT v=4956   p=68     zw=1 zt=1 blend=1 cw=0xf | vs[proj][   ][    ] ps='Diffuse_MapSampler' rank=100 | tex0=44F10190 inst=1
 2836 CONVERT v=36     p=50     zw=1 zt=1 blend=1 cw=0xf | vs[proj][   ][    ] ps='Decal_MapSampler' rank=100 | tex0=3F2387F0 inst=1
 2837 CONVERT v=4956   p=502    zw=1 zt=1 blend=1 cw=0xf | vs[proj][   ][    ] ps='Diffuse_MapSampler' rank=100 | tex0=44F193B0 inst=1
 2838 CONVERT v=6471   p=523    zw=1 zt=1 blend=1 cw=0xf | vs[proj][   ][    ] ps='Diffuse_MapSampler' rank=100 | tex0=44F0BFF0 inst=1
 2839 CONVERT v=114    p=179    zw=1 zt=1 blend=1 cw=0xf | vs[proj][   ][    ] ps='Decal_MapSampler' rank=100 | tex0=44F05DF0 inst=1
 2840 CONVERT v=278    p=512    zw=1 zt=1 blend=1 cw=0xf | vs[proj][   ][    ] ps='Decal_MapSampler' rank=100 | tex0=44F05DF0 inst=1
 2841 CONVERT v=216    p=428    zw=1 zt=1 blend=1 cw=0xf | vs[proj][   ][    ] ps='Decal_MapSampler' rank=100 | tex0=44F05DF0 inst=1
 2842 CONVERT v=312    p=440    zw=1 zt=1 blend=1 cw=0xf | vs[proj][   ][    ] ps='Decal_MapSampler' rank=100 | tex0=44F06F70 inst=1
 2843 CONVERT v=830    p=236    zw=1 zt=1 blend=1 cw=0xf | vs[proj][   ][    ] ps='Decal_MapSampler' rank=100 | tex0=44F06F70 inst=1
 2844 CONVERT v=194    p=31     zw=1 zt=1 blend=1 cw=0xf | vs[proj][   ][    ] ps='Decal_MapSampler' rank=100 | tex0=44F06F70 inst=1
 2845 CONVERT v=38907  p=10199  zw=1 zt=1 blend=1 cw=0xf | vs[proj][   ][    ] ps='Diffuse_MapSampler' rank=100 | tex0=3F254710 inst=1
 2846 CONVERT v=1924   p=2398   zw=1 zt=1 blend=1 cw=0xf | vs[proj][   ][    ] ps='Diffuse_MapSampler' rank=100 | tex0=3F254710 inst=1
 2847 CONVERT v=974    p=1349   zw=1 zt=1 blend=1 cw=0xf | vs[proj][   ][    ] ps='Diffuse_MapSampler' rank=100 | tex0=3F254710 inst=1
 2848 CONVERT v=222    p=2      zw=1 zt=1 blend=1 cw=0xf | vs[proj][   ][    ] ps='Diffuse_MapSampler' rank=100 | tex0=44F08710 inst=1
 2849 CONVERT v=222    p=10     zw=1 zt=1 blend=1 cw=0xf | vs[proj][   ][    ] ps='Diffuse_MapSampler' rank=100 | tex0=44F08710 inst=1
 2850 CONVERT v=222    p=2      zw=1 zt=1 blend=1 cw=0xf | vs[proj][   ][    ] ps='Diffuse_MapSampler' rank=100 | tex0=44F08710 inst=1
 2851 CONVERT v=222    p=2      zw=1 zt=1 blend=1 cw=0xf | vs[proj][   ][    ] ps='Diffuse_MapSampler' rank=100 | tex0=44F08710 inst=1
 2852 CONVERT v=72     p=104    zw=1 zt=1 blend=1 cw=0xf | vs[proj][   ][    ] ps='Diffuse_MapSampler' rank=100 | tex0=44F193B0 inst=1
 2853 CONVERT v=4956   p=260    zw=1 zt=1 blend=1 cw=0xf | vs[proj][   ][    ] ps='Diffuse_MapSampler' rank=100 | tex0=44F0FA90 inst=1
 2854 CONVERT v=2391   p=284    zw=1 zt=1 blend=1 cw=0xf | vs[proj][   ][    ] ps='Diffuse_MapSampler' rank=100 | tex0=44F0FA90 inst=1
 2855 CONVERT v=301    p=170    zw=1 zt=1 blend=1 cw=0xf | vs[proj][   ][    ] ps='Decal_MapSampler' rank=100 | tex0=44F05ED0 inst=1
 2856 CONVERT v=27     p=33     zw=1 zt=1 blend=1 cw=0xf | vs[proj][   ][    ] ps='Decal_MapSampler' rank=100 | tex0=44F05ED0 inst=1
 2857 CONVERT v=4      p=2      zw=1 zt=1 blend=1 cw=0xf | vs[proj][   ][    ] ps='Diffuse_MapSampler' rank=100 | tex0=3F256AF0 inst=1
 2858 CONVERT v=56     p=2      zw=1 zt=1 blend=1 cw=0xf | vs[proj][   ][    ] ps='Decal_MapSampler' rank=100 | tex0=3F2381D0 inst=1
 2859 CONVERT v=28     p=2      zw=1 zt=1 blend=1 cw=0xf | vs[proj][   ][    ] ps='Decal_MapSampler' rank=100 | tex0=3F2381D0 inst=1
 2860 CONVERT v=56     p=8      zw=1 zt=1 blend=1 cw=0xf | vs[proj][   ][    ] ps='Decal_MapSampler' rank=100 | tex0=3F238E10 inst=1
 2861 CONVERT v=28     p=2      zw=1 zt=1 blend=1 cw=0xf | vs[proj][   ][    ] ps='Decal_MapSampler' rank=100 | tex0=3F238E10 inst=1
 2862 CONVERT v=218    p=314    zw=1 zt=1 blend=1 cw=0xf | vs[proj][   ][    ] ps='Diffuse_MapSampler' rank=100 | tex0=44F0C530 inst=1
 2863 CONVERT v=31     p=20     zw=1 zt=1 blend=1 cw=0xf | vs[proj][   ][    ] ps='Decal_MapSampler' rank=100 | tex0=3F256F50 inst=1
 2864 CONVERT v=56     p=14     zw=1 zt=1 blend=1 cw=0xf | vs[proj][   ][    ] ps='Decal_MapSampler' rank=100 | tex0=3F256F50 inst=1
 2865 CONVERT v=28     p=8      zw=1 zt=1 blend=1 cw=0xf | vs[proj][   ][    ] ps='Decal_MapSampler' rank=100 | tex0=3F256F50 inst=1
 2866 CONVERT v=8      p=2      zw=1 zt=1 blend=1 cw=0xf | vs[proj][   ][    ] ps='Decal_MapSampler' rank=100 | tex0=3F256F50 inst=1
 2867 CONVERT v=31     p=14     zw=1 zt=1 blend=1 cw=0xf | vs[proj][   ][    ] ps='Decal_MapSampler' rank=100 | tex0=3F256D90 inst=1
 2868 CONVERT v=56     p=32     zw=1 zt=1 blend=1 cw=0xf | vs[proj][   ][    ] ps='Decal_MapSampler' rank=100 | tex0=3F256D90 inst=1
 2869 CONVERT v=28     p=14     zw=1 zt=1 blend=1 cw=0xf | vs[proj][   ][    ] ps='Decal_MapSampler' rank=100 | tex0=3F256D90 inst=1
 2870 CONVERT v=8      p=2      zw=1 zt=1 blend=1 cw=0xf | vs[proj][   ][    ] ps='Decal_MapSampler' rank=100 | tex0=3F256D90 inst=1
 2871 CONVERT v=371    p=50     zw=1 zt=1 blend=1 cw=0xf | vs[proj][   ][    ] ps='Diffuse_MapSampler' rank=100 | tex0=44F073D0 inst=1
 2872 CONVERT v=405    p=43     zw=1 zt=1 blend=1 cw=0xf | vs[proj][   ][    ] ps='Diffuse_MapSampler' rank=100 | tex0=44F073D0 inst=1
 2873 CONVERT v=1135   p=92     zw=1 zt=1 blend=1 cw=0xf | vs[proj][   ][    ] ps='Diffuse_MapSampler' rank=100 | tex0=44F073D0 inst=1
 2874 CONVERT v=216    p=341    zw=1 zt=1 blend=1 cw=0xf | vs[proj][   ][    ] ps='Diffuse_MapSampler' rank=100 | tex0=44F193B0 inst=1
 2875 CONVERT v=216    p=341    zw=1 zt=1 blend=1 cw=0xf | vs[proj][   ][    ] ps='Diffuse_MapSampler' rank=100 | tex0=44F193B0 inst=1
 2876 CONVERT v=216    p=341    zw=1 zt=1 blend=1 cw=0xf | vs[proj][   ][    ] ps='Diffuse_MapSampler' rank=100 | tex0=44F193B0 inst=1
 2877 CONVERT v=1436   p=308    zw=1 zt=1 blend=1 cw=0xf | vs[proj][   ][    ] ps='Diffuse_MapSampler' rank=100 | tex0=44F193B0 inst=1
 2878 CONVERT v=472    p=452    zw=1 zt=1 blend=1 cw=0xf | vs[proj][   ][    ] ps='Diffuse_MapSampler' rank=100 | tex0=44F193B0 inst=1
 2879 CONVERT v=2614   p=275    zw=1 zt=1 blend=1 cw=0xf | vs[proj][   ][    ] ps='Diffuse_MapSampler' rank=100 | tex0=44F193B0 inst=1
 2880 CONVERT v=1836   p=419    zw=1 zt=1 blend=1 cw=0xf | vs[proj][   ][    ] ps='Diffuse_MapSampler' rank=100 | tex0=44F193B0 inst=1
 2881 CONVERT v=2794   p=555    zw=1 zt=1 blend=1 cw=0xf | vs[proj][   ][    ] ps='Diffuse_MapSampler' rank=100 | tex0=44F193B0 inst=1
 2882 CONVERT v=184    p=44     zw=1 zt=1 blend=1 cw=0xf | vs[proj][   ][    ] ps='Diffuse_MapSampler' rank=100 | tex0=44F193B0 inst=1
 2883 CONVERT v=2391   p=164    zw=1 zt=1 blend=1 cw=0xf | vs[proj][   ][    ] ps='Diffuse_MapSampler' rank=100 | tex0=44F193B0 inst=1
 2884 CONVERT v=2781   p=419    zw=1 zt=1 blend=1 cw=0xf | vs[proj][   ][    ] ps='Diffuse_MapSampler' rank=100 | tex0=44F193B0 inst=1
 2885 CONVERT v=3709   p=164    zw=1 zt=1 blend=1 cw=0xf | vs[proj][   ][    ] ps='Diffuse_MapSampler' rank=100 | tex0=44F193B0 inst=1
 2886 CONVERT v=2608   p=275    zw=1 zt=1 blend=1 cw=0xf | vs[proj][   ][    ] ps='Diffuse_MapSampler' rank=100 | tex0=44F193B0 inst=1
 2887 CONVERT v=538    p=668    zw=1 zt=1 blend=1 cw=0xf | vs[proj][   ][    ] ps='Diffuse_MapSampler' rank=100 | tex0=3F23D6B0 inst=1
 2888 CONVERT v=3348   p=374    zw=1 zt=1 blend=1 cw=0xf | vs[proj][   ][    ] ps='Diffuse_MapSampler' rank=100 | tex0=3F23D6B0 inst=1
 2889 CONVERT v=1907   p=388    zw=1 zt=1 blend=1 cw=0xf | vs[proj][   ][    ] ps='Diffuse_MapSampler' rank=100 | tex0=3F23D6B0 inst=1
 2890 CONVERT v=1135   p=7      zw=1 zt=1 blend=1 cw=0xf | vs[proj][   ][    ] ps='Diffuse_MapSampler' rank=100 | tex0=3F23D6B0 inst=1
 2891 CONVERT v=4252   p=129    zw=1 zt=1 blend=1 cw=0xf | vs[proj][   ][    ] ps='Diffuse_MapSampler' rank=100 | tex0=44F193B0 inst=1
 2892 CONVERT v=829    p=757    zw=1 zt=1 blend=1 cw=0xf | vs[proj][   ][    ] ps='Diffuse_MapSampler' rank=100 | tex0=44F193B0 inst=1
 2893 CONVERT v=4252   p=1081   zw=1 zt=1 blend=1 cw=0xf | vs[proj][   ][    ] ps='Diffuse_MapSampler' rank=100 | tex0=44F0B030 inst=1
 2894 CONVERT v=4252   p=1148   zw=1 zt=1 blend=1 cw=0xf | vs[proj][   ][    ] ps='Diffuse_MapSampler' rank=100 | tex0=44F0B030 inst=1
 2895 CONVERT v=4252   p=284    zw=1 zt=1 blend=1 cw=0xf | vs[proj][   ][    ] ps='Diffuse_MapSampler' rank=100 | tex0=44F0B030 inst=1
 2896 CONVERT v=4252   p=16     zw=1 zt=1 blend=1 cw=0xf | vs[proj][   ][    ] ps='Diffuse_MapSampler' rank=100 | tex0=44F0B030 inst=1
 2897 CONVERT v=4252   p=52     zw=1 zt=1 blend=1 cw=0xf | vs[proj][   ][    ] ps='Diffuse_MapSampler' rank=100 | tex0=44F0B030 inst=1
 2898 CONVERT v=371    p=19     zw=1 zt=1 blend=1 cw=0xf | vs[proj][   ][    ] ps='Diffuse_MapSampler' rank=100 | tex0=44F06B10 inst=1
 2899 CONVERT v=2595   p=317    zw=1 zt=1 blend=1 cw=0xf | vs[proj][   ][    ] ps='Diffuse_MapSampler' rank=100 | tex0=44F06B10 inst=1
 2900 CONVERT v=1421   p=165    zw=1 zt=1 blend=1 cw=0xf | vs[proj][   ][    ] ps='Diffuse_MapSampler' rank=100 | tex0=44F06B10 inst=1
 2901 CONVERT v=405    p=48     zw=1 zt=1 blend=1 cw=0xf | vs[proj][   ][    ] ps='Diffuse_MapSampler' rank=100 | tex0=44F06B10 inst=1
 2902 CONVERT v=1879   p=78     zw=1 zt=1 blend=1 cw=0xf | vs[proj][   ][    ] ps='Diffuse_MapSampler' rank=100 | tex0=44F06B10 inst=1
 2903 CONVERT v=1589   p=2      zw=1 zt=1 blend=1 cw=0xf | vs[proj][   ][    ] ps='Diffuse_MapSampler' rank=100 | tex0=44F06B10 inst=1
 2904 CONVERT v=538    p=32     zw=1 zt=1 blend=1 cw=0xf | vs[proj][   ][    ] ps='Diffuse_MapSampler' rank=100 | tex0=44F06B10 inst=1
 2905 CONVERT v=2750   p=151    zw=1 zt=1 blend=1 cw=0xf | vs[proj][   ][    ] ps='Diffuse_MapSampler' rank=100 | tex0=44F06B10 inst=1
 2906 CONVERT v=3348   p=7      zw=1 zt=1 blend=1 cw=0xf | vs[proj][   ][    ] ps='Diffuse_MapSampler' rank=100 | tex0=44F06B10 inst=1
 2907 CONVERT v=1907   p=35     zw=1 zt=1 blend=1 cw=0xf | vs[proj][   ][    ] ps='Diffuse_MapSampler' rank=100 | tex0=44F06B10 inst=1
 2908 CONVERT v=1135   p=72     zw=1 zt=1 blend=1 cw=0xf | vs[proj][   ][    ] ps='Diffuse_MapSampler' rank=100 | tex0=44F06B10 inst=1
 2909 CONVERT v=371    p=7      zw=1 zt=1 blend=1 cw=0xf | vs[proj][   ][    ] ps='Diffuse_MapSampler' rank=100 | tex0=3F23C6F0 inst=1
 2910 CONVERT v=2595   p=13     zw=1 zt=1 blend=1 cw=0xf | vs[proj][   ][    ] ps='Diffuse_MapSampler' rank=100 | tex0=3F23C6F0 inst=1
 2911 CONVERT v=564    p=37     zw=1 zt=1 blend=1 cw=0xf | vs[proj][   ][    ] ps='Diffuse_MapSampler' rank=100 | tex0=3F23C6F0 inst=1
 2912 CONVERT v=1421   p=194    zw=1 zt=1 blend=1 cw=0xf | vs[proj][   ][    ] ps='Diffuse_MapSampler' rank=100 | tex0=3F23C6F0 inst=1
 2913 CONVERT v=1879   p=50     zw=1 zt=1 blend=1 cw=0xf | vs[proj][   ][    ] ps='Diffuse_MapSampler' rank=100 | tex0=3F23C6F0 inst=1
 2914 CONVERT v=1589   p=1      zw=1 zt=1 blend=1 cw=0xf | vs[proj][   ][    ] ps='Diffuse_MapSampler' rank=100 | tex0=3F23C6F0 inst=1
 2915 CONVERT v=2750   p=67     zw=1 zt=1 blend=1 cw=0xf | vs[proj][   ][    ] ps='Diffuse_MapSampler' rank=100 | tex0=3F23C6F0 inst=1
 2916 CONVERT v=3014   p=361    zw=1 zt=1 blend=1 cw=0xf | vs[proj][   ][    ] ps='Diffuse_MapSampler' rank=100 | tex0=3F23C6F0 inst=1
 2917 CONVERT v=3348   p=117    zw=1 zt=1 blend=1 cw=0xf | vs[proj][   ][    ] ps='Diffuse_MapSampler' rank=100 | tex0=3F23C6F0 inst=1
 2918 CONVERT v=1907   p=57     zw=1 zt=1 blend=1 cw=0xf | vs[proj][   ][    ] ps='Diffuse_MapSampler' rank=100 | tex0=3F23C6F0 inst=1
 2919 CONVERT v=1135   p=85     zw=1 zt=1 blend=1 cw=0xf | vs[proj][   ][    ] ps='Diffuse_MapSampler' rank=100 | tex0=3F23C6F0 inst=1
 2920 CONVERT v=371    p=8      zw=1 zt=1 blend=1 cw=0xf | vs[proj][   ][    ] ps='Diffuse_MapSampler' rank=100 | tex0=44F07D70 inst=1
 2921 CONVERT v=405    p=20     zw=1 zt=1 blend=1 cw=0xf | vs[proj][   ][    ] ps='Diffuse_MapSampler' rank=100 | tex0=44F07D70 inst=1
 2922 CONVERT v=270    p=139    zw=1 zt=1 blend=1 cw=0xf | vs[proj][   ][    ] ps='Diffuse_MapSampler' rank=100 | tex0=44F161D0 inst=1
 2923 CONVERT v=270    p=170    zw=1 zt=1 blend=1 cw=0xf | vs[proj][   ][    ] ps='Diffuse_MapSampler' rank=100 | tex0=44F14CD0 inst=1
 2924 CONVERT v=270    p=50     zw=1 zt=1 blend=1 cw=0xf | vs[proj][   ][    ] ps='Diffuse_MapSampler' rank=100 | tex0=44F159F0 inst=1
 2925 CONVERT v=432    p=76     zw=1 zt=1 blend=1 cw=0xf | vs[proj][   ][    ] ps='Diffuse_MapSampler' rank=100 | tex0=44F14BF0 inst=1
 2926 CONVERT v=317    p=85     zw=1 zt=1 blend=1 cw=0xf | vs[proj][   ][    ] ps='Diffuse_MapSampler' rank=100 | tex0=44F14BF0 inst=1
 2927 CONVERT v=1429   p=21     zw=1 zt=1 blend=1 cw=0xf | vs[proj][   ][    ] ps='Diffuse_MapSampler' rank=100 | tex0=3F2380F0 inst=1
 2928 CONVERT v=2614   p=19     zw=1 zt=1 blend=1 cw=0xf | vs[proj][   ][    ] ps='Diffuse_MapSampler' rank=100 | tex0=3F2380F0 inst=1
 2929 CONVERT v=57     p=48     zw=1 zt=1 blend=1 cw=0xf | vs[proj][   ][    ] ps='Diffuse_MapSampler' rank=100 | tex0=3F2380F0 inst=1
 2930 CONVERT v=57     p=16     zw=1 zt=1 blend=1 cw=0xf | vs[proj][   ][    ] ps='Diffuse_MapSampler' rank=100 | tex0=3F2380F0 inst=1
 2931 CONVERT v=2794   p=57     zw=1 zt=1 blend=1 cw=0xf | vs[proj][   ][    ] ps='Diffuse_MapSampler' rank=100 | tex0=3F2380F0 inst=1
 2932 CONVERT v=85     p=39     zw=1 zt=1 blend=1 cw=0xf | vs[proj][   ][    ] ps='Diffuse_MapSampler' rank=100 | tex0=3F2380F0 inst=1
 2933 CONVERT v=85     p=40     zw=1 zt=1 blend=1 cw=0xf | vs[proj][   ][    ] ps='Diffuse_MapSampler' rank=100 | tex0=3F2380F0 inst=1
 2934 CONVERT v=2279   p=117    zw=1 zt=1 blend=1 cw=0xf | vs[proj][   ][    ] ps='Diffuse_MapSampler' rank=100 | tex0=3F2380F0 inst=1
 2935 CONVERT v=1731   p=19     zw=1 zt=1 blend=1 cw=0xf | vs[proj][   ][    ] ps='Diffuse_MapSampler' rank=100 | tex0=3F2380F0 inst=1
 2936 CONVERT v=31     p=1      zw=1 zt=1 blend=1 cw=0xf | vs[proj][   ][    ] ps='Diffuse_MapSampler' rank=100 | tex0=3B446580 inst=1
 2937 CONVERT v=56     p=8      zw=1 zt=1 blend=1 cw=0xf | vs[proj][   ][    ] ps='Diffuse_MapSampler' rank=100 | tex0=3B446580 inst=1
 2938 CONVERT v=2115   p=110    zw=1 zt=1 blend=1 cw=0xf | vs[proj][   ][    ] ps='Diffuse_MapSampler' rank=100 | tex0=44F0BC70 inst=1
 2939 CONVERT v=301    p=254    zw=1 zt=1 blend=1 cw=0xf | vs[proj][   ][    ] ps='Decal_MapSampler' rank=100 | tex0=44F056F0 inst=1
 2940 CONVERT v=207    p=283    zw=1 zt=1 blend=1 cw=0xf | vs[proj][   ][    ] ps='Decal_MapSampler' rank=100 | tex0=44F056F0 inst=1
 2941 CONVERT v=27     p=2      zw=1 zt=1 blend=1 cw=0xf | vs[proj][   ][    ] ps='Decal_MapSampler' rank=100 | tex0=44F056F0 inst=1
 2942 CONVERT v=2595   p=35     zw=1 zt=1 blend=1 cw=0xf | vs[proj][   ][    ] ps='Diffuse_MapSampler' rank=100 | tex0=44F05FB0 inst=1
 2943 CONVERT v=2750   p=14     zw=1 zt=1 blend=1 cw=0xf | vs[proj][   ][    ] ps='Diffuse_MapSampler' rank=100 | tex0=44F05FB0 inst=1
 2944 CONVERT v=1269   p=1925   zw=1 zt=1 blend=1 cw=0xf | vs[proj][   ][    ] ps='Diffuse_MapSampler' rank=100 | tex0=3F239510 inst=1
 2945 CONVERT v=1269   p=1925   zw=1 zt=1 blend=1 cw=0xf | vs[proj][   ][    ] ps='Diffuse_MapSampler' rank=100 | tex0=3F239510 inst=1
 2946 CONVERT v=1269   p=1925   zw=1 zt=1 blend=1 cw=0xf | vs[proj][   ][    ] ps='Diffuse_MapSampler' rank=100 | tex0=3F239510 inst=1
 2947 CONVERT v=6471   p=668    zw=1 zt=1 blend=1 cw=0xf | vs[proj][   ][    ] ps='Diffuse_MapSampler' rank=100 | tex0=44F19B90 inst=1
 2948 CONVERT v=776    p=116    zw=1 zt=1 blend=1 cw=0xf | vs[proj][   ][    ] ps='Diffuse_MapSampler' rank=100 | tex0=44F19B90 inst=1
 2949 CONVERT v=3506   p=695    zw=1 zt=1 blend=1 cw=0xf | vs[proj][   ][    ] ps='Diffuse_MapSampler' rank=100 | tex0=44F19B90 inst=1
 2950 CONVERT v=1436   p=536    zw=1 zt=1 blend=1 cw=0xf | vs[proj][   ][    ] ps='Diffuse_MapSampler' rank=100 | tex0=44F19B90 inst=1
 2951 CONVERT v=2488   p=767    zw=1 zt=1 blend=1 cw=0xf | vs[proj][   ][    ] ps='Diffuse_MapSampler' rank=100 | tex0=44F19B90 inst=1
 2952 CONVERT v=472    p=314    zw=1 zt=1 blend=1 cw=0xf | vs[proj][   ][    ] ps='Diffuse_MapSampler' rank=100 | tex0=44F19B90 inst=1
 2953 CONVERT v=1432   p=350    zw=1 zt=1 blend=1 cw=0xf | vs[proj][   ][    ] ps='Diffuse_MapSampler' rank=100 | tex0=44F19B90 inst=1
 2954 CONVERT v=3676   p=3516   zw=1 zt=1 blend=1 cw=0xf | vs[proj][   ][    ] ps='Diffuse_MapSampler' rank=100 | tex0=44F19B90 inst=1
 2955 CONVERT v=2614   p=86     zw=1 zt=1 blend=1 cw=0xf | vs[proj][   ][    ] ps='Diffuse_MapSampler' rank=100 | tex0=44F19B90 inst=1
 2956 CONVERT v=2059   p=248    zw=1 zt=1 blend=1 cw=0xf | vs[proj][   ][    ] ps='Diffuse_MapSampler' rank=100 | tex0=44F19B90 inst=1
 2957 CONVERT v=8627   p=116    zw=1 zt=1 blend=1 cw=0xf | vs[proj][   ][    ] ps='Diffuse_MapSampler' rank=100 | tex0=44F19B90 inst=1
 2958 CONVERT v=1836   p=116    zw=1 zt=1 blend=1 cw=0xf | vs[proj][   ][    ] ps='Diffuse_MapSampler' rank=100 | tex0=44F19B90 inst=1
 2959 CONVERT v=4956   p=2207   zw=1 zt=1 blend=1 cw=0xf | vs[proj][   ][    ] ps='Diffuse_MapSampler' rank=100 | tex0=44F19B90 inst=1
 2960 CONVERT v=4956   p=2102   zw=1 zt=1 blend=1 cw=0xf | vs[proj][   ][    ] ps='Diffuse_MapSampler' rank=100 | tex0=44F19B90 inst=1
 2961 CONVERT v=2794   p=176    zw=1 zt=1 blend=1 cw=0xf | vs[proj][   ][    ] ps='Diffuse_MapSampler' rank=100 | tex0=44F19B90 inst=1
 2962 CONVERT v=2192   p=362    zw=1 zt=1 blend=1 cw=0xf | vs[proj][   ][    ] ps='Diffuse_MapSampler' rank=100 | tex0=44F19B90 inst=1
 2963 CONVERT v=2391   p=386    zw=1 zt=1 blend=1 cw=0xf | vs[proj][   ][    ] ps='Diffuse_MapSampler' rank=100 | tex0=44F19B90 inst=1
 2964 CONVERT v=2781   p=458    zw=1 zt=1 blend=1 cw=0xf | vs[proj][   ][    ] ps='Diffuse_MapSampler' rank=100 | tex0=44F19B90 inst=1
 2965 CONVERT v=3709   p=860    zw=1 zt=1 blend=1 cw=0xf | vs[proj][   ][    ] ps='Diffuse_MapSampler' rank=100 | tex0=44F19B90 inst=1
 2966 CONVERT v=3709   p=1508   zw=1 zt=1 blend=1 cw=0xf | vs[proj][   ][    ] ps='Diffuse_MapSampler' rank=100 | tex0=44F19B90 inst=1
 2967 CONVERT v=855    p=158    zw=1 zt=1 blend=1 cw=0xf | vs[proj][   ][    ] ps='Diffuse_MapSampler' rank=100 | tex0=44F19B90 inst=1
 2968 CONVERT v=1136   p=176    zw=1 zt=1 blend=1 cw=0xf | vs[proj][   ][    ] ps='Diffuse_MapSampler' rank=100 | tex0=44F19B90 inst=1
 2969 CONVERT v=776    p=8      zw=1 zt=1 blend=1 cw=0xf | vs[proj][   ][    ] ps='Diffuse_MapSampler' rank=100 | tex0=44F17890 inst=1
 2970 CONVERT v=563    p=430    zw=1 zt=1 blend=1 cw=0xf | vs[proj][   ][    ] ps='Diffuse_MapSampler' rank=100 | tex0=44F183F0 inst=1
 2971 CONVERT v=1136   p=749    zw=1 zt=1 blend=1 cw=0xf | vs[proj][   ][    ] ps='Diffuse_MapSampler' rank=100 | tex0=44F183F0 inst=1
 2972 CONVERT v=1136   p=14     zw=1 zt=1 blend=1 cw=0xf | vs[proj][   ][    ] ps='Diffuse_MapSampler' rank=100 | tex0=3F23A070 inst=1
 2973 CONVERT v=642    p=123    zw=1 zt=1 blend=1 cw=0xf | vs[proj][   ][    ] ps='Diffuse_MapSampler' rank=100 | tex0=3F23A070 inst=1
 2974 CONVERT v=3506   p=653    zw=1 zt=1 blend=1 cw=0xf | vs[proj][   ][    ] ps='Diffuse_MapSampler' rank=100 | tex0=44F18230 inst=1
 2975 CONVERT v=2488   p=653    zw=1 zt=1 blend=1 cw=0xf | vs[proj][   ][    ] ps='Diffuse_MapSampler' rank=100 | tex0=44F18230 inst=1
 2976 CONVERT v=3632   p=99     zw=1 zt=1 blend=1 cw=0xf | vs[proj][   ][    ] ps='Diffuse_MapSampler' rank=100 | tex0=44F19650 inst=1
 2977 CONVERT v=1436   p=68     zw=1 zt=1 blend=1 cw=0xf | vs[proj][   ][    ] ps='Diffuse_MapSampler' rank=100 | tex0=44F19650 inst=1
 2978 CONVERT v=4252   p=140    zw=1 zt=1 blend=1 cw=0xf | vs[proj][   ][    ] ps='Diffuse_MapSampler' rank=100 | tex0=44F17C10 inst=1
 2979 CONVERT v=4252   p=956    zw=1 zt=1 blend=1 cw=0xf | vs[proj][   ][    ] ps='Diffuse_MapSampler' rank=100 | tex0=44F17C10 inst=1
 2980 CONVERT v=4252   p=271    zw=1 zt=1 blend=1 cw=0xf | vs[proj][   ][    ] ps='Diffuse_MapSampler' rank=100 | tex0=44F17C10 inst=1
 2981 CONVERT v=4252   p=363    zw=1 zt=1 blend=1 cw=0xf | vs[proj][   ][    ] ps='Diffuse_MapSampler' rank=100 | tex0=44F17C10 inst=1
 2982 CONVERT v=4252   p=93     zw=1 zt=1 blend=1 cw=0xf | vs[proj][   ][    ] ps='Diffuse_MapSampler' rank=100 | tex0=44F17C10 inst=1
 2983 CONVERT v=4252   p=44     zw=1 zt=1 blend=1 cw=0xf | vs[proj][   ][    ] ps='Diffuse_MapSampler' rank=100 | tex0=44F17C10 inst=1
 2984 CONVERT v=4252   p=10     zw=1 zt=1 blend=1 cw=0xf | vs[proj][   ][    ] ps='Diffuse_MapSampler' rank=100 | tex0=44F17C10 inst=1
 2985 CONVERT v=4252   p=1340   zw=1 zt=1 blend=1 cw=0xf | vs[proj][   ][    ] ps='Diffuse_MapSampler' rank=100 | tex0=44F17C10 inst=1
 2986 CONVERT v=4252   p=140    zw=1 zt=1 blend=1 cw=0xf | vs[proj][   ][    ] ps='Diffuse_MapSampler' rank=100 | tex0=44F17C10 inst=1
 2987 CONVERT v=4252   p=379    zw=1 zt=1 blend=1 cw=0xf | vs[proj][   ][    ] ps='Diffuse_MapSampler' rank=100 | tex0=44F17C10 inst=1
 2988 CONVERT v=4252   p=11     zw=1 zt=1 blend=1 cw=0xf | vs[proj][   ][    ] ps='Diffuse_MapSampler' rank=100 | tex0=44F17C10 inst=1
 2989 CONVERT v=4252   p=53     zw=1 zt=1 blend=1 cw=0xf | vs[proj][   ][    ] ps='Diffuse_MapSampler' rank=100 | tex0=44F17C10 inst=1
 2990 CONVERT v=4252   p=29     zw=1 zt=1 blend=1 cw=0xf | vs[proj][   ][    ] ps='Diffuse_MapSampler' rank=100 | tex0=44F17C10 inst=1
 2991 CONVERT v=4252   p=20     zw=1 zt=1 blend=1 cw=0xf | vs[proj][   ][    ] ps='Diffuse_MapSampler' rank=100 | tex0=44F17C10 inst=1
 2992 CONVERT v=776    p=8      zw=1 zt=1 blend=1 cw=0xf | vs[proj][   ][    ] ps='Diffuse_MapSampler' rank=100 | tex0=44F130D0 inst=1
 2993 CONVERT v=3506   p=14     zw=1 zt=1 blend=1 cw=0xf | vs[proj][   ][    ] ps='Diffuse_MapSampler' rank=100 | tex0=44F130D0 inst=1
 2994 CONVERT v=3506   p=308    zw=1 zt=1 blend=1 cw=0xf | vs[proj][   ][    ] ps='Diffuse_MapSampler' rank=100 | tex0=44F130D0 inst=1
 2995 CONVERT v=2488   p=308    zw=1 zt=1 blend=1 cw=0xf | vs[proj][   ][    ] ps='Diffuse_MapSampler' rank=100 | tex0=44F130D0 inst=1
 2996 CONVERT v=2488   p=14     zw=1 zt=1 blend=1 cw=0xf | vs[proj][   ][    ] ps='Diffuse_MapSampler' rank=100 | tex0=44F130D0 inst=1
 2997 CONVERT v=1432   p=332    zw=1 zt=1 blend=1 cw=0xf | vs[proj][   ][    ] ps='Diffuse_MapSampler' rank=100 | tex0=44F130D0 inst=1
 2998 CONVERT v=1432   p=19     zw=1 zt=1 blend=1 cw=0xf | vs[proj][   ][    ] ps='Diffuse_MapSampler' rank=100 | tex0=44F130D0 inst=1
 2999 CONVERT v=3662   p=7      zw=1 zt=1 blend=1 cw=0xf | vs[proj][   ][    ] ps='Diffuse_MapSampler' rank=100 | tex0=44F130D0 inst=1
 3000 CONVERT v=3676   p=680    zw=1 zt=1 blend=1 cw=0xf | vs[proj][   ][    ] ps='Diffuse_MapSampler' rank=100 | tex0=44F130D0 inst=1
 3001 CONVERT v=3676   p=20     zw=1 zt=1 blend=1 cw=0xf | vs[proj][   ][    ] ps='Diffuse_MapSampler' rank=100 | tex0=44F130D0 inst=1
 3002 CONVERT v=551    p=1      zw=1 zt=1 blend=1 cw=0xf | vs[proj][   ][    ] ps='Diffuse_MapSampler' rank=100 | tex0=44F130D0 inst=1
 3003 CONVERT v=551    p=110    zw=1 zt=1 blend=1 cw=0xf | vs[proj][   ][    ] ps='Diffuse_MapSampler' rank=100 | tex0=44F130D0 inst=1
 3004 CONVERT v=2614   p=1683   zw=1 zt=1 blend=1 cw=0xf | vs[proj][   ][    ] ps='Diffuse_MapSampler' rank=100 | tex0=44F130D0 inst=1
 3005 CONVERT v=2614   p=212    zw=1 zt=1 blend=1 cw=0xf | vs[proj][   ][    ] ps='Diffuse_MapSampler' rank=100 | tex0=44F130D0 inst=1
 3006 CONVERT v=2059   p=176    zw=1 zt=1 blend=1 cw=0xf | vs[proj][   ][    ] ps='Diffuse_MapSampler' rank=100 | tex0=44F130D0 inst=1
 3007 CONVERT v=8627   p=1683   zw=1 zt=1 blend=1 cw=0xf | vs[proj][   ][    ] ps='Diffuse_MapSampler' rank=100 | tex0=44F130D0 inst=1
 3008 CONVERT v=8627   p=2175   zw=1 zt=1 blend=1 cw=0xf | vs[proj][   ][    ] ps='Diffuse_MapSampler' rank=100 | tex0=44F130D0 inst=1
 3009 CONVERT v=8627   p=512    zw=1 zt=1 blend=1 cw=0xf | vs[proj][   ][    ] ps='Diffuse_MapSampler' rank=100 | tex0=44F130D0 inst=1
 3010 CONVERT v=1158   p=7      zw=1 zt=1 blend=1 cw=0xf | vs[proj][   ][    ] ps='Diffuse_MapSampler' rank=100 | tex0=44F130D0 inst=1
 3011 CONVERT v=2028   p=302    zw=1 zt=1 blend=1 cw=0xf | vs[proj][   ][    ] ps='Diffuse_MapSampler' rank=100 | tex0=44F130D0 inst=1
 3012 CONVERT v=4555   p=692    zw=1 zt=1 blend=1 cw=0xf | vs[proj][   ][    ] ps='Diffuse_MapSampler' rank=100 | tex0=44F130D0 inst=1
 3013 CONVERT v=1836   p=1781   zw=1 zt=1 blend=1 cw=0xf | vs[proj][   ][    ] ps='Diffuse_MapSampler' rank=100 | tex0=44F130D0 inst=1
 3014 CONVERT v=4956   p=800    zw=1 zt=1 blend=1 cw=0xf | vs[proj][   ][    ] ps='Diffuse_MapSampler' rank=100 | tex0=44F130D0 inst=1
 3015 CONVERT v=4956   p=1641   zw=1 zt=1 blend=1 cw=0xf | vs[proj][   ][    ] ps='Diffuse_MapSampler' rank=100 | tex0=44F130D0 inst=1
 3016 CONVERT v=4956   p=98     zw=1 zt=1 blend=1 cw=0xf | vs[proj][   ][    ] ps='Diffuse_MapSampler' rank=100 | tex0=44F130D0 inst=1
 3017 CONVERT v=2794   p=3371   zw=1 zt=1 blend=1 cw=0xf | vs[proj][   ][    ] ps='Diffuse_MapSampler' rank=100 | tex0=44F130D0 inst=1
 3018 CONVERT v=2794   p=284    zw=1 zt=1 blend=1 cw=0xf | vs[proj][   ][    ] ps='Diffuse_MapSampler' rank=100 | tex0=44F130D0 inst=1
 3019 CONVERT v=2192   p=536    zw=1 zt=1 blend=1 cw=0xf | vs[proj][   ][    ] ps='Diffuse_MapSampler' rank=100 | tex0=44F130D0 inst=1
 3020 CONVERT v=2391   p=530    zw=1 zt=1 blend=1 cw=0xf | vs[proj][   ][    ] ps='Diffuse_MapSampler' rank=100 | tex0=44F130D0 inst=1
 3021 CONVERT v=2781   p=1196   zw=1 zt=1 blend=1 cw=0xf | vs[proj][   ][    ] ps='Diffuse_MapSampler' rank=100 | tex0=44F130D0 inst=1
 3022 CONVERT v=2781   p=587    zw=1 zt=1 blend=1 cw=0xf | vs[proj][   ][    ] ps='Diffuse_MapSampler' rank=100 | tex0=44F130D0 inst=1
 3023 CONVERT v=2781   p=164    zw=1 zt=1 blend=1 cw=0xf | vs[proj][   ][    ] ps='Diffuse_MapSampler' rank=100 | tex0=44F130D0 inst=1
 3024 CONVERT v=3709   p=1341   zw=1 zt=1 blend=1 cw=0xf | vs[proj][   ][    ] ps='Diffuse_MapSampler' rank=100 | tex0=44F130D0 inst=1
 3025 CONVERT v=3709   p=1202   zw=1 zt=1 blend=1 cw=0xf | vs[proj][   ][    ] ps='Diffuse_MapSampler' rank=100 | tex0=44F130D0 inst=1
 3026 CONVERT v=3709   p=680    zw=1 zt=1 blend=1 cw=0xf | vs[proj][   ][    ] ps='Diffuse_MapSampler' rank=100 | tex0=44F130D0 inst=1
 3027 CONVERT v=2279   p=1      zw=1 zt=1 blend=1 cw=0xf | vs[proj][   ][    ] ps='Diffuse_MapSampler' rank=100 | tex0=44F130D0 inst=1
 3028 CONVERT v=2279   p=1046   zw=1 zt=1 blend=1 cw=0xf | vs[proj][   ][    ] ps='Diffuse_MapSampler' rank=100 | tex0=44F130D0 inst=1
 3029 CONVERT v=2608   p=1983   zw=1 zt=1 blend=1 cw=0xf | vs[proj][   ][    ] ps='Diffuse_MapSampler' rank=100 | tex0=44F130D0 inst=1
 3030 CONVERT v=2608   p=860    zw=1 zt=1 blend=1 cw=0xf | vs[proj][   ][    ] ps='Diffuse_MapSampler' rank=100 | tex0=44F130D0 inst=1
 3031 CONVERT v=1731   p=194    zw=1 zt=1 blend=1 cw=0xf | vs[proj][   ][    ] ps='Diffuse_MapSampler' rank=100 | tex0=44F130D0 inst=1
 3032 CONVERT v=855    p=164    zw=1 zt=1 blend=1 cw=0xf | vs[proj][   ][    ] ps='Diffuse_MapSampler' rank=100 | tex0=44F130D0 inst=1
 3033 CONVERT v=855    p=7      zw=1 zt=1 blend=1 cw=0xf | vs[proj][   ][    ] ps='Diffuse_MapSampler' rank=100 | tex0=44F130D0 inst=1
 3034 CONVERT v=1136   p=164    zw=1 zt=1 blend=1 cw=0xf | vs[proj][   ][    ] ps='Diffuse_MapSampler' rank=100 | tex0=44F130D0 inst=1
 3035 CONVERT v=1136   p=7      zw=1 zt=1 blend=1 cw=0xf | vs[proj][   ][    ] ps='Diffuse_MapSampler' rank=100 | tex0=44F130D0 inst=1
 3036 CONVERT v=642    p=14     zw=1 zt=1 blend=1 cw=0xf | vs[proj][   ][    ] ps='Diffuse_MapSampler' rank=100 | tex0=44F130D0 inst=1
 3037 CONVERT v=1267   p=308    zw=1 zt=1 blend=1 cw=0xf | vs[proj][   ][    ] ps='Diffuse_MapSampler' rank=100 | tex0=44F130D0 inst=1
 3038 CONVERT v=1209   p=507    zw=1 zt=1 blend=1 cw=0xf | vs[proj][   ][    ] ps='Diffuse_MapSampler' rank=100 | tex0=44F130D0 inst=1
 3039 CONVERT v=3195   p=33     zw=1 zt=1 blend=1 cw=0xf | vs[proj][   ][    ] ps='Diffuse_MapSampler' rank=100 | tex0=3F255350 inst=1
 3040 CONVERT v=3632   p=513    zw=1 zt=1 blend=1 cw=0xf | vs[proj][   ][    ] ps='Diffuse_MapSampler' rank=100 | tex0=44F16FD0 inst=1
 3041 CONVERT v=3632   p=38     zw=1 zt=1 blend=1 cw=0xf | vs[proj][   ][    ] ps='Diffuse_MapSampler' rank=100 | tex0=44F16FD0 inst=1
 3042 CONVERT v=371    p=50     zw=1 zt=1 blend=1 cw=0xf | vs[proj][   ][    ] ps='Diffuse_MapSampler' rank=100 | tex0=44F05ED0 inst=1
 3043 CONVERT v=2595   p=275    zw=1 zt=1 blend=1 cw=0xf | vs[proj][   ][    ] ps='Diffuse_MapSampler' rank=100 | tex0=44F05ED0 inst=1
 3044 CONVERT v=564    p=209    zw=1 zt=1 blend=1 cw=0xf | vs[proj][   ][    ] ps='Diffuse_MapSampler' rank=100 | tex0=44F05ED0 inst=1
 3045 CONVERT v=1421   p=8      zw=1 zt=1 blend=1 cw=0xf | vs[proj][   ][    ] ps='Diffuse_MapSampler' rank=100 | tex0=44F05ED0 inst=1
 3046 CONVERT v=1879   p=194    zw=1 zt=1 blend=1 cw=0xf | vs[proj][   ][    ] ps='Diffuse_MapSampler' rank=100 | tex0=44F05ED0 inst=1
 3047 CONVERT v=1907   p=8      zw=1 zt=1 blend=1 cw=0xf | vs[proj][   ][    ] ps='Diffuse_MapSampler' rank=100 | tex0=44F05ED0 inst=1
 3048 CONVERT v=1426   p=1913   zw=1 zt=1 blend=1 cw=0xf | vs[proj][   ][    ] ps='Diffuse_MapSampler' rank=100 | tex0=3F254390 inst=1
 3049 CONVERT v=1426   p=1913   zw=1 zt=1 blend=1 cw=0xf | vs[proj][   ][    ] ps='Diffuse_MapSampler' rank=100 | tex0=3F254390 inst=1
 3050 CONVERT v=1272   p=1867   zw=1 zt=1 blend=1 cw=0xf | vs[proj][   ][    ] ps='Diffuse_MapSampler' rank=100 | tex0=3F254390 inst=1
 3051 CONVERT v=1272   p=1867   zw=1 zt=1 blend=1 cw=0xf | vs[proj][   ][    ] ps='Diffuse_MapSampler' rank=100 | tex0=3F254390 inst=1
 3052 CONVERT v=1272   p=1867   zw=1 zt=1 blend=1 cw=0xf | vs[proj][   ][    ] ps='Diffuse_MapSampler' rank=100 | tex0=3F254390 inst=1
 3053 CONVERT v=1272   p=1867   zw=1 zt=1 blend=1 cw=0xf | vs[proj][   ][    ] ps='Diffuse_MapSampler' rank=100 | tex0=3F254390 inst=1
 3054 CONVERT v=1272   p=1867   zw=1 zt=1 blend=1 cw=0xf | vs[proj][   ][    ] ps='Diffuse_MapSampler' rank=100 | tex0=3F254390 inst=1
 3055 CONVERT v=1272   p=1867   zw=1 zt=1 blend=1 cw=0xf | vs[proj][   ][    ] ps='Diffuse_MapSampler' rank=100 | tex0=3F254390 inst=1
 3056 CONVERT v=1272   p=1867   zw=1 zt=1 blend=1 cw=0xf | vs[proj][   ][    ] ps='Diffuse_MapSampler' rank=100 | tex0=3F254390 inst=1
 3057 CONVERT v=1272   p=1867   zw=1 zt=1 blend=1 cw=0xf | vs[proj][   ][    ] ps='Diffuse_MapSampler' rank=100 | tex0=3F254390 inst=1
 3058 CONVERT v=1426   p=176    zw=1 zt=1 blend=1 cw=0xf | vs[proj][   ][    ] ps='Diffuse_MapSampler' rank=100 | tex0=3F254550 inst=1
 3059 CONVERT v=1426   p=176    zw=1 zt=1 blend=1 cw=0xf | vs[proj][   ][    ] ps='Diffuse_MapSampler' rank=100 | tex0=3F254550 inst=1
 3060 CONVERT v=1272   p=20     zw=1 zt=1 blend=1 cw=0xf | vs[proj][   ][    ] ps='Diffuse_MapSampler' rank=100 | tex0=3F254550 inst=1
 3061 CONVERT v=1272   p=20     zw=1 zt=1 blend=1 cw=0xf | vs[proj][   ][    ] ps='Diffuse_MapSampler' rank=100 | tex0=3F254550 inst=1
 3062 CONVERT v=1272   p=20     zw=1 zt=1 blend=1 cw=0xf | vs[proj][   ][    ] ps='Diffuse_MapSampler' rank=100 | tex0=3F254550 inst=1
 3063 CONVERT v=1272   p=20     zw=1 zt=1 blend=1 cw=0xf | vs[proj][   ][    ] ps='Diffuse_MapSampler' rank=100 | tex0=3F254550 inst=1
 3064 CONVERT v=1272   p=20     zw=1 zt=1 blend=1 cw=0xf | vs[proj][   ][    ] ps='Diffuse_MapSampler' rank=100 | tex0=3F254550 inst=1
 3065 CONVERT v=1272   p=20     zw=1 zt=1 blend=1 cw=0xf | vs[proj][   ][    ] ps='Diffuse_MapSampler' rank=100 | tex0=3F254550 inst=1
 3066 CONVERT v=1272   p=20     zw=1 zt=1 blend=1 cw=0xf | vs[proj][   ][    ] ps='Diffuse_MapSampler' rank=100 | tex0=3F254550 inst=1
 3067 CONVERT v=1272   p=20     zw=1 zt=1 blend=1 cw=0xf | vs[proj][   ][    ] ps='Diffuse_MapSampler' rank=100 | tex0=3F254550 inst=1
 3068 CONVERT v=1426   p=8      zw=1 zt=1 blend=1 cw=0xf | vs[proj][   ][    ] ps='Diffuse_MapSampler' rank=100 | tex0=3F2542B0 inst=1
 3069 CONVERT v=1426   p=8      zw=1 zt=1 blend=1 cw=0xf | vs[proj][   ][    ] ps='Diffuse_MapSampler' rank=100 | tex0=3F2542B0 inst=1
 3070 CONVERT v=1272   p=8      zw=1 zt=1 blend=1 cw=0xf | vs[proj][   ][    ] ps='Diffuse_MapSampler' rank=100 | tex0=3F2542B0 inst=1
 3071 CONVERT v=1272   p=8      zw=1 zt=1 blend=1 cw=0xf | vs[proj][   ][    ] ps='Diffuse_MapSampler' rank=100 | tex0=3F2542B0 inst=1
 3072 CONVERT v=1272   p=8      zw=1 zt=1 blend=1 cw=0xf | vs[proj][   ][    ] ps='Diffuse_MapSampler' rank=100 | tex0=3F2542B0 inst=1
 3073 CONVERT v=1272   p=8      zw=1 zt=1 blend=1 cw=0xf | vs[proj][   ][    ] ps='Diffuse_MapSampler' rank=100 | tex0=3F2542B0 inst=1
 3074 CONVERT v=1272   p=8      zw=1 zt=1 blend=1 cw=0xf | vs[proj][   ][    ] ps='Diffuse_MapSampler' rank=100 | tex0=3F2542B0 inst=1
 3075 CONVERT v=1272   p=8      zw=1 zt=1 blend=1 cw=0xf | vs[proj][   ][    ] ps='Diffuse_MapSampler' rank=100 | tex0=3F2542B0 inst=1
 3076 CONVERT v=1272   p=8      zw=1 zt=1 blend=1 cw=0xf | vs[proj][   ][    ] ps='Diffuse_MapSampler' rank=100 | tex0=3F2542B0 inst=1
 3077 CONVERT v=1272   p=8      zw=1 zt=1 blend=1 cw=0xf | vs[proj][   ][    ] ps='Diffuse_MapSampler' rank=100 | tex0=3F2542B0 inst=1
 3078 CONVERT v=3236   p=68     zw=1 zt=1 blend=1 cw=0xf | vs[proj][   ][    ] ps='Diffuse_MapSampler' rank=100 | tex0=3F23B570 inst=1
 3079 CONVERT v=336    p=373    zw=1 zt=1 blend=1 cw=0xf | vs[proj][   ][    ] ps='Diffuse_MapSampler' rank=100 | tex0=3F23B570 inst=1
 3080 CONVERT v=99     p=157    zw=1 zt=1 blend=1 cw=0xf | vs[proj][   ][    ] ps='Diffuse_MapSampler' rank=100 | tex0=3F23B570 inst=1
 3081 CONVERT v=43     p=68     zw=1 zt=1 blend=1 cw=0xf | vs[proj][   ][    ] ps='Diffuse_MapSampler' rank=100 | tex0=3F23B570 inst=1
 3082 CONVERT v=3081   p=367    zw=1 zt=1 blend=1 cw=0xf | vs[proj][   ][    ] ps='Diffuse_MapSampler' rank=100 | tex0=3F23B570 inst=1
 3083 CONVERT v=2059   p=115    zw=1 zt=1 blend=1 cw=0xf | vs[proj][   ][    ] ps='Diffuse_MapSampler' rank=100 | tex0=3F23B570 inst=1
 3084 CONVERT v=1948   p=721    zw=1 zt=1 blend=1 cw=0xf | vs[proj][   ][    ] ps='Diffuse_MapSampler' rank=100 | tex0=3F23B570 inst=1
 3085 CONVERT v=2781   p=68     zw=1 zt=1 blend=1 cw=0xf | vs[proj][   ][    ] ps='Diffuse_MapSampler' rank=100 | tex0=3F23B570 inst=1
 3086 CONVERT v=855    p=155    zw=1 zt=1 blend=1 cw=0xf | vs[proj][   ][    ] ps='Diffuse_MapSampler' rank=100 | tex0=3F23B570 inst=1
 3087 CONVERT v=301    p=105    zw=1 zt=1 blend=1 cw=0xf | vs[proj][   ][    ] ps='Decal_MapSampler' rank=100 | tex0=44F056F0 inst=1
 3088 CONVERT v=207    p=89     zw=1 zt=1 blend=1 cw=0xf | vs[proj][   ][    ] ps='Decal_MapSampler' rank=100 | tex0=44F056F0 inst=1
 3089 CONVERT v=17601  p=941    zw=1 zt=1 blend=1 cw=0xf | vs[proj][   ][    ] ps='Diffuse_MapSampler' rank=100 | tex0=44F0B650 inst=1
 3090 CONVERT v=17601  p=145    zw=1 zt=1 blend=1 cw=0xf | vs[proj][   ][    ] ps='Diffuse_MapSampler' rank=100 | tex0=44F0BB90 inst=1
 3091 CONVERT v=3081   p=334    zw=1 zt=1 blend=1 cw=0xf | vs[proj][   ][    ] ps='Diffuse_MapSampler' rank=100 | tex0=44F13450 inst=1
 3092 CONVERT v=1948   p=249    zw=1 zt=1 blend=1 cw=0xf | vs[proj][   ][    ] ps='Diffuse_MapSampler' rank=100 | tex0=44F13450 inst=1
 3093 CONVERT v=3632   p=122    zw=1 zt=1 blend=1 cw=0xf | vs[proj][   ][    ] ps='Diffuse_MapSampler' rank=100 | tex0=44F105F0 inst=1
 3094 CONVERT v=371    p=61     zw=1 zt=1 blend=1 cw=0xf | vs[proj][   ][    ] ps='Diffuse_MapSampler' rank=100 | tex0=44F05610 inst=1
 3095 CONVERT v=564    p=25     zw=1 zt=1 blend=1 cw=0xf | vs[proj][   ][    ] ps='Diffuse_MapSampler' rank=100 | tex0=44F05610 inst=1
 3096 CONVERT v=405    p=126    zw=1 zt=1 blend=1 cw=0xf | vs[proj][   ][    ] ps='Diffuse_MapSampler' rank=100 | tex0=44F05610 inst=1
 3097 CONVERT v=1879   p=119    zw=1 zt=1 blend=1 cw=0xf | vs[proj][   ][    ] ps='Diffuse_MapSampler' rank=100 | tex0=44F05610 inst=1
 3098 CONVERT v=538    p=343    zw=1 zt=1 blend=1 cw=0xf | vs[proj][   ][    ] ps='Diffuse_MapSampler' rank=100 | tex0=44F05610 inst=1
 3099 CONVERT v=2750   p=269    zw=1 zt=1 blend=1 cw=0xf | vs[proj][   ][    ] ps='Diffuse_MapSampler' rank=100 | tex0=44F05610 inst=1
 3100 CONVERT v=1907   p=7      zw=1 zt=1 blend=1 cw=0xf | vs[proj][   ][    ] ps='Diffuse_MapSampler' rank=100 | tex0=44F05610 inst=1
 3101 CONVERT v=1135   p=191    zw=1 zt=1 blend=1 cw=0xf | vs[proj][   ][    ] ps='Diffuse_MapSampler' rank=100 | tex0=44F05610 inst=1
 3102 CONVERT v=480    p=26     zw=1 zt=1 blend=1 cw=0xf | vs[proj][   ][    ] ps='Diffuse_MapSampler' rank=100 | tex0=44F11A10 inst=1
 3103 CONVERT v=480    p=284    zw=1 zt=1 blend=1 cw=0xf | vs[proj][   ][    ] ps='Diffuse_MapSampler' rank=100 | tex0=44F13A70 inst=1
 3104 CONVERT v=496    p=25     zw=1 zt=1 blend=1 cw=0xf | vs[proj][   ][    ] ps='Diffuse_MapSampler' rank=100 | tex0=44F0B9D0 inst=1
 3105 CONVERT v=480    p=25     zw=1 zt=1 blend=1 cw=0xf | vs[proj][   ][    ] ps='Diffuse_MapSampler' rank=100 | tex0=44F0B9D0 inst=1
 3106 CONVERT v=496    p=37     zw=1 zt=1 blend=1 cw=0xf | vs[proj][   ][    ] ps='Diffuse_MapSampler' rank=100 | tex0=44F0FEF0 inst=1
 3107 CONVERT v=496    p=269    zw=1 zt=1 blend=1 cw=0xf | vs[proj][   ][    ] ps='Diffuse_MapSampler' rank=100 | tex0=44F0FEF0 inst=1
 3108 CONVERT v=496    p=8      zw=1 zt=1 blend=1 cw=0xf | vs[proj][   ][    ] ps='Diffuse_MapSampler' rank=100 | tex0=44F0FEF0 inst=1
 3109 CONVERT v=480    p=37     zw=1 zt=1 blend=1 cw=0xf | vs[proj][   ][    ] ps='Diffuse_MapSampler' rank=100 | tex0=44F0FEF0 inst=1
 3110 CONVERT v=480    p=269    zw=1 zt=1 blend=1 cw=0xf | vs[proj][   ][    ] ps='Diffuse_MapSampler' rank=100 | tex0=44F0FEF0 inst=1
 3111 CONVERT v=480    p=8      zw=1 zt=1 blend=1 cw=0xf | vs[proj][   ][    ] ps='Diffuse_MapSampler' rank=100 | tex0=44F0FEF0 inst=1
 3112 CONVERT v=6471   p=1293   zw=1 zt=1 blend=1 cw=0xf | vs[proj][   ][    ] ps='Diffuse_MapSampler' rank=100 | tex0=44F0FFD0 inst=1
 3113 CONVERT v=1486   p=8      zw=1 zt=1 blend=1 cw=0xf | vs[proj][   ][    ] ps='Diffuse_MapSampler' rank=100 | tex0=44F0FFD0 inst=1
 3114 CONVERT v=3632   p=341    zw=1 zt=1 blend=1 cw=0xf | vs[proj][   ][    ] ps='Diffuse_MapSampler' rank=100 | tex0=44F16E10 inst=1
 3115 CONVERT v=3632   p=428    zw=1 zt=1 blend=1 cw=0xf | vs[proj][   ][    ] ps='Diffuse_MapSampler' rank=100 | tex0=44F16D30 inst=1
 3116 CONVERT v=1486   p=1728   zw=1 zt=1 blend=1 cw=0xf | vs[proj][   ][    ] ps='Diffuse_MapSampler' rank=100 | tex0=44F16D30 inst=1
 3117 CONVERT v=776    p=207    zw=1 zt=1 blend=1 cw=0xf | vs[proj][   ][    ] ps='Diffuse_MapSampler' rank=100 | tex0=44F16D30 inst=1
 3118 CONVERT v=1426   p=143    zw=1 zt=1 blend=1 cw=0xf | vs[proj][   ][    ] ps='Diffuse_MapSampler' rank=100 | tex0=3F255350 inst=1
 3119 CONVERT v=1426   p=143    zw=1 zt=1 blend=1 cw=0xf | vs[proj][   ][    ] ps='Diffuse_MapSampler' rank=100 | tex0=3F255350 inst=1
 3120 CONVERT v=1272   p=65     zw=1 zt=1 blend=1 cw=0xf | vs[proj][   ][    ] ps='Diffuse_MapSampler' rank=100 | tex0=3F255350 inst=1
 3121 CONVERT v=1272   p=65     zw=1 zt=1 blend=1 cw=0xf | vs[proj][   ][    ] ps='Diffuse_MapSampler' rank=100 | tex0=3F255350 inst=1
 3122 CONVERT v=1272   p=65     zw=1 zt=1 blend=1 cw=0xf | vs[proj][   ][    ] ps='Diffuse_MapSampler' rank=100 | tex0=3F255350 inst=1
 3123 CONVERT v=1272   p=65     zw=1 zt=1 blend=1 cw=0xf | vs[proj][   ][    ] ps='Diffuse_MapSampler' rank=100 | tex0=3F255350 inst=1
 3124 CONVERT v=1272   p=65     zw=1 zt=1 blend=1 cw=0xf | vs[proj][   ][    ] ps='Diffuse_MapSampler' rank=100 | tex0=3F255350 inst=1
 3125 CONVERT v=1272   p=65     zw=1 zt=1 blend=1 cw=0xf | vs[proj][   ][    ] ps='Diffuse_MapSampler' rank=100 | tex0=3F255350 inst=1
 3126 CONVERT v=1272   p=65     zw=1 zt=1 blend=1 cw=0xf | vs[proj][   ][    ] ps='Diffuse_MapSampler' rank=100 | tex0=3F255350 inst=1
 3127 CONVERT v=1272   p=65     zw=1 zt=1 blend=1 cw=0xf | vs[proj][   ][    ] ps='Diffuse_MapSampler' rank=100 | tex0=3F255350 inst=1
 3128 CONVERT v=1432   p=43     zw=1 zt=1 blend=1 cw=0xf | vs[proj][   ][    ] ps='Diffuse_MapSampler' rank=100 | tex0=3F255350 inst=1
 3129 CONVERT v=3662   p=33     zw=1 zt=1 blend=1 cw=0xf | vs[proj][   ][    ] ps='Diffuse_MapSampler' rank=100 | tex0=3F255350 inst=1
 3130 CONVERT v=1552   p=43     zw=1 zt=1 blend=1 cw=0xf | vs[proj][   ][    ] ps='Diffuse_MapSampler' rank=100 | tex0=3F255350 inst=1
 3131 CONVERT v=3060   p=20     zw=1 zt=1 blend=1 cw=0xf | vs[proj][   ][    ] ps='Diffuse_MapSampler' rank=100 | tex0=3F255350 inst=1
 3132 CONVERT v=829    p=251    zw=1 zt=1 blend=1 cw=0xf | vs[proj][   ][    ] ps='Diffuse_MapSampler' rank=100 | tex0=3F255350 inst=1
 3133 CONVERT v=496    p=20     zw=1 zt=1 blend=1 cw=0xf | vs[proj][   ][    ] ps='Decal_MapSampler' rank=100 | tex0=3F2381D0 inst=1
 3134 CONVERT v=4      p=2      zw=1 zt=1 blend=1 cw=0xf | vs[proj][   ][    ] ps='Diffuse_MapSampler' rank=100 | tex0=3F2548D0 inst=1
 3135 CONVERT v=3506   p=524    zw=1 zt=1 blend=1 cw=0xf | vs[proj][   ][    ] ps='Diffuse_MapSampler' rank=100 | tex0=44F097B0 inst=1
 3136 CONVERT v=2488   p=20     zw=1 zt=1 blend=1 cw=0xf | vs[proj][   ][    ] ps='Diffuse_MapSampler' rank=100 | tex0=44F097B0 inst=1
 3137 CONVERT v=3632   p=263    zw=1 zt=1 blend=1 cw=0xf | vs[proj][   ][    ] ps='Diffuse_MapSampler' rank=100 | tex0=44F09350 inst=1
 3138 CONVERT v=3676   p=86     zw=1 zt=1 blend=1 cw=0xf | vs[proj][   ][    ] ps='Diffuse_MapSampler' rank=100 | tex0=44F11BD0 inst=1
 3139 CONVERT v=551    p=44     zw=1 zt=1 blend=1 cw=0xf | vs[proj][   ][    ] ps='Diffuse_MapSampler' rank=100 | tex0=44F11BD0 inst=1
 3140 CONVERT v=1731   p=308    zw=1 zt=1 blend=1 cw=0xf | vs[proj][   ][    ] ps='Diffuse_MapSampler' rank=100 | tex0=44F11BD0 inst=1
 3141 CONVERT v=2115   p=162    zw=1 zt=1 blend=1 cw=0xf | vs[proj][   ][    ] ps='Diffuse_MapSampler' rank=100 | tex0=44F0DA30 inst=1
 3142 CONVERT v=2115   p=62     zw=1 zt=1 blend=1 cw=0xf | vs[proj][   ][    ] ps='Diffuse_MapSampler' rank=100 | tex0=44F10510 inst=1
 3143 CONVERT v=3632   p=929    zw=1 zt=1 blend=1 cw=0xf | vs[proj][   ][    ] ps='Diffuse_MapSampler' rank=100 | tex0=44F18070 inst=1
 3144 CONVERT v=23     p=14     zw=1 zt=1 blend=1 cw=0xf | vs[proj][   ][    ] ps='Diffuse_MapSampler' rank=100 | tex0=3F2548D0 inst=1
 3145 CONVERT v=23     p=20     zw=1 zt=1 blend=1 cw=0xf | vs[proj][   ][    ] ps='Diffuse_MapSampler' rank=100 | tex0=3F2548D0 inst=1
 3146 CONVERT v=23     p=41     zw=1 zt=1 blend=1 cw=0xf | vs[proj][   ][    ] ps='Diffuse_MapSampler' rank=100 | tex0=3F2548D0 inst=1
 3147 CONVERT v=138    p=232    zw=1 zt=1 blend=1 cw=0xf | vs[proj][   ][    ] ps='Diffuse_MapSampler' rank=100 | tex0=3F2397B0 inst=1
 3148 CONVERT v=138    p=232    zw=1 zt=1 blend=1 cw=0xf | vs[proj][   ][    ] ps='Diffuse_MapSampler' rank=100 | tex0=3F2397B0 inst=1
 3149 CONVERT v=3632   p=236    zw=1 zt=1 blend=1 cw=0xf | vs[proj][   ][    ] ps='Diffuse_MapSampler' rank=100 | tex0=44F18150 inst=1
 3150 CONVERT v=3506   p=1161   zw=1 zt=1 blend=1 cw=0xf | vs[proj][   ][    ] ps='Diffuse_MapSampler' rank=100 | tex0=44F18150 inst=1
 3151 CONVERT v=2488   p=525    zw=1 zt=1 blend=1 cw=0xf | vs[proj][   ][    ] ps='Diffuse_MapSampler' rank=100 | tex0=44F18150 inst=1
 3152 CONVERT v=1267   p=833    zw=1 zt=1 blend=1 cw=0xf | vs[proj][   ][    ] ps='Diffuse_MapSampler' rank=100 | tex0=44F18150 inst=1
 3153 CONVERT v=1209   p=743    zw=1 zt=1 blend=1 cw=0xf | vs[proj][   ][    ] ps='Diffuse_MapSampler' rank=100 | tex0=44F18150 inst=1
 3154 CONVERT v=4252   p=8      zw=1 zt=1 blend=1 cw=0xf | vs[proj][   ][    ] ps='Diffuse_MapSampler' rank=100 | tex0=44F11A10 inst=1
 3155 CONVERT v=8      p=8      zw=1 zt=1 blend=1 cw=0xf | vs[proj][   ][    ] ps='Decal_MapSampler' rank=100 | tex0=44F0F8D0 inst=1
 3156 CONVERT v=8      p=8      zw=1 zt=1 blend=1 cw=0xf | vs[proj][   ][    ] ps='Decal_MapSampler' rank=100 | tex0=44F0F8D0 inst=1
 3157 CONVERT v=8      p=8      zw=1 zt=1 blend=1 cw=0xf | vs[proj][   ][    ] ps='Decal_MapSampler' rank=100 | tex0=44F0F8D0 inst=1
 3158 CONVERT v=148    p=44     zw=1 zt=1 blend=1 cw=0xf | vs[proj][   ][    ] ps='Decal_MapSampler' rank=100 | tex0=44F0F8D0 inst=1
 3159 CONVERT v=84     p=56     zw=1 zt=1 blend=1 cw=0xf | vs[proj][   ][    ] ps='Decal_MapSampler' rank=100 | tex0=44F0F8D0 inst=1
 3160 CONVERT v=12     p=8      zw=1 zt=1 blend=1 cw=0xf | vs[proj][   ][    ] ps='Decal_MapSampler' rank=100 | tex0=44F0F8D0 inst=1
 3161 CONVERT v=2115   p=200    zw=1 zt=1 blend=1 cw=0xf | vs[proj][   ][    ] ps='Diffuse_MapSampler' rank=100 | tex0=44F10890 inst=1
 3162 CONVERT v=84     p=56     zw=1 zt=1 blend=1 cw=0xf | vs[proj][   ][    ] ps='Decal_MapSampler' rank=100 | tex0=44F10270 inst=1
 3163 CONVERT v=486    p=176    zw=1 zt=1 blend=1 cw=0xf | vs[proj][   ][    ] ps='Diffuse_MapSampler' rank=100 | tex0=44F11CB0 inst=1
 3164 CONVERT v=1553   p=434    zw=1 zt=1 blend=1 cw=0xf | vs[proj][   ][    ] ps='Diffuse_MapSampler' rank=100 | tex0=44F11CB0 inst=1
 3165 CONVERT v=551    p=656    zw=1 zt=1 blend=1 cw=0xf | vs[proj][   ][    ] ps='Diffuse_MapSampler' rank=100 | tex0=44F11CB0 inst=1
 3166 CONVERT v=2279   p=2258   zw=1 zt=1 blend=1 cw=0xf | vs[proj][   ][    ] ps='Diffuse_MapSampler' rank=100 | tex0=44F11CB0 inst=1
 3167 CONVERT v=1731   p=716    zw=1 zt=1 blend=1 cw=0xf | vs[proj][   ][    ] ps='Diffuse_MapSampler' rank=100 | tex0=44F11CB0 inst=1
 3168 CONVERT v=958    p=368    zw=1 zt=1 blend=1 cw=0xf | vs[proj][   ][    ] ps='Diffuse_MapSampler' rank=100 | tex0=44F11CB0 inst=1
 3169 CONVERT v=776    p=95     zw=1 zt=1 blend=1 cw=0xf | vs[proj][   ][    ] ps='Diffuse_MapSampler' rank=100 | tex0=44F185B0 inst=1
 3170 CONVERT v=270    p=116    zw=1 zt=1 blend=1 cw=0xf | vs[proj][   ][    ] ps='Diffuse_MapSampler' rank=100 | tex0=44F15750 inst=1
 3171 CONVERT v=130    p=37     zw=1 zt=1 blend=1 cw=0xf | vs[proj][   ][    ] ps='Diffuse_MapSampler' rank=100 | tex0=44F136F0 inst=1
 3172 CONVERT v=411    p=746    zw=1 zt=1 blend=1 cw=0xf | vs[proj][   ][    ] ps='Decal_MapSampler' rank=100 | tex0=44F15D70 inst=1
 3173 CONVERT v=130    p=205    zw=1 zt=1 blend=1 cw=0xf | vs[proj][   ][    ] ps='Diffuse_MapSampler' rank=100 | tex0=44F16630 inst=1
 3174 CONVERT v=3195   p=8      zw=1 zt=1 blend=1 cw=0xf | vs[proj][   ][    ] ps='Diffuse_MapSampler' rank=100 | tex0=3F255EB0 inst=1
 3175 CONVERT v=3236   p=26     zw=1 zt=1 blend=1 cw=0xf | vs[proj][   ][    ] ps='Diffuse_MapSampler' rank=100 | tex0=3F255EB0 inst=1
 3176 CONVERT v=1333   p=8      zw=1 zt=1 blend=1 cw=0xf | vs[proj][   ][    ] ps='Diffuse_MapSampler' rank=100 | tex0=3F255EB0 inst=1
 3177 CONVERT v=1553   p=32     zw=1 zt=1 blend=1 cw=0xf | vs[proj][   ][    ] ps='Diffuse_MapSampler' rank=100 | tex0=3F255EB0 inst=1
 3178 CONVERT v=16     p=20     zw=1 zt=1 blend=1 cw=0xf | vs[proj][   ][    ] ps='Diffuse_MapSampler' rank=100 | tex0=3F255EB0 inst=1
 3179 CONVERT v=8      p=8      zw=1 zt=1 blend=1 cw=0xf | vs[proj][   ][    ] ps='Diffuse_MapSampler' rank=100 | tex0=3F255EB0 inst=1
 3180 CONVERT v=1158   p=56     zw=1 zt=1 blend=1 cw=0xf | vs[proj][   ][    ] ps='Diffuse_MapSampler' rank=100 | tex0=3F255EB0 inst=1
 3181 CONVERT v=8      p=8      zw=1 zt=1 blend=1 cw=0xf | vs[proj][   ][    ] ps='Diffuse_MapSampler' rank=100 | tex0=3F255EB0 inst=1
 3182 CONVERT v=57     p=20     zw=1 zt=1 blend=1 cw=0xf | vs[proj][   ][    ] ps='Diffuse_MapSampler' rank=100 | tex0=3F255EB0 inst=1
 3183 CONVERT v=85     p=44     zw=1 zt=1 blend=1 cw=0xf | vs[proj][   ][    ] ps='Diffuse_MapSampler' rank=100 | tex0=3F255EB0 inst=1
 3184 CONVERT v=888    p=20     zw=1 zt=1 blend=1 cw=0xf | vs[proj][   ][    ] ps='Diffuse_MapSampler' rank=100 | tex0=3F255EB0 inst=1
 3185 CONVERT v=8      p=8      zw=1 zt=1 blend=1 cw=0xf | vs[proj][   ][    ] ps='Diffuse_MapSampler' rank=100 | tex0=3F255EB0 inst=1
 3186 CONVERT v=1534   p=68     zw=1 zt=1 blend=1 cw=0xf | vs[proj][   ][    ] ps='Diffuse_MapSampler' rank=100 | tex0=3F255EB0 inst=1
 3187 CONVERT v=642    p=56     zw=1 zt=1 blend=1 cw=0xf | vs[proj][   ][    ] ps='Diffuse_MapSampler' rank=100 | tex0=3F255EB0 inst=1
 3188 CONVERT v=540    p=248    zw=1 zt=1 blend=1 cw=0xf | vs[proj][   ][    ] ps='Diffuse_MapSampler' rank=100 | tex0=3F2389B0 inst=1
 3189 CONVERT v=540    p=308    zw=1 zt=1 blend=1 cw=0xf | vs[proj][   ][    ] ps='Diffuse_MapSampler' rank=100 | tex0=3F2389B0 inst=1
 3190 CONVERT v=540    p=254    zw=1 zt=1 blend=1 cw=0xf | vs[proj][   ][    ] ps='Diffuse_MapSampler' rank=100 | tex0=3F2389B0 inst=1
 3191 CONVERT v=279    p=164    zw=1 zt=1 blend=1 cw=0xf | vs[proj][   ][    ] ps='Diffuse_MapSampler' rank=100 | tex0=3F2389B0 inst=1
 3192 CONVERT v=279    p=152    zw=1 zt=1 blend=1 cw=0xf | vs[proj][   ][    ] ps='Diffuse_MapSampler' rank=100 | tex0=3F2389B0 inst=1
 3193 CONVERT v=279    p=104    zw=1 zt=1 blend=1 cw=0xf | vs[proj][   ][    ] ps='Diffuse_MapSampler' rank=100 | tex0=3F2389B0 inst=1
 3194 CONVERT v=279    p=164    zw=1 zt=1 blend=1 cw=0xf | vs[proj][   ][    ] ps='Diffuse_MapSampler' rank=100 | tex0=3F2389B0 inst=1
 3195 CONVERT v=279    p=152    zw=1 zt=1 blend=1 cw=0xf | vs[proj][   ][    ] ps='Diffuse_MapSampler' rank=100 | tex0=3F2389B0 inst=1
 3196 CONVERT v=279    p=104    zw=1 zt=1 blend=1 cw=0xf | vs[proj][   ][    ] ps='Diffuse_MapSampler' rank=100 | tex0=3F2389B0 inst=1
 3197 CONVERT v=279    p=164    zw=1 zt=1 blend=1 cw=0xf | vs[proj][   ][    ] ps='Diffuse_MapSampler' rank=100 | tex0=3F2389B0 inst=1
 3198 CONVERT v=279    p=152    zw=1 zt=1 blend=1 cw=0xf | vs[proj][   ][    ] ps='Diffuse_MapSampler' rank=100 | tex0=3F2389B0 inst=1
 3199 CONVERT v=279    p=104    zw=1 zt=1 blend=1 cw=0xf | vs[proj][   ][    ] ps='Diffuse_MapSampler' rank=100 | tex0=3F2389B0 inst=1
 3200 CONVERT v=279    p=164    zw=1 zt=1 blend=1 cw=0xf | vs[proj][   ][    ] ps='Diffuse_MapSampler' rank=100 | tex0=3F2389B0 inst=1
 3201 CONVERT v=279    p=152    zw=1 zt=1 blend=1 cw=0xf | vs[proj][   ][    ] ps='Diffuse_MapSampler' rank=100 | tex0=3F2389B0 inst=1
 3202 CONVERT v=279    p=104    zw=1 zt=1 blend=1 cw=0xf | vs[proj][   ][    ] ps='Diffuse_MapSampler' rank=100 | tex0=3F2389B0 inst=1
 3203 CONVERT v=161    p=110    zw=1 zt=1 blend=1 cw=0xf | vs[proj][   ][    ] ps='Diffuse_MapSampler' rank=100 | tex0=3F2389B0 inst=1
 3204 CONVERT v=161    p=86     zw=1 zt=1 blend=1 cw=0xf | vs[proj][   ][    ] ps='Diffuse_MapSampler' rank=100 | tex0=3F2389B0 inst=1
 3205 CONVERT v=161    p=38     zw=1 zt=1 blend=1 cw=0xf | vs[proj][   ][    ] ps='Diffuse_MapSampler' rank=100 | tex0=3F2389B0 inst=1
 3206 CONVERT v=161    p=110    zw=1 zt=1 blend=1 cw=0xf | vs[proj][   ][    ] ps='Diffuse_MapSampler' rank=100 | tex0=3F2389B0 inst=1
 3207 CONVERT v=161    p=86     zw=1 zt=1 blend=1 cw=0xf | vs[proj][   ][    ] ps='Diffuse_MapSampler' rank=100 | tex0=3F2389B0 inst=1
 3208 CONVERT v=161    p=38     zw=1 zt=1 blend=1 cw=0xf | vs[proj][   ][    ] ps='Diffuse_MapSampler' rank=100 | tex0=3F2389B0 inst=1
 3209 CONVERT v=161    p=110    zw=1 zt=1 blend=1 cw=0xf | vs[proj][   ][    ] ps='Diffuse_MapSampler' rank=100 | tex0=3F2389B0 inst=1
 3210 CONVERT v=161    p=86     zw=1 zt=1 blend=1 cw=0xf | vs[proj][   ][    ] ps='Diffuse_MapSampler' rank=100 | tex0=3F2389B0 inst=1
 3211 CONVERT v=161    p=38     zw=1 zt=1 blend=1 cw=0xf | vs[proj][   ][    ] ps='Diffuse_MapSampler' rank=100 | tex0=3F2389B0 inst=1
 3212 CONVERT v=161    p=110    zw=1 zt=1 blend=1 cw=0xf | vs[proj][   ][    ] ps='Diffuse_MapSampler' rank=100 | tex0=3F2389B0 inst=1
 3213 CONVERT v=161    p=86     zw=1 zt=1 blend=1 cw=0xf | vs[proj][   ][    ] ps='Diffuse_MapSampler' rank=100 | tex0=3F2389B0 inst=1
 3214 CONVERT v=161    p=38     zw=1 zt=1 blend=1 cw=0xf | vs[proj][   ][    ] ps='Diffuse_MapSampler' rank=100 | tex0=3F2389B0 inst=1
 3215 CONVERT v=161    p=110    zw=1 zt=1 blend=1 cw=0xf | vs[proj][   ][    ] ps='Diffuse_MapSampler' rank=100 | tex0=3F2389B0 inst=1
 3216 CONVERT v=161    p=86     zw=1 zt=1 blend=1 cw=0xf | vs[proj][   ][    ] ps='Diffuse_MapSampler' rank=100 | tex0=3F2389B0 inst=1
 3217 CONVERT v=161    p=38     zw=1 zt=1 blend=1 cw=0xf | vs[proj][   ][    ] ps='Diffuse_MapSampler' rank=100 | tex0=3F2389B0 inst=1
 3218 CONVERT v=1833   p=123    zw=1 zt=1 blend=1 cw=0xf | vs[proj][   ][    ] ps='Diffuse_MapSampler' rank=100 | tex0=3F23C990 inst=1
 3219 CONVERT v=850    p=165    zw=1 zt=1 blend=1 cw=0xf | vs[proj][   ][    ] ps='Diffuse_MapSampler' rank=100 | tex0=3F23C990 inst=1
 3220 CONVERT v=420    p=19     zw=1 zt=1 blend=1 cw=0xf | vs[proj][   ][    ] ps='Diffuse_MapSampler' rank=100 | tex0=3F23C990 inst=1
 3221 CONVERT v=708    p=67     zw=1 zt=1 blend=1 cw=0xf | vs[proj][   ][    ] ps='Diffuse_MapSampler' rank=100 | tex0=3F23C990 inst=1
 3222 CONVERT v=778    p=491    zw=1 zt=1 blend=1 cw=0xf | vs[proj][   ][    ] ps='Diffuse_MapSampler' rank=100 | tex0=3F23C990 inst=1
 3223 CONVERT v=486    p=203    zw=1 zt=1 blend=1 cw=0xf | vs[proj][   ][    ] ps='Diffuse_MapSampler' rank=100 | tex0=3F23C990 inst=1
 3224 CONVERT v=1368   p=183    zw=1 zt=1 blend=1 cw=0xf | vs[proj][   ][    ] ps='Diffuse_MapSampler' rank=100 | tex0=3F23C990 inst=1
 3225 CONVERT v=3676   p=227    zw=1 zt=1 blend=1 cw=0xf | vs[proj][   ][    ] ps='Diffuse_MapSampler' rank=100 | tex0=3F23C990 inst=1
 3226 CONVERT v=2614   p=85     zw=1 zt=1 blend=1 cw=0xf | vs[proj][   ][    ] ps='Diffuse_MapSampler' rank=100 | tex0=3F23C990 inst=1
 3227 CONVERT v=1879   p=19     zw=1 zt=1 blend=1 cw=0xf | vs[proj][   ][    ] ps='Diffuse_MapSampler' rank=100 | tex0=3F23C990 inst=1
 3228 CONVERT v=8627   p=137    zw=1 zt=1 blend=1 cw=0xf | vs[proj][   ][    ] ps='Diffuse_MapSampler' rank=100 | tex0=3F23C990 inst=1
 3229 CONVERT v=2028   p=193    zw=1 zt=1 blend=1 cw=0xf | vs[proj][   ][    ] ps='Diffuse_MapSampler' rank=100 | tex0=3F23C990 inst=1
 3230 CONVERT v=2794   p=14     zw=1 zt=1 blend=1 cw=0xf | vs[proj][   ][    ] ps='Diffuse_MapSampler' rank=100 | tex0=3F23C990 inst=1
 3231 CONVERT v=2391   p=320    zw=1 zt=1 blend=1 cw=0xf | vs[proj][   ][    ] ps='Diffuse_MapSampler' rank=100 | tex0=3F23C990 inst=1
 3232 CONVERT v=418    p=20     zw=1 zt=1 blend=1 cw=0xf | vs[proj][   ][    ] ps='Diffuse_MapSampler' rank=100 | tex0=3F23C990 inst=1
 3233 CONVERT v=56     p=83     zw=1 zt=1 blend=1 cw=0xf | vs[proj][   ][    ] ps='Diffuse_MapSampler' rank=100 | tex0=3F23C990 inst=1
 3234 CONVERT v=2608   p=87     zw=1 zt=1 blend=1 cw=0xf | vs[proj][   ][    ] ps='Diffuse_MapSampler' rank=100 | tex0=3F23C990 inst=1
 3235 CONVERT v=1135   p=31     zw=1 zt=1 blend=1 cw=0xf | vs[proj][   ][    ] ps='Diffuse_MapSampler' rank=100 | tex0=3F23C990 inst=1
 3236 CONVERT v=371    p=125    zw=1 zt=1 blend=1 cw=0xf | vs[proj][   ][    ] ps='Diffuse_MapSampler' rank=100 | tex0=3F23D410 inst=1
 3237 CONVERT v=2595   p=532    zw=1 zt=1 blend=1 cw=0xf | vs[proj][   ][    ] ps='Diffuse_MapSampler' rank=100 | tex0=3F23D410 inst=1
 3238 CONVERT v=564    p=140    zw=1 zt=1 blend=1 cw=0xf | vs[proj][   ][    ] ps='Diffuse_MapSampler' rank=100 | tex0=3F23D410 inst=1
 3239 CONVERT v=1421   p=113    zw=1 zt=1 blend=1 cw=0xf | vs[proj][   ][    ] ps='Diffuse_MapSampler' rank=100 | tex0=3F23D410 inst=1
 3240 CONVERT v=1879   p=59     zw=1 zt=1 blend=1 cw=0xf | vs[proj][   ][    ] ps='Diffuse_MapSampler' rank=100 | tex0=3F23D410 inst=1
 3241 CONVERT v=1589   p=7      zw=1 zt=1 blend=1 cw=0xf | vs[proj][   ][    ] ps='Diffuse_MapSampler' rank=100 | tex0=3F23D410 inst=1
 3242 CONVERT v=2750   p=92     zw=1 zt=1 blend=1 cw=0xf | vs[proj][   ][    ] ps='Diffuse_MapSampler' rank=100 | tex0=3F23D410 inst=1
 3243 CONVERT v=3014   p=253    zw=1 zt=1 blend=1 cw=0xf | vs[proj][   ][    ] ps='Diffuse_MapSampler' rank=100 | tex0=3F23D410 inst=1
 3244 CONVERT v=3348   p=155    zw=1 zt=1 blend=1 cw=0xf | vs[proj][   ][    ] ps='Diffuse_MapSampler' rank=100 | tex0=3F23D410 inst=1
 3245 CONVERT v=1907   p=347    zw=1 zt=1 blend=1 cw=0xf | vs[proj][   ][    ] ps='Diffuse_MapSampler' rank=100 | tex0=3F23D410 inst=1
 3246 CONVERT v=1135   p=115    zw=1 zt=1 blend=1 cw=0xf | vs[proj][   ][    ] ps='Diffuse_MapSampler' rank=100 | tex0=3F23D410 inst=1
 3247 CONVERT v=405    p=170    zw=1 zt=1 blend=1 cw=0xf | vs[proj][   ][    ] ps='Diffuse_MapSampler' rank=100 | tex0=44F05530 inst=1
 3248 CONVERT v=1907   p=19     zw=1 zt=1 blend=1 cw=0xf | vs[proj][   ][    ] ps='Diffuse_MapSampler' rank=100 | tex0=44F05530 inst=1
 3249 CONVERT v=519    p=1      zw=1 zt=1 blend=1 cw=0xf | vs[proj][   ][    ] ps='Diffuse_MapSampler' rank=100 | tex0=44F12B90 inst=1
 3250 CONVERT v=3515   p=25     zw=1 zt=1 blend=1 cw=0xf | vs[proj][   ][    ] ps='Diffuse_MapSampler' rank=100 | tex0=44F12B90 inst=1
 3251 CONVERT v=3236   p=13     zw=1 zt=1 blend=1 cw=0xf | vs[proj][   ][    ] ps='Diffuse_MapSampler' rank=100 | tex0=44F12B90 inst=1
 3252 CONVERT v=1361   p=13     zw=1 zt=1 blend=1 cw=0xf | vs[proj][   ][    ] ps='Diffuse_MapSampler' rank=100 | tex0=44F12B90 inst=1
 3253 CONVERT v=3662   p=31     zw=1 zt=1 blend=1 cw=0xf | vs[proj][   ][    ] ps='Diffuse_MapSampler' rank=100 | tex0=44F12B90 inst=1
 3254 CONVERT v=850    p=7      zw=1 zt=1 blend=1 cw=0xf | vs[proj][   ][    ] ps='Diffuse_MapSampler' rank=100 | tex0=44F12B90 inst=1
 3255 CONVERT v=1429   p=7      zw=1 zt=1 blend=1 cw=0xf | vs[proj][   ][    ] ps='Diffuse_MapSampler' rank=100 | tex0=44F12B90 inst=1
 3256 CONVERT v=1190   p=55     zw=1 zt=1 blend=1 cw=0xf | vs[proj][   ][    ] ps='Diffuse_MapSampler' rank=100 | tex0=44F12B90 inst=1
 3257 CONVERT v=486    p=68     zw=1 zt=1 blend=1 cw=0xf | vs[proj][   ][    ] ps='Diffuse_MapSampler' rank=100 | tex0=44F12B90 inst=1
 3258 CONVERT v=1553   p=31     zw=1 zt=1 blend=1 cw=0xf | vs[proj][   ][    ] ps='Diffuse_MapSampler' rank=100 | tex0=44F12B90 inst=1
 3259 CONVERT v=1553   p=1394   zw=1 zt=1 blend=1 cw=0xf | vs[proj][   ][    ] ps='Diffuse_MapSampler' rank=100 | tex0=44F12B90 inst=1
 3260 CONVERT v=3676   p=1016   zw=1 zt=1 blend=1 cw=0xf | vs[proj][   ][    ] ps='Diffuse_MapSampler' rank=100 | tex0=44F12B90 inst=1
 3261 CONVERT v=2608   p=524    zw=1 zt=1 blend=1 cw=0xf | vs[proj][   ][    ] ps='Diffuse_MapSampler' rank=100 | tex0=44F12B90 inst=1
 3262 CONVERT v=1731   p=452    zw=1 zt=1 blend=1 cw=0xf | vs[proj][   ][    ] ps='Diffuse_MapSampler' rank=100 | tex0=44F12B90 inst=1
 3263 CONVERT v=1731   p=740    zw=1 zt=1 blend=1 cw=0xf | vs[proj][   ][    ] ps='Diffuse_MapSampler' rank=100 | tex0=44F12B90 inst=1
 3264 CONVERT v=2115   p=327    zw=1 zt=1 blend=1 cw=0xf | vs[proj][   ][    ] ps='Diffuse_MapSampler' rank=100 | tex0=44F107B0 inst=1
 3265 CONVERT v=1421   p=31     zw=1 zt=1 blend=1 cw=0xf | vs[proj][   ][    ] ps='Diffuse_MapSampler' rank=100 | tex0=44F0C530 inst=1
 3266 CONVERT v=1589   p=25     zw=1 zt=1 blend=1 cw=0xf | vs[proj][   ][    ] ps='Diffuse_MapSampler' rank=100 | tex0=44F0C530 inst=1
 3267 CONVERT v=2750   p=80     zw=1 zt=1 blend=1 cw=0xf | vs[proj][   ][    ] ps='Diffuse_MapSampler' rank=100 | tex0=44F0C530 inst=1
 3268 CONVERT v=3014   p=87     zw=1 zt=1 blend=1 cw=0xf | vs[proj][   ][    ] ps='Diffuse_MapSampler' rank=100 | tex0=44F0C530 inst=1
 3269 CONVERT v=3348   p=164    zw=1 zt=1 blend=1 cw=0xf | vs[proj][   ][    ] ps='Diffuse_MapSampler' rank=100 | tex0=44F0C530 inst=1
 3270 CONVERT v=1907   p=75     zw=1 zt=1 blend=1 cw=0xf | vs[proj][   ][    ] ps='Diffuse_MapSampler' rank=100 | tex0=44F0C530 inst=1
 3271 CONVERT v=1486   p=225    zw=1 zt=1 blend=1 cw=0xf | vs[proj][   ][    ] ps='Diffuse_MapSampler' rank=100 | tex0=44F11310 inst=1
 3272 CONVERT v=1436   p=291    zw=1 zt=1 blend=1 cw=0xf | vs[proj][   ][    ] ps='Diffuse_MapSampler' rank=100 | tex0=44F0FB70 inst=1
 3273 CONVERT v=17601  p=1447   zw=1 zt=1 blend=1 cw=0xf | vs[proj][   ][    ] ps='Diffuse_MapSampler' rank=100 | tex0=44F0D6B0 inst=1
 3274 CONVERT v=17601  p=183    zw=1 zt=1 blend=1 cw=0xf | vs[proj][   ][    ] ps='Diffuse_MapSampler' rank=100 | tex0=44F0D6B0 inst=1
 3275 CONVERT v=17601  p=140    zw=1 zt=1 blend=1 cw=0xf | vs[proj][   ][    ] ps='Diffuse_MapSampler' rank=100 | tex0=44F0D6B0 inst=1
 3276 CONVERT v=17601  p=644    zw=1 zt=1 blend=1 cw=0xf | vs[proj][   ][    ] ps='Diffuse_MapSampler' rank=100 | tex0=44F0C290 inst=1
 3277 CONVERT v=17601  p=2240   zw=1 zt=1 blend=1 cw=0xf | vs[proj][   ][    ] ps='Diffuse_MapSampler' rank=100 | tex0=44F0D790 inst=1
 3278 CONVERT v=17601  p=1405   zw=1 zt=1 blend=1 cw=0xf | vs[proj][   ][    ] ps='Diffuse_MapSampler' rank=100 | tex0=44F0D790 inst=1
 3279 CONVERT v=2115   p=446    zw=1 zt=1 blend=1 cw=0xf | vs[proj][   ][    ] ps='Diffuse_MapSampler' rank=100 | tex0=44F0BD50 inst=1
 3280 CONVERT v=2115   p=284    zw=1 zt=1 blend=1 cw=0xf | vs[proj][   ][    ] ps='Diffuse_MapSampler' rank=100 | tex0=44F0B3B0 inst=1
 3281 CONVERT v=1436   p=584    zw=1 zt=1 blend=1 cw=0xf | vs[proj][   ][    ] ps='Diffuse_MapSampler' rank=100 | tex0=44F0D4F0 inst=1
 3282 CONVERT v=2115   p=182    zw=1 zt=1 blend=1 cw=0xf | vs[proj][   ][    ] ps='Diffuse_MapSampler' rank=100 | tex0=44F0D4F0 inst=1
 3283 CONVERT v=2115   p=1006   zw=1 zt=1 blend=1 cw=0xf | vs[proj][   ][    ] ps='Diffuse_MapSampler' rank=100 | tex0=44F0D410 inst=1
 3284 CONVERT v=3718   p=7      zw=1 zt=1 blend=1 cw=0xf | vs[proj][   ][    ] ps='Diffuse_MapSampler' rank=100 | tex0=44F136F0 inst=1
 3285 CONVERT v=1333   p=25     zw=1 zt=1 blend=1 cw=0xf | vs[proj][   ][    ] ps='Diffuse_MapSampler' rank=100 | tex0=44F136F0 inst=1
 3286 CONVERT v=1333   p=7      zw=1 zt=1 blend=1 cw=0xf | vs[proj][   ][    ] ps='Diffuse_MapSampler' rank=100 | tex0=44F136F0 inst=1
 3287 CONVERT v=486    p=188    zw=1 zt=1 blend=1 cw=0xf | vs[proj][   ][    ] ps='Diffuse_MapSampler' rank=100 | tex0=44F136F0 inst=1
 3288 CONVERT v=1553   p=25     zw=1 zt=1 blend=1 cw=0xf | vs[proj][   ][    ] ps='Diffuse_MapSampler' rank=100 | tex0=44F136F0 inst=1
 3289 CONVERT v=1553   p=14     zw=1 zt=1 blend=1 cw=0xf | vs[proj][   ][    ] ps='Diffuse_MapSampler' rank=100 | tex0=44F136F0 inst=1
 3290 CONVERT v=3081   p=19     zw=1 zt=1 blend=1 cw=0xf | vs[proj][   ][    ] ps='Diffuse_MapSampler' rank=100 | tex0=44F136F0 inst=1
 3291 CONVERT v=2614   p=1508   zw=1 zt=1 blend=1 cw=0xf | vs[proj][   ][    ] ps='Diffuse_MapSampler' rank=100 | tex0=44F136F0 inst=1
 3292 CONVERT v=2614   p=170    zw=1 zt=1 blend=1 cw=0xf | vs[proj][   ][    ] ps='Diffuse_MapSampler' rank=100 | tex0=44F136F0 inst=1
 3293 CONVERT v=2608   p=326    zw=1 zt=1 blend=1 cw=0xf | vs[proj][   ][    ] ps='Diffuse_MapSampler' rank=100 | tex0=44F136F0 inst=1
 3294 CONVERT v=1731   p=7      zw=1 zt=1 blend=1 cw=0xf | vs[proj][   ][    ] ps='Diffuse_MapSampler' rank=100 | tex0=44F136F0 inst=1
 3295 CONVERT v=1731   p=134    zw=1 zt=1 blend=1 cw=0xf | vs[proj][   ][    ] ps='Diffuse_MapSampler' rank=100 | tex0=44F136F0 inst=1
 3296 CONVERT v=829    p=170    zw=1 zt=1 blend=1 cw=0xf | vs[proj][   ][    ] ps='Diffuse_MapSampler' rank=100 | tex0=44F136F0 inst=1
 3297 CONVERT v=958    p=14     zw=1 zt=1 blend=1 cw=0xf | vs[proj][   ][    ] ps='Diffuse_MapSampler' rank=100 | tex0=44F136F0 inst=1
 3298 CONVERT v=958    p=32     zw=1 zt=1 blend=1 cw=0xf | vs[proj][   ][    ] ps='Diffuse_MapSampler' rank=100 | tex0=44F136F0 inst=1
 3299 CONVERT v=1534   p=7      zw=1 zt=1 blend=1 cw=0xf | vs[proj][   ][    ] ps='Diffuse_MapSampler' rank=100 | tex0=44F136F0 inst=1
 3300 CONVERT v=3632   p=799    zw=1 zt=1 blend=1 cw=0xf | vs[proj][   ][    ] ps='Diffuse_MapSampler' rank=100 | tex0=44F0DBF0 inst=1
 3301 CONVERT v=6471   p=2633   zw=1 zt=1 blend=1 cw=0xf | vs[proj][   ][    ] ps='Diffuse_MapSampler' rank=100 | tex0=44F0DBF0 inst=1
 3302 CONVERT v=6471   p=2498   zw=1 zt=1 blend=1 cw=0xf | vs[proj][   ][    ] ps='Diffuse_MapSampler' rank=100 | tex0=44F0DBF0 inst=1
 3303 CONVERT v=6471   p=1956   zw=1 zt=1 blend=1 cw=0xf | vs[proj][   ][    ] ps='Diffuse_MapSampler' rank=100 | tex0=44F0DBF0 inst=1
 3304 CONVERT v=6471   p=136    zw=1 zt=1 blend=1 cw=0xf | vs[proj][   ][    ] ps='Diffuse_MapSampler' rank=100 | tex0=44F0DBF0 inst=1
 3305 CONVERT v=6471   p=251    zw=1 zt=1 blend=1 cw=0xf | vs[proj][   ][    ] ps='Diffuse_MapSampler' rank=100 | tex0=44F0DBF0 inst=1
 3306 CONVERT v=1486   p=206    zw=1 zt=1 blend=1 cw=0xf | vs[proj][   ][    ] ps='Diffuse_MapSampler' rank=100 | tex0=44F0DBF0 inst=1
 3307 CONVERT v=776    p=875    zw=1 zt=1 blend=1 cw=0xf | vs[proj][   ][    ] ps='Diffuse_MapSampler' rank=100 | tex0=44F0DBF0 inst=1
 3308 CONVERT v=3506   p=882    zw=1 zt=1 blend=1 cw=0xf | vs[proj][   ][    ] ps='Diffuse_MapSampler' rank=100 | tex0=44F0DBF0 inst=1
 3309 CONVERT v=1436   p=77     zw=1 zt=1 blend=1 cw=0xf | vs[proj][   ][    ] ps='Diffuse_MapSampler' rank=100 | tex0=44F0DBF0 inst=1
 3310 CONVERT v=2488   p=128    zw=1 zt=1 blend=1 cw=0xf | vs[proj][   ][    ] ps='Diffuse_MapSampler' rank=100 | tex0=44F0DBF0 inst=1
 3311 CONVERT v=2488   p=270    zw=1 zt=1 blend=1 cw=0xf | vs[proj][   ][    ] ps='Diffuse_MapSampler' rank=100 | tex0=44F0DBF0 inst=1
 3312 CONVERT v=1267   p=155    zw=1 zt=1 blend=1 cw=0xf | vs[proj][   ][    ] ps='Diffuse_MapSampler' rank=100 | tex0=44F0DBF0 inst=1
 3313 CONVERT v=1209   p=100    zw=1 zt=1 blend=1 cw=0xf | vs[proj][   ][    ] ps='Diffuse_MapSampler' rank=100 | tex0=44F0DBF0 inst=1
 3314 CONVERT v=1209   p=158    zw=1 zt=1 blend=1 cw=0xf | vs[proj][   ][    ] ps='Diffuse_MapSampler' rank=100 | tex0=44F0DBF0 inst=1
 3315 CONVERT v=1486   p=308    zw=1 zt=1 blend=1 cw=0xf | vs[proj][   ][    ] ps='Diffuse_MapSampler' rank=100 | tex0=44F0BC70 inst=1
 3316 CONVERT v=3506   p=244    zw=1 zt=1 blend=1 cw=0xf | vs[proj][   ][    ] ps='Diffuse_MapSampler' rank=100 | tex0=44F0BC70 inst=1
 3317 CONVERT v=3506   p=620    zw=1 zt=1 blend=1 cw=0xf | vs[proj][   ][    ] ps='Diffuse_MapSampler' rank=100 | tex0=44F0BC70 inst=1
 3318 CONVERT v=1436   p=263    zw=1 zt=1 blend=1 cw=0xf | vs[proj][   ][    ] ps='Diffuse_MapSampler' rank=100 | tex0=44F0BC70 inst=1
 3319 CONVERT v=2488   p=236    zw=1 zt=1 blend=1 cw=0xf | vs[proj][   ][    ] ps='Diffuse_MapSampler' rank=100 | tex0=44F0BC70 inst=1
 3320 CONVERT v=2488   p=244    zw=1 zt=1 blend=1 cw=0xf | vs[proj][   ][    ] ps='Diffuse_MapSampler' rank=100 | tex0=44F0BC70 inst=1
 3321 CONVERT v=1267   p=644    zw=1 zt=1 blend=1 cw=0xf | vs[proj][   ][    ] ps='Diffuse_MapSampler' rank=100 | tex0=44F0BC70 inst=1
 3322 CONVERT v=1209   p=332    zw=1 zt=1 blend=1 cw=0xf | vs[proj][   ][    ] ps='Diffuse_MapSampler' rank=100 | tex0=44F0BC70 inst=1
 3323 CONVERT v=1421   p=7      zw=1 zt=1 blend=1 cw=0xf | vs[proj][   ][    ] ps='Diffuse_MapSampler' rank=100 | tex0=44F0C6F0 inst=1
 3324 CONVERT v=74     p=117    zw=1 zt=1 blend=1 cw=0xf | vs[proj][   ][    ] ps='Decal_MapSampler' rank=100 | tex0=44F0FD30 inst=1
 3325 CONVERT v=148    p=236    zw=1 zt=1 blend=1 cw=0xf | vs[proj][   ][    ] ps='Decal_MapSampler' rank=100 | tex0=44F0FD30 inst=1
 3326 CONVERT v=84     p=2      zw=1 zt=1 blend=1 cw=0xf | vs[proj][   ][    ] ps='Decal_MapSampler' rank=100 | tex0=44F0FD30 inst=1
 3327 CONVERT v=12     p=2      zw=1 zt=1 blend=1 cw=0xf | vs[proj][   ][    ] ps='Decal_MapSampler' rank=100 | tex0=44F0FD30 inst=1
 3328 CONVERT v=7      p=7      zw=1 zt=1 blend=1 cw=0xf | vs[proj][   ][    ] ps='Decal_MapSampler' rank=100 | tex0=44F0FD30 inst=1
 3329 CONVERT v=19     p=31     zw=1 zt=1 blend=1 cw=0xf | vs[proj][   ][    ] ps='Decal_MapSampler' rank=100 | tex0=44F0FD30 inst=1
 3330 CONVERT v=3632   p=595    zw=1 zt=1 blend=1 cw=0xf | vs[proj][   ][    ] ps='Diffuse_MapSampler' rank=100 | tex0=44F0C7D0 inst=1
 3331 CONVERT v=3506   p=22     zw=1 zt=1 blend=1 cw=0xf | vs[proj][   ][    ] ps='Diffuse_MapSampler' rank=100 | tex0=44F0C7D0 inst=1
 3332 CONVERT v=3506   p=261    zw=1 zt=1 blend=1 cw=0xf | vs[proj][   ][    ] ps='Diffuse_MapSampler' rank=100 | tex0=44F0C7D0 inst=1
 3333 CONVERT v=3506   p=44     zw=1 zt=1 blend=1 cw=0xf | vs[proj][   ][    ] ps='Diffuse_MapSampler' rank=100 | tex0=44F0C7D0 inst=1
 3334 CONVERT v=2115   p=746    zw=1 zt=1 blend=1 cw=0xf | vs[proj][   ][    ] ps='Diffuse_MapSampler' rank=100 | tex0=44F0C7D0 inst=1
 3335 CONVERT v=2488   p=428    zw=1 zt=1 blend=1 cw=0xf | vs[proj][   ][    ] ps='Diffuse_MapSampler' rank=100 | tex0=44F0C7D0 inst=1
 3336 CONVERT v=2488   p=22     zw=1 zt=1 blend=1 cw=0xf | vs[proj][   ][    ] ps='Diffuse_MapSampler' rank=100 | tex0=44F0C7D0 inst=1
 3337 CONVERT v=2488   p=261    zw=1 zt=1 blend=1 cw=0xf | vs[proj][   ][    ] ps='Diffuse_MapSampler' rank=100 | tex0=44F0C7D0 inst=1
 3338 CONVERT v=173    p=518    zw=1 zt=1 blend=1 cw=0xf | vs[proj][   ][    ] ps='Blend_MapSampler' rank=100 | tex0=14CFED28 inst=1
 3339 CONVERT v=5      p=3      zw=1 zt=1 blend=1 cw=0xf | vs[proj][   ][    ] ps='Blend_MapSampler' rank=100 | tex0=14CFED28 inst=1
 3340 CONVERT v=8      p=11     zw=1 zt=1 blend=1 cw=0xf | vs[proj][   ][    ] ps='Blend_MapSampler' rank=100 | tex0=14CFED28 inst=1
 3341 CONVERT v=11     p=14     zw=1 zt=1 blend=1 cw=0xf | vs[proj][   ][    ] ps='Blend_MapSampler' rank=100 | tex0=14CFED28 inst=1
 3342 CONVERT v=8      p=9      zw=1 zt=1 blend=1 cw=0xf | vs[proj][   ][    ] ps='Blend_MapSampler' rank=100 | tex0=14CFED28 inst=1
 3343 CONVERT v=15     p=21     zw=1 zt=1 blend=1 cw=0xf | vs[proj][   ][    ] ps='Blend_MapSampler' rank=100 | tex0=14CFED28 inst=1
 3344 CONVERT v=18     p=26     zw=1 zt=1 blend=1 cw=0xf | vs[proj][   ][    ] ps='Blend_MapSampler' rank=100 | tex0=14CFED28 inst=1
 3345 CONVERT v=18     p=28     zw=1 zt=1 blend=1 cw=0xf | vs[proj][   ][    ] ps='Blend_MapSampler' rank=100 | tex0=14CFED28 inst=1
 3346 CONVERT v=9      p=9      zw=1 zt=1 blend=1 cw=0xf | vs[proj][   ][    ] ps='Blend_MapSampler' rank=100 | tex0=14CFED28 inst=1
 3347 CONVERT v=16     p=23     zw=1 zt=1 blend=1 cw=0xf | vs[proj][   ][    ] ps='Blend_MapSampler' rank=100 | tex0=14CFED28 inst=1
 3348 CONVERT v=13     p=19     zw=1 zt=1 blend=1 cw=0xf | vs[proj][   ][    ] ps='Blend_MapSampler' rank=100 | tex0=14CFED28 inst=1
 3349 CONVERT v=18     p=23     zw=1 zt=1 blend=1 cw=0xf | vs[proj][   ][    ] ps='Blend_MapSampler' rank=100 | tex0=14CFED28 inst=1
 3350 CONVERT v=19     p=28     zw=1 zt=1 blend=1 cw=0xf | vs[proj][   ][    ] ps='Blend_MapSampler' rank=100 | tex0=14CFED28 inst=1
 3351 CONVERT v=25     p=42     zw=1 zt=1 blend=1 cw=0xf | vs[proj][   ][    ] ps='Blend_MapSampler' rank=100 | tex0=14CFED28 inst=1
 3352 CONVERT v=11     p=15     zw=1 zt=1 blend=1 cw=0xf | vs[proj][   ][    ] ps='Blend_MapSampler' rank=100 | tex0=14CFED28 inst=1
 3353 CONVERT v=16     p=25     zw=1 zt=1 blend=1 cw=0xf | vs[proj][   ][    ] ps='Blend_MapSampler' rank=100 | tex0=14CFED28 inst=1
 3354 CONVERT v=19     p=33     zw=1 zt=1 blend=1 cw=0xf | vs[proj][   ][    ] ps='Blend_MapSampler' rank=100 | tex0=14CFED28 inst=1
 3355 CONVERT v=17     p=30     zw=1 zt=1 blend=1 cw=0xf | vs[proj][   ][    ] ps='Blend_MapSampler' rank=100 | tex0=14CFED28 inst=1
 3356 CONVERT v=17     p=22     zw=1 zt=1 blend=1 cw=0xf | vs[proj][   ][    ] ps='Blend_MapSampler' rank=100 | tex0=14CFED28 inst=1
 3357 CONVERT v=23     p=38     zw=1 zt=1 blend=1 cw=0xf | vs[proj][   ][    ] ps='Blend_MapSampler' rank=100 | tex0=14CFED28 inst=1
 3358 CONVERT v=26     p=48     zw=1 zt=1 blend=1 cw=0xf | vs[proj][   ][    ] ps='Blend_MapSampler' rank=100 | tex0=14CFED28 inst=1
 3359 CONVERT v=44     p=36     zw=1 zt=1 blend=1 cw=0xf | vs[proj][   ][    ] ps='Blend_MapSampler' rank=100 | tex0=14CFED28 inst=1
 3360 CONVERT v=9      p=9      zw=1 zt=1 blend=1 cw=0xf | vs[proj][   ][    ] ps='Blend_MapSampler' rank=100 | tex0=14CFED28 inst=1
 3361 CONVERT v=12     p=19     zw=1 zt=1 blend=1 cw=0xf | vs[proj][   ][    ] ps='Blend_MapSampler' rank=100 | tex0=14CFED28 inst=1
 3362 CONVERT v=17     p=23     zw=1 zt=1 blend=1 cw=0xf | vs[proj][   ][    ] ps='Blend_MapSampler' rank=100 | tex0=14CFED28 inst=1
 3363 CONVERT v=18     p=24     zw=1 zt=1 blend=1 cw=0xf | vs[proj][   ][    ] ps='Blend_MapSampler' rank=100 | tex0=14CFED28 inst=1
 3364 CONVERT v=18     p=29     zw=1 zt=1 blend=1 cw=0xf | vs[proj][   ][    ] ps='Blend_MapSampler' rank=100 | tex0=14CFED28 inst=1
 3365 CONVERT v=38     p=28     zw=1 zt=1 blend=1 cw=0xf | vs[proj][   ][    ] ps='Blend_MapSampler' rank=100 | tex0=14CFED28 inst=1
 3366 CONVERT v=41     p=28     zw=1 zt=1 blend=1 cw=0xf | vs[proj][   ][    ] ps='Blend_MapSampler' rank=100 | tex0=14CFED28 inst=1
 3367 CONVERT v=50     p=39     zw=1 zt=1 blend=1 cw=0xf | vs[proj][   ][    ] ps='Blend_MapSampler' rank=100 | tex0=14CFED28 inst=1
 3368 CONVERT v=50     p=39     zw=1 zt=1 blend=1 cw=0xf | vs[proj][   ][    ] ps='Blend_MapSampler' rank=100 | tex0=14CFED28 inst=1
 3369 CONVERT v=84     p=63     zw=1 zt=1 blend=1 cw=0xf | vs[proj][   ][    ] ps='Blend_MapSampler' rank=100 | tex0=14CFED28 inst=1
 3370 CONVERT v=17     p=7      zw=1 zt=1 blend=1 cw=0xf | vs[proj][   ][    ] ps='Blend_MapSampler' rank=100 | tex0=14CFED28 inst=1
 3371 CONVERT v=11     p=15     zw=1 zt=1 blend=1 cw=0xf | vs[proj][   ][    ] ps='Blend_MapSampler' rank=100 | tex0=14CFED28 inst=1
 3372 CONVERT v=18     p=29     zw=1 zt=1 blend=1 cw=0xf | vs[proj][   ][    ] ps='Blend_MapSampler' rank=100 | tex0=14CFED28 inst=1
 3373 CONVERT v=16     p=19     zw=1 zt=1 blend=1 cw=0xf | vs[proj][   ][    ] ps='Blend_MapSampler' rank=100 | tex0=14CFED28 inst=1
 3374 CONVERT v=22     p=39     zw=1 zt=1 blend=1 cw=0xf | vs[proj][   ][    ] ps='Blend_MapSampler' rank=100 | tex0=14CFED28 inst=1
 3375 CONVERT v=25     p=44     zw=1 zt=1 blend=1 cw=0xf | vs[proj][   ][    ] ps='Blend_MapSampler' rank=100 | tex0=14CFED28 inst=1
 3376 CONVERT v=44     p=33     zw=1 zt=1 blend=1 cw=0xf | vs[proj][   ][    ] ps='Blend_MapSampler' rank=100 | tex0=14CFED28 inst=1
 3377 CONVERT v=12     p=5      zw=1 zt=1 blend=1 cw=0xf | vs[proj][   ][    ] ps='Blend_MapSampler' rank=100 | tex0=14CFED28 inst=1
 3378 CONVERT v=12     p=5      zw=1 zt=1 blend=1 cw=0xf | vs[proj][   ][    ] ps='Blend_MapSampler' rank=100 | tex0=14CFED28 inst=1
 3379 CONVERT v=20     p=10     zw=1 zt=1 blend=1 cw=0xf | vs[proj][   ][    ] ps='Blend_MapSampler' rank=100 | tex0=14CFED28 inst=1
 3380 CONVERT v=20     p=10     zw=1 zt=1 blend=1 cw=0xf | vs[proj][   ][    ] ps='Blend_MapSampler' rank=100 | tex0=14CFED28 inst=1
 3381 CONVERT v=9      p=9      zw=1 zt=1 blend=1 cw=0xf | vs[proj][   ][    ] ps='Blend_MapSampler' rank=100 | tex0=14CFED28 inst=1
 3382 CONVERT v=19     p=27     zw=1 zt=1 blend=1 cw=0xf | vs[proj][   ][    ] ps='Blend_MapSampler' rank=100 | tex0=14CFED28 inst=1
 3383 CONVERT v=11     p=21     zw=1 zt=1 blend=1 cw=0xf | vs[proj][   ][    ] ps='Blend_MapSampler' rank=100 | tex0=14CFED28 inst=1
 3384 CONVERT v=9      p=13     zw=1 zt=1 blend=1 cw=0xf | vs[proj][   ][    ] ps='Blend_MapSampler' rank=100 | tex0=14CFED28 inst=1
 3385 CONVERT v=14     p=20     zw=1 zt=1 blend=1 cw=0xf | vs[proj][   ][    ] ps='Blend_MapSampler' rank=100 | tex0=14CFED28 inst=1
 3386 CONVERT v=42     p=32     zw=1 zt=1 blend=1 cw=0xf | vs[proj][   ][    ] ps='Blend_MapSampler' rank=100 | tex0=14CFED28 inst=1
 3387 CONVERT v=22     p=14     zw=1 zt=1 blend=1 cw=0xf | vs[proj][   ][    ] ps='Blend_MapSampler' rank=100 | tex0=14CFED28 inst=1
 3388 CONVERT v=22     p=14     zw=1 zt=1 blend=1 cw=0xf | vs[proj][   ][    ] ps='Blend_MapSampler' rank=100 | tex0=14CFED28 inst=1
 3389 CONVERT v=15     p=5      zw=1 zt=1 blend=1 cw=0xf | vs[proj][   ][    ] ps='Blend_MapSampler' rank=100 | tex0=14CFED28 inst=1
 3390 CONVERT v=15     p=5      zw=1 zt=1 blend=1 cw=0xf | vs[proj][   ][    ] ps='Blend_MapSampler' rank=100 | tex0=14CFED28 inst=1
 3391 CONVERT v=16     p=11     zw=1 zt=1 blend=1 cw=0xf | vs[proj][   ][    ] ps='Blend_MapSampler' rank=100 | tex0=14CFED28 inst=1
 3392 CONVERT v=27     p=16     zw=1 zt=1 blend=1 cw=0xf | vs[proj][   ][    ] ps='Blend_MapSampler' rank=100 | tex0=14CFED28 inst=1
 3393 CONVERT v=55     p=49     zw=1 zt=1 blend=1 cw=0xf | vs[proj][   ][    ] ps='Blend_MapSampler' rank=100 | tex0=14CFED28 inst=1
 3394 CONVERT v=10     p=11     zw=1 zt=1 blend=1 cw=0xf | vs[proj][   ][    ] ps='Blend_MapSampler' rank=100 | tex0=14CFED28 inst=1
 3395 CONVERT v=16     p=24     zw=1 zt=1 blend=1 cw=0xf | vs[proj][   ][    ] ps='Blend_MapSampler' rank=100 | tex0=14CFED28 inst=1
 3396 CONVERT v=18     p=23     zw=1 zt=1 blend=1 cw=0xf | vs[proj][   ][    ] ps='Blend_MapSampler' rank=100 | tex0=14CFED28 inst=1
 3397 CONVERT v=20     p=35     zw=1 zt=1 blend=1 cw=0xf | vs[proj][   ][    ] ps='Blend_MapSampler' rank=100 | tex0=14CFED28 inst=1
 3398 CONVERT v=16     p=23     zw=1 zt=1 blend=1 cw=0xf | vs[proj][   ][    ] ps='Blend_MapSampler' rank=100 | tex0=14CFED28 inst=1
 3399 CONVERT v=16     p=27     zw=1 zt=1 blend=1 cw=0xf | vs[proj][   ][    ] ps='Blend_MapSampler' rank=100 | tex0=14CFED28 inst=1
 3400 CONVERT v=17     p=22     zw=1 zt=1 blend=1 cw=0xf | vs[proj][   ][    ] ps='Blend_MapSampler' rank=100 | tex0=14CFED28 inst=1
 3401 CONVERT v=52     p=43     zw=1 zt=1 blend=1 cw=0xf | vs[proj][   ][    ] ps='Blend_MapSampler' rank=100 | tex0=14CFED28 inst=1
 3402 CONVERT v=18     p=17     zw=1 zt=1 blend=1 cw=0xf | vs[proj][   ][    ] ps='Blend_MapSampler' rank=100 | tex0=14CFED28 inst=1
 3403 CONVERT v=43     p=30     zw=1 zt=1 blend=1 cw=0xf | vs[proj][   ][    ] ps='Blend_MapSampler' rank=100 | tex0=14CFED28 inst=1
 3404 CONVERT v=40     p=26     zw=1 zt=1 blend=1 cw=0xf | vs[proj][   ][    ] ps='Blend_MapSampler' rank=100 | tex0=14CFED28 inst=1
 3405 CONVERT v=40     p=29     zw=1 zt=1 blend=1 cw=0xf | vs[proj][   ][    ] ps='Blend_MapSampler' rank=100 | tex0=14CFED28 inst=1
 3406 CONVERT v=52     p=43     zw=1 zt=1 blend=1 cw=0xf | vs[proj][   ][    ] ps='Blend_MapSampler' rank=100 | tex0=14CFED28 inst=1
 3407 CONVERT v=24     p=17     zw=1 zt=1 blend=1 cw=0xf | vs[proj][   ][    ] ps='Blend_MapSampler' rank=100 | tex0=14CFED28 inst=1
 3408 CONVERT v=8      p=7      zw=1 zt=1 blend=1 cw=0xf | vs[proj][   ][    ] ps='Blend_MapSampler' rank=100 | tex0=14CFED28 inst=1
 3409 CONVERT v=9      p=11     zw=1 zt=1 blend=1 cw=0xf | vs[proj][   ][    ] ps='Blend_MapSampler' rank=100 | tex0=14CFED28 inst=1
 3410 CONVERT v=17     p=26     zw=1 zt=1 blend=1 cw=0xf | vs[proj][   ][    ] ps='Blend_MapSampler' rank=100 | tex0=14CFED28 inst=1
 3411 CONVERT v=21     p=30     zw=1 zt=1 blend=1 cw=0xf | vs[proj][   ][    ] ps='Blend_MapSampler' rank=100 | tex0=14CFED28 inst=1
 3412 CONVERT v=15     p=23     zw=1 zt=1 blend=1 cw=0xf | vs[proj][   ][    ] ps='Blend_MapSampler' rank=100 | tex0=14CFED28 inst=1
 3413 CONVERT v=14     p=18     zw=1 zt=1 blend=1 cw=0xf | vs[proj][   ][    ] ps='Blend_MapSampler' rank=100 | tex0=14CFED28 inst=1
 3414 CONVERT v=23     p=39     zw=1 zt=1 blend=1 cw=0xf | vs[proj][   ][    ] ps='Blend_MapSampler' rank=100 | tex0=14CFED28 inst=1
 3415 CONVERT v=34     p=27     zw=1 zt=1 blend=1 cw=0xf | vs[proj][   ][    ] ps='Blend_MapSampler' rank=100 | tex0=14CFED28 inst=1
 3416 CONVERT v=28     p=17     zw=1 zt=1 blend=1 cw=0xf | vs[proj][   ][    ] ps='Blend_MapSampler' rank=100 | tex0=14CFED28 inst=1
 3417 CONVERT v=38     p=29     zw=1 zt=1 blend=1 cw=0xf | vs[proj][   ][    ] ps='Blend_MapSampler' rank=100 | tex0=14CFED28 inst=1
 3418 CONVERT v=54     p=44     zw=1 zt=1 blend=1 cw=0xf | vs[proj][   ][    ] ps='Blend_MapSampler' rank=100 | tex0=14CFED28 inst=1
 3419 CONVERT v=32     p=27     zw=1 zt=1 blend=1 cw=0xf | vs[proj][   ][    ] ps='Blend_MapSampler' rank=100 | tex0=14CFED28 inst=1
 3420 CONVERT v=62     p=55     zw=1 zt=1 blend=1 cw=0xf | vs[proj][   ][    ] ps='Blend_MapSampler' rank=100 | tex0=14CFED28 inst=1
 3421 CONVERT v=11     p=17     zw=1 zt=1 blend=1 cw=0xf | vs[proj][   ][    ] ps='Blend_MapSampler' rank=100 | tex0=14CFED28 inst=1
 3422 CONVERT v=17     p=21     zw=1 zt=1 blend=1 cw=0xf | vs[proj][   ][    ] ps='Blend_MapSampler' rank=100 | tex0=14CFED28 inst=1
 3423 CONVERT v=14     p=20     zw=1 zt=1 blend=1 cw=0xf | vs[proj][   ][    ] ps='Blend_MapSampler' rank=100 | tex0=14CFED28 inst=1
 3424 CONVERT v=14     p=20     zw=1 zt=1 blend=1 cw=0xf | vs[proj][   ][    ] ps='Blend_MapSampler' rank=100 | tex0=14CFED28 inst=1
 3425 CONVERT v=20     p=35     zw=1 zt=1 blend=1 cw=0xf | vs[proj][   ][    ] ps='Blend_MapSampler' rank=100 | tex0=14CFED28 inst=1
 3426 CONVERT v=16     p=26     zw=1 zt=1 blend=1 cw=0xf | vs[proj][   ][    ] ps='Blend_MapSampler' rank=100 | tex0=14CFED28 inst=1
 3427 CONVERT v=20     p=30     zw=1 zt=1 blend=1 cw=0xf | vs[proj][   ][    ] ps='Blend_MapSampler' rank=100 | tex0=14CFED28 inst=1
 3428 CONVERT v=28     p=17     zw=1 zt=1 blend=1 cw=0xf | vs[proj][   ][    ] ps='Blend_MapSampler' rank=100 | tex0=14CFED28 inst=1
 3429 CONVERT v=20     p=17     zw=1 zt=1 blend=1 cw=0xf | vs[proj][   ][    ] ps='Blend_MapSampler' rank=100 | tex0=14CFED28 inst=1
 3430 CONVERT v=24     p=21     zw=1 zt=1 blend=1 cw=0xf | vs[proj][   ][    ] ps='Blend_MapSampler' rank=100 | tex0=14CFED28 inst=1
 3431 CONVERT v=43     p=32     zw=1 zt=1 blend=1 cw=0xf | vs[proj][   ][    ] ps='Blend_MapSampler' rank=100 | tex0=14CFED28 inst=1
 3432 CONVERT v=43     p=33     zw=1 zt=1 blend=1 cw=0xf | vs[proj][   ][    ] ps='Blend_MapSampler' rank=100 | tex0=14CFED28 inst=1
 3433 CONVERT v=10     p=11     zw=1 zt=1 blend=1 cw=0xf | vs[proj][   ][    ] ps='Blend_MapSampler' rank=100 | tex0=14CFED28 inst=1
 3434 CONVERT v=19     p=32     zw=1 zt=1 blend=1 cw=0xf | vs[proj][   ][    ] ps='Blend_MapSampler' rank=100 | tex0=14CFED28 inst=1
 3435 CONVERT v=16     p=21     zw=1 zt=1 blend=1 cw=0xf | vs[proj][   ][    ] ps='Blend_MapSampler' rank=100 | tex0=14CFED28 inst=1
 3436 CONVERT v=21     p=38     zw=1 zt=1 blend=1 cw=0xf | vs[proj][   ][    ] ps='Blend_MapSampler' rank=100 | tex0=14CFED28 inst=1
 3437 CONVERT v=20     p=29     zw=1 zt=1 blend=1 cw=0xf | vs[proj][   ][    ] ps='Blend_MapSampler' rank=100 | tex0=14CFED28 inst=1
 3438 CONVERT v=26     p=47     zw=1 zt=1 blend=1 cw=0xf | vs[proj][   ][    ] ps='Blend_MapSampler' rank=100 | tex0=14CFED28 inst=1
 3439 CONVERT v=46     p=39     zw=1 zt=1 blend=1 cw=0xf | vs[proj][   ][    ] ps='Blend_MapSampler' rank=100 | tex0=14CFED28 inst=1
 3440 CONVERT v=41     p=35     zw=1 zt=1 blend=1 cw=0xf | vs[proj][   ][    ] ps='Blend_MapSampler' rank=100 | tex0=14CFED28 inst=1
 3441 CONVERT v=26     p=20     zw=1 zt=1 blend=1 cw=0xf | vs[proj][   ][    ] ps='Blend_MapSampler' rank=100 | tex0=14CFED28 inst=1
 3442 CONVERT v=36     p=27     zw=1 zt=1 blend=1 cw=0xf | vs[proj][   ][    ] ps='Blend_MapSampler' rank=100 | tex0=14CFED28 inst=1
 3443 CONVERT v=9      p=9      zw=1 zt=1 blend=1 cw=0xf | vs[proj][   ][    ] ps='Blend_MapSampler' rank=100 | tex0=14CFED28 inst=1
 3444 CONVERT v=20     p=33     zw=1 zt=1 blend=1 cw=0xf | vs[proj][   ][    ] ps='Blend_MapSampler' rank=100 | tex0=14CFED28 inst=1
 3445 CONVERT v=18     p=33     zw=1 zt=1 blend=1 cw=0xf | vs[proj][   ][    ] ps='Blend_MapSampler' rank=100 | tex0=14CFED28 inst=1
 3446 CONVERT v=26     p=45     zw=1 zt=1 blend=1 cw=0xf | vs[proj][   ][    ] ps='Blend_MapSampler' rank=100 | tex0=14CFED28 inst=1
 3447 CONVERT v=24     p=39     zw=1 zt=1 blend=1 cw=0xf | vs[proj][   ][    ] ps='Blend_MapSampler' rank=100 | tex0=14CFED28 inst=1
 3448 CONVERT v=34     p=25     zw=1 zt=1 blend=1 cw=0xf | vs[proj][   ][    ] ps='Blend_MapSampler' rank=100 | tex0=14CFED28 inst=1
 3449 CONVERT v=28     p=23     zw=1 zt=1 blend=1 cw=0xf | vs[proj][   ][    ] ps='Blend_MapSampler' rank=100 | tex0=14CFED28 inst=1
 3450 CONVERT v=26     p=22     zw=1 zt=1 blend=1 cw=0xf | vs[proj][   ][    ] ps='Blend_MapSampler' rank=100 | tex0=14CFED28 inst=1
 3451 CONVERT v=11     p=13     zw=1 zt=1 blend=1 cw=0xf | vs[proj][   ][    ] ps='Blend_MapSampler' rank=100 | tex0=14CFED28 inst=1
 3452 CONVERT v=28     p=21     zw=1 zt=1 blend=1 cw=0xf | vs[proj][   ][    ] ps='Blend_MapSampler' rank=100 | tex0=14CFED28 inst=1
 3453 CONVERT v=40     p=30     zw=1 zt=1 blend=1 cw=0xf | vs[proj][   ][    ] ps='Blend_MapSampler' rank=100 | tex0=14CFED28 inst=1
 3454 CONVERT v=2115   p=2      zw=1 zt=1 blend=1 cw=0xf | vs[proj][   ][    ] ps='Diffuse_MapSampler' rank=100 | tex0=3B6CB870 inst=1
 3455 CONVERT v=52     p=26     zw=0 zt=1 blend=1 cw=0xf | vs[proj][   ][    ] ps='Diffuse_MapSampler' rank=100 | tex0=44F12B90 inst=0
 3456 CONVERT v=40     p=20     zw=0 zt=1 blend=1 cw=0xf | vs[proj][   ][    ] ps='Diffuse_MapSampler' rank=100 | tex0=44F11CB0 inst=0
 3457 CONVERT v=384    p=192    zw=0 zt=1 blend=1 cw=0xf | vs[proj][   ][    ] ps='Diffuse_MapSampler' rank=100 | tex0=44F11A10 inst=0
 3458 CONVERT v=144    p=72     zw=0 zt=1 blend=1 cw=0xf | vs[proj][   ][    ] ps='Diffuse_MapSampler' rank=100 | tex0=44F11BD0 inst=0
 3459 CONVERT v=176    p=88     zw=0 zt=1 blend=1 cw=0xf | vs[proj][   ][    ] ps='Diffuse_MapSampler' rank=100 | tex0=44F130D0 inst=0
 3460 CONVERT v=1164   p=582    zw=0 zt=1 blend=1 cw=0xf | vs[proj][   ][    ] ps='Diffuse_MapSampler' rank=100 | tex0=44F19B90 inst=0
 3461 CONVERT v=1124   p=562    zw=0 zt=1 blend=1 cw=0xf | vs[proj][   ][    ] ps='Diffuse_MapSampler' rank=100 | tex0=44F12650 inst=0
 3462 CONVERT v=116    p=58     zw=0 zt=1 blend=1 cw=0xf | vs[proj][   ][    ] ps='Diffuse_MapSampler' rank=100 | tex0=44F12F10 inst=0
 3463 CONVERT v=8      p=4      zw=0 zt=1 blend=1 cw=0xf | vs[proj][   ][    ] ps='Diffuse_MapSampler' rank=100 | tex0=44F19B90 inst=0
 3464 CONVERT v=20     p=10     zw=0 zt=1 blend=1 cw=0xf | vs[proj][   ][    ] ps='Decal_MapSampler' rank=90 | tex0=44F0E210 inst=0
 3465 CONVERT v=1000   p=500    zw=1 zt=1 blend=1 cw=0xf | vs[proj][   ][    ] ps='Diffuse_mapSampler' rank=100 | tex0=3F23C450 inst=0
 3466 CONVERT v=192    p=96     zw=1 zt=1 blend=1 cw=0xf | vs[proj][   ][    ] ps='Diffuse_mapSampler' rank=100 | tex0=3F23C450 inst=0
 3467 CONVERT v=1840   p=920    zw=1 zt=1 blend=1 cw=0xf | vs[proj][   ][    ] ps='Diffuse_mapSampler' rank=100 | tex0=3F23C450 inst=0
 3468 ? v=536    p=892    zw=1 zt=1 blend=1 cw=0xf | vs[proj][obj][skin] ps='Diffuse_MapSampler' rank=100 | tex0=16099380 inst=0
 3469 ? v=536    p=243    zw=1 zt=1 blend=1 cw=0xf | vs[proj][obj][skin] ps='Diffuse_MapSampler' rank=100 | tex0=16099000 inst=0
 3470 ? v=416    p=964    zw=1 zt=1 blend=1 cw=0xf | vs[proj][obj][skin] ps='IR_GBuffer_DSF_DataSampler' rank=80 | tex0=4A3A84F8 inst=0
 3471 ? v=3      p=1      zw=1 zt=1 blend=1 cw=0xf | vs[proj][obj][skin] ps='Diffuse_MapSampler' rank=100 | tex0=14D91E60 inst=0
 3472 ? v=1080   p=499    zw=1 zt=1 blend=1 cw=0xf | vs[proj][obj][skin] ps='Diffuse_MapSampler' rank=100 | tex0=16099380 inst=0
 3473 ? v=1080   p=500    zw=1 zt=1 blend=1 cw=0xf | vs[proj][obj][skin] ps='Diffuse_MapSampler' rank=100 | tex0=16099000 inst=0
 3474 ? v=1080   p=501    zw=1 zt=1 blend=1 cw=0xf | vs[proj][obj][skin] ps='Diffuse_MapSampler' rank=100 | tex0=160998C0 inst=0
 3475 ? v=1080   p=499    zw=1 zt=1 blend=1 cw=0xf | vs[proj][obj][skin] ps='Diffuse_MapSampler' rank=100 | tex0=160998C0 inst=0
 3476 ? v=1080   p=499    zw=1 zt=1 blend=1 cw=0xf | vs[proj][obj][skin] ps='Diffuse_MapSampler' rank=100 | tex0=16099000 inst=0
 3477 ? v=1080   p=499    zw=1 zt=1 blend=1 cw=0xf | vs[proj][obj][skin] ps='Diffuse_MapSampler' rank=100 | tex0=16099380 inst=0
 3478 ? v=990    p=1905   zw=1 zt=1 blend=1 cw=0xf | vs[proj][obj][skin] ps='Diffuse_MapSampler' rank=100 | tex0=16099000 inst=0
 3479 ? v=990    p=472    zw=1 zt=1 blend=1 cw=0xf | vs[proj][obj][skin] ps='Diffuse_MapSampler' rank=100 | tex0=16099380 inst=0
 3480 ? v=130    p=313    zw=1 zt=1 blend=1 cw=0xf | vs[proj][obj][skin] ps='IR_GBuffer_DSF_DataSampler' rank=80 | tex0=4A3A8258 inst=0
 3481 ? v=764    p=1694   zw=1 zt=1 blend=1 cw=0xf | vs[proj][obj][skin] ps='Diffuse_MapSampler' rank=100 | tex0=4A3A9758 inst=0
 3482 ? v=7977   p=739    zw=1 zt=1 blend=1 cw=0xf | vs[proj][obj][skin] ps='Diffuse_MapSampler' rank=100 | tex0=3B9E9570 inst=0
 3483 ? v=7977   p=3408   zw=1 zt=1 blend=1 cw=0xf | vs[proj][obj][skin] ps='Blend_MapSampler' rank=100 | tex0=3B9E9570 inst=0
 3484 ? v=7977   p=427    zw=1 zt=1 blend=1 cw=0xf | vs[proj][obj][skin] ps='Blend_MapSampler' rank=100 | tex0=3B9E9570 inst=0
 3485 ? v=7977   p=677    zw=1 zt=1 blend=1 cw=0xf | vs[proj][obj][skin] ps='Blend_MapSampler' rank=100 | tex0=3B9E9570 inst=0
 3486 ? v=7977   p=315    zw=1 zt=1 blend=1 cw=0xf | vs[proj][obj][skin] ps='Blend_MapSampler' rank=100 | tex0=3B9E9570 inst=0
 3487 ? v=7977   p=284    zw=1 zt=1 blend=1 cw=0xf | vs[proj][obj][skin] ps='Blend_MapSampler' rank=100 | tex0=3B9E9570 inst=0
 3488 ? v=7977   p=222    zw=1 zt=1 blend=1 cw=0xf | vs[proj][obj][skin] ps='Blend_MapSampler' rank=100 | tex0=3B9E9570 inst=0
 3489 ? v=7977   p=383    zw=1 zt=1 blend=1 cw=0xf | vs[proj][obj][skin] ps='Blend_MapSampler' rank=100 | tex0=3B9E9570 inst=0
 3490 ? v=7977   p=154    zw=1 zt=1 blend=1 cw=0xf | vs[proj][obj][skin] ps='Blend_MapSampler' rank=100 | tex0=3B9E9570 inst=0
 3491 ? v=7977   p=250    zw=1 zt=1 blend=1 cw=0xf | vs[proj][obj][skin] ps='Blend_MapSampler' rank=100 | tex0=3B9E9570 inst=0
 3492 ? v=7977   p=628    zw=1 zt=1 blend=1 cw=0xf | vs[proj][obj][skin] ps='Blend_MapSampler' rank=100 | tex0=3B9E9570 inst=0
 3493 ? v=7977   p=851    zw=1 zt=1 blend=1 cw=0xf | vs[proj][obj][skin] ps='Blend_MapSampler' rank=100 | tex0=3B9E9570 inst=0
 3494 ? v=7977   p=168    zw=1 zt=1 blend=1 cw=0xf | vs[proj][obj][skin] ps='Blend_MapSampler' rank=100 | tex0=3B9E9570 inst=0
 3495 ? v=7977   p=245    zw=1 zt=1 blend=1 cw=0xf | vs[proj][obj][skin] ps='Blend_MapSampler' rank=100 | tex0=3B9E9570 inst=0
 3496 ? v=7977   p=131    zw=1 zt=1 blend=1 cw=0xf | vs[proj][obj][skin] ps='Blend_MapSampler' rank=100 | tex0=3B9E9570 inst=0
 3497 ? v=7977   p=183    zw=1 zt=1 blend=1 cw=0xf | vs[proj][obj][skin] ps='Blend_MapSampler' rank=100 | tex0=3B9E9570 inst=0
 3498 ? v=7977   p=498    zw=1 zt=1 blend=1 cw=0xf | vs[proj][obj][skin] ps='Blend_MapSampler' rank=100 | tex0=3B9E9570 inst=0
 3499 ? v=7977   p=1457   zw=1 zt=1 blend=1 cw=0xf | vs[proj][obj][skin] ps='Blend_MapSampler' rank=100 | tex0=3B9E9570 inst=0
 3500 ? v=7977   p=250    zw=1 zt=1 blend=1 cw=0xf | vs[proj][obj][skin] ps='Blend_MapSampler' rank=100 | tex0=3B9E9570 inst=0
 3501 ? v=7977   p=143    zw=1 zt=1 blend=1 cw=0xf | vs[proj][obj][skin] ps='Blend_MapSampler' rank=100 | tex0=3B9E9570 inst=0
 3502 ? v=7977   p=175    zw=1 zt=1 blend=1 cw=0xf | vs[proj][obj][skin] ps='Blend_MapSampler' rank=100 | tex0=3B9E9570 inst=0
 3503 ? v=7977   p=570    zw=1 zt=1 blend=1 cw=0xf | vs[proj][obj][skin] ps='Blend_MapSampler' rank=100 | tex0=3B9E9570 inst=0
 3504 ? v=7977   p=1416   zw=1 zt=1 blend=1 cw=0xf | vs[proj][obj][skin] ps='Blend_MapSampler' rank=100 | tex0=3B9E9570 inst=0
 3505 ? v=7977   p=539    zw=1 zt=1 blend=1 cw=0xf | vs[proj][obj][skin] ps='Blend_MapSampler' rank=100 | tex0=3B9E9570 inst=0
 3506 ? v=7977   p=723    zw=1 zt=1 blend=1 cw=0xf | vs[proj][obj][skin] ps='Blend_MapSampler' rank=100 | tex0=3B9E9570 inst=0
 3507 ? v=7977   p=198    zw=1 zt=1 blend=1 cw=0xf | vs[proj][obj][skin] ps='Blend_MapSampler' rank=100 | tex0=3B9E9570 inst=0
 3508 ? v=7977   p=86     zw=1 zt=1 blend=1 cw=0xf | vs[proj][obj][skin] ps='Blend_MapSampler' rank=100 | tex0=3B9E9570 inst=0
 3509 ? v=7977   p=188    zw=1 zt=1 blend=1 cw=0xf | vs[proj][obj][skin] ps='Blend_MapSampler' rank=100 | tex0=3B9E9570 inst=0
 3510 ? v=7977   p=386    zw=1 zt=1 blend=1 cw=0xf | vs[proj][obj][skin] ps='Blend_MapSampler' rank=100 | tex0=3B9E9570 inst=0
 3511 ? v=7977   p=1318   zw=1 zt=1 blend=1 cw=0xf | vs[proj][obj][skin] ps='Blend_MapSampler' rank=100 | tex0=3B9E9570 inst=0
 3512 ? v=7977   p=170    zw=1 zt=1 blend=1 cw=0xf | vs[proj][obj][skin] ps='Blend_MapSampler' rank=100 | tex0=3B9E9570 inst=0
 3513 ? v=7977   p=84     zw=1 zt=1 blend=1 cw=0xf | vs[proj][obj][skin] ps='Blend_MapSampler' rank=100 | tex0=3B9E9570 inst=0
 3514 ? v=7977   p=195    zw=1 zt=1 blend=1 cw=0xf | vs[proj][obj][skin] ps='Blend_MapSampler' rank=100 | tex0=3B9E9570 inst=0
 3515 ? v=7977   p=647    zw=1 zt=1 blend=1 cw=0xf | vs[proj][obj][skin] ps='Blend_MapSampler' rank=100 | tex0=3B9E9570 inst=0
 3516 ? v=7977   p=740    zw=1 zt=1 blend=1 cw=0xf | vs[proj][obj][skin] ps='Blend_MapSampler' rank=100 | tex0=3B9E9570 inst=0
 3517 ? v=7977   p=309    zw=1 zt=1 blend=1 cw=0xf | vs[proj][obj][skin] ps='Decal_MapSampler' rank=100 | tex0=16098E40 inst=0
 3518 ? v=7977   p=2972   zw=1 zt=1 blend=1 cw=0xf | vs[proj][obj][skin] ps='Blend_MapSampler' rank=100 | tex0=3B9E9570 inst=0
 3519 ? v=1128   p=2886   zw=1 zt=1 blend=1 cw=0xf | vs[proj][obj][skin] ps='IR_GBuffer_DSF_DataSampler' rank=80 | tex0=4A3A8A38 inst=0
 3520 PASS    v=498    p=577    zw=0 zt=1 blend=1 cw=0xf | vs[proj][obj][    ] ps='' rank=0 | tex0=4A3A8A38 inst=0
 3521 CONVERT v=343    p=118    zw=0 zt=1 blend=1 cw=0xf | vs[proj][obj][    ] ps='Diffuse_Map_1Sampler' rank=100 | tex0=44F192D0 inst=0
 3522 CONVERT v=343    p=625    zw=0 zt=1 blend=1 cw=0xf | vs[proj][obj][    ] ps='Diffuse_Map_1Sampler' rank=100 | tex0=44F19D50 inst=0
 3523 CONVERT v=343    p=118    zw=0 zt=1 blend=1 cw=0xf | vs[proj][obj][    ] ps='Diffuse_MapSampler' rank=100 | tex0=44F19110 inst=0
 3524 CONVERT v=2676   p=2546   zw=0 zt=1 blend=1 cw=0xf | vs[proj][obj][    ] ps='Diffuse_MapSampler' rank=100 | tex0=44F19B90 inst=0
 3525 CONVERT v=2676   p=1460   zw=0 zt=1 blend=1 cw=0xf | vs[proj][obj][    ] ps='Diffuse_MapSampler' rank=100 | tex0=44F19B90 inst=0
 3526 ? v=271    p=455    zw=0 zt=1 blend=1 cw=0xf | vs[proj][obj][skin] ps='Diffuse_MapSampler' rank=100 | tex0=4A3A94B8 inst=0
 3527 CONVERT v=4      p=2      zw=0 zt=1 blend=1 cw=0xf | vs[proj][obj][    ] ps='Alpha_MaskSampler' rank=100 | tex0=165D2130 inst=0
 3528 CONVERT v=4      p=2      zw=0 zt=1 blend=1 cw=0xf | vs[proj][obj][    ] ps='Alpha_MaskSampler' rank=100 | tex0=165D2130 inst=0
 3529 CONVERT v=4      p=2      zw=0 zt=1 blend=1 cw=0xf | vs[proj][obj][    ] ps='Alpha_MaskSampler' rank=100 | tex0=165D2130 inst=0
 3530 CONVERT v=4      p=2      zw=0 zt=1 blend=1 cw=0xf | vs[proj][obj][    ] ps='Alpha_MaskSampler' rank=100 | tex0=165D2130 inst=0
 3531 CONVERT v=16     p=8      zw=0 zt=1 blend=1 cw=0xf | vs[proj][obj][    ] ps='Blend_MapSampler' rank=70 | tex0=160989E0 inst=0
 3532 CONVERT v=15     p=7      zw=0 zt=1 blend=1 cw=0xf | vs[proj][obj][    ] ps='Blend_MapSampler' rank=70 | tex0=160989E0 inst=0
 3533 CONVERT v=15     p=8      zw=0 zt=1 blend=1 cw=0xf | vs[proj][obj][    ] ps='Blend_MapSampler' rank=70 | tex0=160989E0 inst=0
 3534 CONVERT v=16     p=1      zw=0 zt=1 blend=1 cw=0xf | vs[proj][obj][    ] ps='Blend_MapSampler' rank=70 | tex0=160989E0 inst=0
 3535 CONVERT v=16     p=2      zw=0 zt=1 blend=1 cw=0xf | vs[proj][obj][    ] ps='Blend_MapSampler' rank=70 | tex0=160989E0 inst=0
 3536 CONVERT v=10     p=2      zw=0 zt=1 blend=1 cw=0xf | vs[proj][obj][    ] ps='Blend_MapSampler' rank=70 | tex0=160989E0 inst=0
 3537 CONVERT v=9      p=1      zw=0 zt=1 blend=1 cw=0xf | vs[proj][obj][    ] ps='Blend_MapSampler' rank=70 | tex0=160989E0 inst=0
 3538 CONVERT v=40     p=20     zw=0 zt=1 blend=1 cw=0xf | vs[proj][obj][    ] ps='Blend_MapSampler' rank=70 | tex0=160989E0 inst=0
 3539 CONVERT v=20     p=4      zw=0 zt=1 blend=1 cw=0xf | vs[proj][obj][    ] ps='Blend_MapSampler' rank=70 | tex0=160989E0 inst=0
 3540 CONVERT v=8      p=2      zw=0 zt=1 blend=1 cw=0xf | vs[proj][obj][    ] ps='Blend_MapSampler' rank=70 | tex0=160989E0 inst=0
 3541 CONVERT v=8      p=2      zw=0 zt=1 blend=1 cw=0xf | vs[proj][obj][    ] ps='Blend_MapSampler' rank=70 | tex0=160989E0 inst=0
 3542 CONVERT v=25     p=19     zw=0 zt=1 blend=1 cw=0xf | vs[proj][obj][    ] ps='Blend_MapSampler' rank=70 | tex0=160989E0 inst=0
 3543 CONVERT v=3632   p=307    zw=0 zt=1 blend=1 cw=0xf | vs[proj][obj][    ] ps='Diffuse_MapSampler' rank=100 | tex0=44F12650 inst=0
 3544 CONVERT v=8      p=8      zw=0 zt=1 blend=1 cw=0xf | vs[proj][obj][    ] ps='Alpha_MaskSampler' rank=100 | tex0=165D37F0 inst=0
 3545 CONVERT v=8      p=8      zw=0 zt=1 blend=1 cw=0xf | vs[proj][obj][    ] ps='Alpha_MaskSampler' rank=100 | tex0=165D37F0 inst=0
 3546 CONVERT v=8      p=8      zw=0 zt=1 blend=1 cw=0xf | vs[proj][obj][    ] ps='Alpha_MaskSampler' rank=100 | tex0=165D37F0 inst=0
 3547 CONVERT v=8      p=8      zw=0 zt=1 blend=1 cw=0xf | vs[proj][obj][    ] ps='Alpha_MaskSampler' rank=100 | tex0=165D37F0 inst=0
 3548 CONVERT v=82     p=202    zw=0 zt=1 blend=1 cw=0xf | vs[proj][obj][    ] ps='Alpha_MaskSampler' rank=100 | tex0=165D3A90 inst=0
 3549 CONVERT v=16     p=23     zw=0 zt=1 blend=1 cw=0xf | vs[proj][obj][    ] ps='Diffuse_MapSampler' rank=100 | tex0=16098740 inst=0
 3550 CONVERT v=16     p=20     zw=0 zt=1 blend=1 cw=0xf | vs[proj][obj][    ] ps='Diffuse_MapSampler' rank=100 | tex0=3F252A30 inst=0
 3551 CONVERT v=8      p=8      zw=0 zt=1 blend=1 cw=0xf | vs[proj][obj][    ] ps='Diffuse_MapSampler' rank=100 | tex0=3F252A30 inst=0
 3552 CONVERT v=8      p=8      zw=0 zt=1 blend=1 cw=0xf | vs[proj][obj][    ] ps='Diffuse_MapSampler' rank=100 | tex0=3F252A30 inst=0
 3553 CONVERT v=8      p=8      zw=0 zt=1 blend=1 cw=0xf | vs[proj][obj][    ] ps='Diffuse_MapSampler' rank=100 | tex0=3F252A30 inst=0
 3554 CONVERT v=8      p=8      zw=0 zt=1 blend=1 cw=0xf | vs[proj][obj][    ] ps='Diffuse_MapSampler' rank=100 | tex0=3F252A30 inst=0
 3555 CONVERT v=8      p=8      zw=0 zt=1 blend=1 cw=0xf | vs[proj][obj][    ] ps='Diffuse_MapSampler' rank=100 | tex0=3F252A30 inst=0
 3556 CONVERT v=8      p=8      zw=0 zt=1 blend=1 cw=0xf | vs[proj][obj][    ] ps='Diffuse_MapSampler' rank=100 | tex0=3F252A30 inst=0
 3557 CONVERT v=8      p=8      zw=0 zt=1 blend=1 cw=0xf | vs[proj][obj][    ] ps='Diffuse_MapSampler' rank=100 | tex0=3F252A30 inst=0
 3558 CONVERT v=8      p=8      zw=0 zt=1 blend=1 cw=0xf | vs[proj][obj][    ] ps='Diffuse_MapSampler' rank=100 | tex0=3F252A30 inst=0
 3559 CONVERT v=16     p=20     zw=0 zt=1 blend=1 cw=0xf | vs[proj][obj][    ] ps='Diffuse_MapSampler' rank=100 | tex0=3F252A30 inst=0
 3560 CONVERT v=8      p=8      zw=0 zt=1 blend=1 cw=0xf | vs[proj][obj][    ] ps='Diffuse_MapSampler' rank=100 | tex0=3F252A30 inst=0
 3561 CONVERT v=8      p=8      zw=0 zt=1 blend=1 cw=0xf | vs[proj][obj][    ] ps='Diffuse_MapSampler' rank=100 | tex0=3F252A30 inst=0
 3562 CONVERT v=8      p=8      zw=0 zt=1 blend=1 cw=0xf | vs[proj][obj][    ] ps='Diffuse_MapSampler' rank=100 | tex0=3F252A30 inst=0
 3563 CONVERT v=16     p=20     zw=0 zt=1 blend=1 cw=0xf | vs[proj][obj][    ] ps='Diffuse_MapSampler' rank=100 | tex0=3F252A30 inst=0
 3564 CONVERT v=8      p=8      zw=0 zt=1 blend=1 cw=0xf | vs[proj][obj][    ] ps='Diffuse_MapSampler' rank=100 | tex0=3F252A30 inst=0
 3565 CONVERT v=16     p=20     zw=0 zt=1 blend=1 cw=0xf | vs[proj][obj][    ] ps='Diffuse_MapSampler' rank=100 | tex0=3F252A30 inst=0
 3566 CONVERT v=8      p=8      zw=0 zt=1 blend=1 cw=0xf | vs[proj][obj][    ] ps='Diffuse_MapSampler' rank=100 | tex0=3F252A30 inst=0
 3567 CONVERT v=8      p=8      zw=0 zt=1 blend=1 cw=0xf | vs[proj][obj][    ] ps='Diffuse_MapSampler' rank=100 | tex0=3F252A30 inst=0
 3568 ? v=764    p=387    zw=0 zt=1 blend=1 cw=0xf | vs[proj][obj][skin] ps='Diffuse_MapSampler' rank=100 | tex0=4A3A9758 inst=0
 3569 CONVERT v=17601  p=171    zw=0 zt=1 blend=1 cw=0xf | vs[proj][obj][    ] ps='Diffuse_MapSampler' rank=100 | tex0=47E60FB0 inst=0
 3570 CONVERT v=194    p=88     zw=0 zt=1 blend=1 cw=0xf | vs[proj][obj][    ] ps='Diffuse_MapSampler' rank=100 | tex0=3F252A30 inst=0
 3571 CONVERT v=312    p=20     zw=0 zt=1 blend=1 cw=0xf | vs[proj][obj][    ] ps='Diffuse_MapSampler' rank=100 | tex0=3F252A30 inst=0
 3572 CONVERT v=830    p=426    zw=0 zt=1 blend=1 cw=0xf | vs[proj][obj][    ] ps='Diffuse_MapSampler' rank=100 | tex0=3F252A30 inst=0

3572 draws total in the frame.
