sr3-rtx loaded (pid 26808) - FFP conversion, ported from sr2-rtx-remix-proxy
settings: ffp=1 convertSkinned=1 hiddenPassMode=3 skipUntextured=1 screenSpaceMode=2 hideLightVolumes=1 skipMirrored=1 dumpFrame=1800
          rankAlbedo=1 excludeRTAlbedo=1 cacheMeshAlbedo=1 injectLights=1
CreateDevice hook installed
CreateDeviceEx hook installed
CreateDeviceEx -> hooking device (backbuffer 1280x720, aspect 1.778)
marker texture created: 4x4 A8R8G8B8 magenta at 038CFF88. Tag it in the Remix menu (Alt+X -> Game Setup) and put its hash in rtx.ignoreTextures.
device reports MaxActiveLights = 8, using 8 light slots
back buffer surface 0389E860 (cleared once a frame; the composite no longer writes it)
light shader: directional (pos=c0 dir=c-1 color=c2 info=c-1 spot=c-1)
light shader: directional (pos=c0 dir=c-1 color=c2 info=c-1 spot=c-1)
light shader: directional (pos=c0 dir=c-1 color=c2 info=c-1 spot=c-1)
light shader: directional (pos=c0 dir=c-1 color=c2 info=c-1 spot=c-1)
light shader: directional (pos=c0 dir=c-1 color=c2 info=c-1 spot=c-1)
light shader: directional (pos=c0 dir=c-1 color=c2 info=c-1 spot=c-1)
HITCH frame 2: 91.1 ms = present 91.0 + our-present 0.0 + draws 0.0 + other-hooks 0.0 + game/bridge 0.1 | draws 0 | new shaders 0 textures 0
vertex layout #1: elems=3 pos=float4@0(stream 0) uv=float2 normal=0 color=1 skinned=0 positionT=0
HITCH frame 3: 303.7 ms = present 16.3 + our-present 0.0 + draws 0.0 + other-hooks 0.0 + game/bridge 287.4 | draws 0 | new shaders 0 textures 4
frame 60 | draws 0/frame | FFP converted 0/frame (0.0%)
    not converted: screen-space 0  skinned 0  ortho 0  vertex-format 0  untextured 0  instanced 0  mirrored 0  other-camera 0  no camera 0  other 0 (per frame)
    prepasses hidden: sampler-less 0/frame, stipple-with-no-colour 0/frame (these used to convert WHITE) | post/composite quads marked 0/frame
    constant-colour materials (no diffuse map, albedo from the shader's own constant) 0/frame | HUD quads demoted to UI 0/frame | back-buffer clears 0/frame | sky draws 0/frame | UI-pass draws converted 0/frame
    instancing: 0 converted from the instance stream/frame, 0 refused/frame (largest single draw 0 instances, 0.0 buffer writes snooped/frame)
    SKINNING: 0 skinned/frame, 0 refused/frame, 0 exact duplicates dropped/frame | 0 meshes decoded, 0 cached, 0 cache flushes
    ALBEDO stage 0 taken raw (no shader reflection) 0/frame
    ALBEDO: constant-only 0/frame, tinted fallback 0/frame, genuinely blank 0/frame (of 0 rank-0 draws/frame)
    ALBEDO WHITE (previously uncounted): named-but-not-bound 0/frame, render-target exclusion left nothing 0/frame | colourless passes now hidden 0/frame | screen-space passes hidden 0/frame | particle billboards hidden 0/frame
    SKIPPED entirely 0/frame (mode 3) | demoted to UI overlay 0/frame | no-albedo materials left to Remix 0/frame
    MARKED with the marker texture 0/frame (refused as unsafe 0/frame, 0 SetTexture calls/frame, marker created)
    albedo: moved off stage 0 0/frame, blanked 0/frame, restored from mesh cache 0/frame (0 meshes cached, 0 flushes) | RT textures known 55 | lights 0.0/frame (24 shaders)
    camera 0.0 0.0 0.0 | distinct cameras this frame 0 (max 0) | transform writes 0/frame | redundant state calls dropped 0/frame
    world matrix changes 0/frame | objTM used without a fresh upload 0/frame | uv matrix writes 0/frame (last scale 0.00000, 0.00000)
    TIMING: frame 22.5 ms avg (44 fps), worst 304 ms | shim 0.00 ms avg (0.0% of frame), worst 0.0 ms
    TIMING tail: 2 frames >=33 ms, 1 >=100 ms in this window of 60 | inside real Present 17.05 ms avg, worst 91.0 ms | our other hooks 0.00 ms avg
HITCH frame 212: 67.3 ms = present 13.2 + our-present 0.0 + draws 0.0 + other-hooks 0.0 + game/bridge 54.1 | draws 0 | new shaders 0 textures 3
HITCH frame 249: 45.9 ms = present 0.3 + our-present 0.0 + draws 0.0 + other-hooks 0.0 + game/bridge 45.6 | draws 0 | new shaders 0 textures 0
HITCH frame 439: 45.5 ms = present 0.3 + our-present 0.0 + draws 0.0 + other-hooks 0.0 + game/bridge 45.3 | draws 0 | new shaders 0 textures 0
HITCH frame 487: 45.8 ms = present 0.2 + our-present 0.0 + draws 0.0 + other-hooks 0.0 + game/bridge 45.5 | draws 0 | new shaders 0 textures 0
HITCH frame 493: 45.8 ms = present 0.2 + our-present 0.0 + draws 0.0 + other-hooks 0.0 + game/bridge 45.5 | draws 0 | new shaders 0 textures 0
HITCH frame 548: 78.8 ms = present 16.5 + our-present 0.0 + draws 0.0 + other-hooks 0.0 + game/bridge 62.3 | draws 0 | new shaders 0 textures 0
frame 600 | draws 0/frame | FFP converted 0/frame (0.0%)
    not converted: screen-space 0  skinned 0  ortho 0  vertex-format 0  untextured 0  instanced 0  mirrored 0  other-camera 0  no camera 0  other 0 (per frame)
    prepasses hidden: sampler-less 0/frame, stipple-with-no-colour 0/frame (these used to convert WHITE) | post/composite quads marked 0/frame
    constant-colour materials (no diffuse map, albedo from the shader's own constant) 0/frame | HUD quads demoted to UI 0/frame | back-buffer clears 0/frame | sky draws 0/frame | UI-pass draws converted 0/frame
    instancing: 0 converted from the instance stream/frame, 0 refused/frame (largest single draw 0 instances, 0.0 buffer writes snooped/frame)
    SKINNING: 0 skinned/frame, 0 refused/frame, 0 exact duplicates dropped/frame | 0 meshes decoded, 0 cached, 0 cache flushes
    ALBEDO stage 0 taken raw (no shader reflection) 0/frame
    ALBEDO: constant-only 0/frame, tinted fallback 0/frame, genuinely blank 0/frame (of 0 rank-0 draws/frame)
    ALBEDO WHITE (previously uncounted): named-but-not-bound 0/frame, render-target exclusion left nothing 0/frame | colourless passes now hidden 0/frame | screen-space passes hidden 0/frame | particle billboards hidden 0/frame
    SKIPPED entirely 0/frame (mode 3) | demoted to UI overlay 0/frame | no-albedo materials left to Remix 0/frame
    MARKED with the marker texture 0/frame (refused as unsafe 0/frame, 0 SetTexture calls/frame, marker created)
    albedo: moved off stage 0 0/frame, blanked 0/frame, restored from mesh cache 0/frame (0 meshes cached, 0 flushes) | RT textures known 55 | lights 0.0/frame (24 shaders)
    camera 0.0 0.0 0.0 | distinct cameras this frame 0 (max 0) | transform writes 0/frame | redundant state calls dropped 0/frame
    world matrix changes 0/frame | objTM used without a fresh upload 0/frame | uv matrix writes 0/frame (last scale 0.00000, 0.00000)
    TIMING: frame 25.0 ms avg (40 fps), worst 79 ms | shim 0.00 ms avg (0.0% of frame), worst 0.0 ms
    TIMING tail: 7 frames >=33 ms, 0 >=100 ms in this window of 600 | inside real Present 7.85 ms avg, worst 22.3 ms | our other hooks 0.00 ms avg
frame 1200 | draws 0/frame | FFP converted 0/frame (0.0%)
    not converted: screen-space 0  skinned 0  ortho 0  vertex-format 0  untextured 0  instanced 0  mirrored 0  other-camera 0  no camera 0  other 0 (per frame)
    prepasses hidden: sampler-less 0/frame, stipple-with-no-colour 0/frame (these used to convert WHITE) | post/composite quads marked 0/frame
    constant-colour materials (no diffuse map, albedo from the shader's own constant) 0/frame | HUD quads demoted to UI 0/frame | back-buffer clears 0/frame | sky draws 0/frame | UI-pass draws converted 0/frame
    instancing: 0 converted from the instance stream/frame, 0 refused/frame (largest single draw 0 instances, 0.0 buffer writes snooped/frame)
    SKINNING: 0 skinned/frame, 0 refused/frame, 0 exact duplicates dropped/frame | 0 meshes decoded, 0 cached, 0 cache flushes
    ALBEDO stage 0 taken raw (no shader reflection) 0/frame
    ALBEDO: constant-only 0/frame, tinted fallback 0/frame, genuinely blank 0/frame (of 0 rank-0 draws/frame)
    ALBEDO WHITE (previously uncounted): named-but-not-bound 0/frame, render-target exclusion left nothing 0/frame | colourless passes now hidden 0/frame | screen-space passes hidden 0/frame | particle billboards hidden 0/frame
    SKIPPED entirely 0/frame (mode 3) | demoted to UI overlay 0/frame | no-albedo materials left to Remix 0/frame
    MARKED with the marker texture 0/frame (refused as unsafe 0/frame, 0 SetTexture calls/frame, marker created)
    albedo: moved off stage 0 0/frame, blanked 0/frame, restored from mesh cache 0/frame (0 meshes cached, 0 flushes) | RT textures known 55 | lights 0.0/frame (24 shaders)
    camera 0.0 0.0 0.0 | distinct cameras this frame 0 (max 0) | transform writes 0/frame | redundant state calls dropped 0/frame
    world matrix changes 0/frame | objTM used without a fresh upload 0/frame | uv matrix writes 0/frame (last scale 0.00000, 0.00000)
    TIMING: frame 20.8 ms avg (48 fps), worst 19 ms | shim 0.00 ms avg (0.0% of frame), worst 0.0 ms
    TIMING tail: 0 frames >=33 ms, 0 >=100 ms in this window of 600 | inside real Present 12.17 ms avg, worst 16.6 ms | our other hooks 0.00 ms avg
HITCH frame 1201: 45.8 ms = present 16.3 + our-present 0.2 + draws 0.0 + other-hooks 0.0 + game/bridge 29.4 | draws 0 | new shaders 0 textures 412
vertex layout #2: elems=2 pos=float4@0(stream 0) uv=float2 normal=0 color=0 skinned=0 positionT=0
stream freq #1: stream=0 setting=0x00000001 -> plain count=1
stream freq #2: stream=0 setting=0x00000001 -> plain count=1
frame 1800 | draws 0/frame | FFP converted 0/frame (0.0%)
    not converted: screen-space 0  skinned 0  ortho 0  vertex-format 0  untextured 0  instanced 0  mirrored 0  other-camera 0  no camera 0  other 0 (per frame)
    prepasses hidden: sampler-less 0/frame, stipple-with-no-colour 0/frame (these used to convert WHITE) | post/composite quads marked 0/frame
    constant-colour materials (no diffuse map, albedo from the shader's own constant) 0/frame | HUD quads demoted to UI 0/frame | back-buffer clears 0/frame | sky draws 0/frame | UI-pass draws converted 0/frame
    instancing: 0 converted from the instance stream/frame, 0 refused/frame (largest single draw 0 instances, 0.0 buffer writes snooped/frame)
    SKINNING: 0 skinned/frame, 0 refused/frame, 0 exact duplicates dropped/frame | 0 meshes decoded, 0 cached, 0 cache flushes
    ALBEDO stage 0 taken raw (no shader reflection) 0/frame
    ALBEDO: constant-only 0/frame, tinted fallback 0/frame, genuinely blank 0/frame (of 0 rank-0 draws/frame)
    ALBEDO WHITE (previously uncounted): named-but-not-bound 0/frame, render-target exclusion left nothing 0/frame | colourless passes now hidden 0/frame | screen-space passes hidden 0/frame | particle billboards hidden 0/frame
    SKIPPED entirely 0/frame (mode 3) | demoted to UI overlay 0/frame | no-albedo materials left to Remix 0/frame
    MARKED with the marker texture 0/frame (refused as unsafe 0/frame, 0 SetTexture calls/frame, marker created)
    albedo: moved off stage 0 0/frame, blanked 0/frame, restored from mesh cache 0/frame (0 meshes cached, 0 flushes) | RT textures known 55 | lights 0.0/frame (24 shaders)
    camera 0.0 0.0 0.0 | distinct cameras this frame 0 (max 0) | transform writes 0/frame | redundant state calls dropped 0/frame
    world matrix changes 0/frame | objTM used without a fresh upload 0/frame | uv matrix writes 0/frame (last scale 0.00000, 0.00000)
    TIMING: frame 19.4 ms avg (51 fps), worst 46 ms | shim 0.00 ms avg (0.0% of frame), worst 0.0 ms
    TIMING tail: 1 frames >=33 ms, 0 >=100 ms in this window of 600 | inside real Present 13.59 ms avg, worst 16.7 ms | our other hooks 0.00 ms avg
stream freq #3: stream=0 setting=0x00000001 -> plain count=1
stream freq #4: stream=0 setting=0x00000001 -> plain count=1
stream freq #5: stream=0 setting=0x00000001 -> plain count=1
stream freq #6: stream=0 setting=0x00000001 -> plain count=1
stream freq #7: stream=0 setting=0x00000001 -> plain count=1
stream freq #8: stream=0 setting=0x00000001 -> plain count=1
vertex layout #3: elems=12 pos=float3@0(stream 0) uv=short2 normal=1 color=0 skinned=0 positionT=0
stream freq #9: stream=4 setting=0x80000001 -> INSTANCEDATA count=1
stream freq #10: stream=0 setting=0x40000001 -> INDEXEDDATA count=1
skinning: vertex buffer created (8192 KB, 32-byte vertices)
stream freq #11: stream=4 setting=0x80000001 -> INSTANCEDATA count=1
stream freq #12: stream=4 setting=0x80000001 -> INSTANCEDATA count=1
vertex layout #4: elems=13 pos=float3@0(stream 0) uv=short2 normal=1 color=0 skinned=0 positionT=0
vertex layout #5: elems=12 pos=float3@0(stream 0) uv=short2 normal=1 color=0 skinned=0 positionT=0
vertex layout #6: elems=11 pos=float3@0(stream 0) uv=short2 normal=1 color=0 skinned=0 positionT=0
vertex layout #7: elems=7 pos=float3@0(stream 0) uv=short2 normal=0 color=0 skinned=0 positionT=0
vertex layout #8: elems=8 pos=float3@0(stream 0) uv=? normal=1 color=1 skinned=0 positionT=0
vertex layout #9: elems=10 pos=float3@0(stream 0) uv=? normal=1 color=0 skinned=0 positionT=0
vertex layout #10: elems=13 pos=float3@0(stream 0) uv=short2 normal=1 color=0 skinned=0 positionT=0
vertex layout #11: elems=6 pos=float3@0(stream 0) uv=short2 normal=1 color=1 skinned=0 positionT=0
view handedness baseline: determinant 1.000 (positive)
camera: pos -145.2 20.0 -192.3 | proj _11=1.6085 _22=2.8594 _33=1.00001 _43=-0.15 (aspect 1.778)
INHERITED sampler0 before conversion #1: addressU=1 addressV=1 mipfilter=2 magfilter=2 (1=WRAP 2=MIRROR 3=CLAMP | filter 0=NONE 1=POINT 2=LINEAR) | ps='Diffuse_MapSampler'
short2 UV range #1: u 396..949  v 148..1029  (verts=12 stride=32 off=20)
DECAL/PARTICLE #1: ps='Diffuse_MapSampler' rank=100 verts=12 usesObjTM=0 | world scale (1.00 1.00 1.00) translation (0.0 0.0 0.0) | camera (-145.2 20.0 -192.3) | blend=1
ALBEDO BOUND #1: ps='Diffuse_MapSampler' rank=100 -> 512x512 fmt=894720068 mips=8 pool=0 usage=0x200 
  depth-disabled draw #1666: verts=1408  prims=704   zwrite=0 tex0=44F686E0 objTM=0 lightVolume=no ps='' size=453.8x54.8x271.8 centre=(-238.1 31.4 148.8) distFromCam=353.8
  depth-disabled draw #1667: verts=540   prims=270   zwrite=0 tex0=44F69BE0 objTM=0 lightVolume=no ps='Diffuse_MapSampler' size=456.2x21.0x330.6 centre=(-174.3 18.9 146.4) distFromCam=340.0
INHERITED sampler0 before conversion #2: addressU=1 addressV=1 mipfilter=2 magfilter=2 (1=WRAP 2=MIRROR 3=CLAMP | filter 0=NONE 1=POINT 2=LINEAR) | ps='Diffuse_MapSampler'
short2 UV range #2: u -3..1232  v -1..1015  (verts=540 stride=32 off=20)
  depth-disabled draw #1668: verts=320   prims=160   zwrite=0 tex0=44F6A660 objTM=0 lightVolume=no ps='Diffuse_MapSampler' size=170.4x30.7x170.4 centre=(910.3 28.4 1191.1) distFromCam=1740.1
INHERITED sampler0 before conversion #3: addressU=1 addressV=1 mipfilter=2 magfilter=2 (1=WRAP 2=MIRROR 3=CLAMP | filter 0=NONE 1=POINT 2=LINEAR) | ps='Diffuse_MapSampler'
short2 UV range #3: u 273..492  v -829..516  (verts=320 stride=32 off=20)
  depth-disabled draw #1669: verts=60    prims=30    zwrite=0 tex0=44F68A60 objTM=0 lightVolume=no ps='Diffuse_MapSampler' size=46.3x51.2x30.9 centre=(-303.7 37.5 231.3) distFromCam=452.6
INHERITED sampler0 before conversion #4: addressU=1 addressV=1 mipfilter=2 magfilter=2 (1=WRAP 2=MIRROR 3=CLAMP | filter 0=NONE 1=POINT 2=LINEAR) | ps='Diffuse_MapSampler'
short2 UV range #4: u 279..1763  v -1243..2787  (verts=60 stride=32 off=20)
  depth-disabled draw #1670: verts=192   prims=96    zwrite=0 tex0=44F6AF20 objTM=0 lightVolume=no ps='Normal_MapSampler' size=71.7x17.8x47.0 centre=(-289.8 22.4 88.7) distFromCam=316.1
  depth-disabled draw #1671: verts=20    prims=10    zwrite=0 tex0=44F6A660 objTM=0 lightVolume=no ps='Diffuse_MapSampler' size=11.4x19.0x0.0 centre=(-289.9 19.5 75.9) distFromCam=304.8
INHERITED sampler0 before conversion #5: addressU=1 addressV=1 mipfilter=2 magfilter=2 (1=WRAP 2=MIRROR 3=CLAMP | filter 0=NONE 1=POINT 2=LINEAR) | ps='Diffuse_MapSampler'
short2 UV range #5: u -8..777  v -2286..2883  (verts=20 stride=32 off=20)
  depth-disabled draw #1672: verts=80    prims=40    zwrite=0 tex0=44F6B7E0 objTM=0 lightVolume=no ps='' size=53.7x3.7x53.7 centre=(80.5 116.6 240.4) distFromCam=497.5
  depth-disabled draw #1673: verts=396   prims=198   zwrite=0 tex0=44F70860 objTM=0 lightVolume=no ps='' size=54.2x11.2x54.2 centre=(80.7 23.2 240.3) distFromCam=488.1
  depth-disabled draw #1674: verts=56    prims=28    zwrite=0 tex0=48818DA8 objTM=0 lightVolume=no ps='Normal_MapSampler' size=86.5x14.4x32.7 centre=(-134.7 30.9 -157.4) distFromCam=38.0
  depth-disabled draw #1675: verts=108   prims=54    zwrite=0 tex0=44F6E8E0 objTM=0 lightVolume=no ps='Diffuse_MapSampler' size=91.8x13.8x45.2 centre=(-135.5 24.7 -162.5) distFromCam=31.6
INHERITED sampler0 before conversion #6: addressU=1 addressV=1 mipfilter=2 magfilter=2 (1=WRAP 2=MIRROR 3=CLAMP | filter 0=NONE 1=POINT 2=LINEAR) | ps='Diffuse_MapSampler'
short2 UV range #6: u -3..1015  v -227..1739  (verts=108 stride=32 off=20)
  depth-disabled draw #1676: verts=720   prims=360   zwrite=0 tex0=44F6AD60 objTM=0 lightVolume=no ps='' size=558.0x22.1x308.1 centre=(-144.7 19.7 164.6) distFromCam=357.0
  depth-disabled draw #1677: verts=252   prims=126   zwrite=0 tex0=44F696A0 objTM=0 lightVolume=no ps='' size=410.5x20.4x109.5 centre=(-164.2 20.5 194.1) distFromCam=386.9
  depth-disabled draw #1678: verts=204   prims=102   zwrite=0 tex0=44F6AF20 objTM=0 lightVolume=no ps='Normal_MapSampler' size=217.7x18.9x294.4 centre=(-212.3 30.6 -35.0) distFromCam=171.4
  depth-disabled draw #1679: verts=4     prims=2     zwrite=0 tex0=44F688A0 objTM=0 lightVolume=no ps='' size=1.4x3.2x1.3 centre=(-272.3 16.3 -17.4) distFromCam=216.2
  depth-disabled draw #1680: verts=76    prims=38    zwrite=0 tex0=44F65B20 objTM=0 lightVolume=no ps='' size=64.1x4.6x42.1 centre=(-135.5 25.4 -161.1) distFromCam=33.1
vertex layout #12: elems=2 pos=float4@0(stream 0) uv=float4 normal=0 color=0 skinned=0 positionT=0
ALBEDO BOUND #2: ps='Diffuse_mapSampler' rank=100 -> 1024x512 fmt=894720068 mips=8 pool=0 usage=0x200 
DECAL/PARTICLE #2: ps='Diffuse_mapSampler' rank=100 verts=40 usesObjTM=0 | world scale (1.00 1.00 1.00) translation (0.0 0.0 0.0) | camera (-145.2 20.0 -192.3) | blend=1
vertex layout #13: elems=15 pos=float3@0(stream 0) uv=short2 normal=1 color=0 skinned=1 positionT=0
    stream=0 offset= 0 type=float3  (2) usage=POSITION     index=0
    stream=0 offset=12 type=ubyte4n (8) usage=NORMAL       index=0
    stream=0 offset=16 type=ubyte4n (8) usage=TANGENT      index=0
    stream=0 offset=20 type=ubyte4  (5) usage=BLENDWEIGHT  index=0
    stream=0 offset=24 type=ubyte4  (5) usage=BLENDINDICES index=0
    stream=0 offset=28 type=short2  (6) usage=TEXCOORD     index=0
    stream=0 offset=32 type=short2  (6) usage=TEXCOORD     index=1
    stream=2 offset= 0 type=short4  (7) usage=POSITION     index=1
    stream=2 offset= 8 type=ubyte4n (8) usage=NORMAL       index=1
    stream=3 offset= 0 type=ubyte4n (8) usage=COLOR        index=0
    stream=4 offset= 0 type=float4  (3) usage=POSITION     index=2
    stream=4 offset=16 type=float4  (3) usage=POSITION     index=3
    stream=4 offset=32 type=float4  (3) usage=POSITION     index=4
    stream=4 offset=48 type=d3dcolor(4) usage=COLOR        index=1
    stream=4 offset=52 type=d3dcolor(4) usage=COLOR        index=2
SKINNED draw #1: verts=1080 disp=4 stride=36 | VB usage=0x8 static | live bone regs 7 | objTM t=(-145.15 18.08 -185.82)
    decl: pos type=float3@0  normal type=ubyte4n@12  weights type=ubyte4@20  indices type=ubyte4@24
    bone[0] rows (0.775 0.617 -0.135 -0.880) (-0.631 0.767 -0.119 0.449) (0.030 0.178 0.984 -0.309)
    vert 0: pos(0.456 1.099 -0.043) weightBytes[129 126 0 0] indexBytes[0 3 255 255]
    vert 1: pos(0.461 1.099 -0.063) weightBytes[128 127 0 0] indexBytes[0 3 255 255]
    vert 2: pos(0.450 1.099 -0.043) weightBytes[131 124 0 0] indexBytes[0 3 255 255]
SKINNED draw #2: verts=1080 disp=4 stride=36 | VB usage=0x8 static | live bone regs 7 | objTM t=(-145.15 18.08 -185.82)
    decl: pos type=float3@0  normal type=ubyte4n@12  weights type=ubyte4@20  indices type=ubyte4@24
    bone[0] rows (0.775 0.617 -0.135 -0.880) (-0.631 0.767 -0.119 0.449) (0.030 0.178 0.984 -0.309)
    vert 0: pos(0.456 1.099 -0.043) weightBytes[129 126 0 0] indexBytes[0 3 255 255]
    vert 1: pos(0.461 1.099 -0.063) weightBytes[128 127 0 0] indexBytes[0 3 255 255]
    vert 2: pos(0.450 1.099 -0.043) weightBytes[131 124 0 0] indexBytes[0 3 255 255]
SKINNED draw #3: verts=1080 disp=4 stride=36 | VB usage=0x8 static | live bone regs 7 | objTM t=(-145.15 18.08 -185.82)
    decl: pos type=float3@0  normal type=ubyte4n@12  weights type=ubyte4@20  indices type=ubyte4@24
    bone[0] rows (0.775 0.617 -0.135 -0.880) (-0.631 0.767 -0.119 0.449) (0.030 0.178 0.984 -0.309)
    vert 0: pos(0.456 1.099 -0.043) weightBytes[129 126 0 0] indexBytes[0 3 255 255]
    vert 1: pos(0.461 1.099 -0.063) weightBytes[128 127 0 0] indexBytes[0 3 255 255]
    vert 2: pos(0.450 1.099 -0.043) weightBytes[131 124 0 0] indexBytes[0 3 255 255]
SKINNED draw #4: verts=1080 disp=4 stride=36 | VB usage=0x8 static | live bone regs 7 | objTM t=(-145.15 18.08 -185.82)
    decl: pos type=float3@0  normal type=ubyte4n@12  weights type=ubyte4@20  indices type=ubyte4@24
    bone[0] rows (0.590 -0.427 0.686 0.571) (0.666 0.737 -0.113 0.501) (-0.457 0.523 0.719 -0.739)
    vert 0: pos(-0.546 1.091 -0.046) weightBytes[46 180 28 0] indexBytes[0 3 1 255]
    vert 1: pos(-0.529 1.082 -0.060) weightBytes[77 176 2 0] indexBytes[0 3 1 255]
    vert 2: pos(-0.547 1.096 -0.050) weightBytes[74 177 4 0] indexBytes[0 3 1 255]
SKINNED draw #5: verts=1080 disp=4 stride=36 | VB usage=0x8 static | live bone regs 7 | objTM t=(-145.15 18.08 -185.82)
    decl: pos type=float3@0  normal type=ubyte4n@12  weights type=ubyte4@20  indices type=ubyte4@24
    bone[0] rows (0.590 -0.427 0.686 0.571) (0.666 0.737 -0.113 0.501) (-0.457 0.523 0.719 -0.739)
    vert 0: pos(-0.546 1.091 -0.046) weightBytes[46 180 28 0] indexBytes[0 3 1 255]
    vert 1: pos(-0.529 1.082 -0.060) weightBytes[77 176 2 0] indexBytes[0 3 1 255]
    vert 2: pos(-0.547 1.096 -0.050) weightBytes[74 177 4 0] indexBytes[0 3 1 255]
SKINNED draw #6: verts=1080 disp=4 stride=36 | VB usage=0x8 static | live bone regs 7 | objTM t=(-145.15 18.08 -185.82)
    decl: pos type=float3@0  normal type=ubyte4n@12  weights type=ubyte4@20  indices type=ubyte4@24
    bone[0] rows (0.590 -0.427 0.686 0.571) (0.666 0.737 -0.113 0.501) (-0.457 0.523 0.719 -0.739)
    vert 0: pos(-0.546 1.091 -0.046) weightBytes[46 180 28 0] indexBytes[0 3 1 255]
    vert 1: pos(-0.529 1.082 -0.060) weightBytes[77 176 2 0] indexBytes[0 3 1 255]
    vert 2: pos(-0.547 1.096 -0.050) weightBytes[74 177 4 0] indexBytes[0 3 1 255]
SKINNED draw #7: verts=536 disp=4 stride=36 | VB usage=0x8 static | live bone regs 8 | objTM t=(-145.15 18.08 -185.82)
    decl: pos type=float3@0  normal type=ubyte4n@12  weights type=ubyte4@20  indices type=ubyte4@24
    bone[0] rows (0.881 0.167 0.442 -0.219) (-0.051 0.964 -0.262 0.029) (-0.470 0.208 0.858 -0.278)
    vert 0: pos(-0.044 1.572 -0.121) weightBytes[28 183 44 0] indexBytes[0 2 4 255]
    vert 1: pos(-0.045 1.564 -0.118) weightBytes[30 1 182 42] indexBytes[0 1 2 4]
    vert 2: pos(-0.047 1.561 -0.127) weightBytes[59 10 168 18] indexBytes[0 1 2 4]
SKINNED draw #8: verts=536 disp=4 stride=36 | VB usage=0x8 static | live bone regs 8 | objTM t=(-145.15 18.08 -185.82)
    decl: pos type=float3@0  normal type=ubyte4n@12  weights type=ubyte4@20  indices type=ubyte4@24
    bone[0] rows (0.881 0.167 0.442 -0.219) (-0.051 0.964 -0.262 0.029) (-0.470 0.208 0.858 -0.278)
    vert 0: pos(-0.044 1.572 -0.121) weightBytes[28 183 44 0] indexBytes[0 2 4 255]
    vert 1: pos(-0.045 1.564 -0.118) weightBytes[30 1 182 42] indexBytes[0 1 2 4]
    vert 2: pos(-0.047 1.561 -0.127) weightBytes[59 10 168 18] indexBytes[0 1 2 4]
vertex layout #14: elems=14 pos=float3@0(stream 0) uv=short2 normal=1 color=0 skinned=1 positionT=0
    stream=0 offset= 0 type=float3  (2) usage=POSITION     index=0
    stream=0 offset=12 type=ubyte4n (8) usage=NORMAL       index=0
    stream=0 offset=16 type=ubyte4n (8) usage=TANGENT      index=0
    stream=0 offset=20 type=ubyte4  (5) usage=BLENDWEIGHT  index=0
    stream=0 offset=24 type=ubyte4  (5) usage=BLENDINDICES index=0
    stream=0 offset=28 type=short2  (6) usage=TEXCOORD     index=0
    stream=2 offset= 0 type=short4  (7) usage=POSITION     index=1
    stream=2 offset= 8 type=ubyte4n (8) usage=NORMAL       index=1
    stream=3 offset= 0 type=ubyte4n (8) usage=COLOR        index=0
    stream=4 offset= 0 type=float4  (3) usage=POSITION     index=2
    stream=4 offset=16 type=float4  (3) usage=POSITION     index=3
    stream=4 offset=32 type=float4  (3) usage=POSITION     index=4
    stream=4 offset=48 type=d3dcolor(4) usage=COLOR        index=1
    stream=4 offset=52 type=d3dcolor(4) usage=COLOR        index=2
SKINNED draw #9: verts=416 disp=4 stride=32 | VB usage=0x8 static | live bone regs 8 | objTM t=(-145.15 18.08 -185.82)
    decl: pos type=float3@0  normal type=ubyte4n@12  weights type=ubyte4@20  indices type=ubyte4@24
    bone[0] rows (0.952 0.298 0.073 -0.501) (-0.296 0.954 -0.045 0.053) (-0.083 0.021 0.996 0.025)
    vert 0: pos(0.079 1.617 -0.057) weightBytes[255 0 0 0] indexBytes[2 255 255 255]
    vert 1: pos(0.079 1.613 -0.057) weightBytes[255 0 0 0] indexBytes[3 255 255 255]
    vert 2: pos(0.079 1.617 -0.057) weightBytes[255 0 0 0] indexBytes[2 255 255 255]
SKINNED draw #10: verts=990 disp=4 stride=36 | VB usage=0x8 static | live bone regs 9 | objTM t=(-145.15 18.08 -185.82)
    decl: pos type=float3@0  normal type=ubyte4n@12  weights type=ubyte4@20  indices type=ubyte4@24
    bone[0] rows (0.914 0.151 0.376 -0.114) (-0.108 0.985 -0.133 -0.022) (-0.391 0.081 0.917 -0.012)
    vert 0: pos(-0.202 0.037 0.058) weightBytes[174 81 0 0] indexBytes[2 4 255 255]
    vert 1: pos(-0.217 0.010 0.106) weightBytes[255 0 0 0] indexBytes[4 255 255 255]
    vert 2: pos(-0.201 0.029 0.109) weightBytes[2 253 0 0] indexBytes[2 4 255 255]
SKINNED draw #11: verts=990 disp=4 stride=36 | VB usage=0x8 static | live bone regs 9 | objTM t=(-145.15 18.08 -185.82)
    decl: pos type=float3@0  normal type=ubyte4n@12  weights type=ubyte4@20  indices type=ubyte4@24
    bone[0] rows (0.914 0.151 0.376 -0.114) (-0.108 0.985 -0.133 -0.022) (-0.391 0.081 0.917 -0.012)
    vert 0: pos(-0.202 0.037 0.058) weightBytes[174 81 0 0] indexBytes[2 4 255 255]
    vert 1: pos(-0.217 0.010 0.106) weightBytes[255 0 0 0] indexBytes[4 255 255 255]
    vert 2: pos(-0.201 0.029 0.109) weightBytes[2 253 0 0] indexBytes[2 4 255 255]
SKINNED draw #12: verts=764 disp=4 stride=32 | VB usage=0x8 static | live bone regs 9 | objTM t=(-145.15 18.08 -185.82)
    decl: pos type=float3@0  normal type=ubyte4n@12  weights type=ubyte4@20  indices type=ubyte4@24
    bone[0] rows (0.997 0.047 0.069 -0.084) (-0.043 0.997 -0.061 -0.000) (-0.071 0.058 0.996 -0.034)
    vert 0: pos(0.058 1.607 -0.006) weightBytes[191 64 0 0] indexBytes[4 3 255 255]
    vert 1: pos(0.058 1.608 -0.003) weightBytes[191 64 0 0] indexBytes[4 3 255 255]
    vert 2: pos(0.058 1.624 -0.010) weightBytes[191 64 0 0] indexBytes[4 3 255 255]
vertex layout #15: elems=6 pos=float3@0(stream 0) uv=? normal=0 color=0 skinned=0 positionT=0
  depth-disabled draw #1736: verts=8     prims=12    zwrite=0 tex0=163609C8 objTM=0 lightVolume=no ps='' size=1.0x1.0x1.0 centre=(0.0 0.0 0.0) distFromCam=241.8
  depth-disabled draw #1737: verts=8     prims=12    zwrite=0 tex0=163609C8 objTM=0 lightVolume=no ps='' size=1.0x1.0x1.0 centre=(0.0 0.0 0.0) distFromCam=241.8
  depth-disabled draw #1738: verts=8     prims=12    zwrite=0 tex0=163609C8 objTM=0 lightVolume=no ps='' size=1.0x1.0x1.0 centre=(0.0 0.0 0.0) distFromCam=241.8
  depth-disabled draw #1739: verts=8     prims=12    zwrite=0 tex0=163609C8 objTM=0 lightVolume=no ps='' size=1.0x1.0x1.0 centre=(0.0 0.0 0.0) distFromCam=241.8
  depth-disabled draw #1740: verts=8     prims=12    zwrite=0 tex0=163609C8 objTM=0 lightVolume=no ps='' size=1.0x1.0x1.0 centre=(0.0 0.0 0.0) distFromCam=241.8
  depth-disabled draw #1741: verts=8     prims=12    zwrite=0 tex0=163609C8 objTM=0 lightVolume=no ps='' size=1.0x1.0x1.0 centre=(0.0 0.0 0.0) distFromCam=241.8
  depth-disabled draw #1742: verts=8     prims=12    zwrite=0 tex0=163609C8 objTM=0 lightVolume=no ps='' size=1.0x1.0x1.0 centre=(0.0 0.0 0.0) distFromCam=241.8
  depth-disabled draw #1743: verts=8     prims=12    zwrite=0 tex0=163609C8 objTM=0 lightVolume=no ps='' size=1.0x1.0x1.0 centre=(0.0 0.0 0.0) distFromCam=241.8
  depth-disabled draw #1744: verts=8     prims=12    zwrite=0 tex0=163609C8 objTM=0 lightVolume=no ps='' size=1.0x1.0x1.0 centre=(0.0 0.0 0.0) distFromCam=241.8
  depth-disabled draw #1745: verts=8     prims=12    zwrite=0 tex0=163609C8 objTM=0 lightVolume=no ps='' size=1.0x1.0x1.0 centre=(0.0 0.0 0.0) distFromCam=241.8
  depth-disabled draw #1746: verts=8     prims=12    zwrite=0 tex0=163609C8 objTM=0 lightVolume=no ps='' size=1.0x1.0x1.0 centre=(0.0 0.0 0.0) distFromCam=241.8
  depth-disabled draw #1747: verts=8     prims=12    zwrite=0 tex0=163609C8 objTM=0 lightVolume=no ps='' size=1.0x1.0x1.0 centre=(0.0 0.0 0.0) distFromCam=241.8
  depth-disabled draw #1748: verts=8     prims=12    zwrite=0 tex0=163609C8 objTM=0 lightVolume=no ps='' size=1.0x1.0x1.0 centre=(0.0 0.0 0.0) distFromCam=241.8
  depth-disabled draw #1749: verts=8     prims=12    zwrite=0 tex0=163609C8 objTM=0 lightVolume=no ps='' size=1.0x1.0x1.0 centre=(0.0 0.0 0.0) distFromCam=241.8
  depth-disabled draw #1750: verts=8     prims=12    zwrite=0 tex0=163609C8 objTM=0 lightVolume=no ps='' size=1.0x1.0x1.0 centre=(0.0 0.0 0.0) distFromCam=241.8
  depth-disabled draw #1751: verts=8     prims=12    zwrite=0 tex0=163609C8 objTM=0 lightVolume=no ps='' size=1.0x1.0x1.0 centre=(0.0 0.0 0.0) distFromCam=241.8
  depth-disabled draw #1752: verts=8     prims=12    zwrite=0 tex0=163609C8 objTM=0 lightVolume=no ps='' size=1.0x1.0x1.0 centre=(0.0 0.0 0.0) distFromCam=241.8
  depth-disabled draw #1753: verts=8     prims=12    zwrite=0 tex0=163609C8 objTM=0 lightVolume=no ps='' size=1.0x1.0x1.0 centre=(0.0 0.0 0.0) distFromCam=241.8
  depth-disabled draw #1754: verts=8     prims=12    zwrite=0 tex0=163609C8 objTM=0 lightVolume=no ps='' size=1.0x1.0x1.0 centre=(0.0 0.0 0.0) distFromCam=241.8
  depth-disabled draw #1755: verts=8     prims=12    zwrite=0 tex0=163609C8 objTM=0 lightVolume=no ps='' size=1.0x1.0x1.0 centre=(0.0 0.0 0.0) distFromCam=241.8
  depth-disabled draw #1756: verts=8     prims=12    zwrite=0 tex0=163609C8 objTM=0 lightVolume=no ps='' size=1.0x1.0x1.0 centre=(0.0 0.0 0.0) distFromCam=241.8
  depth-disabled draw #1757: verts=8     prims=12    zwrite=0 tex0=163609C8 objTM=0 lightVolume=no ps='' size=1.0x1.0x1.0 centre=(0.0 0.0 0.0) distFromCam=241.8
  depth-disabled draw #1758: verts=8     prims=12    zwrite=0 tex0=163609C8 objTM=0 lightVolume=no ps='' size=1.0x1.0x1.0 centre=(0.0 0.0 0.0) distFromCam=241.8
  depth-disabled draw #1759: verts=8     prims=12    zwrite=0 tex0=163609C8 objTM=0 lightVolume=no ps='' size=1.0x1.0x1.0 centre=(0.0 0.0 0.0) distFromCam=241.8
  depth-disabled draw #1760: verts=8     prims=12    zwrite=0 tex0=163609C8 objTM=0 lightVolume=no ps='' size=1.0x1.0x1.0 centre=(0.0 0.0 0.0) distFromCam=241.8
short2 UV range #7: u -1098..2854  v -424..2800  (verts=271 stride=36 off=28)
vertex layout #16: elems=3 pos=float3@0(stream 0) uv=float2 normal=0 color=1 skinned=0 positionT=0
SKY draw: PASS verts=343 ps='Diffuse_Map_1Sampler' rank=100 | size 36x9x36 centre (-145 21 -192) 1 from camera | why: sky (rfg-skybox family) - left for Remix to capture and tag
SKY draw: PASS verts=343 ps='Diffuse_Map_1Sampler' rank=100 | size 36x9x36 centre (-145 21 -192) 1 from camera | why: sky (rfg-skybox family) - left for Remix to capture and tag
SKY draw: PASS verts=343 ps='Diffuse_MapSampler' rank=100 | size 36x9x36 centre (-145 21 -192) 1 from camera | why: sky (rfg-skybox family) - left for Remix to capture and tag
SKY draw: PASS verts=343 ps='Diffuse_Map_1Sampler' rank=100 | size 36x9x36 centre (-145 21 -192) 1 from camera | why: sky (rfg-skybox family) - left for Remix to capture and tag
SKY draw: PASS verts=343 ps='Diffuse_Map_1Sampler' rank=100 | size 36x9x36 centre (-145 21 -192) 1 from camera | why: sky (rfg-skybox family) - left for Remix to capture and tag
SKY draw: PASS verts=343 ps='Diffuse_MapSampler' rank=100 | size 36x9x36 centre (-145 21 -192) 1 from camera | why: sky (rfg-skybox family) - left for Remix to capture and tag
SKY draw: PASS verts=343 ps='Diffuse_Map_1Sampler' rank=100 | size 36x9x36 centre (-145 21 -192) 1 from camera | why: sky (rfg-skybox family) - left for Remix to capture and tag
SKY draw: PASS verts=343 ps='Diffuse_Map_1Sampler' rank=100 | size 36x9x36 centre (-145 21 -192) 1 from camera | why: sky (rfg-skybox family) - left for Remix to capture and tag
SKY draw: PASS verts=343 ps='Diffuse_MapSampler' rank=100 | size 36x9x36 centre (-145 21 -192) 1 from camera | why: sky (rfg-skybox family) - left for Remix to capture and tag
vertex layout #17: elems=11 pos=float3@0(stream 0) uv=? normal=1 color=0 skinned=0 positionT=0
SKY draw: PASS verts=173 ps='Blend_MapSampler' rank=100 | size 102541x0x102511 centre (7 -0 0) 246 from camera | why: sky (rfg-skybox family) - left for Remix to capture and tag
SKY draw: PASS verts=11 ps='Blend_MapSampler' rank=100 | size 320x0x262 centre (0 0 -9) 235 from camera | why: sky (rfg-skybox family) - left for Remix to capture and tag
SKY draw: PASS verts=22 ps='Blend_MapSampler' rank=100 | size 320x0x280 centre (0 0 0) 242 from camera | why: sky (rfg-skybox family) - left for Remix to capture and tag
short2 UV range #8: u 0..1073  v -260..1031  (verts=180 stride=32 off=20)
short2 UV range #9: u 396..949  v 148..1029  (verts=12 stride=32 off=20)
short2 UV range #10: u -1019..2903  v 0..521  (verts=1408 stride=32 off=20)
short2 UV range #11: u -3..1232  v -1..1015  (verts=540 stride=32 off=20)
short2 UV range #12: u 273..492  v -829..516  (verts=320 stride=32 off=20)
ALBEDO BOUND #3: ps='IR_GBuffer_DSF_DataSampler' rank=80 -> 32x32 fmt=827611204 mips=4 pool=0 usage=0x200 
ALBEDO BOUND #4: ps='Blend_MapSampler' rank=100 -> 2048x1024 fmt=22 mips=9 pool=0 usage=0x200 
ALBEDO BOUND #5: ps='Decal_MapSampler' rank=100 -> 128x128 fmt=894720068 mips=6 pool=0 usage=0x200 
DECAL/PARTICLE #3: ps='Decal_MapSampler' rank=90 verts=4 usesObjTM=1 | world scale (1.00 1.00 1.00) translation (-132.1 27.1 -34.2) | camera (-145.2 20.0 -192.3) | blend=1
DECAL/PARTICLE #4: ps='Blend_MapSampler' rank=70 verts=11 usesObjTM=1 | world scale (1.00 1.00 1.00) translation (1120.0 0.0 2424.0) | camera (-145.2 20.0 -192.3) | blend=1
vertex layout #18: elems=14 pos=float3@0(stream 0) uv=short2 normal=1 color=0 skinned=0 positionT=0
DECAL/PARTICLE #5: ps='Alpha_MaskSampler' rank=100 verts=4 usesObjTM=1 | world scale (1.32 1.32 1.32) translation (-177.4 26.2 -50.4) | camera (-145.2 20.0 -192.3) | blend=1
ALBEDO BOUND #6: ps='Alpha_MaskSampler' rank=100 -> 512x512 fmt=894720068 mips=8 pool=0 usage=0x200 
vertex layout #19: elems=11 pos=float4@0(stream 0) uv=float4 normal=0 color=1 skinned=0 positionT=0
DECAL/PARTICLE #6: ps='Diffuse_Map_1Sampler' rank=100 verts=4 usesObjTM=1 | world scale (1.00 1.00 1.00) translation (1280.0 0.0 1024.0) | camera (-145.2 20.0 -192.3) | blend=1
ALBEDO BOUND #7: ps='Diffuse_Map_1Sampler' rank=100 -> 128x128 fmt=894720068 mips=6 pool=0 usage=0x200 
HITCH frame 1827: 123.0 ms = present 16.2 + our-present 0.0 + draws 11.7 + other-hooks 0.0 + game/bridge 95.1 | draws 4979 | new shaders 0 textures 1
call-order trace (V/v=SetVertexShader with/without objTM, P=projTM c28, O=objTM c32, W=view c48, D=draw converted, x=draw skipped):
  DvmvDDDvmvDvmmvmvDvmmvmvmmOOPWvDDDOOVmmmOmmmOmmOVmOVmmOVmOVmOmOVmVmOmOmOmOmOmOmOmOmOmOmOmOmOmOmOmOmO
  mOmOmOmOmOmOmOmOmOmOmOmOmOmOmOmOmOVDOVmOVmOOPWPvmmmmmmmmmmmmmmmmmmmmmmmmmmmmmmmmmmmmmmmmmmmmmmmmmmmm
  mmmmmmmmmmmmmmmmmmmmmmmmmmmmmmmmmmmmmmmmmmmmmmmmmmmmmmmmmmmmmmmmmmmmmmmmmmmmmmmmmmmmmmmmmmmmmmmmmmmm
  mmmmmmmmmmmmmmmmmmmmmmmmmmmmmmmmmmmmmmmmmmmmmmmmmmmmmmmmmmmmmmmmmmmmmmmmmmmmmmmmmmmmmmmmmmmmmmmmmmmm
sky probe: 40 depth-disabled draws in a frame of 4979
auxiliary camera at (-145.2 -20.0 -192.3), main camera at (-145.2 20.0 -192.3), 40.0 units apart | aspect 1.778 vs back buffer 1.778
    aux  forward (-0.000 0.008 1.000) up (-0.000 -1.000 0.008) det -1.000
    main forward (0.000 -0.008 1.000) up (0.000 1.000 0.008) det 1.000
ALBEDO BOUND #8: ps='Detail_Normal_MapSampler' rank=100 -> 512x512 fmt=827611204 mips=8 pool=0 usage=0x200 
DECAL/PARTICLE #7: ps='Detail_Normal_MapSampler' rank=100 verts=56 usesObjTM=0 | world scale (1.00 1.00 1.00) translation (0.0 0.0 0.0) | camera (-145.2 20.0 -192.3) | blend=1
untextured material #1: first sampler is 'IR_GBuffer_DSF_DataSampler'
DECAL/PARTICLE #8: ps='IR_GBuffer_DSF_DataSampler' rank=0 verts=38 usesObjTM=0 | world scale (1.00 1.00 1.00) translation (0.0 0.0 0.0) | camera (-145.2 20.0 -192.3) | blend=1
HITCH frame 1828: 480.0 ms = present 0.1 + our-present 0.0 + draws 21.0 + other-hooks 0.0 + game/bridge 458.8 | draws 5122 | new shaders 0 textures 1
shape probe written to sr3-rtx-shapes.log (400 shapes)
HITCH frame 1829: 84.3 ms = present 0.1 + our-present 0.0 + draws 16.9 + other-hooks 0.0 + game/bridge 67.3 | draws 5191 | new shaders 0 textures 0
vertex layout #20: elems=7 pos=float3@0(stream 0) uv=float3 normal=0 color=1 skinned=0 positionT=0
HITCH frame 1834: 99.1 ms = present 72.9 + our-present 0.0 + draws 15.6 + other-hooks 0.0 + game/bridge 10.6 | draws 5017 | new shaders 0 textures 7
HITCH frame 1835: 91.6 ms = present 66.5 + our-present 0.0 + draws 15.4 + other-hooks 0.0 + game/bridge 9.7 | draws 5016 | new shaders 0 textures 0
vertex layout #21: elems=9 pos=float3@0(stream 0) uv=float2 normal=0 color=1 skinned=0 positionT=0
vertex layout #22: elems=15 pos=float3@0(stream 0) uv=short2 normal=1 color=0 skinned=1 positionT=0
    stream=0 offset= 0 type=float3  (2) usage=POSITION     index=0
    stream=0 offset=12 type=ubyte4n (8) usage=NORMAL       index=0
    stream=0 offset=16 type=ubyte4n (8) usage=TANGENT      index=0
    stream=0 offset=20 type=ubyte4  (5) usage=BLENDINDICES index=0
    stream=0 offset=24 type=short2  (6) usage=TEXCOORD     index=0
    stream=0 offset=28 type=short2  (6) usage=TEXCOORD     index=1
    stream=0 offset=32 type=short2  (6) usage=TEXCOORD     index=2
    stream=2 offset= 0 type=short4  (7) usage=POSITION     index=1
    stream=2 offset= 8 type=ubyte4n (8) usage=NORMAL       index=1
    stream=3 offset= 0 type=ubyte4n (8) usage=COLOR        index=0
    stream=4 offset= 0 type=float4  (3) usage=POSITION     index=2
    stream=4 offset=16 type=float4  (3) usage=POSITION     index=3
    stream=4 offset=32 type=float4  (3) usage=POSITION     index=4
    stream=4 offset=48 type=d3dcolor(4) usage=COLOR        index=1
    stream=4 offset=52 type=d3dcolor(4) usage=COLOR        index=2
vertex layout #23: elems=13 pos=float3@0(stream 0) uv=short2 normal=1 color=0 skinned=1 positionT=0
    stream=0 offset= 0 type=float3  (2) usage=POSITION     index=0
    stream=0 offset=12 type=ubyte4n (8) usage=NORMAL       index=0
    stream=0 offset=16 type=ubyte4n (8) usage=TANGENT      index=0
    stream=0 offset=20 type=ubyte4  (5) usage=BLENDINDICES index=0
    stream=0 offset=24 type=short2  (6) usage=TEXCOORD     index=0
    stream=2 offset= 0 type=short4  (7) usage=POSITION     index=1
    stream=2 offset= 8 type=ubyte4n (8) usage=NORMAL       index=1
    stream=3 offset= 0 type=ubyte4n (8) usage=COLOR        index=0
    stream=4 offset= 0 type=float4  (3) usage=POSITION     index=2
    stream=4 offset=16 type=float4  (3) usage=POSITION     index=3
    stream=4 offset=32 type=float4  (3) usage=POSITION     index=4
    stream=4 offset=48 type=d3dcolor(4) usage=COLOR        index=1
    stream=4 offset=52 type=d3dcolor(4) usage=COLOR        index=2
vertex layout #24: elems=12 pos=float3@0(stream 0) uv=short2 normal=1 color=0 skinned=1 positionT=0
RIGID-SKIN probe #1: verts=3044 stride=36 indices=ubyte4@20 | objTM t=(-159.88 19.44 -194.94)
    vert 0: bind pos(-1.152 0.025 -0.315) indexBytes[5 5 5 5]
        via component 0 (bone   5): pos(-6.254 0.787 -0.981) row0 length 1.000
        via component 1 (bone   5): pos(-6.254 0.787 -0.981) row0 length 1.000
        via component 2 (bone   5): pos(-6.254 0.787 -0.981) row0 length 1.000
        via component 3 (bone   5): pos(-6.254 0.787 -0.981) row0 length 1.000
    vert 1: bind pos(-1.179 -0.024 -0.029) indexBytes[5 5 5 5]
        via component 0 (bone   5): pos(-6.240 0.788 -0.689) row0 length 1.000
        via component 1 (bone   5): pos(-6.240 0.788 -0.689) row0 length 1.000
        via component 2 (bone   5): pos(-6.240 0.788 -0.689) row0 length 1.000
        via component 3 (bone   5): pos(-6.240 0.788 -0.689) row0 length 1.000
    vert 2: bind pos(-1.181 0.035 -0.018) indexBytes[5 5 5 5]
        via component 0 (bone   5): pos(-6.240 0.849 -0.689) row0 length 1.000
        via component 1 (bone   5): pos(-6.240 0.849 -0.689) row0 length 1.000
        via component 2 (bone   5): pos(-6.240 0.849 -0.689) row0 length 1.000
        via component 3 (bone   5): pos(-6.240 0.849 -0.689) row0 length 1.000
skinning REFUSED #1: blend weights are a type this decoder does not read | verts=3044 stride=36 decl: pos=float3(2)@0 normal=ubyte4n(8)@12 weights=?(-1)@-1 indices=ubyte4(5)@20 uv=short2(6)@24
RIGID-SKIN probe #2: verts=3044 stride=36 indices=ubyte4@20 | objTM t=(-159.88 19.44 -194.94)
    vert 0: bind pos(-1.152 0.025 -0.315) indexBytes[5 5 5 5]
        via component 0 (bone   5): pos(-6.254 0.787 -0.981) row0 length 1.000
        via component 1 (bone   5): pos(-6.254 0.787 -0.981) row0 length 1.000
        via component 2 (bone   5): pos(-6.254 0.787 -0.981) row0 length 1.000
        via component 3 (bone   5): pos(-6.254 0.787 -0.981) row0 length 1.000
    vert 1: bind pos(-1.179 -0.024 -0.029) indexBytes[5 5 5 5]
        via component 0 (bone   5): pos(-6.240 0.788 -0.689) row0 length 1.000
        via component 1 (bone   5): pos(-6.240 0.788 -0.689) row0 length 1.000
        via component 2 (bone   5): pos(-6.240 0.788 -0.689) row0 length 1.000
        via component 3 (bone   5): pos(-6.240 0.788 -0.689) row0 length 1.000
    vert 2: bind pos(-1.181 0.035 -0.018) indexBytes[5 5 5 5]
        via component 0 (bone   5): pos(-6.240 0.849 -0.689) row0 length 1.000
        via component 1 (bone   5): pos(-6.240 0.849 -0.689) row0 length 1.000
        via component 2 (bone   5): pos(-6.240 0.849 -0.689) row0 length 1.000
        via component 3 (bone   5): pos(-6.240 0.849 -0.689) row0 length 1.000
RIGID-SKIN probe #3: verts=3044 stride=36 indices=ubyte4@20 | objTM t=(-159.88 19.44 -194.94)
    vert 0: bind pos(-1.152 0.025 -0.315) indexBytes[5 5 5 5]
        via component 0 (bone   5): pos(-6.254 0.787 -0.981) row0 length 1.000
        via component 1 (bone   5): pos(-6.254 0.787 -0.981) row0 length 1.000
        via component 2 (bone   5): pos(-6.254 0.787 -0.981) row0 length 1.000
        via component 3 (bone   5): pos(-6.254 0.787 -0.981) row0 length 1.000
    vert 1: bind pos(-1.179 -0.024 -0.029) indexBytes[5 5 5 5]
        via component 0 (bone   5): pos(-6.240 0.788 -0.689) row0 length 1.000
        via component 1 (bone   5): pos(-6.240 0.788 -0.689) row0 length 1.000
        via component 2 (bone   5): pos(-6.240 0.788 -0.689) row0 length 1.000
        via component 3 (bone   5): pos(-6.240 0.788 -0.689) row0 length 1.000
    vert 2: bind pos(-1.181 0.035 -0.018) indexBytes[5 5 5 5]
        via component 0 (bone   5): pos(-6.240 0.849 -0.689) row0 length 1.000
        via component 1 (bone   5): pos(-6.240 0.849 -0.689) row0 length 1.000
        via component 2 (bone   5): pos(-6.240 0.849 -0.689) row0 length 1.000
        via component 3 (bone   5): pos(-6.240 0.849 -0.689) row0 length 1.000
RIGID-SKIN probe #4: verts=1197 stride=28 indices=ubyte4@20 | objTM t=(-159.88 19.44 -194.94)
    vert 0: bind pos(0.059 -0.691 1.155) indexBytes[0 0 0 0]
        via component 0 (bone   0): pos(0.059 -0.691 1.155) row0 length 1.000
        via component 1 (bone   0): pos(0.059 -0.691 1.155) row0 length 1.000
        via component 2 (bone   0): pos(0.059 -0.691 1.155) row0 length 1.000
        via component 3 (bone   0): pos(0.059 -0.691 1.155) row0 length 1.000
    vert 1: bind pos(0.108 -0.691 1.155) indexBytes[0 0 0 0]
        via component 0 (bone   0): pos(0.108 -0.691 1.155) row0 length 1.000
        via component 1 (bone   0): pos(0.108 -0.691 1.155) row0 length 1.000
        via component 2 (bone   0): pos(0.108 -0.691 1.155) row0 length 1.000
        via component 3 (bone   0): pos(0.108 -0.691 1.155) row0 length 1.000
    vert 2: bind pos(0.059 -0.608 1.180) indexBytes[0 0 0 0]
        via component 0 (bone   0): pos(0.059 -0.608 1.180) row0 length 1.000
        via component 1 (bone   0): pos(0.059 -0.608 1.180) row0 length 1.000
        via component 2 (bone   0): pos(0.059 -0.608 1.180) row0 length 1.000
        via component 3 (bone   0): pos(0.059 -0.608 1.180) row0 length 1.000
RIGID-SKIN probe #5: verts=4930 stride=24 indices=ubyte4@16 | objTM t=(-159.88 19.44 -194.94)
    vert 0: bind pos(0.322 -0.708 -1.007) indexBytes[0 0 0 0]
        via component 0 (bone   0): pos(0.322 -0.708 -1.007) row0 length 1.000
        via component 1 (bone   0): pos(0.322 -0.708 -1.007) row0 length 1.000
        via component 2 (bone   0): pos(0.322 -0.708 -1.007) row0 length 1.000
        via component 3 (bone   0): pos(0.322 -0.708 -1.007) row0 length 1.000
    vert 1: bind pos(0.188 -0.699 -0.996) indexBytes[0 0 0 0]
        via component 0 (bone   0): pos(0.188 -0.699 -0.996) row0 length 1.000
        via component 1 (bone   0): pos(0.188 -0.699 -0.996) row0 length 1.000
        via component 2 (bone   0): pos(0.188 -0.699 -0.996) row0 length 1.000
        via component 3 (bone   0): pos(0.188 -0.699 -0.996) row0 length 1.000
    vert 2: bind pos(0.322 -0.653 -1.007) indexBytes[0 0 0 0]
        via component 0 (bone   0): pos(0.322 -0.653 -1.007) row0 length 1.000
        via component 1 (bone   0): pos(0.322 -0.653 -1.007) row0 length 1.000
        via component 2 (bone   0): pos(0.322 -0.653 -1.007) row0 length 1.000
        via component 3 (bone   0): pos(0.322 -0.653 -1.007) row0 length 1.000
RIGID-SKIN probe #6: verts=1197 stride=28 indices=ubyte4@20 | objTM t=(-159.88 19.44 -194.94)
    vert 0: bind pos(0.059 -0.691 1.155) indexBytes[0 0 0 0]
        via component 0 (bone   0): pos(0.059 -0.691 1.155) row0 length 1.000
        via component 1 (bone   0): pos(0.059 -0.691 1.155) row0 length 1.000
        via component 2 (bone   0): pos(0.059 -0.691 1.155) row0 length 1.000
        via component 3 (bone   0): pos(0.059 -0.691 1.155) row0 length 1.000
    vert 1: bind pos(0.108 -0.691 1.155) indexBytes[0 0 0 0]
        via component 0 (bone   0): pos(0.108 -0.691 1.155) row0 length 1.000
        via component 1 (bone   0): pos(0.108 -0.691 1.155) row0 length 1.000
        via component 2 (bone   0): pos(0.108 -0.691 1.155) row0 length 1.000
        via component 3 (bone   0): pos(0.108 -0.691 1.155) row0 length 1.000
    vert 2: bind pos(0.059 -0.608 1.180) indexBytes[0 0 0 0]
        via component 0 (bone   0): pos(0.059 -0.608 1.180) row0 length 1.000
        via component 1 (bone   0): pos(0.059 -0.608 1.180) row0 length 1.000
        via component 2 (bone   0): pos(0.059 -0.608 1.180) row0 length 1.000
        via component 3 (bone   0): pos(0.059 -0.608 1.180) row0 length 1.000
ALBEDO BOUND #9: ps='Damage_Normal_MapSampler' rank=60 -> 512x512 fmt=894720068 mips=8 pool=0 usage=0x200 
camera: pos -146.1 20.1 -185.4 | proj _11=1.5936 _22=2.8329 _33=1.00001 _43=-0.15 (aspect 1.778)
camera: pos -146.8 20.1 -185.4 | proj _11=1.5789 _22=2.8069 _33=1.00001 _43=-0.15 (aspect 1.778)
camera: pos -147.7 20.2 -185.4 | proj _11=1.5648 _22=2.7818 _33=1.00001 _43=-0.15 (aspect 1.778)
camera: pos -148.6 20.2 -185.4 | proj _11=1.5499 _22=2.7553 _33=1.00001 _43=-0.15 (aspect 1.778)
camera: pos -149.1 20.3 -185.4 | proj _11=1.5389 _22=2.7358 _33=1.00001 _43=-0.15 (aspect 1.778)
camera: pos -149.2 20.4 -185.4 | proj _11=1.5278 _22=2.7160 _33=1.00001 _43=-0.15 (aspect 1.778)
camera: pos -149.2 20.4 -185.4 | proj _11=1.5166 _22=2.6961 _33=1.00001 _43=-0.15 (aspect 1.778)
camera: pos -149.2 20.5 -185.4 | proj _11=1.5056 _22=2.6766 _33=1.00001 _43=-0.15 (aspect 1.778)
camera: pos -149.2 20.5 -185.4 | proj _11=1.4945 _22=2.6568 _33=1.00001 _43=-0.15 (aspect 1.778)
camera: pos -149.2 20.6 -185.4 | proj _11=1.4839 _22=2.6380 _33=1.00001 _43=-0.15 (aspect 1.778)
camera: pos -149.1 20.6 -185.8 | proj _11=1.4733 _22=2.6191 _33=1.00001 _43=-0.15 (aspect 1.778)
camera: pos -149.0 20.6 -186.2 | proj _11=1.4627 _22=2.6003 _33=1.00001 _43=-0.15 (aspect 1.778)
camera: pos -149.0 20.5 -186.7 | proj _11=1.4520 _22=2.5813 _33=1.00001 _43=-0.15 (aspect 1.778)
camera: pos -149.1 20.5 -187.2 | proj _11=1.4419 _22=2.5633 _33=1.00001 _43=-0.15 (aspect 1.778)
camera: pos -149.4 20.6 -187.7 | proj _11=1.4318 _22=2.5453 _33=1.00001 _43=-0.15 (aspect 1.778)
camera: pos -149.7 20.6 -188.4 | proj _11=1.4215 _22=2.5270 _33=1.00001 _43=-0.15 (aspect 1.778)
camera: pos -150.0 20.7 -189.3 | proj _11=1.4084 _22=2.5038 _33=1.00001 _43=-0.15 (aspect 1.778)
camera: pos -150.2 20.8 -189.9 | proj _11=1.3984 _22=2.4860 _33=1.00001 _43=-0.15 (aspect 1.778)
camera: pos -150.0 20.9 -190.6 | proj _11=1.3857 _22=2.4634 _33=1.00001 _43=-0.15 (aspect 1.778)
camera: pos -149.6 20.9 -191.0 | proj _11=1.3729 _22=2.4407 _33=1.00001 _43=-0.15 (aspect 1.778)
camera: pos -149.2 20.9 -191.4 | proj _11=1.3602 _22=2.4181 _33=1.00001 _43=-0.15 (aspect 1.778)
camera: pos -148.9 20.9 -191.9 | proj _11=1.3479 _22=2.3961 _33=1.00001 _43=-0.15 (aspect 1.778)
camera: pos -148.5 20.8 -192.3 | proj _11=1.3354 _22=2.3739 _33=1.00001 _43=-0.15 (aspect 1.778)
camera: pos -148.2 20.8 -193.0 | proj _11=1.3227 _22=2.3514 _33=1.00001 _43=-0.15 (aspect 1.778)
camera: pos -147.9 20.8 -193.4 | proj _11=1.3112 _22=2.3310 _33=1.00001 _43=-0.15 (aspect 1.778)
camera: pos -147.5 20.8 -193.9 | proj _11=1.2995 _22=2.3101 _33=1.00001 _43=-0.15 (aspect 1.778)
HITCH frame 2392: 44.1 ms = present 0.6 + our-present 0.0 + draws 12.9 + other-hooks 0.0 + game/bridge 30.7 | draws 5265 | new shaders 0 textures 0
frame 2400 | draws 608/frame | FFP converted 188/frame (30.9%)
    not converted: screen-space 7  skinned 0  ortho 0  vertex-format 3  untextured 294  instanced 0  mirrored 0  other-camera 31  no camera 0  other 0 (per frame)
    prepasses hidden: sampler-less 294/frame, stipple-with-no-colour 47/frame (these used to convert WHITE) | post/composite quads marked 7/frame
    constant-colour materials (no diffuse map, albedo from the shader's own constant) 16/frame | HUD quads demoted to UI 0/frame | back-buffer clears 0/frame | sky draws 20/frame | UI-pass draws converted 0/frame
    instancing: 181 converted from the instance stream/frame, 0 refused/frame (largest single draw 1 instances, 0.2 buffer writes snooped/frame)
    SKINNING: 20 skinned/frame, 1 refused/frame, 0 exact duplicates dropped/frame | 41 meshes decoded, 41 cached, 0 cache flushes
    ALBEDO stage 0 taken raw (no shader reflection) 0/frame
    ALBEDO: constant-only 16/frame, tinted fallback 0/frame, genuinely blank 0/frame (of 16 rank-0 draws/frame)
    ALBEDO WHITE (previously uncounted): named-but-not-bound 0/frame, render-target exclusion left nothing 0/frame | colourless passes now hidden 17/frame | screen-space passes hidden 0/frame | particle billboards hidden 1/frame
    SKIPPED entirely 0/frame (mode 3) | demoted to UI overlay 0/frame | no-albedo materials left to Remix 16/frame
    MARKED with the marker texture 397/frame (refused as unsafe 0/frame, 878 SetTexture calls/frame, marker created)
    albedo: moved off stage 0 45/frame, blanked 16/frame, restored from mesh cache 48/frame (1436 meshes cached, 0 flushes) | RT textures known 55 | lights 0.3/frame (24 shaders)
    camera -113.9 20.2 -217.1 | distinct cameras this frame 1 (max 1) | transform writes 127/frame | redundant state calls dropped 4867/frame
    world matrix changes 126/frame | objTM used without a fresh upload 0/frame | uv matrix writes 2/frame (last scale 0.00098, 0.00098)
    TIMING: frame 20.1 ms avg (50 fps), worst 480 ms | shim 2.68 ms avg (13.3% of frame), worst 26.7 ms
    TIMING tail: 13 frames >=33 ms, 2 >=100 ms in this window of 600 | inside real Present 10.99 ms avg, worst 72.9 ms | our other hooks 0.00 ms avg
    converted -> target 14F0BEE0 1280x720 fmt=34 : 5 draws/frame
    converted -> target 14F11738 1280x720 fmt=113 : 182 draws/frame
    converted -> target 14F0BB00 1280x720 fmt=113 : 0 draws/frame
camera: pos -112.7 19.9 -216.2 | proj _11=1.3104 _22=2.3296 _33=1.00001 _43=-0.15 (aspect 1.778)
camera: pos -112.6 19.9 -215.9 | proj _11=1.3300 _22=2.3644 _33=1.00001 _43=-0.15 (aspect 1.778)
camera: pos -112.5 19.8 -215.8 | proj _11=1.3417 _22=2.3851 _33=1.00001 _43=-0.15 (aspect 1.778)
camera: pos -112.4 19.8 -215.6 | proj _11=1.3524 _22=2.4042 _33=1.00001 _43=-0.15 (aspect 1.778)
camera: pos -108.6 19.8 -212.5 | proj _11=1.3420 _22=2.3857 _33=1.00001 _43=-0.15 (aspect 1.778)
camera: pos -106.3 19.9 -211.6 | proj _11=1.3582 _22=2.4146 _33=1.00001 _43=-0.15 (aspect 1.778)
camera: pos -106.1 19.9 -211.5 | proj _11=1.3747 _22=2.4438 _33=1.00001 _43=-0.15 (aspect 1.778)
camera: pos -106.0 19.9 -211.3 | proj _11=1.3911 _22=2.4731 _33=1.00001 _43=-0.15 (aspect 1.778)
camera: pos -105.9 19.9 -211.2 | proj _11=1.4082 _22=2.5034 _33=1.00001 _43=-0.15 (aspect 1.778)
camera: pos -105.8 19.9 -211.1 | proj _11=1.4264 _22=2.5358 _33=1.00001 _43=-0.15 (aspect 1.778)
camera: pos -105.7 19.9 -211.1 | proj _11=1.4433 _22=2.5657 _33=1.00001 _43=-0.15 (aspect 1.778)
camera: pos -105.6 19.9 -211.1 | proj _11=1.4612 _22=2.5975 _33=1.00001 _43=-0.15 (aspect 1.778)
camera: pos -105.5 19.9 -211.1 | proj _11=1.4795 _22=2.6302 _33=1.00001 _43=-0.15 (aspect 1.778)
camera: pos -105.5 19.9 -211.1 | proj _11=1.4982 _22=2.6634 _33=1.00001 _43=-0.15 (aspect 1.778)
camera: pos -105.4 20.0 -211.2 | proj _11=1.5173 _22=2.6975 _33=1.00001 _43=-0.15 (aspect 1.778)
camera: pos -105.4 20.0 -211.2 | proj _11=1.5368 _22=2.7320 _33=1.00001 _43=-0.15 (aspect 1.778)
camera: pos -105.3 20.0 -211.3 | proj _11=1.5567 _22=2.7674 _33=1.00001 _43=-0.15 (aspect 1.778)
camera: pos -105.3 20.0 -211.4 | proj _11=1.5668 _22=2.7854 _33=1.00001 _43=-0.15 (aspect 1.778)
camera: pos -105.3 20.0 -211.4 | proj _11=1.5770 _22=2.8036 _33=1.00001 _43=-0.15 (aspect 1.778)
camera: pos -105.3 20.0 -211.5 | proj _11=1.5874 _22=2.8219 _33=1.00001 _43=-0.15 (aspect 1.778)
camera: pos -105.3 20.0 -211.5 | proj _11=1.5978 _22=2.8405 _33=1.00001 _43=-0.15 (aspect 1.778)
camera: pos -105.3 20.0 -211.6 | proj _11=1.6084 _22=2.8592 _33=1.00001 _43=-0.15 (aspect 1.778)
camera: pos -97.2 20.5 -224.4 | proj _11=1.5971 _22=2.8392 _33=1.00001 _43=-0.15 (aspect 1.778)
camera: pos -97.2 20.5 -224.0 | proj _11=1.5846 _22=2.8169 _33=1.00001 _43=-0.15 (aspect 1.778)
camera: pos -97.2 20.5 -223.6 | proj _11=1.5723 _22=2.7952 _33=1.00001 _43=-0.15 (aspect 1.778)
camera: pos -97.2 20.5 -223.2 | proj _11=1.5600 _22=2.7733 _33=1.00001 _43=-0.15 (aspect 1.778)
camera: pos -97.2 20.5 -222.8 | proj _11=1.5495 _22=2.7547 _33=1.00001 _43=-0.15 (aspect 1.778)
camera: pos -97.3 20.5 -222.5 | proj _11=1.5393 _22=2.7365 _33=1.00001 _43=-0.15 (aspect 1.778)
camera: pos -97.4 20.6 -222.1 | proj _11=1.5292 _22=2.7184 _33=1.00001 _43=-0.15 (aspect 1.778)
camera: pos -97.6 20.7 -221.7 | proj _11=1.5191 _22=2.7006 _33=1.00001 _43=-0.15 (aspect 1.778)
camera: pos -97.7 20.8 -221.3 | proj _11=1.5089 _22=2.6824 _33=1.00001 _43=-0.15 (aspect 1.778)
camera: pos -97.9 20.8 -220.9 | proj _11=1.4988 _22=2.6644 _33=1.00001 _43=-0.15 (aspect 1.778)
camera: pos -98.1 20.8 -220.4 | proj _11=1.4848 _22=2.6395 _33=1.00001 _43=-0.15 (aspect 1.778)
camera: pos -98.3 20.8 -219.9 | proj _11=1.4704 _22=2.6141 _33=1.00001 _43=-0.15 (aspect 1.778)
camera: pos -98.5 20.7 -219.3 | proj _11=1.4568 _22=2.5898 _33=1.00001 _43=-0.15 (aspect 1.778)
camera: pos -98.8 20.7 -218.8 | proj _11=1.4435 _22=2.5661 _33=1.00001 _43=-0.15 (aspect 1.778)
camera: pos -99.1 20.6 -218.3 | proj _11=1.4298 _22=2.5417 _33=1.00001 _43=-0.15 (aspect 1.778)
camera: pos -99.3 20.6 -217.7 | proj _11=1.4157 _22=2.5168 _33=1.00001 _43=-0.15 (aspect 1.778)
camera: pos -99.7 20.6 -217.2 | proj _11=1.4024 _22=2.4931 _33=1.00001 _43=-0.15 (aspect 1.778)
camera: pos -100.0 20.6 -216.7 | proj _11=1.3884 _22=2.4683 _33=1.00001 _43=-0.15 (aspect 1.778)
camera: pos -100.2 20.6 -216.1 | proj _11=1.3752 _22=2.4447 _33=1.00001 _43=-0.15 (aspect 1.778)
camera: pos -100.4 20.6 -215.5 | proj _11=1.3623 _22=2.4219 _33=1.00001 _43=-0.15 (aspect 1.778)
camera: pos -100.6 20.6 -215.0 | proj _11=1.3493 _22=2.3988 _33=1.00001 _43=-0.15 (aspect 1.778)
camera: pos -100.9 20.6 -214.4 | proj _11=1.3366 _22=2.3761 _33=1.00001 _43=-0.15 (aspect 1.778)
camera: pos -101.1 20.5 -213.8 | proj _11=1.3243 _22=2.3542 _33=1.00001 _43=-0.15 (aspect 1.778)
camera: pos -101.3 20.5 -213.3 | proj _11=1.3121 _22=2.3325 _33=1.00001 _43=-0.15 (aspect 1.778)
camera: pos -101.5 20.5 -212.7 | proj _11=1.2999 _22=2.3108 _33=1.00001 _43=-0.15 (aspect 1.778)
camera: pos -99.1 20.8 -194.7 | proj _11=1.3109 _22=2.3305 _33=1.00001 _43=-0.15 (aspect 1.778)
camera: pos -98.9 20.8 -194.7 | proj _11=1.3238 _22=2.3534 _33=1.00001 _43=-0.15 (aspect 1.778)
camera: pos -98.7 20.8 -194.7 | proj _11=1.3383 _22=2.3792 _33=1.00001 _43=-0.15 (aspect 1.778)
camera: pos -98.5 20.8 -194.6 | proj _11=1.3512 _22=2.4020 _33=1.00001 _43=-0.15 (aspect 1.778)
camera: pos -98.4 20.8 -194.6 | proj _11=1.3653 _22=2.4271 _33=1.00001 _43=-0.15 (aspect 1.778)
camera: pos -98.2 20.8 -194.6 | proj _11=1.3789 _22=2.4513 _33=1.00001 _43=-0.15 (aspect 1.778)
camera: pos -98.1 20.8 -194.6 | proj _11=1.3923 _22=2.4751 _33=1.00001 _43=-0.15 (aspect 1.778)
camera: pos -98.0 20.8 -194.6 | proj _11=1.4074 _22=2.5019 _33=1.00001 _43=-0.15 (aspect 1.778)
camera: pos -97.8 20.8 -194.6 | proj _11=1.4213 _22=2.5268 _33=1.00001 _43=-0.15 (aspect 1.778)
camera: pos -97.2 20.8 -193.7 | proj _11=1.4101 _22=2.5067 _33=1.00001 _43=-0.15 (aspect 1.778)
camera: pos -96.9 20.8 -192.8 | proj _11=1.3988 _22=2.4867 _33=1.00001 _43=-0.15 (aspect 1.778)
camera: pos -96.6 20.7 -191.7 | proj _11=1.3878 _22=2.4672 _33=1.00001 _43=-0.15 (aspect 1.778)
camera: pos -96.1 20.7 -190.5 | proj _11=1.3762 _22=2.4465 _33=1.00001 _43=-0.15 (aspect 1.778)
camera: pos -95.5 20.6 -189.4 | proj _11=1.3652 _22=2.4270 _33=1.00001 _43=-0.15 (aspect 1.778)
camera: pos -94.6 20.6 -188.5 | proj _11=1.3537 _22=2.4065 _33=1.00001 _43=-0.15 (aspect 1.778)
camera: pos -94.1 20.6 -188.2 | proj _11=1.3714 _22=2.4380 _33=1.00001 _43=-0.15 (aspect 1.778)
camera: pos -93.8 20.6 -188.1 | proj _11=1.3890 _22=2.4692 _33=1.00001 _43=-0.15 (aspect 1.778)
camera: pos -93.5 20.6 -187.9 | proj _11=1.4073 _22=2.5018 _33=1.00001 _43=-0.15 (aspect 1.778)
camera: pos -93.2 20.6 -187.7 | proj _11=1.4256 _22=2.5344 _33=1.00001 _43=-0.15 (aspect 1.778)
camera: pos -93.0 20.6 -187.5 | proj _11=1.4357 _22=2.5524 _33=1.00001 _43=-0.15 (aspect 1.778)
camera: pos -92.8 20.6 -187.4 | proj _11=1.4475 _22=2.5733 _33=1.00001 _43=-0.15 (aspect 1.778)
camera: pos -92.6 20.6 -187.2 | proj _11=1.4595 _22=2.5946 _33=1.00001 _43=-0.15 (aspect 1.778)
camera: pos -92.4 20.6 -187.1 | proj _11=1.4699 _22=2.6131 _33=1.00001 _43=-0.15 (aspect 1.778)
camera: pos -92.2 20.6 -186.9 | proj _11=1.4826 _22=2.6356 _33=1.00001 _43=-0.15 (aspect 1.778)
camera: pos -92.0 20.6 -186.7 | proj _11=1.4936 _22=2.6552 _33=1.00001 _43=-0.15 (aspect 1.778)
camera: pos -91.7 20.6 -186.4 | proj _11=1.5060 _22=2.6773 _33=1.00001 _43=-0.15 (aspect 1.778)
camera: pos -91.5 20.5 -186.1 | proj _11=1.5210 _22=2.7039 _33=1.00001 _43=-0.15 (aspect 1.778)
camera: pos -91.3 20.5 -185.9 | proj _11=1.5355 _22=2.7297 _33=1.00001 _43=-0.15 (aspect 1.778)
camera: pos -91.1 20.6 -185.6 | proj _11=1.5490 _22=2.7538 _33=1.00001 _43=-0.15 (aspect 1.778)
camera: pos -90.9 20.5 -185.3 | proj _11=1.5635 _22=2.7795 _33=1.00001 _43=-0.15 (aspect 1.778)
camera: pos -90.7 20.5 -185.0 | proj _11=1.5759 _22=2.8015 _33=1.00001 _43=-0.15 (aspect 1.778)
camera: pos -90.5 20.6 -184.7 | proj _11=1.5891 _22=2.8250 _33=1.00001 _43=-0.15 (aspect 1.778)
camera: pos -90.4 20.6 -184.6 | proj _11=1.6024 _22=2.8486 _33=1.00001 _43=-0.15 (aspect 1.778)
frame 3000 | draws 1063/frame | FFP converted 341/frame (32.1%)
    not converted: screen-space 11  skinned 0  ortho 0  vertex-format 4  untextured 504  instanced 0  mirrored 0  other-camera 53  no camera 0  other 0 (per frame)
    prepasses hidden: sampler-less 504/frame, stipple-with-no-colour 86/frame (these used to convert WHITE) | post/composite quads marked 11/frame
    constant-colour materials (no diffuse map, albedo from the shader's own constant) 24/frame | HUD quads demoted to UI 0/frame | back-buffer clears 0/frame | sky draws 30/frame | UI-pass draws converted 0/frame
    instancing: 319 converted from the instance stream/frame, 0 refused/frame (largest single draw 1 instances, 0.4 buffer writes snooped/frame)
    SKINNING: 33 skinned/frame, 6 refused/frame, 0 exact duplicates dropped/frame | 51 meshes decoded, 51 cached, 0 cache flushes
    ALBEDO stage 0 taken raw (no shader reflection) 0/frame
    ALBEDO: constant-only 24/frame, tinted fallback 0/frame, genuinely blank 0/frame (of 24 rank-0 draws/frame)
    ALBEDO WHITE (previously uncounted): named-but-not-bound 0/frame, render-target exclusion left nothing 0/frame | colourless passes now hidden 32/frame | screen-space passes hidden 0/frame | particle billboards hidden 2/frame
    SKIPPED entirely 0/frame (mode 3) | demoted to UI overlay 0/frame | no-albedo materials left to Remix 24/frame
    MARKED with the marker texture 687/frame (refused as unsafe 0/frame, 1510 SetTexture calls/frame, marker created)
    albedo: moved off stage 0 84/frame, blanked 24/frame, restored from mesh cache 94/frame (1637 meshes cached, 0 flushes) | RT textures known 55 | lights 0.4/frame (24 shaders)
    camera -90.2 22.0 -174.4 | distinct cameras this frame 1 (max 1) | transform writes 231/frame | redundant state calls dropped 8851/frame
    world matrix changes 230/frame | objTM used without a fresh upload 0/frame | uv matrix writes 5/frame (last scale 0.00098, 0.00098)
    TIMING: frame 20.2 ms avg (50 fps), worst 35 ms | shim 4.45 ms avg (22.1% of frame), worst 23.9 ms
    TIMING tail: 5 frames >=33 ms, 0 >=100 ms in this window of 600 | inside real Present 9.18 ms avg, worst 7.2 ms | our other hooks 0.00 ms avg
    converted -> target 14F0BEE0 1280x720 fmt=34 : 9 draws/frame
    converted -> target 14F11738 1280x720 fmt=113 : 326 draws/frame
    converted -> target 14F0BB00 1280x720 fmt=113 : 0 draws/frame
HITCH frame 3176: 51.1 ms = present 0.2 + our-present 0.0 + draws 18.7 + other-hooks 0.0 + game/bridge 32.2 | draws 4158 | new shaders 0 textures 0
HITCH frame 3192: 40.2 ms = present 0.2 + our-present 0.0 + draws 25.4 + other-hooks 0.0 + game/bridge 14.6 | draws 6764 | new shaders 0 textures 0
HITCH frame 3194: 40.1 ms = present 0.2 + our-present 0.0 + draws 24.0 + other-hooks 0.0 + game/bridge 16.0 | draws 7242 | new shaders 0 textures 0
HITCH frame 3195: 45.7 ms = present 0.2 + our-present 0.0 + draws 27.8 + other-hooks 0.0 + game/bridge 17.7 | draws 7391 | new shaders 0 textures 0
HITCH frame 3196: 48.1 ms = present 0.2 + our-present 0.0 + draws 28.4 + other-hooks 0.0 + game/bridge 19.4 | draws 7980 | new shaders 0 textures 0
HITCH frame 3197: 47.8 ms = present 0.3 + our-present 0.0 + draws 32.9 + other-hooks 0.0 + game/bridge 14.6 | draws 8468 | new shaders 0 textures 0
HITCH frame 3198: 48.5 ms = present 0.2 + our-present 0.0 + draws 28.3 + other-hooks 0.0 + game/bridge 20.0 | draws 8877 | new shaders 0 textures 0
HITCH frame 3199: 46.5 ms = present 0.3 + our-present 0.0 + draws 26.4 + other-hooks 0.0 + game/bridge 19.8 | draws 8937 | new shaders 0 textures 0
HITCH frame 3200: 48.0 ms = present 0.2 + our-present 0.0 + draws 27.4 + other-hooks 0.0 + game/bridge 20.3 | draws 8953 | new shaders 0 textures 0
HITCH frame 3201: 46.9 ms = present 0.2 + our-present 0.0 + draws 26.9 + other-hooks 0.0 + game/bridge 19.7 | draws 9085 | new shaders 0 textures 6
HITCH frame 3202: 47.4 ms = present 0.3 + our-present 0.0 + draws 26.9 + other-hooks 0.0 + game/bridge 20.2 | draws 8943 | new shaders 0 textures 0
HITCH frame 3203: 54.4 ms = present 1.7 + our-present 0.0 + draws 30.1 + other-hooks 0.0 + game/bridge 22.6 | draws 8841 | new shaders 0 textures 0
HITCH frame 3204: 43.9 ms = present 0.2 + our-present 0.0 + draws 29.4 + other-hooks 0.0 + game/bridge 14.2 | draws 8569 | new shaders 0 textures 0
HITCH frame 3205: 41.8 ms = present 0.3 + our-present 0.0 + draws 22.7 + other-hooks 0.0 + game/bridge 18.7 | draws 8316 | new shaders 0 textures 0
camera: pos -103.2 20.4 -179.0 | proj _11=1.5923 _22=2.8307 _33=1.00001 _43=-0.15 (aspect 1.778)
camera: pos -103.2 20.5 -178.9 | proj _11=1.5802 _22=2.8092 _33=1.00001 _43=-0.15 (aspect 1.778)
camera: pos -103.2 20.6 -178.8 | proj _11=1.5686 _22=2.7885 _33=1.00001 _43=-0.15 (aspect 1.778)
camera: pos -103.2 20.6 -178.7 | proj _11=1.5568 _22=2.7676 _33=1.00001 _43=-0.15 (aspect 1.778)
camera: pos -103.2 20.7 -178.6 | proj _11=1.5453 _22=2.7471 _33=1.00001 _43=-0.15 (aspect 1.778)
camera: pos -103.2 20.7 -178.9 | proj _11=1.5339 _22=2.7268 _33=1.00001 _43=-0.15 (aspect 1.778)
camera: pos -103.2 20.6 -179.9 | proj _11=1.5228 _22=2.7072 _33=1.00001 _43=-0.15 (aspect 1.778)
camera: pos -103.2 20.5 -181.4 | proj _11=1.5117 _22=2.6875 _33=1.00001 _43=-0.15 (aspect 1.778)
camera: pos -103.2 20.3 -182.9 | proj _11=1.5006 _22=2.6676 _33=1.00001 _43=-0.15 (aspect 1.778)
frame 3600 | draws 1207/frame | FFP converted 384/frame (31.9%)
    not converted: screen-space 14  skinned 0  ortho 0  vertex-format 3  untextured 579  instanced 0  mirrored 0  other-camera 62  no camera 0  other 0 (per frame)
    prepasses hidden: sampler-less 579/frame, stipple-with-no-colour 95/frame (these used to convert WHITE) | post/composite quads marked 14/frame
    constant-colour materials (no diffuse map, albedo from the shader's own constant) 31/frame | HUD quads demoted to UI 0/frame | back-buffer clears 0/frame | sky draws 34/frame | UI-pass draws converted 0/frame
    instancing: 358 converted from the instance stream/frame, 0 refused/frame (largest single draw 1 instances, 0.5 buffer writes snooped/frame)
    SKINNING: 39 skinned/frame, 10 refused/frame, 0 exact duplicates dropped/frame | 51 meshes decoded, 51 cached, 0 cache flushes
    ALBEDO stage 0 taken raw (no shader reflection) 0/frame
    ALBEDO: constant-only 31/frame, tinted fallback 0/frame, genuinely blank 0/frame (of 31 rank-0 draws/frame)
    ALBEDO WHITE (previously uncounted): named-but-not-bound 0/frame, render-target exclusion left nothing 0/frame | colourless passes now hidden 32/frame | screen-space passes hidden 0/frame | particle billboards hidden 2/frame
    SKIPPED entirely 0/frame (mode 3) | demoted to UI overlay 0/frame | no-albedo materials left to Remix 31/frame
    MARKED with the marker texture 784/frame (refused as unsafe 0/frame, 1742 SetTexture calls/frame, marker created)
    albedo: moved off stage 0 90/frame, blanked 31/frame, restored from mesh cache 100/frame (1826 meshes cached, 0 flushes) | RT textures known 55 | lights 0.6/frame (24 shaders)
    camera -103.2 20.3 -182.9 | distinct cameras this frame 1 (max 1) | transform writes 254/frame | redundant state calls dropped 9966/frame
    world matrix changes 253/frame | objTM used without a fresh upload 0/frame | uv matrix writes 6/frame (last scale 0.00098, 0.00098)
    TIMING: frame 20.0 ms avg (50 fps), worst 54 ms | shim 5.30 ms avg (26.4% of frame), worst 32.9 ms
    TIMING tail: 27 frames >=33 ms, 0 >=100 ms in this window of 600 | inside real Present 8.40 ms avg, worst 8.4 ms | our other hooks 0.00 ms avg
    converted -> target 14F0BEE0 1280x720 fmt=34 : 10 draws/frame
    converted -> target 14F11738 1280x720 fmt=113 : 364 draws/frame
    converted -> target 14F0BB00 1280x720 fmt=113 : 0 draws/frame
camera: pos -103.2 20.4 -182.6 | proj _11=1.4898 _22=2.6485 _33=1.00001 _43=-0.15 (aspect 1.778)
camera: pos -103.2 20.7 -180.1 | proj _11=1.4791 _22=2.6295 _33=1.00001 _43=-0.15 (aspect 1.778)
camera: pos -102.8 20.8 -179.9 | proj _11=1.4685 _22=2.6107 _33=1.00001 _43=-0.15 (aspect 1.778)
camera: pos -102.4 20.8 -180.4 | proj _11=1.4580 _22=2.5920 _33=1.00001 _43=-0.15 (aspect 1.778)
camera: pos -102.1 20.9 -180.9 | proj _11=1.4477 _22=2.5736 _33=1.00001 _43=-0.15 (aspect 1.778)
camera: pos -102.1 20.9 -181.3 | proj _11=1.4374 _22=2.5554 _33=1.00001 _43=-0.15 (aspect 1.778)
camera: pos -102.2 20.9 -181.8 | proj _11=1.4273 _22=2.5374 _33=1.00001 _43=-0.15 (aspect 1.778)
camera: pos -102.3 20.9 -182.2 | proj _11=1.4173 _22=2.5196 _33=1.00001 _43=-0.15 (aspect 1.778)
camera: pos -102.3 20.9 -182.8 | proj _11=1.4041 _22=2.4960 _33=1.00001 _43=-0.15 (aspect 1.778)
camera: pos -102.1 21.0 -183.4 | proj _11=1.3911 _22=2.4729 _33=1.00001 _43=-0.15 (aspect 1.778)
camera: pos -102.0 21.0 -184.1 | proj _11=1.3782 _22=2.4501 _33=1.00001 _43=-0.15 (aspect 1.778)
camera: pos -101.7 21.1 -184.8 | proj _11=1.3655 _22=2.4276 _33=1.00001 _43=-0.15 (aspect 1.778)
camera: pos -101.6 21.2 -185.5 | proj _11=1.3531 _22=2.4055 _33=1.00001 _43=-0.15 (aspect 1.778)
camera: pos -101.6 21.2 -186.2 | proj _11=1.3408 _22=2.3835 _33=1.00001 _43=-0.15 (aspect 1.778)
camera: pos -101.7 21.3 -186.8 | proj _11=1.3287 _22=2.3621 _33=1.00001 _43=-0.15 (aspect 1.778)
camera: pos -101.9 21.3 -187.4 | proj _11=1.3167 _22=2.3407 _33=1.00001 _43=-0.15 (aspect 1.778)
camera: pos -102.1 21.3 -188.1 | proj _11=1.3044 _22=2.3189 _33=1.00001 _43=-0.15 (aspect 1.778)
camera: pos -130.4 23.5 -195.8 | proj _11=1.3168 _22=2.3409 _33=1.00001 _43=-0.15 (aspect 1.778)
camera: pos -130.4 23.5 -195.8 | proj _11=1.3347 _22=2.3728 _33=1.00001 _43=-0.15 (aspect 1.778)
camera: pos -130.5 23.6 -195.8 | proj _11=1.3531 _22=2.4055 _33=1.00001 _43=-0.15 (aspect 1.778)
camera: pos -130.6 23.6 -195.8 | proj _11=1.3718 _22=2.4388 _33=1.00001 _43=-0.15 (aspect 1.778)
camera: pos -130.6 23.7 -195.7 | proj _11=1.3910 _22=2.4728 _33=1.00001 _43=-0.15 (aspect 1.778)
camera: pos -130.6 23.7 -195.7 | proj _11=1.4106 _22=2.5077 _33=1.00001 _43=-0.15 (aspect 1.778)
camera: pos -130.6 23.8 -195.7 | proj _11=1.4306 _22=2.5433 _33=1.00001 _43=-0.15 (aspect 1.778)
camera: pos -130.6 23.8 -195.7 | proj _11=1.4408 _22=2.5613 _33=1.00001 _43=-0.15 (aspect 1.778)
camera: pos -130.6 23.8 -195.7 | proj _11=1.4510 _22=2.5796 _33=1.00001 _43=-0.15 (aspect 1.778)
camera: pos -130.6 23.9 -195.7 | proj _11=1.4614 _22=2.5980 _33=1.00001 _43=-0.15 (aspect 1.778)
camera: pos -130.6 23.9 -195.7 | proj _11=1.4720 _22=2.6169 _33=1.00001 _43=-0.15 (aspect 1.778)
camera: pos -130.6 23.9 -195.7 | proj _11=1.4827 _22=2.6358 _33=1.00001 _43=-0.15 (aspect 1.778)
camera: pos -130.6 24.0 -195.7 | proj _11=1.4934 _22=2.6548 _33=1.00001 _43=-0.15 (aspect 1.778)
camera: pos -130.6 24.0 -195.7 | proj _11=1.5043 _22=2.6743 _33=1.00001 _43=-0.15 (aspect 1.778)
camera: pos -130.6 24.0 -195.7 | proj _11=1.5153 _22=2.6939 _33=1.00001 _43=-0.15 (aspect 1.778)
camera: pos -130.6 24.0 -195.7 | proj _11=1.5265 _22=2.7137 _33=1.00001 _43=-0.15 (aspect 1.778)
camera: pos -130.6 24.1 -195.7 | proj _11=1.5378 _22=2.7338 _33=1.00001 _43=-0.15 (aspect 1.778)
camera: pos -130.6 24.1 -195.6 | proj _11=1.5491 _22=2.7540 _33=1.00001 _43=-0.15 (aspect 1.778)
camera: pos -130.6 24.1 -195.6 | proj _11=1.5607 _22=2.7746 _33=1.00001 _43=-0.15 (aspect 1.778)
camera: pos -130.6 24.2 -195.6 | proj _11=1.5725 _22=2.7954 _33=1.00001 _43=-0.15 (aspect 1.778)
camera: pos -130.5 24.2 -195.6 | proj _11=1.5843 _22=2.8165 _33=1.00001 _43=-0.15 (aspect 1.778)
camera: pos -130.5 24.2 -195.6 | proj _11=1.5962 _22=2.8377 _33=1.00001 _43=-0.15 (aspect 1.778)
camera: pos -130.5 24.2 -195.6 | proj _11=1.6084 _22=2.8594 _33=1.00001 _43=-0.15 (aspect 1.778)
camera: pos -138.9 20.7 -192.7 | proj _11=1.5963 _22=2.8379 _33=1.00001 _43=-0.15 (aspect 1.778)
frame dump written to sr3-rtx-frame.log (1663 draws)
camera: pos -138.6 20.8 -192.9 | proj _11=1.5843 _22=2.8164 _33=1.00001 _43=-0.15 (aspect 1.778)
camera: pos -138.3 20.8 -193.2 | proj _11=1.5724 _22=2.7954 _33=1.00001 _43=-0.15 (aspect 1.778)
camera: pos -137.7 20.9 -193.4 | proj _11=1.5607 _22=2.7746 _33=1.00001 _43=-0.15 (aspect 1.778)
camera: pos -136.3 21.1 -193.2 | proj _11=1.5492 _22=2.7540 _33=1.00001 _43=-0.15 (aspect 1.778)
camera: pos -134.4 21.3 -193.1 | proj _11=1.5378 _22=2.7338 _33=1.00001 _43=-0.15 (aspect 1.778)
camera: pos -132.6 21.4 -193.5 | proj _11=1.5256 _22=2.7122 _33=1.00001 _43=-0.15 (aspect 1.778)
camera: pos -131.4 21.5 -194.3 | proj _11=1.5153 _22=2.6938 _33=1.00001 _43=-0.15 (aspect 1.778)
camera: pos -130.7 21.5 -195.0 | proj _11=1.5043 _22=2.6742 _33=1.00001 _43=-0.15 (aspect 1.778)
camera: pos -130.3 21.5 -195.6 | proj _11=1.4932 _22=2.6546 _33=1.00001 _43=-0.15 (aspect 1.778)
camera: pos -130.2 21.5 -196.2 | proj _11=1.4826 _22=2.6357 _33=1.00001 _43=-0.15 (aspect 1.778)
camera: pos -130.2 21.4 -196.6 | proj _11=1.4718 _22=2.6164 _33=1.00001 _43=-0.15 (aspect 1.778)
frame 4200 | draws 1162/frame | FFP converted 362/frame (31.2%)
    not converted: screen-space 17  skinned 0  ortho 0  vertex-format 4  untextured 557  instanced 0  mirrored 0  other-camera 60  no camera 0  other 0 (per frame)
    prepasses hidden: sampler-less 557/frame, stipple-with-no-colour 95/frame (these used to convert WHITE) | post/composite quads marked 17/frame
    constant-colour materials (no diffuse map, albedo from the shader's own constant) 27/frame | HUD quads demoted to UI 0/frame | back-buffer clears 1/frame | sky draws 34/frame | UI-pass draws converted 0/frame
    instancing: 333 converted from the instance stream/frame, 0 refused/frame (largest single draw 1 instances, 0.6 buffer writes snooped/frame)
    SKINNING: 41 skinned/frame, 9 refused/frame, 0 exact duplicates dropped/frame | 53 meshes decoded, 53 cached, 0 cache flushes
    ALBEDO stage 0 taken raw (no shader reflection) 0/frame
    ALBEDO: constant-only 27/frame, tinted fallback 0/frame, genuinely blank 0/frame (of 27 rank-0 draws/frame)
    ALBEDO WHITE (previously uncounted): named-but-not-bound 0/frame, render-target exclusion left nothing 0/frame | colourless passes now hidden 31/frame | screen-space passes hidden 0/frame | particle billboards hidden 2/frame
    SKIPPED entirely 0/frame (mode 3) | demoted to UI overlay 0/frame | no-albedo materials left to Remix 27/frame
    MARKED with the marker texture 762/frame (refused as unsafe 0/frame, 1722 SetTexture calls/frame, marker created)
    albedo: moved off stage 0 88/frame, blanked 27/frame, restored from mesh cache 91/frame (1826 meshes cached, 0 flushes) | RT textures known 55 | lights 0.6/frame (24 shaders)
    camera -130.3 21.4 -196.8 | distinct cameras this frame 1 (max 1) | transform writes 236/frame | redundant state calls dropped 9389/frame
    world matrix changes 235/frame | objTM used without a fresh upload 0/frame | uv matrix writes 6/frame (last scale 0.00098, 0.00098)
    TIMING: frame 19.6 ms avg (51 fps), worst 24 ms | shim 5.56 ms avg (28.4% of frame), worst 14.0 ms
    TIMING tail: 0 frames >=33 ms, 0 >=100 ms in this window of 600 | inside real Present 8.00 ms avg, worst 8.2 ms | our other hooks 0.00 ms avg
    converted -> target 14F0BEE0 1280x720 fmt=34 : 9 draws/frame
    converted -> target 14F11738 1280x720 fmt=113 : 344 draws/frame
    converted -> target 14F0BB00 1280x720 fmt=113 : 0 draws/frame
camera: pos -130.4 21.4 -197.0 | proj _11=1.4599 _22=2.5953 _33=1.00001 _43=-0.15 (aspect 1.778)
camera: pos -130.7 21.4 -197.5 | proj _11=1.4454 _22=2.5695 _33=1.00001 _43=-0.15 (aspect 1.778)
camera: pos -131.1 21.4 -198.2 | proj _11=1.4318 _22=2.5454 _33=1.00001 _43=-0.15 (aspect 1.778)
camera: pos -131.5 21.4 -198.7 | proj _11=1.4180 _22=2.5208 _33=1.00001 _43=-0.15 (aspect 1.778)
camera: pos -132.0 21.4 -198.9 | proj _11=1.4079 _22=2.5029 _33=1.00001 _43=-0.15 (aspect 1.778)
camera: pos -132.4 21.4 -199.0 | proj _11=1.3974 _22=2.4843 _33=1.00001 _43=-0.15 (aspect 1.778)
camera: pos -133.0 21.3 -199.3 | proj _11=1.3828 _22=2.4583 _33=1.00001 _43=-0.15 (aspect 1.778)
camera: pos -133.5 21.3 -200.3 | proj _11=1.3688 _22=2.4334 _33=1.00001 _43=-0.15 (aspect 1.778)
camera: pos -133.9 21.3 -201.0 | proj _11=1.3584 _22=2.4149 _33=1.00001 _43=-0.15 (aspect 1.778)
camera: pos -134.6 21.3 -201.4 | proj _11=1.3435 _22=2.3884 _33=1.00001 _43=-0.15 (aspect 1.778)
camera: pos -135.0 21.3 -201.2 | proj _11=1.3326 _22=2.3691 _33=1.00001 _43=-0.15 (aspect 1.778)
camera: pos -135.4 21.3 -200.9 | proj _11=1.3216 _22=2.3494 _33=1.00001 _43=-0.15 (aspect 1.778)
camera: pos -135.7 21.2 -200.7 | proj _11=1.3111 _22=2.3307 _33=1.00001 _43=-0.15 (aspect 1.778)
camera: pos -136.2 21.2 -200.6 | proj _11=1.3008 _22=2.3124 _33=1.00001 _43=-0.15 (aspect 1.778)
camera: pos -148.6 21.3 -198.1 | proj _11=1.3143 _22=2.3364 _33=1.00001 _43=-0.15 (aspect 1.778)
camera: pos -148.5 21.3 -198.1 | proj _11=1.3306 _22=2.3655 _33=1.00001 _43=-0.15 (aspect 1.778)
camera: pos -148.4 21.3 -198.2 | proj _11=1.3490 _22=2.3981 _33=1.00001 _43=-0.15 (aspect 1.778)
camera: pos -148.3 21.3 -198.2 | proj _11=1.3671 _22=2.4304 _33=1.00001 _43=-0.15 (aspect 1.778)
camera: pos -148.3 21.4 -198.2 | proj _11=1.3846 _22=2.4614 _33=1.00001 _43=-0.15 (aspect 1.778)
camera: pos -148.2 21.4 -198.2 | proj _11=1.4040 _22=2.4959 _33=1.00001 _43=-0.15 (aspect 1.778)
camera: pos -147.2 21.4 -198.3 | proj _11=1.3923 _22=2.4751 _33=1.00001 _43=-0.15 (aspect 1.778)
camera: pos -146.3 21.3 -198.3 | proj _11=1.3795 _22=2.4524 _33=1.00001 _43=-0.15 (aspect 1.778)
camera: pos -145.6 21.3 -198.0 | proj _11=1.3695 _22=2.4346 _33=1.00001 _43=-0.15 (aspect 1.778)
camera: pos -144.9 21.3 -197.5 | proj _11=1.3581 _22=2.4144 _33=1.00001 _43=-0.15 (aspect 1.778)
camera: pos -144.2 21.3 -196.6 | proj _11=1.3447 _22=2.3905 _33=1.00001 _43=-0.15 (aspect 1.778)
camera: pos -143.6 21.3 -195.4 | proj _11=1.3327 _22=2.3692 _33=1.00001 _43=-0.15 (aspect 1.778)
camera: pos -143.4 21.3 -193.4 | proj _11=1.3198 _22=2.3462 _33=1.00001 _43=-0.15 (aspect 1.778)
camera: pos -143.9 21.3 -190.7 | proj _11=1.3096 _22=2.3281 _33=1.00001 _43=-0.15 (aspect 1.778)
camera: pos -148.8 21.3 -185.4 | proj _11=1.2987 _22=2.3088 _33=1.00001 _43=-0.15 (aspect 1.778)
camera: pos -172.5 27.3 -188.0 | proj _11=1.2887 _22=2.2909 _33=1.00001 _43=-0.15 (aspect 1.778)
camera: pos -172.3 27.3 -188.1 | proj _11=1.2784 _22=2.2726 _33=1.00001 _43=-0.15 (aspect 1.778)
camera: pos -172.2 27.3 -188.2 | proj _11=1.2680 _22=2.2542 _33=1.00001 _43=-0.15 (aspect 1.778)
camera: pos -172.0 27.3 -188.3 | proj _11=1.2576 _22=2.2356 _33=1.00001 _43=-0.15 (aspect 1.778)
camera: pos -171.5 27.2 -188.5 | proj _11=1.2475 _22=2.2178 _33=1.00001 _43=-0.15 (aspect 1.778)
camera: pos -171.0 27.3 -188.9 | proj _11=1.2369 _22=2.1989 _33=1.00001 _43=-0.15 (aspect 1.778)
camera: pos -170.5 27.3 -189.1 | proj _11=1.2266 _22=2.1806 _33=1.00001 _43=-0.15 (aspect 1.778)
camera: pos -170.1 27.3 -189.3 | proj _11=1.2166 _22=2.1628 _33=1.00001 _43=-0.15 (aspect 1.778)
camera: pos -169.6 27.2 -189.6 | proj _11=1.2056 _22=2.1433 _33=1.00001 _43=-0.15 (aspect 1.778)
camera: pos -168.9 27.2 -190.1 | proj _11=1.1952 _22=2.1247 _33=1.00001 _43=-0.15 (aspect 1.778)
camera: pos -166.4 27.3 -191.6 | proj _11=1.2057 _22=2.1435 _33=1.00001 _43=-0.15 (aspect 1.778)
camera: pos -165.9 27.3 -191.9 | proj _11=1.2173 _22=2.1640 _33=1.00001 _43=-0.15 (aspect 1.778)
camera: pos -165.5 27.3 -192.1 | proj _11=1.2280 _22=2.1830 _33=1.00001 _43=-0.15 (aspect 1.778)
camera: pos -165.2 27.3 -192.3 | proj _11=1.2384 _22=2.2015 _33=1.00001 _43=-0.15 (aspect 1.778)
camera: pos -165.0 27.3 -192.4 | proj _11=1.2492 _22=2.2207 _33=1.00001 _43=-0.15 (aspect 1.778)
camera: pos -164.9 27.3 -192.5 | proj _11=1.2597 _22=2.2394 _33=1.00001 _43=-0.15 (aspect 1.778)
camera: pos -164.7 27.3 -192.5 | proj _11=1.2700 _22=2.2576 _33=1.00001 _43=-0.15 (aspect 1.778)
camera: pos -164.6 27.3 -192.6 | proj _11=1.2806 _22=2.2766 _33=1.00001 _43=-0.15 (aspect 1.778)
frame 4800 | draws 1297/frame | FFP converted 398/frame (30.7%)
    not converted: screen-space 18  skinned 0  ortho 0  vertex-format 4  untextured 620  instanced 0  mirrored 0  other-camera 73  no camera 0  other 0 (per frame)
    prepasses hidden: sampler-less 620/frame, stipple-with-no-colour 108/frame (these used to convert WHITE) | post/composite quads marked 18/frame
    constant-colour materials (no diffuse map, albedo from the shader's own constant) 28/frame | HUD quads demoted to UI 0/frame | back-buffer clears 1/frame | sky draws 38/frame | UI-pass draws converted 0/frame
    instancing: 368 converted from the instance stream/frame, 0 refused/frame (largest single draw 1 instances, 0.6 buffer writes snooped/frame)
    SKINNING: 48 skinned/frame, 12 refused/frame, 0 exact duplicates dropped/frame | 53 meshes decoded, 53 cached, 0 cache flushes
    ALBEDO stage 0 taken raw (no shader reflection) 0/frame
    ALBEDO: constant-only 28/frame, tinted fallback 0/frame, genuinely blank 0/frame (of 29 rank-0 draws/frame)
    ALBEDO WHITE (previously uncounted): named-but-not-bound 0/frame, render-target exclusion left nothing 0/frame | colourless passes now hidden 34/frame | screen-space passes hidden 0/frame | particle billboards hidden 3/frame
    SKIPPED entirely 0/frame (mode 3) | demoted to UI overlay 0/frame | no-albedo materials left to Remix 29/frame
    MARKED with the marker texture 857/frame (refused as unsafe 0/frame, 1931 SetTexture calls/frame, marker created)
    albedo: moved off stage 0 99/frame, blanked 28/frame, restored from mesh cache 95/frame (1837 meshes cached, 0 flushes) | RT textures known 55 | lights 0.7/frame (24 shaders)
    camera -164.3 27.3 -192.8 | distinct cameras this frame 1 (max 1) | transform writes 258/frame | redundant state calls dropped 10322/frame
    world matrix changes 256/frame | objTM used without a fresh upload 0/frame | uv matrix writes 7/frame (last scale 0.00098, 0.00098)
    TIMING: frame 19.6 ms avg (51 fps), worst 39 ms | shim 6.28 ms avg (32.0% of frame), worst 23.5 ms
    TIMING tail: 10 frames >=33 ms, 0 >=100 ms in this window of 600 | inside real Present 7.12 ms avg, worst 3.5 ms | our other hooks 0.00 ms avg
    converted -> target 14F0BEE0 1280x720 fmt=34 : 10 draws/frame
    converted -> target 14F11738 1280x720 fmt=113 : 377 draws/frame
    converted -> target 14F0BB00 1280x720 fmt=113 : 0 draws/frame
camera: pos -164.0 27.4 -192.9 | proj _11=1.2701 _22=2.2579 _33=1.00001 _43=-0.15 (aspect 1.778)
camera: pos -163.8 27.4 -193.0 | proj _11=1.2593 _22=2.2387 _33=1.00001 _43=-0.15 (aspect 1.778)
camera: pos -163.6 27.4 -193.2 | proj _11=1.2491 _22=2.2206 _33=1.00001 _43=-0.15 (aspect 1.778)
camera: pos -163.4 27.4 -193.3 | proj _11=1.2382 _22=2.2011 _33=1.00001 _43=-0.15 (aspect 1.778)
camera: pos -163.9 25.1 -193.0 | proj _11=1.2274 _22=2.1819 _33=1.00001 _43=-0.15 (aspect 1.778)
camera: pos -163.9 23.8 -193.0 | proj _11=1.2150 _22=2.1599 _33=1.00001 _43=-0.15 (aspect 1.778)
camera: pos -163.7 23.1 -193.1 | proj _11=1.2037 _22=2.1399 _33=1.00001 _43=-0.15 (aspect 1.778)
camera: pos -163.5 22.6 -193.2 | proj _11=1.1918 _22=2.1186 _33=1.00001 _43=-0.15 (aspect 1.778)
camera: pos -163.2 22.3 -193.3 | proj _11=1.1799 _22=2.0976 _33=1.00001 _43=-0.15 (aspect 1.778)
camera: pos -162.9 22.0 -193.5 | proj _11=1.1680 _22=2.0764 _33=1.00001 _43=-0.15 (aspect 1.778)
camera: pos -162.4 21.8 -193.7 | proj _11=1.1560 _22=2.0551 _33=1.00001 _43=-0.15 (aspect 1.778)
camera: pos -162.0 21.7 -193.9 | proj _11=1.1444 _22=2.0345 _33=1.00001 _43=-0.15 (aspect 1.778)
camera: pos -161.5 21.6 -194.2 | proj _11=1.1326 _22=2.0135 _33=1.00001 _43=-0.15 (aspect 1.778)
camera: pos -160.9 21.5 -194.4 | proj _11=1.1209 _22=1.9926 _33=1.00001 _43=-0.15 (aspect 1.778)
camera: pos -160.2 21.4 -194.7 | proj _11=1.1094 _22=1.9722 _33=1.00001 _43=-0.15 (aspect 1.778)
camera: pos -159.4 21.4 -195.1 | proj _11=1.0979 _22=1.9518 _33=1.00001 _43=-0.15 (aspect 1.778)
camera: pos -158.6 21.3 -195.4 | proj _11=1.0866 _22=1.9318 _33=1.00001 _43=-0.15 (aspect 1.778)
camera: pos -157.8 21.3 -195.7 | proj _11=1.0756 _22=1.9121 _33=1.00001 _43=-0.15 (aspect 1.778)
camera: pos -156.9 21.3 -196.0 | proj _11=1.0643 _22=1.8920 _33=1.00001 _43=-0.15 (aspect 1.778)
camera: pos -155.8 21.2 -196.4 | proj _11=1.0524 _22=1.8709 _33=1.00001 _43=-0.15 (aspect 1.778)
camera: pos -154.8 21.2 -196.8 | proj _11=1.0407 _22=1.8500 _33=1.00001 _43=-0.15 (aspect 1.778)
camera: pos -153.6 21.2 -197.2 | proj _11=1.0287 _22=1.8288 _33=1.00001 _43=-0.15 (aspect 1.778)
camera: pos -152.4 21.2 -197.6 | proj _11=1.0176 _22=1.8089 _33=1.00001 _43=-0.15 (aspect 1.778)
HITCH frame 4926: 45.0 ms = present 0.2 + our-present 0.0 + draws 12.5 + other-hooks 0.0 + game/bridge 32.2 | draws 5143 | new shaders 0 textures 0
camera: pos -150.8 21.2 -198.1 | proj _11=1.0035 _22=1.7840 _33=1.00001 _43=-0.15 (aspect 1.778)
camera: pos -149.4 21.2 -198.5 | proj _11=0.9915 _22=1.7626 _33=1.00001 _43=-0.15 (aspect 1.778)
camera: pos -147.9 21.2 -199.0 | proj _11=0.9802 _22=1.7425 _33=1.00001 _43=-0.15 (aspect 1.778)
camera: pos -146.3 21.2 -199.4 | proj _11=0.9687 _22=1.7221 _33=1.00001 _43=-0.15 (aspect 1.778)
camera: pos -144.6 21.2 -199.9 | proj _11=0.9574 _22=1.7020 _33=1.00001 _43=-0.15 (aspect 1.778)
camera: pos -142.7 21.2 -200.4 | proj _11=0.9463 _22=1.6823 _33=1.00001 _43=-0.15 (aspect 1.778)
camera: pos -140.7 21.3 -200.9 | proj _11=0.9352 _22=1.6625 _33=1.00001 _43=-0.15 (aspect 1.778)
camera: pos -138.7 21.3 -201.4 | proj _11=0.9242 _22=1.6430 _33=1.00001 _43=-0.15 (aspect 1.778)
camera: pos -136.5 21.3 -201.9 | proj _11=0.9123 _22=1.6218 _33=1.00001 _43=-0.15 (aspect 1.778)
camera: pos -134.1 21.3 -202.5 | proj _11=0.9005 _22=1.6008 _33=1.00001 _43=-0.15 (aspect 1.778)
camera: pos -131.5 21.4 -203.1 | proj _11=0.8884 _22=1.5793 _33=1.00001 _43=-0.15 (aspect 1.778)
camera: pos -128.9 21.3 -203.6 | proj _11=0.8777 _22=1.5603 _33=1.00001 _43=-0.15 (aspect 1.778)
camera: pos -125.8 21.2 -204.3 | proj _11=0.8653 _22=1.5382 _33=1.00001 _43=-0.15 (aspect 1.778)
camera: pos -122.4 20.9 -205.0 | proj _11=0.8533 _22=1.5169 _33=1.00001 _43=-0.15 (aspect 1.778)
camera: pos -119.2 20.6 -205.7 | proj _11=0.8425 _22=1.4978 _33=1.00001 _43=-0.15 (aspect 1.778)
camera: pos -115.9 20.5 -206.4 | proj _11=0.8325 _22=1.4799 _33=1.00001 _43=-0.15 (aspect 1.778)
camera: pos -111.5 20.4 -207.3 | proj _11=0.8209 _22=1.4593 _33=1.00001 _43=-0.15 (aspect 1.778)
camera: pos -107.0 20.6 -208.2 | proj _11=0.8102 _22=1.4403 _33=1.00001 _43=-0.15 (aspect 1.778)
camera: pos -101.8 21.2 -209.2 | proj _11=0.7985 _22=1.4196 _33=1.00001 _43=-0.15 (aspect 1.778)
camera: pos -96.5 22.0 -210.3 | proj _11=0.7869 _22=1.3989 _33=1.00001 _43=-0.15 (aspect 1.778)
camera: pos -90.9 22.9 -211.4 | proj _11=0.7754 _22=1.3785 _33=1.00001 _43=-0.15 (aspect 1.778)
camera: pos -85.8 23.7 -212.4 | proj _11=0.7650 _22=1.3600 _33=1.00001 _43=-0.15 (aspect 1.778)
camera: pos -80.4 24.4 -213.4 | proj _11=0.7546 _22=1.3415 _33=1.00001 _43=-0.15 (aspect 1.778)
camera: pos -74.7 25.2 -214.5 | proj _11=0.7438 _22=1.3223 _33=1.00001 _43=-0.15 (aspect 1.778)
camera: pos -68.8 26.0 -215.6 | proj _11=0.7332 _22=1.3035 _33=1.00001 _43=-0.15 (aspect 1.778)
camera: pos -62.2 26.7 -216.8 | proj _11=0.7226 _22=1.2847 _33=1.00001 _43=-0.15 (aspect 1.778)
camera: pos -55.6 27.3 -218.0 | proj _11=0.7124 _22=1.2665 _33=1.00001 _43=-0.15 (aspect 1.778)
camera: pos -47.9 28.4 -219.4 | proj _11=0.7017 _22=1.2474 _33=1.00001 _43=-0.15 (aspect 1.778)
camera: pos -39.5 29.5 -220.8 | proj _11=0.6910 _22=1.2285 _33=1.00001 _43=-0.15 (aspect 1.778)
frame 5400 | draws 1755/frame | FFP converted 521/frame (29.7%)
    not converted: screen-space 20  skinned 0  ortho 0  vertex-format 4  untextured 878  instanced 0  mirrored 0  other-camera 115  no camera 0  other 0 (per frame)
    prepasses hidden: sampler-less 878/frame, stipple-with-no-colour 120/frame (these used to convert WHITE) | post/composite quads marked 20/frame
    constant-colour materials (no diffuse map, albedo from the shader's own constant) 71/frame | HUD quads demoted to UI 0/frame | back-buffer clears 1/frame | sky draws 55/frame | UI-pass draws converted 0/frame
    instancing: 524 converted from the instance stream/frame, 0 refused/frame (largest single draw 1 instances, 0.7 buffer writes snooped/frame)
    SKINNING: 50 skinned/frame, 13 refused/frame, 0 exact duplicates dropped/frame | 53 meshes decoded, 53 cached, 0 cache flushes
    ALBEDO stage 0 taken raw (no shader reflection) 0/frame
    ALBEDO: constant-only 71/frame, tinted fallback 0/frame, genuinely blank 0/frame (of 72 rank-0 draws/frame)
    ALBEDO WHITE (previously uncounted): named-but-not-bound 0/frame, render-target exclusion left nothing 0/frame | colourless passes now hidden 37/frame | screen-space passes hidden 0/frame | particle billboards hidden 3/frame
    SKIPPED entirely 0/frame (mode 3) | demoted to UI overlay 0/frame | no-albedo materials left to Remix 72/frame
    MARKED with the marker texture 1174/frame (refused as unsafe 0/frame, 2584 SetTexture calls/frame, marker created)
    albedo: moved off stage 0 112/frame, blanked 71/frame, restored from mesh cache 109/frame (2181 meshes cached, 0 flushes) | RT textures known 55 | lights 1.1/frame (24 shaders)
    camera -227.1 126.7 -239.4 | distinct cameras this frame 1 (max 1) | transform writes 338/frame | redundant state calls dropped 13517/frame
    world matrix changes 337/frame | objTM used without a fresh upload 0/frame | uv matrix writes 8/frame (last scale 0.00098, 0.00098)
    TIMING: frame 20.3 ms avg (49 fps), worst 45 ms | shim 7.16 ms avg (35.2% of frame), worst 21.4 ms
    TIMING tail: 11 frames >=33 ms, 0 >=100 ms in this window of 600 | inside real Present 6.36 ms avg, worst 2.5 ms | our other hooks 0.00 ms avg
    converted -> target 14F0BEE0 1280x720 fmt=34 : 12 draws/frame
    converted -> target 14F11738 1280x720 fmt=113 : 495 draws/frame
    converted -> target 14F0BB00 1280x720 fmt=113 : 1 draws/frame
HITCH frame 5545: 49.7 ms = present 0.2 + our-present 0.0 + draws 8.7 + other-hooks 0.0 + game/bridge 40.8 | draws 2398 | new shaders 0 textures 0
HITCH frame 5617: 44.1 ms = present 5.4 + our-present 0.0 + draws 6.7 + other-hooks 0.0 + game/bridge 32.1 | draws 445 | new shaders 0 textures 0
HITCH frame 5702: 44.4 ms = present 7.2 + our-present 0.0 + draws 6.2 + other-hooks 0.0 + game/bridge 31.0 | draws 396 | new shaders 0 textures 0
frame 6000 | draws 1726/frame | FFP converted 506/frame (29.3%)
    not converted: screen-space 21  skinned 0  ortho 0  vertex-format 4  untextured 868  instanced 0  mirrored 0  other-camera 114  no camera 0  other 0 (per frame)
    prepasses hidden: sampler-less 868/frame, stipple-with-no-colour 116/frame (these used to convert WHITE) | post/composite quads marked 21/frame
    constant-colour materials (no diffuse map, albedo from the shader's own constant) 76/frame | HUD quads demoted to UI 0/frame | back-buffer clears 1/frame | sky draws 60/frame | UI-pass draws converted 0/frame
    instancing: 509 converted from the instance stream/frame, 0 refused/frame (largest single draw 1 instances, 0.7 buffer writes snooped/frame)
    SKINNING: 51 skinned/frame, 14 refused/frame, 0 exact duplicates dropped/frame | 53 meshes decoded, 53 cached, 0 cache flushes
    ALBEDO stage 0 taken raw (no shader reflection) 0/frame
    ALBEDO: constant-only 76/frame, tinted fallback 0/frame, genuinely blank 0/frame (of 76 rank-0 draws/frame)
    ALBEDO WHITE (previously uncounted): named-but-not-bound 0/frame, render-target exclusion left nothing 0/frame | colourless passes now hidden 34/frame | screen-space passes hidden 0/frame | particle billboards hidden 3/frame
    SKIPPED entirely 0/frame (mode 3) | demoted to UI overlay 0/frame | no-albedo materials left to Remix 76/frame
    MARKED with the marker texture 1156/frame (refused as unsafe 0/frame, 2561 SetTexture calls/frame, marker created)
    albedo: moved off stage 0 104/frame, blanked 76/frame, restored from mesh cache 102/frame (2189 meshes cached, 0 flushes) | RT textures known 55 | lights 1.1/frame (24 shaders)
    camera -34.6 39.3 -211.4 | distinct cameras this frame 1 (max 1) | transform writes 326/frame | redundant state calls dropped 13126/frame
    world matrix changes 324/frame | objTM used without a fresh upload 0/frame | uv matrix writes 8/frame (last scale 0.00098, 0.00098)
    TIMING: frame 20.3 ms avg (49 fps), worst 50 ms | shim 7.21 ms avg (35.6% of frame), worst 14.6 ms
    TIMING tail: 7 frames >=33 ms, 0 >=100 ms in this window of 600 | inside real Present 6.19 ms avg, worst 22.8 ms | our other hooks 0.00 ms avg
    converted -> target 14F0BEE0 1280x720 fmt=34 : 12 draws/frame
    converted -> target 14F11738 1280x720 fmt=113 : 480 draws/frame
    converted -> target 14F0BB00 1280x720 fmt=113 : 1 draws/frame
frame 6600 | draws 1602/frame | FFP converted 468/frame (29.2%)
    not converted: screen-space 22  skinned 0  ortho 0  vertex-format 3  untextured 801  instanced 0  mirrored 0  other-camera 103  no camera 0  other 0 (per frame)
    prepasses hidden: sampler-less 801/frame, stipple-with-no-colour 111/frame (these used to convert WHITE) | post/composite quads marked 22/frame
    constant-colour materials (no diffuse map, albedo from the shader's own constant) 69/frame | HUD quads demoted to UI 0/frame | back-buffer clears 1/frame | sky draws 60/frame | UI-pass draws converted 0/frame
    instancing: 463 converted from the instance stream/frame, 0 refused/frame (largest single draw 1 instances, 0.7 buffer writes snooped/frame)
    SKINNING: 51 skinned/frame, 14 refused/frame, 0 exact duplicates dropped/frame | 53 meshes decoded, 53 cached, 0 cache flushes
    ALBEDO stage 0 taken raw (no shader reflection) 0/frame
    ALBEDO: constant-only 69/frame, tinted fallback 0/frame, genuinely blank 0/frame (of 69 rank-0 draws/frame)
    ALBEDO WHITE (previously uncounted): named-but-not-bound 0/frame, render-target exclusion left nothing 0/frame | colourless passes now hidden 31/frame | screen-space passes hidden 0/frame | particle billboards hidden 3/frame
    SKIPPED entirely 0/frame (mode 3) | demoted to UI overlay 0/frame | no-albedo materials left to Remix 69/frame
    MARKED with the marker texture 1071/frame (refused as unsafe 0/frame, 2402 SetTexture calls/frame, marker created)
    albedo: moved off stage 0 96/frame, blanked 69/frame, restored from mesh cache 93/frame (2189 meshes cached, 0 flushes) | RT textures known 55 | lights 1.1/frame (24 shaders)
    camera -86.5 133.4 -64.5 | distinct cameras this frame 1 (max 1) | transform writes 298/frame | redundant state calls dropped 12127/frame
    world matrix changes 297/frame | objTM used without a fresh upload 0/frame | uv matrix writes 7/frame (last scale 0.00098, 0.00098)
    TIMING: frame 19.9 ms avg (50 fps), worst 22 ms | shim 7.14 ms avg (35.8% of frame), worst 8.7 ms
    TIMING tail: 0 frames >=33 ms, 0 >=100 ms in this window of 600 | inside real Present 6.26 ms avg, worst 7.9 ms | our other hooks 0.00 ms avg
    converted -> target 14F0BEE0 1280x720 fmt=34 : 11 draws/frame
    converted -> target 14F11738 1280x720 fmt=113 : 442 draws/frame
    converted -> target 14F0BB00 1280x720 fmt=113 : 1 draws/frame
frame 7200 | draws 1496/frame | FFP converted 436/frame (29.1%)
    not converted: screen-space 22  skinned 0  ortho 0  vertex-format 3  untextured 743  instanced 0  mirrored 0  other-camera 95  no camera 0  other 0 (per frame)
    prepasses hidden: sampler-less 743/frame, stipple-with-no-colour 108/frame (these used to convert WHITE) | post/composite quads marked 22/frame
    constant-colour materials (no diffuse map, albedo from the shader's own constant) 63/frame | HUD quads demoted to UI 0/frame | back-buffer clears 1/frame | sky draws 58/frame | UI-pass draws converted 0/frame
    instancing: 424 converted from the instance stream/frame, 0 refused/frame (largest single draw 1 instances, 0.7 buffer writes snooped/frame)
    SKINNING: 52 skinned/frame, 15 refused/frame, 0 exact duplicates dropped/frame | 53 meshes decoded, 53 cached, 0 cache flushes
    ALBEDO stage 0 taken raw (no shader reflection) 0/frame
    ALBEDO: constant-only 63/frame, tinted fallback 0/frame, genuinely blank 0/frame (of 64 rank-0 draws/frame)
    ALBEDO WHITE (previously uncounted): named-but-not-bound 0/frame, render-target exclusion left nothing 0/frame | colourless passes now hidden 28/frame | screen-space passes hidden 0/frame | particle billboards hidden 3/frame
    SKIPPED entirely 0/frame (mode 3) | demoted to UI overlay 0/frame | no-albedo materials left to Remix 64/frame
    MARKED with the marker texture 999/frame (refused as unsafe 0/frame, 2266 SetTexture calls/frame, marker created)
    albedo: moved off stage 0 90/frame, blanked 63/frame, restored from mesh cache 85/frame (2189 meshes cached, 0 flushes) | RT textures known 55 | lights 1.1/frame (24 shaders)
    camera -139.7 212.0 -177.1 | distinct cameras this frame 1 (max 1) | transform writes 275/frame | redundant state calls dropped 11294/frame
    world matrix changes 274/frame | objTM used without a fresh upload 0/frame | uv matrix writes 7/frame (last scale 0.00098, 0.00098)
    TIMING: frame 19.7 ms avg (51 fps), worst 21 ms | shim 7.07 ms avg (36.0% of frame), worst 9.2 ms
    TIMING tail: 0 frames >=33 ms, 0 >=100 ms in this window of 600 | inside real Present 6.32 ms avg, worst 7.9 ms | our other hooks 0.00 ms avg
    converted -> target 14F0BEE0 1280x720 fmt=34 : 10 draws/frame
    converted -> target 14F11738 1280x720 fmt=113 : 410 draws/frame
    converted -> target 14F0BB00 1280x720 fmt=113 : 1 draws/frame
frame 7800 | draws 1403/frame | FFP converted 409/frame (29.1%)
    not converted: screen-space 23  skinned 0  ortho 0  vertex-format 3  untextured 693  instanced 0  mirrored 0  other-camera 87  no camera 0  other 0 (per frame)
    prepasses hidden: sampler-less 693/frame, stipple-with-no-colour 105/frame (these used to convert WHITE) | post/composite quads marked 23/frame
    constant-colour materials (no diffuse map, albedo from the shader's own constant) 59/frame | HUD quads demoted to UI 0/frame | back-buffer clears 1/frame | sky draws 55/frame | UI-pass draws converted 0/frame
    instancing: 392 converted from the instance stream/frame, 0 refused/frame (largest single draw 1 instances, 0.8 buffer writes snooped/frame)
    SKINNING: 52 skinned/frame, 15 refused/frame, 0 exact duplicates dropped/frame | 53 meshes decoded, 53 cached, 0 cache flushes
    ALBEDO stage 0 taken raw (no shader reflection) 0/frame
    ALBEDO: constant-only 59/frame, tinted fallback 0/frame, genuinely blank 0/frame (of 59 rank-0 draws/frame)
    ALBEDO WHITE (previously uncounted): named-but-not-bound 0/frame, render-target exclusion left nothing 0/frame | colourless passes now hidden 26/frame | screen-space passes hidden 0/frame | particle billboards hidden 3/frame
    SKIPPED entirely 0/frame (mode 3) | demoted to UI overlay 0/frame | no-albedo materials left to Remix 59/frame
    MARKED with the marker texture 937/frame (refused as unsafe 0/frame, 2149 SetTexture calls/frame, marker created)
    albedo: moved off stage 0 85/frame, blanked 59/frame, restored from mesh cache 78/frame (2189 meshes cached, 0 flushes) | RT textures known 55 | lights 1.1/frame (24 shaders)
    camera -190.5 28.8 -35.3 | distinct cameras this frame 1 (max 1) | transform writes 256/frame | redundant state calls dropped 10589/frame
    world matrix changes 254/frame | objTM used without a fresh upload 0/frame | uv matrix writes 7/frame (last scale 0.00098, 0.00098)
    TIMING: frame 19.4 ms avg (51 fps), worst 25 ms | shim 7.02 ms avg (36.1% of frame), worst 9.6 ms
    TIMING tail: 0 frames >=33 ms, 0 >=100 ms in this window of 600 | inside real Present 6.38 ms avg, worst 8.0 ms | our other hooks 0.00 ms avg
    converted -> target 14F0BEE0 1280x720 fmt=34 : 10 draws/frame
    converted -> target 14F11738 1280x720 fmt=113 : 383 draws/frame
    converted -> target 14F0BB00 1280x720 fmt=113 : 1 draws/frame
HITCH frame 8219: 49.4 ms = present 6.8 + our-present 0.0 + draws 8.4 + other-hooks 0.0 + game/bridge 34.1 | draws 283 | new shaders 0 textures 0
frame 8400 | draws 1323/frame | FFP converted 385/frame (29.1%)
    not converted: screen-space 23  skinned 0  ortho 0  vertex-format 3  untextured 650  instanced 0  mirrored 0  other-camera 81  no camera 0  other 0 (per frame)
    prepasses hidden: sampler-less 650/frame, stipple-with-no-colour 102/frame (these used to convert WHITE) | post/composite quads marked 23/frame
    constant-colour materials (no diffuse map, albedo from the shader's own constant) 54/frame | HUD quads demoted to UI 0/frame | back-buffer clears 1/frame | sky draws 52/frame | UI-pass draws converted 0/frame
    instancing: 364 converted from the instance stream/frame, 0 refused/frame (largest single draw 1 instances, 0.8 buffer writes snooped/frame)
    SKINNING: 52 skinned/frame, 15 refused/frame, 0 exact duplicates dropped/frame | 53 meshes decoded, 53 cached, 0 cache flushes
    ALBEDO stage 0 taken raw (no shader reflection) 0/frame
    ALBEDO: constant-only 54/frame, tinted fallback 0/frame, genuinely blank 0/frame (of 55 rank-0 draws/frame)
    ALBEDO WHITE (previously uncounted): named-but-not-bound 0/frame, render-target exclusion left nothing 0/frame | colourless passes now hidden 24/frame | screen-space passes hidden 0/frame | particle billboards hidden 3/frame
    SKIPPED entirely 0/frame (mode 3) | demoted to UI overlay 0/frame | no-albedo materials left to Remix 55/frame
    MARKED with the marker texture 883/frame (refused as unsafe 0/frame, 2047 SetTexture calls/frame, marker created)
    albedo: moved off stage 0 80/frame, blanked 54/frame, restored from mesh cache 73/frame (2189 meshes cached, 0 flushes) | RT textures known 55 | lights 1.1/frame (24 shaders)
    camera -232.9 72.5 -67.9 | distinct cameras this frame 1 (max 1) | transform writes 239/frame | redundant state calls dropped 9980/frame
    world matrix changes 237/frame | objTM used without a fresh upload 0/frame | uv matrix writes 7/frame (last scale 0.00098, 0.00098)
    TIMING: frame 19.2 ms avg (52 fps), worst 49 ms | shim 6.96 ms avg (36.2% of frame), worst 9.0 ms
    TIMING tail: 2 frames >=33 ms, 0 >=100 ms in this window of 600 | inside real Present 6.45 ms avg, worst 29.4 ms | our other hooks 0.00 ms avg
    converted -> target 14F0BEE0 1280x720 fmt=34 : 9 draws/frame
    converted -> target 14F11738 1280x720 fmt=113 : 360 draws/frame
    converted -> target 14F0BB00 1280x720 fmt=113 : 1 draws/frame
frame 9000 | draws 1249/frame | FFP converted 364/frame (29.1%)
    not converted: screen-space 24  skinned 0  ortho 0  vertex-format 3  untextured 608  instanced 0  mirrored 0  other-camera 76  no camera 0  other 0 (per frame)
    prepasses hidden: sampler-less 608/frame, stipple-with-no-colour 99/frame (these used to convert WHITE) | post/composite quads marked 24/frame
    constant-colour materials (no diffuse map, albedo from the shader's own constant) 51/frame | HUD quads demoted to UI 0/frame | back-buffer clears 1/frame | sky draws 51/frame | UI-pass draws converted 0/frame
    instancing: 340 converted from the instance stream/frame, 0 refused/frame (largest single draw 1 instances, 0.8 buffer writes snooped/frame)
    SKINNING: 52 skinned/frame, 14 refused/frame, 0 exact duplicates dropped/frame | 53 meshes decoded, 53 cached, 0 cache flushes
    ALBEDO stage 0 taken raw (no shader reflection) 0/frame
    ALBEDO: constant-only 51/frame, tinted fallback 0/frame, genuinely blank 0/frame (of 51 rank-0 draws/frame)
    ALBEDO WHITE (previously uncounted): named-but-not-bound 0/frame, render-target exclusion left nothing 0/frame | colourless passes now hidden 23/frame | screen-space passes hidden 0/frame | particle billboards hidden 3/frame
    SKIPPED entirely 0/frame (mode 3) | demoted to UI overlay 0/frame | no-albedo materials left to Remix 51/frame
    MARKED with the marker texture 832/frame (refused as unsafe 0/frame, 1951 SetTexture calls/frame, marker created)
    albedo: moved off stage 0 76/frame, blanked 51/frame, restored from mesh cache 68/frame (2189 meshes cached, 0 flushes) | RT textures known 55 | lights 1.1/frame (24 shaders)
    camera -232.9 72.5 -67.9 | distinct cameras this frame 1 (max 1) | transform writes 224/frame | redundant state calls dropped 9430/frame
    world matrix changes 222/frame | objTM used without a fresh upload 0/frame | uv matrix writes 6/frame (last scale 0.00098, 0.00098)
    TIMING: frame 19.1 ms avg (52 fps), worst 20 ms | shim 6.91 ms avg (36.2% of frame), worst 9.0 ms
    TIMING tail: 0 frames >=33 ms, 0 >=100 ms in this window of 600 | inside real Present 6.53 ms avg, worst 8.5 ms | our other hooks 0.00 ms avg
    converted -> target 14F0BEE0 1280x720 fmt=34 : 9 draws/frame
    converted -> target 14F11738 1280x720 fmt=113 : 340 draws/frame
    converted -> target 14F0BB00 1280x720 fmt=113 : 1 draws/frame
camera: pos -158.0 79.8 -34.6 | proj _11=0.7796 _22=1.3859 _33=1.00007 _43=-1.00 (aspect 1.778)
camera: pos -157.3 79.8 -30.0 | proj _11=0.7688 _22=1.3667 _33=1.00007 _43=-1.00 (aspect 1.778)
camera: pos -158.3 79.8 -31.5 | proj _11=0.7587 _22=1.3487 _33=1.00007 _43=-1.00 (aspect 1.778)
camera: pos -165.2 79.8 -34.1 | proj _11=0.7476 _22=1.3291 _33=1.00007 _43=-1.00 (aspect 1.778)
camera: pos -169.4 79.8 -30.4 | proj _11=0.7364 _22=1.3092 _33=1.00007 _43=-1.00 (aspect 1.778)
HITCH frame 9060: 40.1 ms = present 0.3 + our-present 0.0 + draws 14.1 + other-hooks 0.0 + game/bridge 25.7 | draws 6732 | new shaders 0 textures 0
camera: pos -170.9 79.8 -25.7 | proj _11=0.7263 _22=1.2911 _33=1.00007 _43=-1.00 (aspect 1.778)
camera: pos -171.1 79.8 -20.2 | proj _11=0.7153 _22=1.2717 _33=1.00007 _43=-1.00 (aspect 1.778)
camera: pos -170.7 79.7 -14.7 | proj _11=0.7048 _22=1.2530 _33=1.00007 _43=-1.00 (aspect 1.778)
HITCH frame 9072: 40.8 ms = present 0.3 + our-present 0.0 + draws 15.5 + other-hooks 0.0 + game/bridge 25.1 | draws 7044 | new shaders 0 textures 0
camera: pos -170.1 79.7 -9.1 | proj _11=0.6944 _22=1.2345 _33=1.00007 _43=-1.00 (aspect 1.778)
HITCH frame 9075: 40.1 ms = present 0.3 + our-present 0.0 + draws 15.8 + other-hooks 0.0 + game/bridge 24.0 | draws 7052 | new shaders 0 textures 0
HITCH frame 9080: 42.4 ms = present 0.3 + our-present 0.0 + draws 15.5 + other-hooks 0.0 + game/bridge 26.6 | draws 7044 | new shaders 0 textures 0
HITCH frame 9084: 40.3 ms = present 0.3 + our-present 0.0 + draws 15.9 + other-hooks 0.0 + game/bridge 24.2 | draws 7050 | new shaders 0 textures 0
HITCH frame 9109: 42.7 ms = present 0.3 + our-present 0.0 + draws 15.0 + other-hooks 0.0 + game/bridge 27.5 | draws 7041 | new shaders 0 textures 0
HITCH frame 9110: 50.6 ms = present 0.4 + our-present 0.1 + draws 21.6 + other-hooks 0.0 + game/bridge 28.5 | draws 7042 | new shaders 0 textures 0
HITCH frame 9111: 47.1 ms = present 0.3 + our-present 0.0 + draws 17.5 + other-hooks 0.0 + game/bridge 29.3 | draws 7046 | new shaders 0 textures 0
HITCH frame 9112: 42.6 ms = present 0.4 + our-present 0.0 + draws 16.2 + other-hooks 0.0 + game/bridge 26.1 | draws 7046 | new shaders 0 textures 0
HITCH frame 9113: 40.0 ms = present 0.3 + our-present 0.0 + draws 14.8 + other-hooks 0.0 + game/bridge 24.8 | draws 7047 | new shaders 0 textures 0
HITCH frame 9128: 40.2 ms = present 0.3 + our-present 0.0 + draws 15.4 + other-hooks 0.0 + game/bridge 24.5 | draws 7041 | new shaders 0 textures 0
HITCH frame 9135: 43.7 ms = present 0.3 + our-present 0.0 + draws 18.6 + other-hooks 0.0 + game/bridge 24.9 | draws 7043 | new shaders 0 textures 0
HITCH frame 9136: 42.1 ms = present 0.3 + our-present 0.0 + draws 15.0 + other-hooks 0.0 + game/bridge 26.8 | draws 7041 | new shaders 0 textures 0
HITCH frame 9138: 40.2 ms = present 0.3 + our-present 0.0 + draws 14.8 + other-hooks 0.0 + game/bridge 25.2 | draws 7039 | new shaders 0 textures 0
HITCH frame 9143: 40.5 ms = present 0.3 + our-present 0.0 + draws 15.4 + other-hooks 0.0 + game/bridge 24.9 | draws 7042 | new shaders 0 textures 0
HITCH frame 9144: 41.3 ms = present 0.3 + our-present 0.0 + draws 16.9 + other-hooks 0.0 + game/bridge 24.1 | draws 7042 | new shaders 0 textures 0
HITCH frame 9145: 41.4 ms = present 0.3 + our-present 0.0 + draws 15.2 + other-hooks 0.0 + game/bridge 25.9 | draws 7045 | new shaders 0 textures 0
HITCH frame 9150: 44.4 ms = present 0.2 + our-present 0.0 + draws 18.6 + other-hooks 0.0 + game/bridge 25.5 | draws 7041 | new shaders 0 textures 0
HITCH frame 9151: 44.8 ms = present 0.3 + our-present 0.0 + draws 18.7 + other-hooks 0.0 + game/bridge 25.8 | draws 7041 | new shaders 0 textures 0
HITCH frame 9153: 41.9 ms = present 0.3 + our-present 0.0 + draws 15.0 + other-hooks 0.0 + game/bridge 26.6 | draws 7041 | new shaders 0 textures 0
HITCH frame 9154: 41.4 ms = present 0.2 + our-present 0.0 + draws 15.3 + other-hooks 0.0 + game/bridge 25.8 | draws 7041 | new shaders 0 textures 0
HITCH frame 9158: 40.7 ms = present 0.3 + our-present 0.0 + draws 19.0 + other-hooks 0.0 + game/bridge 21.5 | draws 7036 | new shaders 0 textures 0
HITCH frame 9159: 40.7 ms = present 0.2 + our-present 0.0 + draws 15.5 + other-hooks 0.0 + game/bridge 24.9 | draws 7037 | new shaders 0 textures 0
HITCH frame 9160: 41.4 ms = present 0.3 + our-present 0.0 + draws 18.0 + other-hooks 0.0 + game/bridge 23.1 | draws 7039 | new shaders 0 textures 0
HITCH frame 9161: 40.1 ms = present 0.3 + our-present 0.0 + draws 16.9 + other-hooks 0.0 + game/bridge 22.9 | draws 7041 | new shaders 0 textures 0
HITCH frame 9162: 40.2 ms = present 0.3 + our-present 0.0 + draws 15.0 + other-hooks 0.0 + game/bridge 24.9 | draws 7041 | new shaders 0 textures 0
frame 9600 | draws 1431/frame | FFP converted 408/frame (28.5%)
    not converted: screen-space 25  skinned 0  ortho 0  vertex-format 2  untextured 716  instanced 0  mirrored 0  other-camera 95  no camera 0  other 0 (per frame)
    prepasses hidden: sampler-less 716/frame, stipple-with-no-colour 98/frame (these used to convert WHITE) | post/composite quads marked 25/frame
    constant-colour materials (no diffuse map, albedo from the shader's own constant) 75/frame | HUD quads demoted to UI 0/frame | back-buffer clears 1/frame | sky draws 61/frame | UI-pass draws converted 0/frame
    instancing: 403 converted from the instance stream/frame, 0 refused/frame (largest single draw 1 instances, 0.8 buffer writes snooped/frame)
    SKINNING: 53 skinned/frame, 15 refused/frame, 0 exact duplicates dropped/frame | 53 meshes decoded, 53 cached, 0 cache flushes
    ALBEDO stage 0 taken raw (no shader reflection) 0/frame
    ALBEDO: constant-only 75/frame, tinted fallback 0/frame, genuinely blank 0/frame (of 75 rank-0 draws/frame)
    ALBEDO WHITE (previously uncounted): named-but-not-bound 0/frame, render-target exclusion left nothing 0/frame | colourless passes now hidden 21/frame | screen-space passes hidden 0/frame | particle billboards hidden 3/frame
    SKIPPED entirely 0/frame (mode 3) | demoted to UI overlay 0/frame | no-albedo materials left to Remix 75/frame
    MARKED with the marker texture 958/frame (refused as unsafe 0/frame, 2214 SetTexture calls/frame, marker created)
    albedo: moved off stage 0 75/frame, blanked 75/frame, restored from mesh cache 71/frame (2210 meshes cached, 0 flushes) | RT textures known 55 | lights 1.6/frame (24 shaders)
    camera -55.9 210.1 -12.2 | distinct cameras this frame 1 (max 1) | transform writes 253/frame | redundant state calls dropped 10579/frame
    world matrix changes 251/frame | objTM used without a fresh upload 0/frame | uv matrix writes 7/frame (last scale 0.00098, 0.00098)
    TIMING: frame 19.7 ms avg (51 fps), worst 52 ms | shim 7.21 ms avg (36.6% of frame), worst 21.6 ms
    TIMING tail: 320 frames >=33 ms, 0 >=100 ms in this window of 600 | inside real Present 6.27 ms avg, worst 8.6 ms | our other hooks 0.00 ms avg
    converted -> target 14F0BEE0 1280x720 fmt=34 : 10 draws/frame
    converted -> target 14F11738 1280x720 fmt=113 : 382 draws/frame
    converted -> target 14F0BB00 1280x720 fmt=113 : 1 draws/frame
camera: pos -54.9 214.6 -8.3 | proj _11=0.7048 _22=1.2529 _33=1.00007 _43=-1.00 (aspect 1.778)
camera: pos -52.8 224.1 -0.5 | proj _11=0.7151 _22=1.2713 _33=1.00007 _43=-1.00 (aspect 1.778)
camera: pos -51.2 233.9 -250.5 | proj _11=0.7254 _22=1.2895 _33=1.00007 _43=-1.00 (aspect 1.778)
camera: pos -49.7 243.8 -245.1 | proj _11=0.7358 _22=1.3081 _33=1.00007 _43=-1.00 (aspect 1.778)
camera: pos -48.5 252.7 -240.7 | proj _11=0.7462 _22=1.3265 _33=1.00007 _43=-1.00 (aspect 1.778)
camera: pos -47.3 6.5 -236.2 | proj _11=0.7562 _22=1.3443 _33=1.00007 _43=-1.00 (aspect 1.778)
camera: pos -45.7 17.0 -230.3 | proj _11=0.7665 _22=1.3627 _33=1.00007 _43=-1.00 (aspect 1.778)
camera: pos -44.1 26.6 -224.7 | proj _11=0.7766 _22=1.3807 _33=1.00007 _43=-1.00 (aspect 1.778)
camera: pos -42.8 35.4 -220.0 | proj _11=0.7869 _22=1.3989 _33=1.00007 _43=-1.00 (aspect 1.778)
camera: pos -41.2 45.9 -214.1 | proj _11=0.7970 _22=1.4169 _33=1.00007 _43=-1.00 (aspect 1.778)
camera: pos -39.5 55.5 -208.3 | proj _11=0.8072 _22=1.4349 _33=1.00007 _43=-1.00 (aspect 1.778)
camera: pos -37.8 65.8 -202.3 | proj _11=0.8172 _22=1.4527 _33=1.00007 _43=-1.00 (aspect 1.778)
camera: pos -35.8 77.3 -195.4 | proj _11=0.8274 _22=1.4709 _33=1.00007 _43=-1.00 (aspect 1.778)
camera: pos -27.6 107.4 -166.6 | proj _11=0.8172 _22=1.4527 _33=1.00007 _43=-1.00 (aspect 1.778)
camera: pos -25.7 111.6 -159.9 | proj _11=0.8071 _22=1.4347 _33=1.00007 _43=-1.00 (aspect 1.778)
camera: pos -24.1 114.5 -154.1 | proj _11=0.7970 _22=1.4169 _33=1.00007 _43=-1.00 (aspect 1.778)
camera: pos -22.6 116.8 -148.6 | proj _11=0.7865 _22=1.3982 _33=1.00007 _43=-1.00 (aspect 1.778)
camera: pos -21.2 118.5 -143.5 | proj _11=0.7763 _22=1.3800 _33=1.00007 _43=-1.00 (aspect 1.778)
camera: pos -19.7 119.9 -138.2 | proj _11=0.7649 _22=1.3598 _33=1.00007 _43=-1.00 (aspect 1.778)
camera: pos -18.4 120.9 -133.6 | proj _11=0.7547 _22=1.3416 _33=1.00007 _43=-1.00 (aspect 1.778)
camera: pos -17.1 121.6 -128.9 | proj _11=0.7440 _22=1.3226 _33=1.00007 _43=-1.00 (aspect 1.778)
camera: pos -15.7 122.0 -123.8 | proj _11=0.7320 _22=1.3013 _33=1.00007 _43=-1.00 (aspect 1.778)
camera: pos -14.3 122.2 -118.4 | proj _11=0.7193 _22=1.2788 _33=1.00007 _43=-1.00 (aspect 1.778)
camera: pos -12.8 122.0 -113.1 | proj _11=0.7065 _22=1.2559 _33=1.00007 _43=-1.00 (aspect 1.778)
camera: pos -11.7 121.7 -108.9 | proj _11=0.6963 _22=1.2379 _33=1.00007 _43=-1.00 (aspect 1.778)
frame 10200 | draws 1436/frame | FFP converted 408/frame (28.4%)
    not converted: screen-space 25  skinned 0  ortho 0  vertex-format 2  untextured 721  instanced 0  mirrored 0  other-camera 97  no camera 0  other 0 (per frame)
    prepasses hidden: sampler-less 721/frame, stipple-with-no-colour 97/frame (these used to convert WHITE) | post/composite quads marked 25/frame
    constant-colour materials (no diffuse map, albedo from the shader's own constant) 79/frame | HUD quads demoted to UI 0/frame | back-buffer clears 1/frame | sky draws 62/frame | UI-pass draws converted 0/frame
    instancing: 406 converted from the instance stream/frame, 0 refused/frame (largest single draw 1 instances, 0.8 buffer writes snooped/frame)
    SKINNING: 53 skinned/frame, 15 refused/frame, 0 exact duplicates dropped/frame | 53 meshes decoded, 53 cached, 0 cache flushes
    ALBEDO stage 0 taken raw (no shader reflection) 0/frame
    ALBEDO: constant-only 79/frame, tinted fallback 0/frame, genuinely blank 0/frame (of 79 rank-0 draws/frame)
    ALBEDO WHITE (previously uncounted): named-but-not-bound 0/frame, render-target exclusion left nothing 0/frame | colourless passes now hidden 20/frame | screen-space passes hidden 0/frame | particle billboards hidden 3/frame
    SKIPPED entirely 0/frame (mode 3) | demoted to UI overlay 0/frame | no-albedo materials left to Remix 79/frame
    MARKED with the marker texture 963/frame (refused as unsafe 0/frame, 2229 SetTexture calls/frame, marker created)
    albedo: moved off stage 0 73/frame, blanked 79/frame, restored from mesh cache 70/frame (2210 meshes cached, 0 flushes) | RT textures known 55 | lights 1.7/frame (24 shaders)
    camera -243.1 16.7 -17.2 | distinct cameras this frame 1 (max 1) | transform writes 252/frame | redundant state calls dropped 10581/frame
    world matrix changes 251/frame | objTM used without a fresh upload 0/frame | uv matrix writes 7/frame (last scale 0.00098, 0.00098)
    TIMING: frame 19.8 ms avg (51 fps), worst 43 ms | shim 7.25 ms avg (36.7% of frame), worst 17.3 ms
    TIMING tail: 84 frames >=33 ms, 0 >=100 ms in this window of 600 | inside real Present 6.21 ms avg, worst 8.1 ms | our other hooks 0.00 ms avg
    converted -> target 14F0BEE0 1280x720 fmt=34 : 11 draws/frame
    converted -> target 14F11738 1280x720 fmt=113 : 382 draws/frame
    converted -> target 14F0BB00 1280x720 fmt=113 : 1 draws/frame
frame 10800 | draws 1614/frame | FFP converted 454/frame (28.1%)
    not converted: screen-space 26  skinned 0  ortho 0  vertex-format 2  untextured 826  instanced 0  mirrored 0  other-camera 116  no camera 0  other 0 (per frame)
    prepasses hidden: sampler-less 826/frame, stipple-with-no-colour 98/frame (these used to convert WHITE) | post/composite quads marked 26/frame
    constant-colour materials (no diffuse map, albedo from the shader's own constant) 102/frame | HUD quads demoted to UI 0/frame | back-buffer clears 1/frame | sky draws 71/frame | UI-pass draws converted 0/frame
    instancing: 469 converted from the instance stream/frame, 0 refused/frame (largest single draw 1 instances, 0.8 buffer writes snooped/frame)
    SKINNING: 53 skinned/frame, 15 refused/frame, 0 exact duplicates dropped/frame | 53 meshes decoded, 53 cached, 0 cache flushes
    ALBEDO stage 0 taken raw (no shader reflection) 0/frame
    ALBEDO: constant-only 102/frame, tinted fallback 0/frame, genuinely blank 0/frame (of 102 rank-0 draws/frame)
    ALBEDO WHITE (previously uncounted): named-but-not-bound 0/frame, render-target exclusion left nothing 0/frame | colourless passes now hidden 19/frame | screen-space passes hidden 0/frame | particle billboards hidden 3/frame
    SKIPPED entirely 0/frame (mode 3) | demoted to UI overlay 0/frame | no-albedo materials left to Remix 102/frame
    MARKED with the marker texture 1087/frame (refused as unsafe 0/frame, 2487 SetTexture calls/frame, marker created)
    albedo: moved off stage 0 72/frame, blanked 102/frame, restored from mesh cache 73/frame (2217 meshes cached, 0 flushes) | RT textures known 55 | lights 2.2/frame (24 shaders)
    camera -207.4 55.2 -56.9 | distinct cameras this frame 1 (max 1) | transform writes 283/frame | redundant state calls dropped 11758/frame
    world matrix changes 281/frame | objTM used without a fresh upload 0/frame | uv matrix writes 7/frame (last scale 0.00098, 0.00098)
    TIMING: frame 20.4 ms avg (49 fps), worst 60 ms | shim 7.55 ms avg (37.0% of frame), worst 19.3 ms
    TIMING tail: 329 frames >=33 ms, 0 >=100 ms in this window of 600 | inside real Present 5.96 ms avg, worst 29.3 ms | our other hooks 0.00 ms avg
    converted -> target 14F0BEE0 1280x720 fmt=34 : 12 draws/frame
    converted -> target 14F11738 1280x720 fmt=113 : 425 draws/frame
    converted -> target 14F0BB00 1280x720 fmt=113 : 1 draws/frame
camera: pos -82.1 95.2 -47.1 | proj _11=0.7068 _22=1.2565 _33=1.00007 _43=-1.00 (aspect 1.778)
camera: pos -71.2 104.1 -48.9 | proj _11=0.7177 _22=1.2759 _33=1.00007 _43=-1.00 (aspect 1.778)
camera: pos -35.4 130.6 -36.6 | proj _11=0.7071 _22=1.2570 _33=1.00007 _43=-1.00 (aspect 1.778)
camera: pos -27.7 133.2 -30.5 | proj _11=0.6964 _22=1.2380 _33=1.00007 _43=-1.00 (aspect 1.778)
camera: pos -1.0 163.5 -180.7 | proj _11=0.7076 _22=1.2579 _33=1.00007 _43=-1.00 (aspect 1.778)
camera: pos -0.3 171.7 -172.4 | proj _11=0.7191 _22=1.2783 _33=1.00007 _43=-1.00 (aspect 1.778)
camera: pos 0.5 173.5 -166.5 | proj _11=0.7309 _22=1.2994 _33=1.00007 _43=-1.00 (aspect 1.778)
camera: pos 6.0 176.5 -161.5 | proj _11=0.7422 _22=1.3194 _33=1.00007 _43=-1.00 (aspect 1.778)
camera: pos 9.1 177.4 -156.4 | proj _11=0.7533 _22=1.3391 _33=1.00007 _43=-1.00 (aspect 1.778)
camera: pos -247.0 179.5 -152.1 | proj _11=0.7638 _22=1.3578 _33=1.00007 _43=-1.00 (aspect 1.778)
camera: pos -249.7 177.9 -148.5 | proj _11=0.7742 _22=1.3763 _33=1.00007 _43=-1.00 (aspect 1.778)
camera: pos -251.3 177.7 -144.1 | proj _11=0.7847 _22=1.3949 _33=1.00007 _43=-1.00 (aspect 1.778)
camera: pos -251.6 179.9 -139.6 | proj _11=0.7962 _22=1.4154 _33=1.00007 _43=-1.00 (aspect 1.778)
camera: pos -251.5 184.5 -135.6 | proj _11=0.8074 _22=1.4353 _33=1.00007 _43=-1.00 (aspect 1.778)
camera: pos -251.7 188.8 -131.0 | proj _11=0.8192 _22=1.4564 _33=1.00007 _43=-1.00 (aspect 1.778)
camera: pos -251.9 192.0 -126.2 | proj _11=0.8311 _22=1.4774 _33=1.00007 _43=-1.00 (aspect 1.778)
camera: pos -252.6 189.0 -121.8 | proj _11=0.8427 _22=1.4981 _33=1.00007 _43=-1.00 (aspect 1.778)
camera: pos -252.8 188.9 -117.1 | proj _11=0.8538 _22=1.5179 _33=1.00007 _43=-1.00 (aspect 1.778)
camera: pos -253.0 190.0 -112.8 | proj _11=0.8652 _22=1.5381 _33=1.00007 _43=-1.00 (aspect 1.778)
camera: pos -253.4 192.0 -108.2 | proj _11=0.8753 _22=1.5561 _33=1.00007 _43=-1.00 (aspect 1.778)
camera: pos -254.7 198.2 -81.9 | proj _11=0.8649 _22=1.5376 _33=1.00007 _43=-1.00 (aspect 1.778)
camera: pos -255.1 198.5 -77.0 | proj _11=0.8536 _22=1.5175 _33=1.00007 _43=-1.00 (aspect 1.778)
camera: pos -255.4 198.6 -72.8 | proj _11=0.8432 _22=1.4989 _33=1.00007 _43=-1.00 (aspect 1.778)
camera: pos -255.7 198.7 -68.2 | proj _11=0.8316 _22=1.4784 _33=1.00007 _43=-1.00 (aspect 1.778)
camera: pos -0.0 199.0 -63.0 | proj _11=0.8207 _22=1.4589 _33=1.00007 _43=-1.00 (aspect 1.778)
camera: pos -0.3 199.5 -57.7 | proj _11=0.8096 _22=1.4393 _33=1.00007 _43=-1.00 (aspect 1.778)
camera: pos -0.4 200.2 -51.4 | proj _11=0.7991 _22=1.4206 _33=1.00007 _43=-1.00 (aspect 1.778)
camera: pos -0.4 201.5 -43.2 | proj _11=0.7891 _22=1.4028 _33=1.00007 _43=-1.00 (aspect 1.778)
camera: pos -0.3 203.6 -34.2 | proj _11=0.7787 _22=1.3844 _33=1.00007 _43=-1.00 (aspect 1.778)
camera: pos -255.5 209.3 -17.4 | proj _11=0.7685 _22=1.3662 _33=1.00007 _43=-1.00 (aspect 1.778)
frame 11400 | draws 1709/frame | FFP converted 478/frame (28.0%)
    not converted: screen-space 27  skinned 0  ortho 0  vertex-format 2  untextured 882  instanced 0  mirrored 0  other-camera 126  no camera 0  other 0 (per frame)
    prepasses hidden: sampler-less 882/frame, stipple-with-no-colour 97/frame (these used to convert WHITE) | post/composite quads marked 27/frame
    constant-colour materials (no diffuse map, albedo from the shader's own constant) 116/frame | HUD quads demoted to UI 0/frame | back-buffer clears 1/frame | sky draws 77/frame | UI-pass draws converted 0/frame
    instancing: 502 converted from the instance stream/frame, 0 refused/frame (largest single draw 1 instances, 0.8 buffer writes snooped/frame)
    SKINNING: 54 skinned/frame, 15 refused/frame, 0 exact duplicates dropped/frame | 53 meshes decoded, 53 cached, 0 cache flushes
    ALBEDO stage 0 taken raw (no shader reflection) 0/frame
    ALBEDO: constant-only 116/frame, tinted fallback 0/frame, genuinely blank 0/frame (of 116 rank-0 draws/frame)
    ALBEDO WHITE (previously uncounted): named-but-not-bound 0/frame, render-target exclusion left nothing 0/frame | colourless passes now hidden 18/frame | screen-space passes hidden 0/frame | particle billboards hidden 3/frame
    SKIPPED entirely 0/frame (mode 3) | demoted to UI overlay 0/frame | no-albedo materials left to Remix 116/frame
    MARKED with the marker texture 1152/frame (refused as unsafe 0/frame, 2623 SetTexture calls/frame, marker created)
    albedo: moved off stage 0 71/frame, blanked 116/frame, restored from mesh cache 76/frame (2254 meshes cached, 0 flushes) | RT textures known 55 | lights 2.6/frame (24 shaders)
    camera -253.9 215.2 -5.1 | distinct cameras this frame 1 (max 1) | transform writes 299/frame | redundant state calls dropped 12391/frame
    world matrix changes 297/frame | objTM used without a fresh upload 0/frame | uv matrix writes 7/frame (last scale 0.00098, 0.00098)
    TIMING: frame 20.7 ms avg (48 fps), worst 53 ms | shim 7.71 ms avg (37.3% of frame), worst 17.6 ms
    TIMING tail: 53 frames >=33 ms, 0 >=100 ms in this window of 600 | inside real Present 5.69 ms avg, worst 7.6 ms | our other hooks 0.00 ms avg
    converted -> target 14F0BEE0 1280x720 fmt=34 : 13 draws/frame
    converted -> target 14F11738 1280x720 fmt=113 : 448 draws/frame
    converted -> target 14F0BB00 1280x720 fmt=113 : 1 draws/frame
camera: pos -232.7 37.2 -160.8 | proj _11=0.7585 _22=1.3484 _33=1.00007 _43=-1.00 (aspect 1.778)
camera: pos -223.8 69.8 -114.4 | proj _11=0.7484 _22=1.3305 _33=1.00007 _43=-1.00 (aspect 1.778)
camera: pos -215.3 97.3 -74.6 | proj _11=0.7384 _22=1.3127 _33=1.00007 _43=-1.00 (aspect 1.778)
camera: pos -205.6 127.8 -30.0 | proj _11=0.7284 _22=1.2949 _33=1.00007 _43=-1.00 (aspect 1.778)
frame 12000 | draws 1644/frame | FFP converted 460/frame (28.0%)
    not converted: screen-space 27  skinned 0  ortho 0  vertex-format 2  untextured 845  instanced 0  mirrored 0  other-camera 119  no camera 0  other 0 (per frame)
    prepasses hidden: sampler-less 845/frame, stipple-with-no-colour 96/frame (these used to convert WHITE) | post/composite quads marked 27/frame
    constant-colour materials (no diffuse map, albedo from the shader's own constant) 110/frame | HUD quads demoted to UI 0/frame | back-buffer clears 1/frame | sky draws 75/frame | UI-pass draws converted 0/frame
    instancing: 479 converted from the instance stream/frame, 0 refused/frame (largest single draw 1 instances, 0.8 buffer writes snooped/frame)
    SKINNING: 54 skinned/frame, 16 refused/frame, 0 exact duplicates dropped/frame | 53 meshes decoded, 53 cached, 0 cache flushes
    ALBEDO stage 0 taken raw (no shader reflection) 0/frame
    ALBEDO: constant-only 110/frame, tinted fallback 0/frame, genuinely blank 0/frame (of 111 rank-0 draws/frame)
    ALBEDO WHITE (previously uncounted): named-but-not-bound 0/frame, render-target exclusion left nothing 0/frame | colourless passes now hidden 17/frame | screen-space passes hidden 0/frame | particle billboards hidden 3/frame
    SKIPPED entirely 0/frame (mode 3) | demoted to UI overlay 0/frame | no-albedo materials left to Remix 111/frame
    MARKED with the marker texture 1107/frame (refused as unsafe 0/frame, 2536 SetTexture calls/frame, marker created)
    albedo: moved off stage 0 68/frame, blanked 110/frame, restored from mesh cache 72/frame (2258 meshes cached, 0 flushes) | RT textures known 55 | lights 2.5/frame (24 shaders)
    camera -199.0 150.0 -253.5 | distinct cameras this frame 1 (max 1) | transform writes 287/frame | redundant state calls dropped 11928/frame
    world matrix changes 285/frame | objTM used without a fresh upload 0/frame | uv matrix writes 7/frame (last scale 0.00098, 0.00098)
    TIMING: frame 20.5 ms avg (49 fps), worst 53 ms | shim 7.65 ms avg (37.3% of frame), worst 8.9 ms
    TIMING tail: 5 frames >=33 ms, 0 >=100 ms in this window of 600 | inside real Present 5.73 ms avg, worst 32.8 ms | our other hooks 0.00 ms avg
    converted -> target 14F0BEE0 1280x720 fmt=34 : 13 draws/frame
    converted -> target 14F11738 1280x720 fmt=113 : 431 draws/frame
    converted -> target 14F0BB00 1280x720 fmt=113 : 1 draws/frame
camera: pos -194.4 165.7 -230.7 | proj _11=0.7183 _22=1.2770 _33=1.00007 _43=-1.00 (aspect 1.778)
camera: pos -181.7 207.2 -173.9 | proj _11=0.7082 _22=1.2589 _33=1.00007 _43=-1.00 (aspect 1.778)
camera: pos -178.8 214.0 -161.5 | proj _11=0.6981 _22=1.2411 _33=1.00007 _43=-1.00 (aspect 1.778)
camera: pos -176.8 216.9 -152.6 | proj _11=0.6878 _22=1.2228 _33=1.00007 _43=-1.00 (aspect 1.778)
frame 12600 | draws 1699/frame | FFP converted 476/frame (28.0%)
    not converted: screen-space 27  skinned 0  ortho 0  vertex-format 2  untextured 874  instanced 0  mirrored 0  other-camera 126  no camera 0  other 0 (per frame)
    prepasses hidden: sampler-less 874/frame, stipple-with-no-colour 96/frame (these used to convert WHITE) | post/composite quads marked 27/frame
    constant-colour materials (no diffuse map, albedo from the shader's own constant) 118/frame | HUD quads demoted to UI 0/frame | back-buffer clears 1/frame | sky draws 79/frame | UI-pass draws converted 0/frame
    instancing: 500 converted from the instance stream/frame, 0 refused/frame (largest single draw 1 instances, 0.9 buffer writes snooped/frame)
    SKINNING: 54 skinned/frame, 16 refused/frame, 0 exact duplicates dropped/frame | 53 meshes decoded, 53 cached, 0 cache flushes
    ALBEDO stage 0 taken raw (no shader reflection) 0/frame
    ALBEDO: constant-only 118/frame, tinted fallback 0/frame, genuinely blank 0/frame (of 119 rank-0 draws/frame)
    ALBEDO WHITE (previously uncounted): named-but-not-bound 0/frame, render-target exclusion left nothing 0/frame | colourless passes now hidden 16/frame | screen-space passes hidden 0/frame | particle billboards hidden 3/frame
    SKIPPED entirely 0/frame (mode 3) | demoted to UI overlay 0/frame | no-albedo materials left to Remix 119/frame
    MARKED with the marker texture 1143/frame (refused as unsafe 0/frame, 2614 SetTexture calls/frame, marker created)
    albedo: moved off stage 0 68/frame, blanked 118/frame, restored from mesh cache 75/frame (2582 meshes cached, 0 flushes) | RT textures known 55 | lights 2.9/frame (24 shaders)
    camera -76.8 23.2 -133.0 | distinct cameras this frame 1 (max 1) | transform writes 297/frame | redundant state calls dropped 12325/frame
    world matrix changes 296/frame | objTM used without a fresh upload 0/frame | uv matrix writes 7/frame (last scale 0.00098, 0.00098)
    TIMING: frame 20.4 ms avg (49 fps), worst 35 ms | shim 7.76 ms avg (38.0% of frame), worst 18.2 ms
    TIMING tail: 2 frames >=33 ms, 0 >=100 ms in this window of 600 | inside real Present 5.55 ms avg, worst 7.8 ms | our other hooks 0.00 ms avg
    converted -> target 14F0BEE0 1280x720 fmt=34 : 13 draws/frame
    converted -> target 14F11738 1280x720 fmt=113 : 445 draws/frame
    converted -> target 14F0BB00 1280x720 fmt=113 : 1 draws/frame
frame 13200 | draws 1741/frame | FFP converted 486/frame (27.9%)
    not converted: screen-space 28  skinned 0  ortho 0  vertex-format 2  untextured 898  instanced 0  mirrored 0  other-camera 128  no camera 0  other 0 (per frame)
    prepasses hidden: sampler-less 898/frame, stipple-with-no-colour 96/frame (these used to convert WHITE) | post/composite quads marked 28/frame
    constant-colour materials (no diffuse map, albedo from the shader's own constant) 125/frame | HUD quads demoted to UI 0/frame | back-buffer clears 1/frame | sky draws 84/frame | UI-pass draws converted 0/frame
    instancing: 513 converted from the instance stream/frame, 0 refused/frame (largest single draw 1 instances, 0.9 buffer writes snooped/frame)
    SKINNING: 54 skinned/frame, 16 refused/frame, 0 exact duplicates dropped/frame | 53 meshes decoded, 53 cached, 0 cache flushes
    ALBEDO stage 0 taken raw (no shader reflection) 0/frame
    ALBEDO: constant-only 125/frame, tinted fallback 0/frame, genuinely blank 0/frame (of 126 rank-0 draws/frame)
    ALBEDO WHITE (previously uncounted): named-but-not-bound 0/frame, render-target exclusion left nothing 0/frame | colourless passes now hidden 16/frame | screen-space passes hidden 0/frame | particle billboards hidden 4/frame
    SKIPPED entirely 0/frame (mode 3) | demoted to UI overlay 0/frame | no-albedo materials left to Remix 126/frame
    MARKED with the marker texture 1169/frame (refused as unsafe 0/frame, 2673 SetTexture calls/frame, marker created)
    albedo: moved off stage 0 67/frame, blanked 125/frame, restored from mesh cache 76/frame (2645 meshes cached, 0 flushes) | RT textures known 55 | lights 3.1/frame (24 shaders)
    camera -127.5 106.1 -236.4 | distinct cameras this frame 1 (max 1) | transform writes 305/frame | redundant state calls dropped 12594/frame
    world matrix changes 303/frame | objTM used without a fresh upload 0/frame | uv matrix writes 7/frame (last scale 0.00098, 0.00098)
    TIMING: frame 20.4 ms avg (49 fps), worst 33 ms | shim 7.85 ms avg (38.4% of frame), worst 20.8 ms
    TIMING tail: 0 frames >=33 ms, 0 >=100 ms in this window of 600 | inside real Present 5.31 ms avg, worst 2.1 ms | our other hooks 0.00 ms avg
    converted -> target 14F0BEE0 1280x720 fmt=34 : 14 draws/frame
    converted -> target 14F11738 1280x720 fmt=113 : 455 draws/frame
    converted -> target 14F0BB00 1280x720 fmt=113 : 1 draws/frame
frame 13800 | draws 1765/frame | FFP converted 493/frame (27.9%)
    not converted: screen-space 28  skinned 0  ortho 0  vertex-format 2  untextured 911  instanced 0  mirrored 0  other-camera 130  no camera 0  other 0 (per frame)
    prepasses hidden: sampler-less 911/frame, stipple-with-no-colour 96/frame (these used to convert WHITE) | post/composite quads marked 28/frame
    constant-colour materials (no diffuse map, albedo from the shader's own constant) 129/frame | HUD quads demoted to UI 0/frame | back-buffer clears 1/frame | sky draws 87/frame | UI-pass draws converted 0/frame
    instancing: 520 converted from the instance stream/frame, 0 refused/frame (largest single draw 1 instances, 0.9 buffer writes snooped/frame)
    SKINNING: 54 skinned/frame, 16 refused/frame, 0 exact duplicates dropped/frame | 53 meshes decoded, 53 cached, 0 cache flushes
    ALBEDO stage 0 taken raw (no shader reflection) 0/frame
    ALBEDO: constant-only 129/frame, tinted fallback 0/frame, genuinely blank 0/frame (of 129 rank-0 draws/frame)
    ALBEDO WHITE (previously uncounted): named-but-not-bound 0/frame, render-target exclusion left nothing 0/frame | colourless passes now hidden 15/frame | screen-space passes hidden 0/frame | particle billboards hidden 4/frame
    SKIPPED entirely 0/frame (mode 3) | demoted to UI overlay 0/frame | no-albedo materials left to Remix 129/frame
    MARKED with the marker texture 1184/frame (refused as unsafe 0/frame, 2705 SetTexture calls/frame, marker created)
    albedo: moved off stage 0 67/frame, blanked 129/frame, restored from mesh cache 76/frame (3353 meshes cached, 0 flushes) | RT textures known 55 | lights 3.3/frame (24 shaders)
    camera 66.7 224.8 166.2 | distinct cameras this frame 1 (max 1) | transform writes 309/frame | redundant state calls dropped 12765/frame
    world matrix changes 307/frame | objTM used without a fresh upload 0/frame | uv matrix writes 8/frame (last scale 0.00098, 0.00098)
    TIMING: frame 20.4 ms avg (49 fps), worst 117 ms | shim 7.91 ms avg (38.8% of frame), worst 23.4 ms
    TIMING tail: 6 frames >=33 ms, 1 >=100 ms in this window of 600 | inside real Present 5.20 ms avg, worst 74.3 ms | our other hooks 0.00 ms avg
    converted -> target 14F0BEE0 1280x720 fmt=34 : 14 draws/frame
    converted -> target 14F11738 1280x720 fmt=113 : 461 draws/frame
    converted -> target 14F0BB00 1280x720 fmt=113 : 1 draws/frame
HUD draw: CONVERT verts=4 target 1280x720 fmt=21 | stride=52 posType=2 posOffset=0 posStream=0 positionT=0 elements=7 usage=0x208 | vs proj=1 obj=1 ps='Diffuse_Map_1Sampler' rank=100
    raw positions: <dynamic buffer, not read>
    proj row0 (0.6873 0.0000 0.0000 0.0000) row3 (0.0000 -0.0000 -1.0000 0.0000) perspective=1
    world translation (0.00 -768.00 0.00), camera (70.45 226.32 171.25)
    raw projTM row0 (0.4796 0.8634 0.1174 0.1174) row3 (51.0744 -250.9422 193.4623 194.4494) perspective=0
HUD draw: CONVERT verts=4 target 1280x720 fmt=21 | stride=52 posType=2 posOffset=0 posStream=0 positionT=0 elements=7 usage=0x208 | vs proj=1 obj=1 ps='Diffuse_Map_1Sampler' rank=100
    raw positions: <dynamic buffer, not read>
    proj row0 (0.6873 0.0000 0.0000 0.0000) row3 (0.0000 -0.0000 -1.0000 0.0000) perspective=1
    world translation (0.00 -768.00 0.00), camera (70.45 226.32 171.25)
    raw projTM row0 (0.4796 0.8634 0.1174 0.1174) row3 (51.0744 -250.9422 193.4623 194.4494) perspective=0
HUD draw: CONVERT verts=4 target 1280x720 fmt=21 | stride=52 posType=2 posOffset=0 posStream=0 positionT=0 elements=7 usage=0x208 | vs proj=1 obj=1 ps='Diffuse_Map_1Sampler' rank=100
    raw positions: <dynamic buffer, not read>
    proj row0 (0.6873 0.0000 0.0000 0.0000) row3 (0.0000 -0.0000 -1.0000 0.0000) perspective=1
    world translation (0.00 -768.00 0.00), camera (70.45 226.32 171.25)
    raw projTM row0 (0.4796 0.8634 0.1174 0.1174) row3 (51.0744 -250.9422 193.4623 194.4494) perspective=0
HUD draw: CONVERT verts=4 target 1280x720 fmt=21 | stride=52 posType=2 posOffset=0 posStream=0 positionT=0 elements=7 usage=0x208 | vs proj=1 obj=1 ps='Diffuse_Map_1Sampler' rank=100
    raw positions: <dynamic buffer, not read>
    proj row0 (0.6873 0.0000 0.0000 0.0000) row3 (0.0000 -0.0000 -1.0000 0.0000) perspective=1
    world translation (0.00 -768.00 0.00), camera (70.45 226.32 171.25)
    raw projTM row0 (0.4796 0.8634 0.1174 0.1174) row3 (51.0744 -250.9422 193.4623 194.4494) perspective=0
HUD draw: CONVERT verts=4 target 1280x720 fmt=21 | stride=52 posType=2 posOffset=0 posStream=0 positionT=0 elements=7 usage=0x208 | vs proj=1 obj=1 ps='Diffuse_Map_1Sampler' rank=100
    raw positions: <dynamic buffer, not read>
    proj row0 (0.6873 0.0000 0.0000 0.0000) row3 (0.0000 -0.0000 -1.0000 0.0000) perspective=1
    world translation (0.00 -768.00 0.00), camera (70.45 226.32 171.25)
    raw projTM row0 (0.4796 0.8634 0.1174 0.1174) row3 (51.0744 -250.9422 193.4623 194.4494) perspective=0
HUD draw: CONVERT verts=4 target 1280x720 fmt=21 | stride=52 posType=2 posOffset=0 posStream=0 positionT=0 elements=7 usage=0x208 | vs proj=1 obj=1 ps='Diffuse_Map_1Sampler' rank=100
    raw positions: <dynamic buffer, not read>
    proj row0 (0.6873 0.0000 0.0000 0.0000) row3 (0.0000 -0.0000 -1.0000 0.0000) perspective=1
    world translation (0.00 -768.00 0.00), camera (70.45 226.32 171.25)
    raw projTM row0 (0.4796 0.8634 0.1174 0.1174) row3 (51.0744 -250.9422 193.4623 194.4494) perspective=0
HUD draw: CONVERT verts=4 target 1280x720 fmt=21 | stride=52 posType=2 posOffset=0 posStream=0 positionT=0 elements=7 usage=0x208 | vs proj=1 obj=1 ps='Diffuse_Map_1Sampler' rank=100
    raw positions: <dynamic buffer, not read>
    proj row0 (0.6873 0.0000 0.0000 0.0000) row3 (0.0000 -0.0000 -1.0000 0.0000) perspective=1
    world translation (0.00 -768.00 0.00), camera (71.08 226.58 172.10)
    raw projTM row0 (0.4794 0.8637 0.1173 0.1173) row3 (51.3141 -252.2719 193.4501 194.4372) perspective=0
HUD draw: CONVERT verts=4 target 1280x720 fmt=21 | stride=52 posType=2 posOffset=0 posStream=0 positionT=0 elements=7 usage=0x208 | vs proj=1 obj=1 ps='Diffuse_Map_1Sampler' rank=100
    raw positions: <dynamic buffer, not read>
    proj row0 (0.6873 0.0000 0.0000 0.0000) row3 (0.0000 -0.0000 -1.0000 0.0000) perspective=1
    world translation (0.00 -768.00 0.00), camera (71.08 226.58 172.10)
    raw projTM row0 (0.4794 0.8637 0.1173 0.1173) row3 (51.3141 -252.2719 193.4501 194.4372) perspective=0
camera: pos 92.4 219.5 198.3 | proj _11=0.6981 _22=1.2411 _33=1.00006 _43=-0.94 (aspect 1.778)
camera: pos 92.5 219.5 198.5 | proj _11=0.7099 _22=1.2620 _33=1.00006 _43=-0.92 (aspect 1.778)
camera: pos 92.7 219.6 198.7 | proj _11=0.7207 _22=1.2813 _33=1.00006 _43=-0.91 (aspect 1.778)
camera: pos 93.0 219.7 199.1 | proj _11=0.7344 _22=1.3056 _33=1.00006 _43=-0.89 (aspect 1.778)
camera: pos 93.3 219.9 199.6 | proj _11=0.7512 _22=1.3353 _33=1.00006 _43=-0.88 (aspect 1.778)
camera: pos 93.7 220.2 200.3 | proj _11=0.7712 _22=1.3710 _33=1.00006 _43=-0.87 (aspect 1.778)
camera: pos 94.0 220.3 200.7 | proj _11=0.7826 _22=1.3913 _33=1.00006 _43=-0.86 (aspect 1.778)
camera: pos 94.3 220.4 201.1 | proj _11=0.7950 _22=1.4132 _33=1.00006 _43=-0.85 (aspect 1.778)
camera: pos 94.6 220.6 201.6 | proj _11=0.8083 _22=1.4370 _33=1.00006 _43=-0.85 (aspect 1.778)
camera: pos 95.0 220.8 202.1 | proj _11=0.8229 _22=1.4629 _33=1.00006 _43=-0.84 (aspect 1.778)
camera: pos 95.4 221.0 202.7 | proj _11=0.8387 _22=1.4910 _33=1.00006 _43=-0.83 (aspect 1.778)
camera: pos 95.9 221.2 203.4 | proj _11=0.8559 _22=1.5216 _33=1.00005 _43=-0.82 (aspect 1.778)
camera: pos 96.4 221.4 204.1 | proj _11=0.8742 _22=1.5541 _33=1.00005 _43=-0.82 (aspect 1.778)
camera: pos 96.9 221.6 204.8 | proj _11=0.8940 _22=1.5892 _33=1.00005 _43=-0.81 (aspect 1.778)
camera: pos 97.3 221.9 205.5 | proj _11=0.9134 _22=1.6238 _33=1.00005 _43=-0.80 (aspect 1.778)
camera: pos 97.7 222.1 206.1 | proj _11=0.9364 _22=1.6647 _33=1.00005 _43=-0.80 (aspect 1.778)
camera: pos 98.1 222.3 206.7 | proj _11=0.9559 _22=1.6993 _33=1.00005 _43=-0.79 (aspect 1.778)
camera: pos 98.5 222.4 207.4 | proj _11=0.9763 _22=1.7357 _33=1.00005 _43=-0.78 (aspect 1.778)
camera: pos 99.0 222.6 208.1 | proj _11=0.9976 _22=1.7735 _33=1.00005 _43=-0.77 (aspect 1.778)
camera: pos 99.5 222.8 208.9 | proj _11=1.0191 _22=1.8116 _33=1.00005 _43=-0.77 (aspect 1.778)
camera: pos 100.0 223.0 209.7 | proj _11=1.0397 _22=1.8484 _33=1.00005 _43=-0.76 (aspect 1.778)
camera: pos 100.4 223.1 210.4 | proj _11=1.0597 _22=1.8839 _33=1.00005 _43=-0.75 (aspect 1.778)
camera: pos 100.9 223.3 211.2 | proj _11=1.0787 _22=1.9177 _33=1.00005 _43=-0.75 (aspect 1.778)
camera: pos 101.4 223.4 212.0 | proj _11=1.0969 _22=1.9500 _33=1.00005 _43=-0.74 (aspect 1.778)
camera: pos 101.9 223.5 212.7 | proj _11=1.1140 _22=1.9804 _33=1.00005 _43=-0.73 (aspect 1.778)
camera: pos 102.4 223.6 213.5 | proj _11=1.1302 _22=2.0093 _33=1.00005 _43=-0.72 (aspect 1.778)
camera: pos 102.9 223.7 214.3 | proj _11=1.1454 _22=2.0362 _33=1.00005 _43=-0.72 (aspect 1.778)
camera: pos 103.4 223.8 215.1 | proj _11=1.1594 _22=2.0612 _33=1.00005 _43=-0.71 (aspect 1.778)
camera: pos 103.9 223.9 215.8 | proj _11=1.1724 _22=2.0842 _33=1.00005 _43=-0.70 (aspect 1.778)
camera: pos 104.4 224.0 216.6 | proj _11=1.1840 _22=2.1048 _33=1.00005 _43=-0.70 (aspect 1.778)
camera: pos 105.0 224.0 217.3 | proj _11=1.1946 _22=2.1237 _33=1.00005 _43=-0.69 (aspect 1.778)
camera: pos 106.0 224.1 218.8 | proj _11=1.2119 _22=2.1544 _33=1.00004 _43=-0.68 (aspect 1.778)
camera: pos 107.0 224.1 220.2 | proj _11=1.2243 _22=2.1765 _33=1.00004 _43=-0.66 (aspect 1.778)
camera: pos 109.0 224.0 223.0 | proj _11=1.2350 _22=2.1956 _33=1.00004 _43=-0.63 (aspect 1.778)
camera: pos 111.3 223.6 226.1 | proj _11=1.2233 _22=2.1746 _33=1.00004 _43=-0.60 (aspect 1.778)
camera: pos 112.2 223.4 227.2 | proj _11=1.2117 _22=2.1541 _33=1.00004 _43=-0.58 (aspect 1.778)
camera: pos 112.9 223.2 228.1 | proj _11=1.1967 _22=2.1274 _33=1.00004 _43=-0.57 (aspect 1.778)
camera: pos 113.7 222.9 229.0 | proj _11=1.1793 _22=2.0964 _33=1.00004 _43=-0.55 (aspect 1.778)
camera: pos 114.4 222.7 229.8 | proj _11=1.1619 _22=2.0656 _33=1.00004 _43=-0.54 (aspect 1.778)
camera: pos 115.1 222.4 230.7 | proj _11=1.1449 _22=2.0354 _33=1.00004 _43=-0.53 (aspect 1.778)
camera: pos 115.8 222.1 231.6 | proj _11=1.1282 _22=2.0056 _33=1.00003 _43=-0.51 (aspect 1.778)
camera: pos 116.6 221.8 232.4 | proj _11=1.1118 _22=1.9765 _33=1.00003 _43=-0.50 (aspect 1.778)
camera: pos 117.3 221.5 233.3 | proj _11=1.0957 _22=1.9478 _33=1.00003 _43=-0.48 (aspect 1.778)
camera: pos 118.0 221.1 234.2 | proj _11=1.0799 _22=1.9198 _33=1.00003 _43=-0.47 (aspect 1.778)
camera: pos 118.8 220.8 235.0 | proj _11=1.0645 _22=1.8923 _33=1.00003 _43=-0.46 (aspect 1.778)
camera: pos 119.5 220.5 235.9 | proj _11=1.0493 _22=1.8653 _33=1.00003 _43=-0.44 (aspect 1.778)
camera: pos 120.3 220.1 236.8 | proj _11=1.0344 _22=1.8389 _33=1.00003 _43=-0.43 (aspect 1.778)
camera: pos 121.0 219.7 237.6 | proj _11=1.0198 _22=1.8130 _33=1.00003 _43=-0.41 (aspect 1.778)
camera: pos 121.8 219.4 238.5 | proj _11=1.0055 _22=1.7874 _33=1.00003 _43=-0.40 (aspect 1.778)
camera: pos 122.5 219.0 239.3 | proj _11=0.9913 _22=1.7623 _33=1.00003 _43=-0.39 (aspect 1.778)
camera: pos 123.3 218.6 240.2 | proj _11=0.9776 _22=1.7378 _33=1.00002 _43=-0.37 (aspect 1.778)
camera: pos 129.1 214.5 246.4 | proj _11=0.9933 _22=1.7659 _33=1.00002 _43=-0.24 (aspect 1.778)
camera: pos 129.4 214.3 246.7 | proj _11=1.0058 _22=1.7880 _33=1.00002 _43=-0.24 (aspect 1.778)
camera: pos 129.7 214.1 247.0 | proj _11=1.0196 _22=1.8125 _33=1.00002 _43=-0.23 (aspect 1.778)
camera: pos 130.0 213.8 247.3 | proj _11=1.0331 _22=1.8367 _33=1.00001 _43=-0.22 (aspect 1.778)
camera: pos 130.3 213.6 247.6 | proj _11=1.0467 _22=1.8607 _33=1.00001 _43=-0.21 (aspect 1.778)
camera: pos 130.6 213.3 247.9 | proj _11=1.0597 _22=1.8838 _33=1.00001 _43=-0.21 (aspect 1.778)
camera: pos 130.9 213.1 248.3 | proj _11=1.0727 _22=1.9069 _33=1.00001 _43=-0.20 (aspect 1.778)
camera: pos 131.2 212.8 248.6 | proj _11=1.0853 _22=1.9294 _33=1.00001 _43=-0.19 (aspect 1.778)
camera: pos 131.5 212.5 248.9 | proj _11=1.0977 _22=1.9515 _33=1.00001 _43=-0.19 (aspect 1.778)
camera: pos 131.8 212.3 249.2 | proj _11=1.1099 _22=1.9731 _33=1.00001 _43=-0.18 (aspect 1.778)
camera: pos 132.1 212.0 249.5 | proj _11=1.1219 _22=1.9945 _33=1.00001 _43=-0.17 (aspect 1.778)
camera: pos 132.4 211.7 249.8 | proj _11=1.1336 _22=2.0153 _33=1.00001 _43=-0.17 (aspect 1.778)
camera: pos 132.7 211.5 250.1 | proj _11=1.1452 _22=2.0359 _33=1.00001 _43=-0.16 (aspect 1.778)
camera: pos 133.0 211.2 250.5 | proj _11=1.1565 _22=2.0559 _33=1.00001 _43=-0.15 (aspect 1.778)
camera: pos 133.3 210.9 250.8 | proj _11=1.1677 _22=2.0759 _33=1.00001 _43=-0.15 (aspect 1.778)
camera: pos 133.6 210.7 251.1 | proj _11=1.1785 _22=2.0951 _33=1.00001 _43=-0.16 (aspect 1.778)
camera: pos 133.9 210.4 251.4 | proj _11=1.1891 _22=2.1140 _33=1.00001 _43=-0.16 (aspect 1.778)
camera: pos 134.2 210.2 251.7 | proj _11=1.1995 _22=2.1324 _33=1.00001 _43=-0.17 (aspect 1.778)
camera: pos 134.5 209.9 252.0 | proj _11=1.2098 _22=2.1508 _33=1.00001 _43=-0.18 (aspect 1.778)
camera: pos 135.1 209.4 252.5 | proj _11=1.2294 _22=2.1855 _33=1.00001 _43=-0.19 (aspect 1.778)
camera: pos 135.8 208.9 253.1 | proj _11=1.2482 _22=2.2189 _33=1.00001 _43=-0.21 (aspect 1.778)
camera: pos 136.4 208.3 253.7 | proj _11=1.2662 _22=2.2510 _33=1.00001 _43=-0.22 (aspect 1.778)
camera: pos 136.9 207.8 254.3 | proj _11=1.2833 _22=2.2814 _33=1.00002 _43=-0.23 (aspect 1.778)
camera: pos 137.3 207.1 254.8 | proj _11=1.2996 _22=2.3104 _33=1.00002 _43=-0.25 (aspect 1.778)
camera: pos 137.8 206.5 255.4 | proj _11=1.3155 _22=2.3387 _33=1.00002 _43=-0.26 (aspect 1.778)
camera: pos 138.3 205.9 256.0 | proj _11=1.3301 _22=2.3646 _33=1.00002 _43=-0.28 (aspect 1.778)
camera: pos 138.8 205.2 0.5 | proj _11=1.3443 _22=2.3898 _33=1.00002 _43=-0.29 (aspect 1.778)
camera: pos 139.3 204.6 1.0 | proj _11=1.3576 _22=2.4134 _33=1.00002 _43=-0.31 (aspect 1.778)
camera: pos 139.8 203.9 1.6 | proj _11=1.3702 _22=2.4359 _33=1.00002 _43=-0.32 (aspect 1.778)
camera: pos 140.2 203.2 2.1 | proj _11=1.3822 _22=2.4572 _33=1.00002 _43=-0.33 (aspect 1.778)
camera: pos 140.7 202.6 2.6 | proj _11=1.3938 _22=2.4778 _33=1.00002 _43=-0.35 (aspect 1.778)
camera: pos 141.2 202.2 3.1 | proj _11=1.4044 _22=2.4966 _33=1.00002 _43=-0.36 (aspect 1.778)
camera: pos 141.8 201.9 3.7 | proj _11=1.4148 _22=2.5151 _33=1.00003 _43=-0.38 (aspect 1.778)
camera: pos 142.6 201.5 4.7 | proj _11=1.4284 _22=2.5394 _33=1.00003 _43=-0.40 (aspect 1.778)
camera: pos 143.3 200.8 5.7 | proj _11=1.4417 _22=2.5629 _33=1.00003 _43=-0.42 (aspect 1.778)
camera: pos 143.9 199.8 6.5 | proj _11=1.4534 _22=2.5837 _33=1.00003 _43=-0.44 (aspect 1.778)
camera: pos 144.5 198.7 7.2 | proj _11=1.4643 _22=2.6032 _33=1.00003 _43=-0.46 (aspect 1.778)
camera: pos 145.3 197.3 8.0 | proj _11=1.4772 _22=2.6261 _33=1.00003 _43=-0.49 (aspect 1.778)
camera: pos 146.1 195.7 8.9 | proj _11=1.4888 _22=2.6467 _33=1.00003 _43=-0.52 (aspect 1.778)
camera: pos 146.8 194.2 9.7 | proj _11=1.4992 _22=2.6652 _33=1.00004 _43=-0.55 (aspect 1.778)
camera: pos 147.9 192.6 11.3 | proj _11=1.5108 _22=2.6858 _33=1.00004 _43=-0.58 (aspect 1.778)
untextured material #2: first sampler is 'Damage_Normal_MapSampler'
untextured material #3: first sampler is 'Dual_Paraboloid_Map_BackSam'
camera: pos 149.1 190.1 13.1 | proj _11=1.5227 _22=2.7071 _33=1.00004 _43=-0.63 (aspect 1.778)
camera: pos 150.3 187.1 14.3 | proj _11=1.5337 _22=2.7266 _33=1.00005 _43=-0.68 (aspect 1.778)
camera: pos 151.6 183.2 15.7 | proj _11=1.5439 _22=2.7447 _33=1.00005 _43=-0.75 (aspect 1.778)
camera: pos 153.4 177.0 17.9 | proj _11=1.5547 _22=2.7639 _33=1.00006 _43=-0.85 (aspect 1.778)
camera: pos 155.6 165.2 20.8 | proj _11=1.5650 _22=2.7822 _33=1.00007 _43=-1.00 (aspect 1.778)
camera: pos 155.9 161.8 21.6 | proj _11=1.5147 _22=2.6928 _33=1.00007 _43=-1.00 (aspect 1.778)
camera: pos 156.1 160.5 21.8 | proj _11=1.4541 _22=2.5850 _33=1.00007 _43=-1.00 (aspect 1.778)
camera: pos 156.1 159.7 22.0 | proj _11=1.4181 _22=2.5210 _33=1.00007 _43=-1.00 (aspect 1.778)
camera: pos 156.2 158.8 22.1 | proj _11=1.3845 _22=2.4613 _33=1.00007 _43=-1.00 (aspect 1.778)
camera: pos 156.3 158.0 22.3 | proj _11=1.3561 _22=2.4108 _33=1.00007 _43=-1.00 (aspect 1.778)
camera: pos 156.3 157.2 22.4 | proj _11=1.3306 _22=2.3654 _33=1.00007 _43=-1.00 (aspect 1.778)
camera: pos 156.4 156.4 22.6 | proj _11=1.3066 _22=2.3227 _33=1.00007 _43=-1.00 (aspect 1.778)
camera: pos 156.4 155.5 22.7 | proj _11=1.2830 _22=2.2809 _33=1.00007 _43=-1.00 (aspect 1.778)
camera: pos 156.4 154.6 22.9 | proj _11=1.2614 _22=2.2424 _33=1.00007 _43=-1.00 (aspect 1.778)
camera: pos 156.5 153.7 23.0 | proj _11=1.2408 _22=2.2059 _33=1.00007 _43=-1.00 (aspect 1.778)
camera: pos 156.5 152.8 23.1 | proj _11=1.2241 _22=2.1762 _33=1.00007 _43=-1.00 (aspect 1.778)
camera: pos 156.6 151.9 23.3 | proj _11=1.2064 _22=2.1446 _33=1.00007 _43=-1.00 (aspect 1.778)
camera: pos 156.6 150.9 23.4 | proj _11=1.1893 _22=2.1144 _33=1.00007 _43=-1.00 (aspect 1.778)
camera: pos 156.6 149.8 23.5 | proj _11=1.1730 _22=2.0853 _33=1.00007 _43=-1.00 (aspect 1.778)
camera: pos 156.7 148.9 23.6 | proj _11=1.1594 _22=2.0611 _33=1.00007 _43=-1.00 (aspect 1.778)
camera: pos 156.7 148.0 23.7 | proj _11=1.1475 _22=2.0400 _33=1.00007 _43=-1.00 (aspect 1.778)
camera: pos 156.7 147.0 23.9 | proj _11=1.1359 _22=2.0194 _33=1.00007 _43=-1.00 (aspect 1.778)
camera: pos 156.7 146.1 23.9 | proj _11=1.1254 _22=2.0006 _33=1.00007 _43=-1.00 (aspect 1.778)
camera: pos 156.8 144.3 24.1 | proj _11=1.1078 _22=1.9693 _33=1.00007 _43=-1.00 (aspect 1.778)
camera: pos 156.8 142.4 24.3 | proj _11=1.0917 _22=1.9408 _33=1.00007 _43=-1.00 (aspect 1.778)
camera: pos 156.9 140.3 24.4 | proj _11=1.0759 _22=1.9127 _33=1.00007 _43=-1.00 (aspect 1.778)
camera: pos 156.9 138.3 24.6 | proj _11=1.0639 _22=1.8912 _33=1.00007 _43=-1.00 (aspect 1.778)
camera: pos 156.9 136.5 24.7 | proj _11=1.0538 _22=1.8734 _33=1.00007 _43=-1.00 (aspect 1.778)
camera: pos 157.0 133.4 24.8 | proj _11=1.0399 _22=1.8487 _33=1.00007 _43=-1.00 (aspect 1.778)
camera: pos 157.0 131.4 24.9 | proj _11=1.0614 _22=1.8869 _33=1.00007 _43=-1.00 (aspect 1.778)
camera: pos 157.0 130.4 25.0 | proj _11=1.0840 _22=1.9270 _33=1.00007 _43=-1.00 (aspect 1.778)
camera: pos 157.0 129.3 25.0 | proj _11=1.1079 _22=1.9695 _33=1.00007 _43=-1.00 (aspect 1.778)
camera: pos 157.0 128.4 25.0 | proj _11=1.1280 _22=2.0052 _33=1.00007 _43=-1.00 (aspect 1.778)
camera: pos 157.1 127.4 25.1 | proj _11=1.1492 _22=2.0429 _33=1.00007 _43=-1.00 (aspect 1.778)
camera: pos 157.1 126.5 25.1 | proj _11=1.1679 _22=2.0762 _33=1.00007 _43=-1.00 (aspect 1.778)
camera: pos 157.1 125.5 25.1 | proj _11=1.1860 _22=2.1084 _33=1.00007 _43=-1.00 (aspect 1.778)
camera: pos 157.1 124.5 25.1 | proj _11=1.2046 _22=2.1415 _33=1.00007 _43=-1.00 (aspect 1.778)
camera: pos 157.1 123.6 25.1 | proj _11=1.2205 _22=2.1698 _33=1.00007 _43=-1.00 (aspect 1.778)
camera: pos 157.1 122.7 25.2 | proj _11=1.2365 _22=2.1982 _33=1.00007 _43=-1.00 (aspect 1.778)
camera: pos 157.1 121.6 25.2 | proj _11=1.2542 _22=2.2297 _33=1.00007 _43=-1.00 (aspect 1.778)
camera: pos 157.1 120.7 25.2 | proj _11=1.2689 _22=2.2557 _33=1.00007 _43=-1.00 (aspect 1.778)
camera: pos 157.1 119.7 25.2 | proj _11=1.2833 _22=2.2814 _33=1.00007 _43=-1.00 (aspect 1.778)
camera: pos 157.1 118.8 25.2 | proj _11=1.2968 _22=2.3054 _33=1.00007 _43=-1.00 (aspect 1.778)
camera: pos 157.1 117.9 25.1 | proj _11=1.3091 _22=2.3273 _33=1.00007 _43=-1.00 (aspect 1.778)
camera: pos 157.1 116.9 25.1 | proj _11=1.2863 _22=2.2867 _33=1.00007 _43=-1.00 (aspect 1.778)
camera: pos 157.1 116.1 25.1 | proj _11=1.2679 _22=2.2539 _33=1.00007 _43=-1.00 (aspect 1.778)
camera: pos 157.1 115.2 25.1 | proj _11=1.2500 _22=2.2222 _33=1.00007 _43=-1.00 (aspect 1.778)
camera: pos 157.1 114.2 25.1 | proj _11=1.2330 _22=2.1920 _33=1.00007 _43=-1.00 (aspect 1.778)
camera: pos 157.0 113.3 25.1 | proj _11=1.2164 _22=2.1625 _33=1.00007 _43=-1.00 (aspect 1.778)
camera: pos 157.0 112.3 25.1 | proj _11=1.2006 _22=2.1343 _33=1.00007 _43=-1.00 (aspect 1.778)
camera: pos 157.0 111.3 25.0 | proj _11=1.1863 _22=2.1089 _33=1.00007 _43=-1.00 (aspect 1.778)
camera: pos 157.0 110.4 25.0 | proj _11=1.1747 _22=2.0883 _33=1.00007 _43=-1.00 (aspect 1.778)
camera: pos 157.0 109.5 25.0 | proj _11=1.1627 _22=2.0670 _33=1.00007 _43=-1.00 (aspect 1.778)
camera: pos 157.0 108.5 25.0 | proj _11=1.1510 _22=2.0461 _33=1.00007 _43=-1.00 (aspect 1.778)
camera: pos 157.0 107.5 25.0 | proj _11=1.1404 _22=2.0273 _33=1.00007 _43=-1.00 (aspect 1.778)
camera: pos 157.0 106.5 25.0 | proj _11=1.1605 _22=2.0631 _33=1.00007 _43=-1.00 (aspect 1.778)
camera: pos 156.9 105.5 24.9 | proj _11=1.1780 _22=2.0941 _33=1.00007 _43=-1.00 (aspect 1.778)
camera: pos 156.9 104.6 24.9 | proj _11=1.1953 _22=2.1250 _33=1.00007 _43=-1.00 (aspect 1.778)
camera: pos 156.9 103.6 24.9 | proj _11=1.2119 _22=2.1544 _33=1.00007 _43=-1.00 (aspect 1.778)
camera: pos 156.9 102.7 24.9 | proj _11=1.2281 _22=2.1832 _33=1.00007 _43=-1.00 (aspect 1.778)
camera: pos 156.8 101.7 24.9 | proj _11=1.2441 _22=2.2117 _33=1.00007 _43=-1.00 (aspect 1.778)
camera: pos 156.8 100.5 24.8 | proj _11=1.2621 _22=2.2436 _33=1.00007 _43=-1.00 (aspect 1.778)
camera: pos 156.8 99.5 24.8 | proj _11=1.2777 _22=2.2715 _33=1.00007 _43=-1.00 (aspect 1.778)
camera: pos 156.7 98.4 24.8 | proj _11=1.2925 _22=2.2976 _33=1.00007 _43=-1.00 (aspect 1.778)
camera: pos 156.7 97.3 24.8 | proj _11=1.3080 _22=2.3253 _33=1.00007 _43=-1.00 (aspect 1.778)
camera: pos 156.6 96.3 24.7 | proj _11=1.3208 _22=2.3480 _33=1.00007 _43=-1.00 (aspect 1.778)
camera: pos 156.5 95.2 24.7 | proj _11=1.3334 _22=2.3704 _33=1.00007 _43=-1.00 (aspect 1.778)
camera: pos 156.5 94.2 24.7 | proj _11=1.3458 _22=2.3925 _33=1.00007 _43=-1.00 (aspect 1.778)
camera: pos 156.4 93.2 24.7 | proj _11=1.3564 _22=2.4113 _33=1.00007 _43=-1.00 (aspect 1.778)
camera: pos 156.4 92.2 24.6 | proj _11=1.3672 _22=2.4306 _33=1.00007 _43=-1.00 (aspect 1.778)
camera: pos 156.3 91.2 24.6 | proj _11=1.3774 _22=2.4487 _33=1.00007 _43=-1.00 (aspect 1.778)
camera: pos 156.1 89.2 24.5 | proj _11=1.3965 _22=2.4826 _33=1.00007 _43=-1.00 (aspect 1.778)
camera: pos 155.9 87.1 24.5 | proj _11=1.4148 _22=2.5152 _33=1.00007 _43=-1.00 (aspect 1.778)
camera: pos 155.7 85.0 24.4 | proj _11=1.4316 _22=2.5450 _33=1.00007 _43=-1.00 (aspect 1.778)
camera: pos 155.4 83.0 24.3 | proj _11=1.4453 _22=2.5694 _33=1.00007 _43=-1.00 (aspect 1.778)
camera: pos 155.2 80.9 24.3 | proj _11=1.4590 _22=2.5936 _33=1.00007 _43=-1.00 (aspect 1.778)
camera: pos 154.9 78.7 24.2 | proj _11=1.4715 _22=2.6160 _33=1.00007 _43=-1.00 (aspect 1.778)
camera: pos 154.6 76.4 24.1 | proj _11=1.4833 _22=2.6370 _33=1.00007 _43=-1.00 (aspect 1.778)
camera: pos 154.3 74.0 24.0 | proj _11=1.4946 _22=2.6570 _33=1.00007 _43=-1.00 (aspect 1.778)
camera: pos 153.9 71.3 23.9 | proj _11=1.5051 _22=2.6756 _33=1.00007 _43=-1.00 (aspect 1.778)
camera: pos 153.4 67.5 23.7 | proj _11=1.5180 _22=2.6986 _33=1.00007 _43=-1.00 (aspect 1.778)
camera: pos 152.9 63.5 23.5 | proj _11=1.5289 _22=2.7180 _33=1.00007 _43=-1.00 (aspect 1.778)
camera: pos 152.3 58.2 23.2 | proj _11=1.5399 _22=2.7376 _33=1.00007 _43=-1.00 (aspect 1.778)
camera: pos 152.2 56.9 23.1 | proj _11=1.4846 _22=2.6392 _33=1.00007 _43=-1.00 (aspect 1.778)
camera: pos 152.1 55.8 23.1 | proj _11=1.4415 _22=2.5626 _33=1.00007 _43=-1.00 (aspect 1.778)
camera: pos 152.0 54.4 23.0 | proj _11=1.3981 _22=2.4854 _33=1.00007 _43=-1.00 (aspect 1.778)
camera: pos 151.9 53.1 22.9 | proj _11=1.3086 _22=2.3263 _33=1.00007 _43=-1.00 (aspect 1.778)
camera: pos 151.8 51.8 22.9 | proj _11=1.2392 _22=2.2030 _33=1.00007 _43=-1.00 (aspect 1.778)
camera: pos 151.7 50.5 22.9 | proj _11=1.1785 _22=2.0950 _33=1.00007 _43=-1.00 (aspect 1.778)
camera: pos 151.6 49.3 22.9 | proj _11=1.1288 _22=2.0068 _33=1.00007 _43=-1.00 (aspect 1.778)
camera: pos 151.6 48.2 23.0 | proj _11=1.0885 _22=1.9351 _33=1.00007 _43=-1.00 (aspect 1.778)
camera: pos 151.5 47.1 23.1 | proj _11=1.0522 _22=1.8705 _33=1.00007 _43=-1.00 (aspect 1.778)
camera: pos 151.4 45.9 23.2 | proj _11=1.0203 _22=1.8139 _33=1.00007 _43=-1.00 (aspect 1.778)
camera: pos 151.3 44.6 23.3 | proj _11=0.9865 _22=1.7538 _33=1.00007 _43=-1.00 (aspect 1.778)
camera: pos 151.2 43.2 23.3 | proj _11=0.9697 _22=1.7239 _33=1.00007 _43=-1.00 (aspect 1.778)
camera: pos 151.0 40.7 23.3 | proj _11=0.9527 _22=1.6936 _33=1.00007 _43=-1.00 (aspect 1.778)
camera: pos 150.8 38.0 23.2 | proj _11=0.9374 _22=1.6664 _33=1.00007 _43=-1.00 (aspect 1.778)
camera: pos 150.7 35.7 23.2 | proj _11=0.9263 _22=1.6466 _33=1.00007 _43=-1.00 (aspect 1.778)
camera: pos 150.5 33.3 23.1 | proj _11=0.9162 _22=1.6287 _33=1.00007 _43=-1.00 (aspect 1.778)
camera: pos 150.2 29.6 23.1 | proj _11=0.9035 _22=1.6061 _33=1.00007 _43=-1.00 (aspect 1.778)
camera: pos 149.9 25.8 23.0 | proj _11=0.8931 _22=1.5877 _33=1.00007 _43=-1.00 (aspect 1.778)
camera: pos 149.2 20.3 23.1 | proj _11=0.8815 _22=1.5670 _33=1.00007 _43=-1.00 (aspect 1.778)
camera: pos 148.0 12.3 23.0 | proj _11=0.8702 _22=1.5469 _33=1.00007 _43=-1.00 (aspect 1.778)
camera: pos 146.2 255.2 22.3 | proj _11=0.8595 _22=1.5280 _33=1.00007 _43=-1.00 (aspect 1.778)
camera: pos 138.7 212.4 16.3 | proj _11=0.8494 _22=1.5101 _33=1.00007 _43=-1.00 (aspect 1.778)
mesh albedo cache flushed at 4096 entries (flush #1) - it had stopped protecting anything newly streamed
frame 14400 | draws 1858/frame | FFP converted 535/frame (28.8%)
    not converted: screen-space 29  skinned 0  ortho 0  vertex-format 2  untextured 945  instanced 0  mirrored 0  other-camera 136  no camera 0  other 0 (per frame)
    prepasses hidden: sampler-less 945/frame, stipple-with-no-colour 104/frame (these used to convert WHITE) | post/composite quads marked 29/frame
    constant-colour materials (no diffuse map, albedo from the shader's own constant) 129/frame | HUD quads demoted to UI 0/frame | back-buffer clears 1/frame | sky draws 86/frame | UI-pass draws converted 0/frame
    instancing: 561 converted from the instance stream/frame, 0 refused/frame (largest single draw 1 instances, 0.9 buffer writes snooped/frame)
    SKINNING: 54 skinned/frame, 18 refused/frame, 0 exact duplicates dropped/frame | 53 meshes decoded, 53 cached, 0 cache flushes
    ALBEDO stage 0 taken raw (no shader reflection) 0/frame
    ALBEDO: constant-only 129/frame, tinted fallback 0/frame, genuinely blank 0/frame (of 130 rank-0 draws/frame)
    ALBEDO WHITE (previously uncounted): named-but-not-bound 0/frame, render-target exclusion left nothing 0/frame | colourless passes now hidden 19/frame | screen-space passes hidden 0/frame | particle billboards hidden 4/frame
    SKIPPED entirely 0/frame (mode 3) | demoted to UI overlay 0/frame | no-albedo materials left to Remix 130/frame
    MARKED with the marker texture 1236/frame (refused as unsafe 0/frame, 2817 SetTexture calls/frame, marker created)
    albedo: moved off stage 0 76/frame, blanked 129/frame, restored from mesh cache 86/frame (1379 meshes cached, 1 flushes) | RT textures known 55 | lights 3.7/frame (24 shaders)
    camera 111.6 225.0 174.5 | distinct cameras this frame 1 (max 1) | transform writes 341/frame | redundant state calls dropped 13855/frame
    world matrix changes 339/frame | objTM used without a fresh upload 0/frame | uv matrix writes 9/frame (last scale 0.00098, 0.00098)
    TIMING: frame 20.6 ms avg (49 fps), worst 54 ms | shim 8.15 ms avg (39.6% of frame), worst 27.1 ms
    TIMING tail: 139 frames >=33 ms, 0 >=100 ms in this window of 600 | inside real Present 5.08 ms avg, worst 32.8 ms | our other hooks 0.00 ms avg
    converted -> target 14F0BEE0 1280x720 fmt=34 : 18 draws/frame
    converted -> target 14F11738 1280x720 fmt=113 : 497 draws/frame
    converted -> target 14F0BB00 1280x720 fmt=113 : 2 draws/frame
    converted -> target 14F0C6A0 1280x720 fmt=21 : 0 draws/frame
camera: pos 132.3 15.9 201.4 | proj _11=0.9775 _22=1.7377 _33=1.00001 _43=-0.15 (aspect 1.778)
camera: pos 132.3 16.1 201.5 | proj _11=0.9923 _22=1.7641 _33=1.00001 _43=-0.15 (aspect 1.778)
camera: pos 132.2 16.2 201.5 | proj _11=1.0074 _22=1.7909 _33=1.00001 _43=-0.15 (aspect 1.778)
camera: pos 132.2 16.4 201.5 | proj _11=1.0228 _22=1.8183 _33=1.00001 _43=-0.15 (aspect 1.778)
camera: pos 132.2 16.5 201.5 | proj _11=1.0389 _22=1.8468 _33=1.00001 _43=-0.15 (aspect 1.778)
camera: pos 132.2 16.7 201.5 | proj _11=1.0556 _22=1.8767 _33=1.00001 _43=-0.15 (aspect 1.778)
camera: pos 132.2 16.8 201.6 | proj _11=1.0713 _22=1.9044 _33=1.00001 _43=-0.15 (aspect 1.778)
camera: pos 132.1 16.9 201.6 | proj _11=1.0881 _22=1.9343 _33=1.00001 _43=-0.15 (aspect 1.778)
camera: pos 132.1 17.1 201.6 | proj _11=1.1051 _22=1.9645 _33=1.00001 _43=-0.15 (aspect 1.778)
camera: pos 132.1 17.2 201.7 | proj _11=1.1226 _22=1.9957 _33=1.00001 _43=-0.15 (aspect 1.778)
camera: pos 132.1 17.4 201.7 | proj _11=1.1405 _22=2.0275 _33=1.00001 _43=-0.15 (aspect 1.778)
camera: pos 132.1 17.5 201.7 | proj _11=1.1587 _22=2.0599 _33=1.00001 _43=-0.15 (aspect 1.778)
camera: pos 132.1 17.7 201.8 | proj _11=1.1772 _22=2.0927 _33=1.00001 _43=-0.15 (aspect 1.778)
camera: pos 132.0 17.8 201.8 | proj _11=1.1963 _22=2.1266 _33=1.00001 _43=-0.15 (aspect 1.778)
camera: pos 132.0 18.0 201.8 | proj _11=1.2157 _22=2.1612 _33=1.00001 _43=-0.15 (aspect 1.778)
camera: pos 132.0 18.1 201.9 | proj _11=1.2359 _22=2.1971 _33=1.00001 _43=-0.15 (aspect 1.778)
camera: pos 132.0 18.2 201.8 | proj _11=1.2563 _22=2.2334 _33=1.00001 _43=-0.15 (aspect 1.778)
camera: pos 132.0 18.4 201.8 | proj _11=1.2775 _22=2.2710 _33=1.00001 _43=-0.15 (aspect 1.778)
camera: pos 131.9 18.5 201.8 | proj _11=1.2990 _22=2.3092 _33=1.00001 _43=-0.15 (aspect 1.778)
camera: pos 131.9 18.6 201.7 | proj _11=1.3210 _22=2.3485 _33=1.00001 _43=-0.15 (aspect 1.778)
camera: pos 131.9 18.7 201.7 | proj _11=1.3436 _22=2.3887 _33=1.00001 _43=-0.15 (aspect 1.778)
camera: pos 131.9 18.8 201.7 | proj _11=1.3669 _22=2.4301 _33=1.00001 _43=-0.15 (aspect 1.778)
camera: pos 131.8 18.9 201.6 | proj _11=1.3908 _22=2.4726 _33=1.00001 _43=-0.15 (aspect 1.778)
camera: pos 131.8 19.0 201.6 | proj _11=1.4153 _22=2.5160 _33=1.00001 _43=-0.15 (aspect 1.778)
camera: pos 131.8 19.1 201.4 | proj _11=1.4405 _22=2.5609 _33=1.00001 _43=-0.15 (aspect 1.778)
camera: pos 131.8 18.9 201.9 | proj _11=1.4508 _22=2.5792 _33=1.00001 _43=-0.15 (aspect 1.778)
camera: pos 131.9 18.6 202.3 | proj _11=1.4613 _22=2.5977 _33=1.00001 _43=-0.15 (aspect 1.778)
camera: pos 131.9 18.4 202.6 | proj _11=1.4718 _22=2.6165 _33=1.00001 _43=-0.15 (aspect 1.778)
camera: pos 131.9 18.3 202.7 | proj _11=1.4825 _22=2.6355 _33=1.00001 _43=-0.15 (aspect 1.778)
camera: pos 131.9 18.2 202.8 | proj _11=1.4933 _22=2.6546 _33=1.00001 _43=-0.15 (aspect 1.778)
camera: pos 132.0 18.1 202.9 | proj _11=1.5042 _22=2.6740 _33=1.00001 _43=-0.15 (aspect 1.778)
camera: pos 132.0 18.0 203.0 | proj _11=1.5152 _22=2.6936 _33=1.00001 _43=-0.15 (aspect 1.778)
camera: pos 132.0 17.8 203.0 | proj _11=1.5264 _22=2.7136 _33=1.00001 _43=-0.15 (aspect 1.778)
camera: pos 132.0 17.6 203.0 | proj _11=1.5377 _22=2.7336 _33=1.00001 _43=-0.15 (aspect 1.778)
camera: pos 132.0 17.4 203.1 | proj _11=1.5491 _22=2.7539 _33=1.00001 _43=-0.15 (aspect 1.778)
camera: pos 132.0 17.3 203.1 | proj _11=1.5607 _22=2.7745 _33=1.00001 _43=-0.15 (aspect 1.778)
camera: pos 132.0 17.1 203.2 | proj _11=1.5724 _22=2.7954 _33=1.00001 _43=-0.15 (aspect 1.778)
camera: pos 132.0 16.9 203.2 | proj _11=1.5843 _22=2.8164 _33=1.00001 _43=-0.15 (aspect 1.778)
camera: pos 132.0 16.8 203.3 | proj _11=1.5963 _22=2.8378 _33=1.00001 _43=-0.15 (aspect 1.778)
camera: pos 131.9 17.2 202.6 | proj _11=1.6063 _22=2.8556 _33=1.00001 _43=-0.15 (aspect 1.778)
frame 15000 | draws 1870/frame | FFP converted 542/frame (29.0%)
    not converted: screen-space 29  skinned 0  ortho 0  vertex-format 2  untextured 942  instanced 0  mirrored 0  other-camera 140  no camera 0  other 0 (per frame)
    prepasses hidden: sampler-less 942/frame, stipple-with-no-colour 108/frame (these used to convert WHITE) | post/composite quads marked 29/frame
    constant-colour materials (no diffuse map, albedo from the shader's own constant) 125/frame | HUD quads demoted to UI 0/frame | back-buffer clears 1/frame | sky draws 83/frame | UI-pass draws converted 0/frame
    instancing: 568 converted from the instance stream/frame, 0 refused/frame (largest single draw 1 instances, 0.9 buffer writes snooped/frame)
    SKINNING: 55 skinned/frame, 20 refused/frame, 0 exact duplicates dropped/frame | 58 meshes decoded, 58 cached, 0 cache flushes
    ALBEDO stage 0 taken raw (no shader reflection) 0/frame
    ALBEDO: constant-only 125/frame, tinted fallback 0/frame, genuinely blank 0/frame (of 125 rank-0 draws/frame)
    ALBEDO WHITE (previously uncounted): named-but-not-bound 0/frame, render-target exclusion left nothing 0/frame | colourless passes now hidden 20/frame | screen-space passes hidden 0/frame | particle billboards hidden 4/frame
    SKIPPED entirely 0/frame (mode 3) | demoted to UI overlay 0/frame | no-albedo materials left to Remix 125/frame
    MARKED with the marker texture 1243/frame (refused as unsafe 0/frame, 2832 SetTexture calls/frame, marker created)
    albedo: moved off stage 0 80/frame, blanked 125/frame, restored from mesh cache 91/frame (1673 meshes cached, 1 flushes) | RT textures known 55 | lights 3.7/frame (24 shaders)
    camera 131.8 18.6 200.8 | distinct cameras this frame 1 (max 1) | transform writes 346/frame | redundant state calls dropped 14056/frame
    world matrix changes 345/frame | objTM used without a fresh upload 0/frame | uv matrix writes 10/frame (last scale 0.00098, 0.00098)
    TIMING: frame 20.6 ms avg (49 fps), worst 39 ms | shim 8.23 ms avg (40.0% of frame), worst 23.7 ms
    TIMING tail: 15 frames >=33 ms, 0 >=100 ms in this window of 600 | inside real Present 5.05 ms avg, worst 8.4 ms | our other hooks 0.00 ms avg
    converted -> target 14F0BEE0 1280x720 fmt=34 : 18 draws/frame
    converted -> target 14F11738 1280x720 fmt=113 : 503 draws/frame
    converted -> target 14F0BB00 1280x720 fmt=113 : 2 draws/frame
    converted -> target 14F0C6A0 1280x720 fmt=21 : 0 draws/frame
frame 15600 | draws 1818/frame | FFP converted 526/frame (28.9%)
    not converted: screen-space 29  skinned 0  ortho 0  vertex-format 2  untextured 912  instanced 0  mirrored 0  other-camera 139  no camera 0  other 0 (per frame)
    prepasses hidden: sampler-less 912/frame, stipple-with-no-colour 107/frame (these used to convert WHITE) | post/composite quads marked 29/frame
    constant-colour materials (no diffuse map, albedo from the shader's own constant) 120/frame | HUD quads demoted to UI 0/frame | back-buffer clears 1/frame | sky draws 80/frame | UI-pass draws converted 0/frame
    instancing: 550 converted from the instance stream/frame, 0 refused/frame (largest single draw 1 instances, 0.9 buffer writes snooped/frame)
    SKINNING: 55 skinned/frame, 21 refused/frame, 0 exact duplicates dropped/frame | 60 meshes decoded, 60 cached, 0 cache flushes
    ALBEDO stage 0 taken raw (no shader reflection) 0/frame
    ALBEDO: constant-only 120/frame, tinted fallback 0/frame, genuinely blank 0/frame (of 121 rank-0 draws/frame)
    ALBEDO WHITE (previously uncounted): named-but-not-bound 0/frame, render-target exclusion left nothing 0/frame | colourless passes now hidden 19/frame | screen-space passes hidden 0/frame | particle billboards hidden 4/frame
    SKIPPED entirely 0/frame (mode 3) | demoted to UI overlay 0/frame | no-albedo materials left to Remix 121/frame
    MARKED with the marker texture 1210/frame (refused as unsafe 0/frame, 2766 SetTexture calls/frame, marker created)
    albedo: moved off stage 0 78/frame, blanked 120/frame, restored from mesh cache 87/frame (1673 meshes cached, 1 flushes) | RT textures known 55 | lights 3.7/frame (24 shaders)
    camera 131.8 18.6 200.8 | distinct cameras this frame 1 (max 1) | transform writes 334/frame | redundant state calls dropped 13628/frame
    world matrix changes 332/frame | objTM used without a fresh upload 0/frame | uv matrix writes 9/frame (last scale 0.00098, 0.00098)
    TIMING: frame 20.4 ms avg (49 fps), worst 109 ms | shim 8.18 ms avg (40.0% of frame), worst 10.4 ms
    TIMING tail: 1 frames >=33 ms, 1 >=100 ms in this window of 600 | inside real Present 5.08 ms avg, worst 7.2 ms | our other hooks 0.00 ms avg
    converted -> target 14F0BEE0 1280x720 fmt=34 : 17 draws/frame
    converted -> target 14F11738 1280x720 fmt=113 : 486 draws/frame
    converted -> target 14F0BB00 1280x720 fmt=113 : 2 draws/frame
    converted -> target 14F0C6A0 1280x720 fmt=21 : 0 draws/frame
camera: pos 130.9 15.5 201.2 | proj _11=1.5888 _22=2.8244 _33=1.00001 _43=-0.15 (aspect 1.778)
camera: pos 130.8 15.5 201.8 | proj _11=1.5708 _22=2.7925 _33=1.00001 _43=-0.15 (aspect 1.778)
camera: pos 130.7 15.4 202.5 | proj _11=1.5556 _22=2.7655 _33=1.00001 _43=-0.15 (aspect 1.778)
camera: pos 130.6 15.5 203.2 | proj _11=1.5404 _22=2.7384 _33=1.00001 _43=-0.15 (aspect 1.778)
camera: pos 130.8 15.4 203.6 | proj _11=1.5264 _22=2.7136 _33=1.00001 _43=-0.15 (aspect 1.778)
camera: pos 131.2 15.4 203.7 | proj _11=1.5119 _22=2.6877 _33=1.00001 _43=-0.15 (aspect 1.778)
camera: pos 131.6 15.4 203.7 | proj _11=1.5003 _22=2.6672 _33=1.00001 _43=-0.15 (aspect 1.778)
camera: pos 132.0 15.4 203.9 | proj _11=1.4894 _22=2.6477 _33=1.00001 _43=-0.15 (aspect 1.778)
camera: pos 132.3 15.4 204.1 | proj _11=1.4788 _22=2.6289 _33=1.00001 _43=-0.15 (aspect 1.778)
camera: pos 132.5 15.3 204.6 | proj _11=1.4688 _22=2.6111 _33=1.00001 _43=-0.15 (aspect 1.778)
camera: pos 132.7 15.3 205.5 | proj _11=1.4549 _22=2.5864 _33=1.00001 _43=-0.15 (aspect 1.778)
camera: pos 132.9 15.3 206.7 | proj _11=1.4419 _22=2.5634 _33=1.00001 _43=-0.15 (aspect 1.778)
camera: pos 133.3 15.3 207.6 | proj _11=1.4318 _22=2.5454 _33=1.00001 _43=-0.15 (aspect 1.778)
camera: pos 133.8 15.4 208.0 | proj _11=1.4205 _22=2.5253 _33=1.00001 _43=-0.15 (aspect 1.778)
camera: pos 134.4 15.4 207.7 | proj _11=1.4088 _22=2.5045 _33=1.00001 _43=-0.15 (aspect 1.778)
camera: pos 134.9 15.4 207.7 | proj _11=1.3960 _22=2.4818 _33=1.00001 _43=-0.15 (aspect 1.778)
camera: pos 135.4 15.3 207.7 | proj _11=1.3844 _22=2.4610 _33=1.00001 _43=-0.15 (aspect 1.778)
camera: pos 136.0 15.3 207.8 | proj _11=1.3729 _22=2.4407 _33=1.00001 _43=-0.15 (aspect 1.778)
camera: pos 136.5 15.3 207.8 | proj _11=1.3607 _22=2.4189 _33=1.00001 _43=-0.15 (aspect 1.778)
camera: pos 137.1 15.3 207.7 | proj _11=1.3497 _22=2.3994 _33=1.00001 _43=-0.15 (aspect 1.778)
camera: pos 137.6 15.2 207.8 | proj _11=1.3384 _22=2.3793 _33=1.00001 _43=-0.15 (aspect 1.778)
camera: pos 138.1 15.2 208.1 | proj _11=1.3274 _22=2.3599 _33=1.00001 _43=-0.15 (aspect 1.778)
camera: pos 138.7 15.2 208.6 | proj _11=1.3160 _22=2.3395 _33=1.00001 _43=-0.15 (aspect 1.778)
camera: pos 139.4 15.2 209.0 | proj _11=1.3051 _22=2.3201 _33=1.00001 _43=-0.15 (aspect 1.778)
camera: pos 143.5 15.1 204.9 | proj _11=1.3213 _22=2.3489 _33=1.00001 _43=-0.15 (aspect 1.778)
camera: pos 143.5 15.2 204.6 | proj _11=1.3456 _22=2.3921 _33=1.00001 _43=-0.15 (aspect 1.778)
camera: pos 143.3 15.2 204.2 | proj _11=1.3705 _22=2.4364 _33=1.00001 _43=-0.15 (aspect 1.778)
camera: pos 143.2 15.2 203.8 | proj _11=1.3974 _22=2.4842 _33=1.00001 _43=-0.15 (aspect 1.778)
camera: pos 143.2 15.2 203.3 | proj _11=1.4218 _22=2.5276 _33=1.00001 _43=-0.15 (aspect 1.778)
camera: pos 143.3 15.2 202.7 | proj _11=1.4480 _22=2.5742 _33=1.00001 _43=-0.15 (aspect 1.778)
camera: pos 143.4 15.1 202.0 | proj _11=1.4714 _22=2.6158 _33=1.00001 _43=-0.15 (aspect 1.778)
camera: pos 143.5 15.1 201.4 | proj _11=1.4962 _22=2.6599 _33=1.00001 _43=-0.15 (aspect 1.778)
camera: pos 143.7 15.1 200.7 | proj _11=1.5173 _22=2.6973 _33=1.00001 _43=-0.15 (aspect 1.778)
camera: pos 144.0 15.0 200.0 | proj _11=1.5394 _22=2.7367 _33=1.00001 _43=-0.15 (aspect 1.778)
camera: pos 144.2 15.0 199.4 | proj _11=1.5638 _22=2.7800 _33=1.00001 _43=-0.15 (aspect 1.778)
camera: pos 144.5 15.0 198.9 | proj _11=1.5846 _22=2.8170 _33=1.00001 _43=-0.15 (aspect 1.778)
camera: pos 144.7 14.9 198.6 | proj _11=1.6009 _22=2.8460 _33=1.00001 _43=-0.15 (aspect 1.778)
frame 16200 | draws 1803/frame | FFP converted 522/frame (28.9%)
    not converted: screen-space 29  skinned 0  ortho 0  vertex-format 2  untextured 899  instanced 0  mirrored 0  other-camera 141  no camera 0  other 0 (per frame)
    prepasses hidden: sampler-less 899/frame, stipple-with-no-colour 108/frame (these used to convert WHITE) | post/composite quads marked 29/frame
    constant-colour materials (no diffuse map, albedo from the shader's own constant) 116/frame | HUD quads demoted to UI 0/frame | back-buffer clears 1/frame | sky draws 78/frame | UI-pass draws converted 0/frame
    instancing: 546 converted from the instance stream/frame, 0 refused/frame (largest single draw 1 instances, 0.9 buffer writes snooped/frame)
    SKINNING: 57 skinned/frame, 22 refused/frame, 0 exact duplicates dropped/frame | 86 meshes decoded, 86 cached, 0 cache flushes
    ALBEDO stage 0 taken raw (no shader reflection) 0/frame
    ALBEDO: constant-only 116/frame, tinted fallback 0/frame, genuinely blank 0/frame (of 117 rank-0 draws/frame)
    ALBEDO WHITE (previously uncounted): named-but-not-bound 0/frame, render-target exclusion left nothing 0/frame | colourless passes now hidden 20/frame | screen-space passes hidden 0/frame | particle billboards hidden 4/frame
    SKIPPED entirely 0/frame (mode 3) | demoted to UI overlay 0/frame | no-albedo materials left to Remix 117/frame
    MARKED with the marker texture 1201/frame (refused as unsafe 0/frame, 2751 SetTexture calls/frame, marker created)
    albedo: moved off stage 0 79/frame, blanked 116/frame, restored from mesh cache 87/frame (2408 meshes cached, 1 flushes) | RT textures known 55 | lights 3.8/frame (24 shaders)
    camera 149.4 14.1 198.4 | distinct cameras this frame 1 (max 1) | transform writes 330/frame | redundant state calls dropped 13516/frame
    world matrix changes 328/frame | objTM used without a fresh upload 0/frame | uv matrix writes 10/frame (last scale 0.00098, 0.00098)
    TIMING: frame 20.4 ms avg (49 fps), worst 119 ms | shim 8.26 ms avg (40.4% of frame), worst 32.3 ms
    TIMING tail: 52 frames >=33 ms, 1 >=100 ms in this window of 600 | inside real Present 5.07 ms avg, worst 7.4 ms | our other hooks 0.00 ms avg
    converted -> target 14F0BEE0 1280x720 fmt=34 : 17 draws/frame
    converted -> target 14F11738 1280x720 fmt=113 : 481 draws/frame
    converted -> target 14F0BB00 1280x720 fmt=113 : 2 draws/frame
    converted -> target 14F0C6A0 1280x720 fmt=21 : 0 draws/frame
camera: pos 145.9 15.8 199.3 | proj _11=1.5909 _22=2.8281 _33=1.00001 _43=-0.15 (aspect 1.778)
camera: pos 146.5 15.8 199.2 | proj _11=1.5725 _22=2.7955 _33=1.00001 _43=-0.15 (aspect 1.778)
camera: pos 146.8 15.8 199.0 | proj _11=1.5617 _22=2.7763 _33=1.00001 _43=-0.15 (aspect 1.778)
camera: pos 147.3 15.8 198.6 | proj _11=1.5436 _22=2.7441 _33=1.00001 _43=-0.15 (aspect 1.778)
camera: pos 147.9 15.8 198.5 | proj _11=1.5258 _22=2.7125 _33=1.00001 _43=-0.15 (aspect 1.778)
camera: pos 148.6 15.8 198.4 | proj _11=1.5077 _22=2.6803 _33=1.00001 _43=-0.15 (aspect 1.778)
camera: pos 149.4 15.7 198.2 | proj _11=1.4882 _22=2.6456 _33=1.00001 _43=-0.15 (aspect 1.778)
camera: pos 149.9 15.7 197.9 | proj _11=1.4707 _22=2.6146 _33=1.00001 _43=-0.15 (aspect 1.778)
camera: pos 150.2 15.7 197.6 | proj _11=1.4545 _22=2.5857 _33=1.00001 _43=-0.15 (aspect 1.778)
camera: pos 150.6 15.7 197.2 | proj _11=1.4388 _22=2.5578 _33=1.00001 _43=-0.15 (aspect 1.778)
camera: pos 150.8 15.6 197.0 | proj _11=1.4230 _22=2.5298 _33=1.00001 _43=-0.15 (aspect 1.778)
camera: pos 151.0 15.6 196.7 | proj _11=1.4365 _22=2.5537 _33=1.00001 _43=-0.15 (aspect 1.778)
camera: pos 151.0 15.6 196.4 | proj _11=1.4497 _22=2.5772 _33=1.00001 _43=-0.15 (aspect 1.778)
camera: pos 151.0 15.6 196.0 | proj _11=1.4641 _22=2.6028 _33=1.00001 _43=-0.15 (aspect 1.778)
camera: pos 151.0 15.5 195.6 | proj _11=1.4778 _22=2.6271 _33=1.00001 _43=-0.15 (aspect 1.778)
camera: pos 150.9 15.4 195.2 | proj _11=1.4912 _22=2.6509 _33=1.00001 _43=-0.15 (aspect 1.778)
camera: pos 150.9 15.3 194.9 | proj _11=1.5052 _22=2.6758 _33=1.00001 _43=-0.15 (aspect 1.778)
camera: pos 150.9 15.2 194.5 | proj _11=1.5208 _22=2.7036 _33=1.00001 _43=-0.15 (aspect 1.778)
camera: pos 151.0 15.1 194.0 | proj _11=1.5369 _22=2.7321 _33=1.00001 _43=-0.15 (aspect 1.778)
camera: pos 151.1 14.9 193.3 | proj _11=1.5520 _22=2.7591 _33=1.00001 _43=-0.15 (aspect 1.778)
camera: pos 151.2 14.8 192.7 | proj _11=1.5673 _22=2.7862 _33=1.00001 _43=-0.15 (aspect 1.778)
camera: pos 151.4 14.7 192.2 | proj _11=1.5819 _22=2.8122 _33=1.00001 _43=-0.15 (aspect 1.778)
camera: pos 151.5 14.6 191.8 | proj _11=1.5960 _22=2.8373 _33=1.00001 _43=-0.15 (aspect 1.778)
camera: pos 151.5 14.6 191.6 | proj _11=1.6085 _22=2.8594 _33=1.00001 _43=-0.15 (aspect 1.778)
frame 16800 | draws 1855/frame | FFP converted 538/frame (29.0%)
    not converted: screen-space 30  skinned 0  ortho 0  vertex-format 3  untextured 915  instanced 0  mirrored 0  other-camera 153  no camera 0  other 0 (per frame)
    prepasses hidden: sampler-less 915/frame, stipple-with-no-colour 114/frame (these used to convert WHITE) | post/composite quads marked 30/frame
    constant-colour materials (no diffuse map, albedo from the shader's own constant) 114/frame | HUD quads demoted to UI 0/frame | back-buffer clears 1/frame | sky draws 77/frame | UI-pass draws converted 0/frame
    instancing: 567 converted from the instance stream/frame, 0 refused/frame (largest single draw 1 instances, 0.9 buffer writes snooped/frame)
    SKINNING: 60 skinned/frame, 24 refused/frame, 0 exact duplicates dropped/frame | 92 meshes decoded, 92 cached, 0 cache flushes
    ALBEDO stage 0 taken raw (no shader reflection) 0/frame
    ALBEDO: constant-only 114/frame, tinted fallback 0/frame, genuinely blank 0/frame (of 115 rank-0 draws/frame)
    ALBEDO WHITE (previously uncounted): named-but-not-bound 0/frame, render-target exclusion left nothing 0/frame | colourless passes now hidden 21/frame | screen-space passes hidden 0/frame | particle billboards hidden 4/frame
    SKIPPED entirely 0/frame (mode 3) | demoted to UI overlay 0/frame | no-albedo materials left to Remix 115/frame
    MARKED with the marker texture 1237/frame (refused as unsafe 0/frame, 2829 SetTexture calls/frame, marker created)
    albedo: moved off stage 0 85/frame, blanked 114/frame, restored from mesh cache 94/frame (2541 meshes cached, 1 flushes) | RT textures known 55 | lights 4.1/frame (24 shaders)
    camera 150.5 15.6 199.0 | distinct cameras this frame 1 (max 1) | transform writes 338/frame | redundant state calls dropped 13943/frame
    world matrix changes 336/frame | objTM used without a fresh upload 0/frame | uv matrix writes 10/frame (last scale 0.00098, 0.00098)
    TIMING: frame 20.7 ms avg (48 fps), worst 52 ms | shim 8.62 ms avg (41.6% of frame), worst 31.9 ms
    TIMING tail: 86 frames >=33 ms, 0 >=100 ms in this window of 600 | inside real Present 4.90 ms avg, worst 12.9 ms | our other hooks 0.00 ms avg
    converted -> target 14F0BEE0 1280x720 fmt=34 : 18 draws/frame
    converted -> target 14F11738 1280x720 fmt=113 : 494 draws/frame
    converted -> target 14F0BB00 1280x720 fmt=113 : 2 draws/frame
    converted -> target 14F0C6A0 1280x720 fmt=21 : 0 draws/frame
frame 17400 | draws 2034/frame | FFP converted 601/frame (29.5%)
    not converted: screen-space 30  skinned 0  ortho 0  vertex-format 3  untextured 994  instanced 0  mirrored 0  other-camera 176  no camera 0  other 0 (per frame)
    prepasses hidden: sampler-less 994/frame, stipple-with-no-colour 125/frame (these used to convert WHITE) | post/composite quads marked 30/frame
    constant-colour materials (no diffuse map, albedo from the shader's own constant) 116/frame | HUD quads demoted to UI 0/frame | back-buffer clears 1/frame | sky draws 77/frame | UI-pass draws converted 0/frame
    instancing: 642 converted from the instance stream/frame, 0 refused/frame (largest single draw 1 instances, 0.9 buffer writes snooped/frame)
    SKINNING: 62 skinned/frame, 28 refused/frame, 0 exact duplicates dropped/frame | 93 meshes decoded, 93 cached, 0 cache flushes
    ALBEDO stage 0 taken raw (no shader reflection) 0/frame
    ALBEDO: constant-only 116/frame, tinted fallback 0/frame, genuinely blank 0/frame (of 116 rank-0 draws/frame)
    ALBEDO WHITE (previously uncounted): named-but-not-bound 0/frame, render-target exclusion left nothing 0/frame | colourless passes now hidden 24/frame | screen-space passes hidden 0/frame | particle billboards hidden 4/frame
    SKIPPED entirely 0/frame (mode 3) | demoted to UI overlay 0/frame | no-albedo materials left to Remix 116/frame
    MARKED with the marker texture 1353/frame (refused as unsafe 0/frame, 3062 SetTexture calls/frame, marker created)
    albedo: moved off stage 0 97/frame, blanked 116/frame, restored from mesh cache 118/frame (2542 meshes cached, 1 flushes) | RT textures known 55 | lights 4.1/frame (24 shaders)
    camera 150.5 15.6 199.0 | distinct cameras this frame 1 (max 1) | transform writes 383/frame | redundant state calls dropped 15568/frame
    world matrix changes 381/frame | objTM used without a fresh upload 0/frame | uv matrix writes 12/frame (last scale 0.00098, 0.00098)
    TIMING: frame 21.3 ms avg (47 fps), worst 77 ms | shim 9.16 ms avg (43.0% of frame), worst 31.3 ms
    TIMING tail: 596 frames >=33 ms, 0 >=100 ms in this window of 600 | inside real Present 4.74 ms avg, worst 27.2 ms | our other hooks 0.00 ms avg
    converted -> target 14F0BEE0 1280x720 fmt=34 : 20 draws/frame
    converted -> target 14F11738 1280x720 fmt=113 : 551 draws/frame
    converted -> target 14F0BB00 1280x720 fmt=113 : 2 draws/frame
    converted -> target 14F0C6A0 1280x720 fmt=21 : 0 draws/frame
frame 18000 | draws 2138/frame | FFP converted 637/frame (29.8%)
    not converted: screen-space 30  skinned 0  ortho 0  vertex-format 4  untextured 1037  instanced 0  mirrored 0  other-camera 189  no camera 0  other 0 (per frame)
    prepasses hidden: sampler-less 1037/frame, stipple-with-no-colour 134/frame (these used to convert WHITE) | post/composite quads marked 30/frame
    constant-colour materials (no diffuse map, albedo from the shader's own constant) 115/frame | HUD quads demoted to UI 0/frame | back-buffer clears 1/frame | sky draws 76/frame | UI-pass draws converted 0/frame
    instancing: 683 converted from the instance stream/frame, 0 refused/frame (largest single draw 1 instances, 0.9 buffer writes snooped/frame)
    SKINNING: 65 skinned/frame, 30 refused/frame, 0 exact duplicates dropped/frame | 95 meshes decoded, 95 cached, 0 cache flushes
    ALBEDO stage 0 taken raw (no shader reflection) 0/frame
    ALBEDO: constant-only 115/frame, tinted fallback 0/frame, genuinely blank 0/frame (of 116 rank-0 draws/frame)
    ALBEDO WHITE (previously uncounted): named-but-not-bound 0/frame, render-target exclusion left nothing 0/frame | colourless passes now hidden 26/frame | screen-space passes hidden 0/frame | particle billboards hidden 4/frame
    SKIPPED entirely 0/frame (mode 3) | demoted to UI overlay 0/frame | no-albedo materials left to Remix 116/frame
    MARKED with the marker texture 1420/frame (refused as unsafe 0/frame, 3197 SetTexture calls/frame, marker created)
    albedo: moved off stage 0 105/frame, blanked 115/frame, restored from mesh cache 133/frame (2690 meshes cached, 1 flushes) | RT textures known 55 | lights 4.1/frame (24 shaders)
    camera 166.6 13.8 193.4 | distinct cameras this frame 1 (max 1) | transform writes 408/frame | redundant state calls dropped 16523/frame
    world matrix changes 406/frame | objTM used without a fresh upload 0/frame | uv matrix writes 12/frame (last scale 0.00098, 0.00098)
    TIMING: frame 21.7 ms avg (46 fps), worst 86 ms | shim 9.56 ms avg (44.1% of frame), worst 30.5 ms
    TIMING tail: 328 frames >=33 ms, 0 >=100 ms in this window of 600 | inside real Present 4.59 ms avg, worst 46.4 ms | our other hooks 0.00 ms avg
    converted -> target 14F0BEE0 1280x720 fmt=34 : 21 draws/frame
    converted -> target 14F11738 1280x720 fmt=113 : 583 draws/frame
    converted -> target 14F0BB00 1280x720 fmt=113 : 2 draws/frame
    converted -> target 14F0C6A0 1280x720 fmt=21 : 0 draws/frame
camera: pos 157.5 15.8 191.4 | proj _11=1.5889 _22=2.8247 _33=1.00001 _43=-0.15 (aspect 1.778)
camera: pos 158.3 15.7 191.2 | proj _11=1.5695 _22=2.7902 _33=1.00001 _43=-0.15 (aspect 1.778)
camera: pos 159.1 15.7 191.0 | proj _11=1.5509 _22=2.7571 _33=1.00001 _43=-0.15 (aspect 1.778)
camera: pos 159.8 15.7 190.4 | proj _11=1.5318 _22=2.7231 _33=1.00001 _43=-0.15 (aspect 1.778)
camera: pos 160.5 15.7 190.0 | proj _11=1.5155 _22=2.6942 _33=1.00001 _43=-0.15 (aspect 1.778)
camera: pos 161.1 15.7 189.7 | proj _11=1.5001 _22=2.6668 _33=1.00001 _43=-0.15 (aspect 1.778)
camera: pos 161.6 15.7 189.4 | proj _11=1.4874 _22=2.6442 _33=1.00001 _43=-0.15 (aspect 1.778)
camera: pos 162.2 15.6 189.1 | proj _11=1.4749 _22=2.6219 _33=1.00001 _43=-0.15 (aspect 1.778)
camera: pos 162.8 15.6 188.8 | proj _11=1.4620 _22=2.5990 _33=1.00001 _43=-0.15 (aspect 1.778)
camera: pos 163.7 15.6 188.3 | proj _11=1.4502 _22=2.5781 _33=1.00001 _43=-0.15 (aspect 1.778)
camera: pos 165.1 15.8 187.5 | proj _11=1.4387 _22=2.5577 _33=1.00001 _43=-0.15 (aspect 1.778)
camera: pos 166.6 16.0 186.9 | proj _11=1.4281 _22=2.5387 _33=1.00001 _43=-0.15 (aspect 1.778)
camera: pos 168.3 16.2 186.7 | proj _11=1.4156 _22=2.5166 _33=1.00001 _43=-0.15 (aspect 1.778)
camera: pos 169.0 16.4 186.9 | proj _11=1.4037 _22=2.4954 _33=1.00001 _43=-0.15 (aspect 1.778)
camera: pos 169.3 16.4 186.9 | proj _11=1.4177 _22=2.5202 _33=1.00001 _43=-0.15 (aspect 1.778)
camera: pos 169.4 16.5 186.9 | proj _11=1.4324 _22=2.5465 _33=1.00001 _43=-0.15 (aspect 1.778)
camera: pos 169.4 16.5 186.8 | proj _11=1.4454 _22=2.5695 _33=1.00001 _43=-0.15 (aspect 1.778)
camera: pos 169.4 16.5 186.8 | proj _11=1.4588 _22=2.5934 _33=1.00001 _43=-0.15 (aspect 1.778)
camera: pos 169.4 16.5 186.7 | proj _11=1.4731 _22=2.6187 _33=1.00001 _43=-0.15 (aspect 1.778)
camera: pos 169.3 16.5 186.6 | proj _11=1.4863 _22=2.6422 _33=1.00001 _43=-0.15 (aspect 1.778)
camera: pos 169.3 16.6 186.5 | proj _11=1.4996 _22=2.6659 _33=1.00001 _43=-0.15 (aspect 1.778)
camera: pos 169.3 16.6 186.5 | proj _11=1.5137 _22=2.6909 _33=1.00001 _43=-0.15 (aspect 1.778)
camera: pos 169.3 16.6 186.4 | proj _11=1.5281 _22=2.7166 _33=1.00001 _43=-0.15 (aspect 1.778)
camera: pos 169.1 16.6 186.4 | proj _11=1.5421 _22=2.7414 _33=1.00001 _43=-0.15 (aspect 1.778)
camera: pos 169.0 16.6 186.3 | proj _11=1.5569 _22=2.7677 _33=1.00001 _43=-0.15 (aspect 1.778)
camera: pos 168.9 16.6 186.3 | proj _11=1.5700 _22=2.7911 _33=1.00001 _43=-0.15 (aspect 1.778)
camera: pos 168.8 16.7 186.3 | proj _11=1.5833 _22=2.8148 _33=1.00001 _43=-0.15 (aspect 1.778)
camera: pos 168.8 16.7 186.3 | proj _11=1.5985 _22=2.8417 _33=1.00001 _43=-0.15 (aspect 1.778)
camera: pos 173.5 16.7 196.2 | proj _11=1.5861 _22=2.8196 _33=1.00001 _43=-0.15 (aspect 1.778)
camera: pos 173.2 16.7 195.9 | proj _11=1.5744 _22=2.7988 _33=1.00001 _43=-0.15 (aspect 1.778)
camera: pos 172.9 16.6 195.6 | proj _11=1.5633 _22=2.7791 _33=1.00001 _43=-0.15 (aspect 1.778)
camera: pos 172.6 16.5 195.4 | proj _11=1.5524 _22=2.7597 _33=1.00001 _43=-0.15 (aspect 1.778)
camera: pos 171.9 16.5 195.4 | proj _11=1.5411 _22=2.7396 _33=1.00001 _43=-0.15 (aspect 1.778)
camera: pos 170.9 16.5 195.6 | proj _11=1.5290 _22=2.7182 _33=1.00001 _43=-0.15 (aspect 1.778)
camera: pos 169.6 16.4 195.9 | proj _11=1.5186 _22=2.6997 _33=1.00001 _43=-0.15 (aspect 1.778)
camera: pos 168.1 16.3 195.8 | proj _11=1.5086 _22=2.6819 _33=1.00001 _43=-0.15 (aspect 1.778)
camera: pos 166.6 15.8 194.3 | proj _11=1.4971 _22=2.6615 _33=1.00001 _43=-0.15 (aspect 1.778)
camera: pos 164.5 16.1 194.0 | proj _11=1.4845 _22=2.6391 _33=1.00001 _43=-0.15 (aspect 1.778)
camera: pos 163.8 16.2 192.7 | proj _11=1.4706 _22=2.6143 _33=1.00001 _43=-0.15 (aspect 1.778)
camera: pos 164.2 16.2 192.3 | proj _11=1.4551 _22=2.5867 _33=1.00001 _43=-0.15 (aspect 1.778)
camera: pos 164.7 16.2 191.9 | proj _11=1.4397 _22=2.5595 _33=1.00001 _43=-0.15 (aspect 1.778)
camera: pos 165.2 16.2 191.4 | proj _11=1.4249 _22=2.5331 _33=1.00001 _43=-0.15 (aspect 1.778)
camera: pos 165.6 16.2 191.0 | proj _11=1.4101 _22=2.5068 _33=1.00001 _43=-0.15 (aspect 1.778)
camera: pos 165.9 16.1 190.3 | proj _11=1.3960 _22=2.4817 _33=1.00001 _43=-0.15 (aspect 1.778)
camera: pos 165.9 16.1 189.3 | proj _11=1.3817 _22=2.4563 _33=1.00001 _43=-0.15 (aspect 1.778)
camera: pos 166.2 16.1 188.5 | proj _11=1.3683 _22=2.4324 _33=1.00001 _43=-0.15 (aspect 1.778)
camera: pos 166.7 16.1 187.9 | proj _11=1.3533 _22=2.4058 _33=1.00001 _43=-0.15 (aspect 1.778)
camera: pos 167.3 16.1 187.4 | proj _11=1.3383 _22=2.3792 _33=1.00001 _43=-0.15 (aspect 1.778)
camera: pos 167.7 16.1 186.9 | proj _11=1.3235 _22=2.3529 _33=1.00001 _43=-0.15 (aspect 1.778)
camera: pos 168.0 16.1 186.3 | proj _11=1.3089 _22=2.3270 _33=1.00001 _43=-0.15 (aspect 1.778)
camera: pos 185.8 15.8 176.8 | proj _11=1.3370 _22=2.3769 _33=1.00001 _43=-0.15 (aspect 1.778)
camera: pos 186.1 15.8 177.0 | proj _11=1.3561 _22=2.4109 _33=1.00001 _43=-0.15 (aspect 1.778)
camera: pos 186.4 15.9 177.2 | proj _11=1.3776 _22=2.4490 _33=1.00001 _43=-0.15 (aspect 1.778)
camera: pos 186.7 15.9 177.3 | proj _11=1.4006 _22=2.4898 _33=1.00001 _43=-0.15 (aspect 1.778)
camera: pos 186.9 15.9 177.5 | proj _11=1.4225 _22=2.5289 _33=1.00001 _43=-0.15 (aspect 1.778)
camera: pos 187.2 16.0 177.6 | proj _11=1.4442 _22=2.5675 _33=1.00001 _43=-0.15 (aspect 1.778)
camera: pos 187.4 16.0 177.7 | proj _11=1.4657 _22=2.6057 _33=1.00001 _43=-0.15 (aspect 1.778)
camera: pos 187.6 16.0 177.8 | proj _11=1.4874 _22=2.6442 _33=1.00001 _43=-0.15 (aspect 1.778)
camera: pos 187.9 16.1 178.0 | proj _11=1.5101 _22=2.6845 _33=1.00001 _43=-0.15 (aspect 1.778)
camera: pos 188.3 16.1 178.1 | proj _11=1.5325 _22=2.7243 _33=1.00001 _43=-0.15 (aspect 1.778)
camera: pos 188.7 16.1 178.3 | proj _11=1.5552 _22=2.7647 _33=1.00001 _43=-0.15 (aspect 1.778)
camera: pos 189.0 16.1 178.4 | proj _11=1.5799 _22=2.8087 _33=1.00001 _43=-0.15 (aspect 1.778)
camera: pos 189.3 16.1 178.5 | proj _11=1.6043 _22=2.8520 _33=1.00001 _43=-0.15 (aspect 1.778)
frame 18600 | draws 2205/frame | FFP converted 662/frame (30.0%)
    not converted: screen-space 30  skinned 0  ortho 0  vertex-format 4  untextured 1063  instanced 0  mirrored 0  other-camera 197  no camera 0  other 0 (per frame)
    prepasses hidden: sampler-less 1063/frame, stipple-with-no-colour 140/frame (these used to convert WHITE) | post/composite quads marked 30/frame
    constant-colour materials (no diffuse map, albedo from the shader's own constant) 115/frame | HUD quads demoted to UI 0/frame | back-buffer clears 1/frame | sky draws 76/frame | UI-pass draws converted 0/frame
    instancing: 709 converted from the instance stream/frame, 0 refused/frame (largest single draw 1 instances, 0.9 buffer writes snooped/frame)
    SKINNING: 67 skinned/frame, 32 refused/frame, 0 exact duplicates dropped/frame | 99 meshes decoded, 99 cached, 0 cache flushes
    ALBEDO stage 0 taken raw (no shader reflection) 0/frame
    ALBEDO: constant-only 115/frame, tinted fallback 0/frame, genuinely blank 0/frame (of 115 rank-0 draws/frame)
    ALBEDO WHITE (previously uncounted): named-but-not-bound 0/frame, render-target exclusion left nothing 0/frame | colourless passes now hidden 28/frame | screen-space passes hidden 0/frame | particle billboards hidden 4/frame
    SKIPPED entirely 0/frame (mode 3) | demoted to UI overlay 0/frame | no-albedo materials left to Remix 115/frame
    MARKED with the marker texture 1462/frame (refused as unsafe 0/frame, 3283 SetTexture calls/frame, marker created)
    albedo: moved off stage 0 112/frame, blanked 115/frame, restored from mesh cache 144/frame (2997 meshes cached, 1 flushes) | RT textures known 55 | lights 4.2/frame (24 shaders)
    camera 195.2 16.1 177.4 | distinct cameras this frame 1 (max 1) | transform writes 424/frame | redundant state calls dropped 17164/frame
    world matrix changes 422/frame | objTM used without a fresh upload 0/frame | uv matrix writes 13/frame (last scale 0.00098, 0.00098)
    TIMING: frame 21.9 ms avg (46 fps), worst 60 ms | shim 9.85 ms avg (44.9% of frame), worst 38.4 ms
    TIMING tail: 225 frames >=33 ms, 0 >=100 ms in this window of 600 | inside real Present 4.46 ms avg, worst 6.9 ms | our other hooks 0.00 ms avg
    converted -> target 14F0BEE0 1280x720 fmt=34 : 22 draws/frame
    converted -> target 14F11738 1280x720 fmt=113 : 605 draws/frame
    converted -> target 14F0BB00 1280x720 fmt=113 : 3 draws/frame
    converted -> target 14F0C6A0 1280x720 fmt=21 : 0 draws/frame
camera: pos 195.4 16.1 175.5 | proj _11=1.5926 _22=2.8312 _33=1.00001 _43=-0.15 (aspect 1.778)
camera: pos 195.3 16.1 174.8 | proj _11=1.5771 _22=2.8037 _33=1.00001 _43=-0.15 (aspect 1.778)
camera: pos 195.3 16.1 174.1 | proj _11=1.5615 _22=2.7759 _33=1.00001 _43=-0.15 (aspect 1.778)
camera: pos 195.5 16.2 173.2 | proj _11=1.5473 _22=2.7507 _33=1.00001 _43=-0.15 (aspect 1.778)
camera: pos 195.6 16.2 172.5 | proj _11=1.5329 _22=2.7251 _33=1.00001 _43=-0.15 (aspect 1.778)
camera: pos 195.5 16.2 171.9 | proj _11=1.5190 _22=2.7003 _33=1.00001 _43=-0.15 (aspect 1.778)
camera: pos 195.3 16.1 171.6 | proj _11=1.5045 _22=2.6746 _33=1.00001 _43=-0.15 (aspect 1.778)
camera: pos 194.9 16.1 171.3 | proj _11=1.4897 _22=2.6483 _33=1.00001 _43=-0.15 (aspect 1.778)
camera: pos 194.5 16.0 171.2 | proj _11=1.4740 _22=2.6204 _33=1.00001 _43=-0.15 (aspect 1.778)
camera: pos 194.0 16.0 171.4 | proj _11=1.4592 _22=2.5940 _33=1.00001 _43=-0.15 (aspect 1.778)
camera: pos 193.5 16.0 171.5 | proj _11=1.4452 _22=2.5692 _33=1.00001 _43=-0.15 (aspect 1.778)
camera: pos 193.0 15.9 171.4 | proj _11=1.4324 _22=2.5465 _33=1.00001 _43=-0.15 (aspect 1.778)
camera: pos 192.4 15.9 171.3 | proj _11=1.4191 _22=2.5227 _33=1.00001 _43=-0.15 (aspect 1.778)
camera: pos 191.9 15.9 171.1 | proj _11=1.4066 _22=2.5005 _33=1.00001 _43=-0.15 (aspect 1.778)
camera: pos 191.4 15.9 171.0 | proj _11=1.3939 _22=2.4779 _33=1.00001 _43=-0.15 (aspect 1.778)
camera: pos 191.0 15.9 171.0 | proj _11=1.3824 _22=2.4576 _33=1.00001 _43=-0.15 (aspect 1.778)
camera: pos 190.5 15.8 171.2 | proj _11=1.3712 _22=2.4376 _33=1.00001 _43=-0.15 (aspect 1.778)
camera: pos 189.9 15.8 171.6 | proj _11=1.3594 _22=2.4166 _33=1.00001 _43=-0.15 (aspect 1.778)
camera: pos 189.2 15.8 172.1 | proj _11=1.3471 _22=2.3947 _33=1.00001 _43=-0.15 (aspect 1.778)
camera: pos 187.7 15.8 172.9 | proj _11=1.3745 _22=2.4436 _33=1.00001 _43=-0.15 (aspect 1.778)
camera: pos 187.1 15.7 173.2 | proj _11=1.3922 _22=2.4750 _33=1.00001 _43=-0.15 (aspect 1.778)
camera: pos 186.6 15.7 173.5 | proj _11=1.4109 _22=2.5082 _33=1.00001 _43=-0.15 (aspect 1.778)
camera: pos 186.0 15.8 173.7 | proj _11=1.4277 _22=2.5380 _33=1.00001 _43=-0.15 (aspect 1.778)
camera: pos 185.5 15.8 173.9 | proj _11=1.4455 _22=2.5697 _33=1.00001 _43=-0.15 (aspect 1.778)
camera: pos 185.1 15.8 174.0 | proj _11=1.4637 _22=2.6021 _33=1.00001 _43=-0.15 (aspect 1.778)
camera: pos 184.8 15.8 174.1 | proj _11=1.4831 _22=2.6366 _33=1.00001 _43=-0.15 (aspect 1.778)
camera: pos 184.7 15.8 174.2 | proj _11=1.5026 _22=2.6711 _33=1.00001 _43=-0.15 (aspect 1.778)
camera: pos 184.5 15.8 174.3 | proj _11=1.5225 _22=2.7066 _33=1.00001 _43=-0.15 (aspect 1.778)
camera: pos 184.4 15.9 174.5 | proj _11=1.5433 _22=2.7436 _33=1.00001 _43=-0.15 (aspect 1.778)
camera: pos 184.2 15.9 174.6 | proj _11=1.5636 _22=2.7796 _33=1.00001 _43=-0.15 (aspect 1.778)
camera: pos 184.1 15.9 174.7 | proj _11=1.5838 _22=2.8157 _33=1.00001 _43=-0.15 (aspect 1.778)
camera: pos 183.8 15.9 174.8 | proj _11=1.6039 _22=2.8513 _33=1.00001 _43=-0.15 (aspect 1.778)
camera: pos 175.8 15.9 169.4 | proj _11=1.5915 _22=2.8294 _33=1.00001 _43=-0.15 (aspect 1.778)
camera: pos 176.2 16.0 168.6 | proj _11=1.5719 _22=2.7944 _33=1.00001 _43=-0.15 (aspect 1.778)
camera: pos 176.5 16.0 168.3 | proj _11=1.5618 _22=2.7765 _33=1.00001 _43=-0.15 (aspect 1.778)
camera: pos 177.2 16.1 167.9 | proj _11=1.5423 _22=2.7418 _33=1.00001 _43=-0.15 (aspect 1.778)
camera: pos 178.0 16.2 167.5 | proj _11=1.5232 _22=2.7078 _33=1.00001 _43=-0.15 (aspect 1.778)
camera: pos 178.2 16.2 167.2 | proj _11=1.5125 _22=2.6888 _33=1.00001 _43=-0.15 (aspect 1.778)
camera: pos 178.8 16.4 166.1 | proj _11=1.4963 _22=2.6600 _33=1.00001 _43=-0.15 (aspect 1.778)
camera: pos 179.5 16.4 165.2 | proj _11=1.4808 _22=2.6325 _33=1.00001 _43=-0.15 (aspect 1.778)
camera: pos 180.3 16.5 164.5 | proj _11=1.4636 _22=2.6018 _33=1.00001 _43=-0.15 (aspect 1.778)
camera: pos 181.1 16.6 164.1 | proj _11=1.4507 _22=2.5790 _33=1.00001 _43=-0.15 (aspect 1.778)
camera: pos 181.7 16.6 164.4 | proj _11=1.4354 _22=2.5518 _33=1.00001 _43=-0.15 (aspect 1.778)
camera: pos 182.3 16.6 164.6 | proj _11=1.4204 _22=2.5251 _33=1.00001 _43=-0.15 (aspect 1.778)
camera: pos 182.9 16.5 164.8 | proj _11=1.4065 _22=2.5003 _33=1.00001 _43=-0.15 (aspect 1.778)
camera: pos 183.4 16.5 165.1 | proj _11=1.3930 _22=2.4765 _33=1.00001 _43=-0.15 (aspect 1.778)
camera: pos 184.0 16.5 165.3 | proj _11=1.3798 _22=2.4529 _33=1.00001 _43=-0.15 (aspect 1.778)
camera: pos 184.6 16.5 165.5 | proj _11=1.3667 _22=2.4296 _33=1.00001 _43=-0.15 (aspect 1.778)
camera: pos 185.1 16.4 165.7 | proj _11=1.3529 _22=2.4051 _33=1.00001 _43=-0.15 (aspect 1.778)
camera: pos 185.6 16.3 165.8 | proj _11=1.3390 _22=2.3803 _33=1.00001 _43=-0.15 (aspect 1.778)
camera: pos 186.0 16.1 165.9 | proj _11=1.3271 _22=2.3592 _33=1.00001 _43=-0.15 (aspect 1.778)
camera: pos 186.5 16.1 166.3 | proj _11=1.3149 _22=2.3376 _33=1.00001 _43=-0.15 (aspect 1.778)
camera: pos 187.1 16.1 166.7 | proj _11=1.3020 _22=2.3147 _33=1.00001 _43=-0.15 (aspect 1.778)
camera: pos 194.6 16.1 167.3 | proj _11=1.3202 _22=2.3471 _33=1.00001 _43=-0.15 (aspect 1.778)
camera: pos 194.6 16.1 167.3 | proj _11=1.3427 _22=2.3870 _33=1.00001 _43=-0.15 (aspect 1.778)
camera: pos 194.7 16.1 167.2 | proj _11=1.3647 _22=2.4261 _33=1.00001 _43=-0.15 (aspect 1.778)
camera: pos 194.8 16.1 167.3 | proj _11=1.3883 _22=2.4681 _33=1.00001 _43=-0.15 (aspect 1.778)
camera: pos 194.9 16.1 167.3 | proj _11=1.4112 _22=2.5088 _33=1.00001 _43=-0.15 (aspect 1.778)
camera: pos 195.0 16.2 167.3 | proj _11=1.4358 _22=2.5525 _33=1.00001 _43=-0.15 (aspect 1.778)
camera: pos 195.1 16.2 167.3 | proj _11=1.4606 _22=2.5966 _33=1.00001 _43=-0.15 (aspect 1.778)
camera: pos 195.2 16.2 167.3 | proj _11=1.4860 _22=2.6417 _33=1.00001 _43=-0.15 (aspect 1.778)
camera: pos 195.3 16.3 167.3 | proj _11=1.5117 _22=2.6874 _33=1.00001 _43=-0.15 (aspect 1.778)
camera: pos 195.4 16.3 167.2 | proj _11=1.5385 _22=2.7350 _33=1.00001 _43=-0.15 (aspect 1.778)
camera: pos 195.5 16.3 167.2 | proj _11=1.5651 _22=2.7824 _33=1.00001 _43=-0.15 (aspect 1.778)
camera: pos 195.6 16.4 167.2 | proj _11=1.5919 _22=2.8301 _33=1.00001 _43=-0.15 (aspect 1.778)
camera: pos 195.7 16.4 167.2 | proj _11=1.6085 _22=2.8594 _33=1.00001 _43=-0.15 (aspect 1.778)
frame 19200 | draws 2326/frame | FFP converted 707/frame (30.4%)
    not converted: screen-space 30  skinned 0  ortho 0  vertex-format 5  untextured 1111  instanced 0  mirrored 0  other-camera 210  no camera 0  other 0 (per frame)
    prepasses hidden: sampler-less 1111/frame, stipple-with-no-colour 154/frame (these used to convert WHITE) | post/composite quads marked 30/frame
    constant-colour materials (no diffuse map, albedo from the shader's own constant) 116/frame | HUD quads demoted to UI 0/frame | back-buffer clears 1/frame | sky draws 75/frame | UI-pass draws converted 0/frame
    instancing: 762 converted from the instance stream/frame, 0 refused/frame (largest single draw 1 instances, 0.9 buffer writes snooped/frame)
    SKINNING: 69 skinned/frame, 32 refused/frame, 0 exact duplicates dropped/frame | 105 meshes decoded, 105 cached, 0 cache flushes
    ALBEDO stage 0 taken raw (no shader reflection) 0/frame
    ALBEDO: constant-only 116/frame, tinted fallback 0/frame, genuinely blank 0/frame (of 116 rank-0 draws/frame)
    ALBEDO WHITE (previously uncounted): named-but-not-bound 0/frame, render-target exclusion left nothing 0/frame | colourless passes now hidden 30/frame | screen-space passes hidden 0/frame | particle billboards hidden 4/frame
    SKIPPED entirely 0/frame (mode 3) | demoted to UI overlay 0/frame | no-albedo materials left to Remix 116/frame
    MARKED with the marker texture 1539/frame (refused as unsafe 0/frame, 3437 SetTexture calls/frame, marker created)
    albedo: moved off stage 0 126/frame, blanked 116/frame, restored from mesh cache 164/frame (3127 meshes cached, 1 flushes) | RT textures known 55 | lights 4.3/frame (24 shaders)
    camera 203.2 16.7 160.0 | distinct cameras this frame 1 (max 1) | transform writes 456/frame | redundant state calls dropped 18320/frame
    world matrix changes 454/frame | objTM used without a fresh upload 0/frame | uv matrix writes 13/frame (last scale 0.00098, 0.00098)
    TIMING: frame 22.3 ms avg (45 fps), worst 47 ms | shim 10.16 ms avg (45.6% of frame), worst 28.3 ms
    TIMING tail: 165 frames >=33 ms, 0 >=100 ms in this window of 600 | inside real Present 4.33 ms avg, worst 0.8 ms | our other hooks 0.00 ms avg
    converted -> target 14F0BEE0 1280x720 fmt=34 : 24 draws/frame
    converted -> target 14F11738 1280x720 fmt=113 : 648 draws/frame
    converted -> target 14F0BB00 1280x720 fmt=113 : 3 draws/frame
    converted -> target 14F0C6A0 1280x720 fmt=21 : 0 draws/frame
frame 19800 | draws 2429/frame | FFP converted 744/frame (30.7%)
    not converted: screen-space 30  skinned 0  ortho 0  vertex-format 6  untextured 1150  instanced 0  mirrored 0  other-camera 223  no camera 0  other 0 (per frame)
    prepasses hidden: sampler-less 1150/frame, stipple-with-no-colour 164/frame (these used to convert WHITE) | post/composite quads marked 30/frame
    constant-colour materials (no diffuse map, albedo from the shader's own constant) 116/frame | HUD quads demoted to UI 0/frame | back-buffer clears 1/frame | sky draws 75/frame | UI-pass draws converted 0/frame
    instancing: 811 converted from the instance stream/frame, 0 refused/frame (largest single draw 1 instances, 0.9 buffer writes snooped/frame)
    SKINNING: 70 skinned/frame, 31 refused/frame, 0 exact duplicates dropped/frame | 105 meshes decoded, 105 cached, 0 cache flushes
    ALBEDO stage 0 taken raw (no shader reflection) 0/frame
    ALBEDO: constant-only 116/frame, tinted fallback 0/frame, genuinely blank 0/frame (of 116 rank-0 draws/frame)
    ALBEDO WHITE (previously uncounted): named-but-not-bound 0/frame, render-target exclusion left nothing 0/frame | colourless passes now hidden 32/frame | screen-space passes hidden 0/frame | particle billboards hidden 5/frame
    SKIPPED entirely 0/frame (mode 3) | demoted to UI overlay 0/frame | no-albedo materials left to Remix 116/frame
    MARKED with the marker texture 1603/frame (refused as unsafe 0/frame, 3567 SetTexture calls/frame, marker created)
    albedo: moved off stage 0 136/frame, blanked 116/frame, restored from mesh cache 185/frame (3127 meshes cached, 1 flushes) | RT textures known 55 | lights 4.3/frame (24 shaders)
    camera 203.3 16.7 160.0 | distinct cameras this frame 1 (max 1) | transform writes 484/frame | redundant state calls dropped 19300/frame
    world matrix changes 482/frame | objTM used without a fresh upload 0/frame | uv matrix writes 13/frame (last scale 0.00098, 0.00098)
    TIMING: frame 22.5 ms avg (44 fps), worst 42 ms | shim 10.42 ms avg (46.3% of frame), worst 26.0 ms
    TIMING tail: 37 frames >=33 ms, 0 >=100 ms in this window of 600 | inside real Present 4.21 ms avg, worst 0.9 ms | our other hooks 0.00 ms avg
    converted -> target 14F0BEE0 1280x720 fmt=34 : 25 draws/frame
    converted -> target 14F11738 1280x720 fmt=113 : 685 draws/frame
    converted -> target 14F0BB00 1280x720 fmt=113 : 3 draws/frame
    converted -> target 14F0C6A0 1280x720 fmt=21 : 0 draws/frame
camera: pos 203.3 16.7 160.0 | proj _11=1.5920 _22=2.8301 _33=1.00001 _43=-0.15 (aspect 1.778)
camera: pos 203.3 16.7 160.0 | proj _11=1.5567 _22=2.7673 _33=1.00001 _43=-0.15 (aspect 1.778)
camera: pos 203.3 16.7 160.0 | proj _11=1.5056 _22=2.6766 _33=1.00001 _43=-0.15 (aspect 1.778)
camera: pos 203.3 16.7 160.0 | proj _11=1.4335 _22=2.5483 _33=1.00001 _43=-0.15 (aspect 1.778)
camera: pos 203.3 16.7 160.0 | proj _11=1.3705 _22=2.4364 _33=1.00001 _43=-0.15 (aspect 1.778)
camera: pos 203.3 16.7 160.0 | proj _11=1.3322 _22=2.3682 _33=1.00001 _43=-0.15 (aspect 1.778)
camera: pos 203.3 16.7 160.0 | proj _11=1.3084 _22=2.3260 _33=1.00001 _43=-0.15 (aspect 1.778)
frame 20400 | draws 2485/frame | FFP converted 764/frame (30.7%)
    not converted: screen-space 30  skinned 0  ortho 0  vertex-format 7  untextured 1173  instanced 0  mirrored 0  other-camera 227  no camera 0  other 0 (per frame)
    prepasses hidden: sampler-less 1173/frame, stipple-with-no-colour 172/frame (these used to convert WHITE) | post/composite quads marked 30/frame
    constant-colour materials (no diffuse map, albedo from the shader's own constant) 115/frame | HUD quads demoted to UI 0/frame | back-buffer clears 1/frame | sky draws 74/frame | UI-pass draws converted 0/frame
    instancing: 834 converted from the instance stream/frame, 0 refused/frame (largest single draw 1 instances, 0.9 buffer writes snooped/frame)
    SKINNING: 70 skinned/frame, 31 refused/frame, 0 exact duplicates dropped/frame | 105 meshes decoded, 105 cached, 0 cache flushes
    ALBEDO stage 0 taken raw (no shader reflection) 0/frame
    ALBEDO: constant-only 115/frame, tinted fallback 0/frame, genuinely blank 0/frame (of 115 rank-0 draws/frame)
    ALBEDO WHITE (previously uncounted): named-but-not-bound 0/frame, render-target exclusion left nothing 0/frame | colourless passes now hidden 33/frame | screen-space passes hidden 0/frame | particle billboards hidden 5/frame
    SKIPPED entirely 0/frame (mode 3) | demoted to UI overlay 0/frame | no-albedo materials left to Remix 115/frame
    MARKED with the marker texture 1640/frame (refused as unsafe 0/frame, 3642 SetTexture calls/frame, marker created)
    albedo: moved off stage 0 145/frame, blanked 115/frame, restored from mesh cache 198/frame (3127 meshes cached, 1 flushes) | RT textures known 55 | lights 4.3/frame (24 shaders)
    camera 203.3 16.7 160.0 | distinct cameras this frame 1 (max 1) | transform writes 498/frame | redundant state calls dropped 19807/frame
    world matrix changes 496/frame | objTM used without a fresh upload 0/frame | uv matrix writes 13/frame (last scale 0.00098, 0.00098)
    TIMING: frame 22.6 ms avg (44 fps), worst 224 ms | shim 10.57 ms avg (46.7% of frame), worst 25.5 ms
    TIMING tail: 25 frames >=33 ms, 2 >=100 ms in this window of 600 | inside real Present 4.12 ms avg, worst 31.0 ms | our other hooks 0.00 ms avg
    converted -> target 14F0BEE0 1280x720 fmt=34 : 26 draws/frame
    converted -> target 14F11738 1280x720 fmt=113 : 704 draws/frame
    converted -> target 14F0BB00 1280x720 fmt=113 : 3 draws/frame
    converted -> target 14F0C6A0 1280x720 fmt=21 : 0 draws/frame
camera: pos 203.3 16.7 160.0 | proj _11=1.3203 _22=2.3472 _33=1.00001 _43=-0.15 (aspect 1.778)
camera: pos 203.3 16.7 160.0 | proj _11=1.3371 _22=2.3771 _33=1.00001 _43=-0.15 (aspect 1.778)
camera: pos 203.3 16.7 160.0 | proj _11=1.3603 _22=2.4183 _33=1.00001 _43=-0.15 (aspect 1.778)
camera: pos 203.3 16.7 160.0 | proj _11=1.3871 _22=2.4660 _33=1.00001 _43=-0.15 (aspect 1.778)
camera: pos 203.3 16.7 160.0 | proj _11=1.4221 _22=2.5281 _33=1.00001 _43=-0.15 (aspect 1.778)
camera: pos 203.3 16.7 160.0 | proj _11=1.4614 _22=2.5980 _33=1.00001 _43=-0.15 (aspect 1.778)
camera: pos 203.3 16.7 160.0 | proj _11=1.4991 _22=2.6650 _33=1.00001 _43=-0.15 (aspect 1.778)
camera: pos 203.3 16.7 160.0 | proj _11=1.5335 _22=2.7262 _33=1.00001 _43=-0.15 (aspect 1.778)
camera: pos 203.3 16.7 160.0 | proj _11=1.5609 _22=2.7749 _33=1.00001 _43=-0.15 (aspect 1.778)
camera: pos 203.3 16.7 160.0 | proj _11=1.5818 _22=2.8121 _33=1.00001 _43=-0.15 (aspect 1.778)
camera: pos 203.3 16.7 160.0 | proj _11=1.5972 _22=2.8393 _33=1.00001 _43=-0.15 (aspect 1.778)
camera: pos 203.3 16.7 160.0 | proj _11=1.6085 _22=2.8594 _33=1.00001 _43=-0.15 (aspect 1.778)
frame 21000 | draws 2477/frame | FFP converted 758/frame (30.6%)
    not converted: screen-space 30  skinned 0  ortho 0  vertex-format 8  untextured 1172  instanced 0  mirrored 0  other-camera 221  no camera 0  other 0 (per frame)
    prepasses hidden: sampler-less 1172/frame, stipple-with-no-colour 179/frame (these used to convert WHITE) | post/composite quads marked 30/frame
    constant-colour materials (no diffuse map, albedo from the shader's own constant) 112/frame | HUD quads demoted to UI 0/frame | back-buffer clears 1/frame | sky draws 72/frame | UI-pass draws converted 0/frame
    instancing: 821 converted from the instance stream/frame, 0 refused/frame (largest single draw 1 instances, 0.9 buffer writes snooped/frame)
    SKINNING: 70 skinned/frame, 31 refused/frame, 0 exact duplicates dropped/frame | 105 meshes decoded, 105 cached, 0 cache flushes
    ALBEDO stage 0 taken raw (no shader reflection) 0/frame
    ALBEDO: constant-only 112/frame, tinted fallback 0/frame, genuinely blank 0/frame (of 112 rank-0 draws/frame)
    ALBEDO WHITE (previously uncounted): named-but-not-bound 0/frame, render-target exclusion left nothing 0/frame | colourless passes now hidden 32/frame | screen-space passes hidden 0/frame | particle billboards hidden 5/frame
    SKIPPED entirely 0/frame (mode 3) | demoted to UI overlay 0/frame | no-albedo materials left to Remix 112/frame
    MARKED with the marker texture 1639/frame (refused as unsafe 0/frame, 3639 SetTexture calls/frame, marker created)
    albedo: moved off stage 0 151/frame, blanked 112/frame, restored from mesh cache 200/frame (3135 meshes cached, 1 flushes) | RT textures known 55 | lights 4.2/frame (24 shaders)
    camera 203.3 16.7 160.0 | distinct cameras this frame 1 (max 1) | transform writes 492/frame | redundant state calls dropped 19646/frame
    world matrix changes 490/frame | objTM used without a fresh upload 0/frame | uv matrix writes 13/frame (last scale 0.00098, 0.00098)
    TIMING: frame 22.5 ms avg (45 fps), worst 105 ms | shim 10.55 ms avg (47.0% of frame), worst 13.6 ms
    TIMING tail: 2 frames >=33 ms, 1 >=100 ms in this window of 600 | inside real Present 4.06 ms avg, worst 67.3 ms | our other hooks 0.00 ms avg
    converted -> target 14F0BEE0 1280x720 fmt=34 : 26 draws/frame
    converted -> target 14F11738 1280x720 fmt=113 : 698 draws/frame
    converted -> target 14F0BB00 1280x720 fmt=113 : 3 draws/frame
    converted -> target 14F0C6A0 1280x720 fmt=21 : 0 draws/frame
frame 21600 | draws 2531/frame | FFP converted 778/frame (30.7%)
    not converted: screen-space 30  skinned 0  ortho 0  vertex-format 9  untextured 1192  instanced 0  mirrored 0  other-camera 224  no camera 0  other 0 (per frame)
    prepasses hidden: sampler-less 1192/frame, stipple-with-no-colour 188/frame (these used to convert WHITE) | post/composite quads marked 30/frame
    constant-colour materials (no diffuse map, albedo from the shader's own constant) 111/frame | HUD quads demoted to UI 0/frame | back-buffer clears 1/frame | sky draws 71/frame | UI-pass draws converted 0/frame
    instancing: 842 converted from the instance stream/frame, 0 refused/frame (largest single draw 1 instances, 0.9 buffer writes snooped/frame)
    SKINNING: 71 skinned/frame, 31 refused/frame, 0 exact duplicates dropped/frame | 109 meshes decoded, 109 cached, 0 cache flushes
    ALBEDO stage 0 taken raw (no shader reflection) 0/frame
    ALBEDO: constant-only 111/frame, tinted fallback 0/frame, genuinely blank 0/frame (of 111 rank-0 draws/frame)
    ALBEDO WHITE (previously uncounted): named-but-not-bound 0/frame, render-target exclusion left nothing 0/frame | colourless passes now hidden 33/frame | screen-space passes hidden 0/frame | particle billboards hidden 5/frame
    SKIPPED entirely 0/frame (mode 3) | demoted to UI overlay 0/frame | no-albedo materials left to Remix 111/frame
    MARKED with the marker texture 1673/frame (refused as unsafe 0/frame, 3708 SetTexture calls/frame, marker created)
    albedo: moved off stage 0 160/frame, blanked 111/frame, restored from mesh cache 211/frame (3192 meshes cached, 1 flushes) | RT textures known 55 | lights 4.2/frame (24 shaders)
    camera 204.9 13.9 168.3 | distinct cameras this frame 1 (max 1) | transform writes 506/frame | redundant state calls dropped 20177/frame
    world matrix changes 504/frame | objTM used without a fresh upload 0/frame | uv matrix writes 13/frame (last scale 0.00098, 0.00098)
    TIMING: frame 22.6 ms avg (44 fps), worst 110 ms | shim 10.70 ms avg (47.4% of frame), worst 29.3 ms
    TIMING tail: 191 frames >=33 ms, 1 >=100 ms in this window of 600 | inside real Present 3.98 ms avg, worst 86.2 ms | our other hooks 0.00 ms avg
    converted -> target 14F0BEE0 1280x720 fmt=34 : 26 draws/frame
    converted -> target 14F11738 1280x720 fmt=113 : 718 draws/frame
    converted -> target 14F0BB00 1280x720 fmt=113 : 3 draws/frame
    converted -> target 14F0C6A0 1280x720 fmt=21 : 0 draws/frame
camera: pos 203.9 15.2 163.3 | proj _11=1.5902 _22=2.8270 _33=1.00001 _43=-0.15 (aspect 1.778)
camera: pos 204.0 15.2 162.7 | proj _11=1.5721 _22=2.7948 _33=1.00001 _43=-0.15 (aspect 1.778)
camera: pos 204.2 15.2 162.1 | proj _11=1.5553 _22=2.7649 _33=1.00001 _43=-0.15 (aspect 1.778)
camera: pos 204.5 15.2 161.5 | proj _11=1.5384 _22=2.7349 _33=1.00001 _43=-0.15 (aspect 1.778)
camera: pos 204.7 15.1 161.1 | proj _11=1.5230 _22=2.7076 _33=1.00001 _43=-0.15 (aspect 1.778)
camera: pos 205.0 15.1 160.6 | proj _11=1.5063 _22=2.6778 _33=1.00001 _43=-0.15 (aspect 1.778)
camera: pos 205.3 15.1 160.2 | proj _11=1.4914 _22=2.6514 _33=1.00001 _43=-0.15 (aspect 1.778)
camera: pos 205.6 15.1 159.8 | proj _11=1.4762 _22=2.6242 _33=1.00001 _43=-0.15 (aspect 1.778)
camera: pos 205.8 15.1 159.5 | proj _11=1.4611 _22=2.5974 _33=1.00001 _43=-0.15 (aspect 1.778)
camera: pos 206.0 15.0 159.2 | proj _11=1.4463 _22=2.5712 _33=1.00001 _43=-0.15 (aspect 1.778)
camera: pos 206.2 15.0 158.9 | proj _11=1.4568 _22=2.5897 _33=1.00001 _43=-0.15 (aspect 1.778)
camera: pos 206.4 15.0 158.8 | proj _11=1.4674 _22=2.6087 _33=1.00001 _43=-0.15 (aspect 1.778)
camera: pos 206.5 15.0 158.8 | proj _11=1.4781 _22=2.6276 _33=1.00001 _43=-0.15 (aspect 1.778)
camera: pos 206.6 15.0 158.7 | proj _11=1.4888 _22=2.6466 _33=1.00001 _43=-0.15 (aspect 1.778)
camera: pos 206.7 15.1 158.6 | proj _11=1.4997 _22=2.6661 _33=1.00001 _43=-0.15 (aspect 1.778)
camera: pos 206.8 15.1 158.5 | proj _11=1.5105 _22=2.6853 _33=1.00001 _43=-0.15 (aspect 1.778)
camera: pos 206.9 15.1 158.4 | proj _11=1.5214 _22=2.7047 _33=1.00001 _43=-0.15 (aspect 1.778)
camera: pos 207.0 15.1 158.3 | proj _11=1.5317 _22=2.7229 _33=1.00001 _43=-0.15 (aspect 1.778)
camera: pos 207.1 15.1 158.2 | proj _11=1.5430 _22=2.7431 _33=1.00001 _43=-0.15 (aspect 1.778)
camera: pos 207.1 15.1 158.1 | proj _11=1.5536 _22=2.7619 _33=1.00001 _43=-0.15 (aspect 1.778)
camera: pos 207.1 15.1 158.0 | proj _11=1.5651 _22=2.7824 _33=1.00001 _43=-0.15 (aspect 1.778)
camera: pos 207.1 15.1 157.2 | proj _11=1.5514 _22=2.7581 _33=1.00001 _43=-0.15 (aspect 1.778)
camera: pos 207.1 15.1 156.6 | proj _11=1.5376 _22=2.7335 _33=1.00001 _43=-0.15 (aspect 1.778)
camera: pos 207.0 15.1 156.1 | proj _11=1.5243 _22=2.7099 _33=1.00001 _43=-0.15 (aspect 1.778)
camera: pos 206.8 15.1 155.5 | proj _11=1.5112 _22=2.6866 _33=1.00001 _43=-0.15 (aspect 1.778)
camera: pos 206.9 15.1 155.1 | proj _11=1.4991 _22=2.6649 _33=1.00001 _43=-0.15 (aspect 1.778)
camera: pos 207.1 15.1 154.7 | proj _11=1.4866 _22=2.6427 _33=1.00001 _43=-0.15 (aspect 1.778)
camera: pos 207.4 15.2 154.5 | proj _11=1.4737 _22=2.6199 _33=1.00001 _43=-0.15 (aspect 1.778)
camera: pos 207.8 15.2 154.2 | proj _11=1.4602 _22=2.5958 _33=1.00001 _43=-0.15 (aspect 1.778)
camera: pos 208.1 15.2 153.9 | proj _11=1.4477 _22=2.5736 _33=1.00001 _43=-0.15 (aspect 1.778)
camera: pos 208.2 15.2 153.4 | proj _11=1.4352 _22=2.5515 _33=1.00001 _43=-0.15 (aspect 1.778)
camera: pos 208.3 15.2 153.1 | proj _11=1.4225 _22=2.5289 _33=1.00001 _43=-0.15 (aspect 1.778)
camera: pos 208.3 15.2 152.8 | proj _11=1.4352 _22=2.5515 _33=1.00001 _43=-0.15 (aspect 1.778)
camera: pos 208.3 15.2 152.6 | proj _11=1.4471 _22=2.5725 _33=1.00001 _43=-0.15 (aspect 1.778)
camera: pos 208.3 15.2 152.5 | proj _11=1.4599 _22=2.5954 _33=1.00001 _43=-0.15 (aspect 1.778)
camera: pos 208.3 15.2 152.4 | proj _11=1.4725 _22=2.6177 _33=1.00001 _43=-0.15 (aspect 1.778)
camera: pos 208.3 15.2 152.2 | proj _11=1.4853 _22=2.6405 _33=1.00001 _43=-0.15 (aspect 1.778)
camera: pos 208.3 15.2 152.1 | proj _11=1.4979 _22=2.6630 _33=1.00001 _43=-0.15 (aspect 1.778)
camera: pos 208.4 15.2 152.0 | proj _11=1.5116 _22=2.6872 _33=1.00001 _43=-0.15 (aspect 1.778)
camera: pos 208.4 15.2 151.9 | proj _11=1.5247 _22=2.7106 _33=1.00001 _43=-0.15 (aspect 1.778)
camera: pos 208.4 15.2 151.7 | proj _11=1.5375 _22=2.7333 _33=1.00001 _43=-0.15 (aspect 1.778)
camera: pos 208.4 15.3 151.6 | proj _11=1.5523 _22=2.7596 _33=1.00001 _43=-0.15 (aspect 1.778)
camera: pos 208.4 15.3 151.5 | proj _11=1.5653 _22=2.7827 _33=1.00001 _43=-0.15 (aspect 1.778)
camera: pos 208.4 15.3 151.3 | proj _11=1.5802 _22=2.8092 _33=1.00001 _43=-0.15 (aspect 1.778)
camera: pos 208.4 15.3 151.2 | proj _11=1.5939 _22=2.8336 _33=1.00001 _43=-0.15 (aspect 1.778)
camera: pos 208.4 15.3 151.1 | proj _11=1.6085 _22=2.8594 _33=1.00001 _43=-0.15 (aspect 1.778)
frame 22200 | draws 2624/frame | FFP converted 814/frame (31.0%)
    not converted: screen-space 30  skinned 0  ortho 0  vertex-format 9  untextured 1228  instanced 0  mirrored 0  other-camera 231  no camera 0  other 0 (per frame)
    prepasses hidden: sampler-less 1228/frame, stipple-with-no-colour 198/frame (these used to convert WHITE) | post/composite quads marked 30/frame
    constant-colour materials (no diffuse map, albedo from the shader's own constant) 111/frame | HUD quads demoted to UI 0/frame | back-buffer clears 1/frame | sky draws 72/frame | UI-pass draws converted 0/frame
    instancing: 880 converted from the instance stream/frame, 0 refused/frame (largest single draw 1 instances, 0.9 buffer writes snooped/frame)
    SKINNING: 73 skinned/frame, 32 refused/frame, 0 exact duplicates dropped/frame | 111 meshes decoded, 111 cached, 0 cache flushes
    ALBEDO stage 0 taken raw (no shader reflection) 0/frame
    ALBEDO: constant-only 111/frame, tinted fallback 0/frame, genuinely blank 0/frame (of 111 rank-0 draws/frame)
    ALBEDO WHITE (previously uncounted): named-but-not-bound 0/frame, render-target exclusion left nothing 0/frame | colourless passes now hidden 36/frame | screen-space passes hidden 0/frame | particle billboards hidden 5/frame
    SKIPPED entirely 0/frame (mode 3) | demoted to UI overlay 0/frame | no-albedo materials left to Remix 111/frame
    MARKED with the marker texture 1728/frame (refused as unsafe 0/frame, 3822 SetTexture calls/frame, marker created)
    albedo: moved off stage 0 172/frame, blanked 111/frame, restored from mesh cache 227/frame (3443 meshes cached, 1 flushes) | RT textures known 55 | lights 4.4/frame (24 shaders)
    camera 210.9 13.7 136.4 | distinct cameras this frame 1 (max 1) | transform writes 532/frame | redundant state calls dropped 21110/frame
    world matrix changes 530/frame | objTM used without a fresh upload 0/frame | uv matrix writes 14/frame (last scale 0.00098, 0.00098)
    TIMING: frame 22.9 ms avg (44 fps), worst 48 ms | shim 10.98 ms avg (48.0% of frame), worst 29.7 ms
    TIMING tail: 357 frames >=33 ms, 0 >=100 ms in this window of 600 | inside real Present 3.88 ms avg, worst 1.5 ms | our other hooks 0.00 ms avg
    converted -> target 14F0BEE0 1280x720 fmt=34 : 28 draws/frame
    converted -> target 14F11738 1280x720 fmt=113 : 751 draws/frame
    converted -> target 14F0BB00 1280x720 fmt=113 : 3 draws/frame
    converted -> target 14F0C6A0 1280x720 fmt=21 : 0 draws/frame
camera: pos 205.8 15.0 144.1 | proj _11=1.5977 _22=2.8402 _33=1.00001 _43=-0.15 (aspect 1.778)
camera: pos 205.8 15.0 143.8 | proj _11=1.5871 _22=2.8215 _33=1.00001 _43=-0.15 (aspect 1.778)
camera: pos 205.9 15.0 143.1 | proj _11=1.5680 _22=2.7875 _33=1.00001 _43=-0.15 (aspect 1.778)
camera: pos 206.0 15.0 142.4 | proj _11=1.5504 _22=2.7563 _33=1.00001 _43=-0.15 (aspect 1.778)
camera: pos 206.0 15.1 141.7 | proj _11=1.5331 _22=2.7255 _33=1.00001 _43=-0.15 (aspect 1.778)
camera: pos 206.0 15.2 141.0 | proj _11=1.5157 _22=2.6945 _33=1.00001 _43=-0.15 (aspect 1.778)
camera: pos 206.1 15.2 140.3 | proj _11=1.4988 _22=2.6644 _33=1.00001 _43=-0.15 (aspect 1.778)
camera: pos 206.2 15.2 139.8 | proj _11=1.4838 _22=2.6377 _33=1.00001 _43=-0.15 (aspect 1.778)
camera: pos 206.2 15.2 139.2 | proj _11=1.4687 _22=2.6110 _33=1.00001 _43=-0.15 (aspect 1.778)
camera: pos 206.3 15.2 138.6 | proj _11=1.4547 _22=2.5860 _33=1.00001 _43=-0.15 (aspect 1.778)
camera: pos 206.4 15.2 138.0 | proj _11=1.4408 _22=2.5615 _33=1.00001 _43=-0.15 (aspect 1.778)
camera: pos 206.4 15.1 137.3 | proj _11=1.4265 _22=2.5359 _33=1.00001 _43=-0.15 (aspect 1.778)
camera: pos 206.6 15.1 136.7 | proj _11=1.4116 _22=2.5095 _33=1.00001 _43=-0.15 (aspect 1.778)
camera: pos 206.6 15.1 136.1 | proj _11=1.3983 _22=2.4858 _33=1.00001 _43=-0.15 (aspect 1.778)
camera: pos 206.8 15.1 135.4 | proj _11=1.3836 _22=2.4596 _33=1.00001 _43=-0.15 (aspect 1.778)
camera: pos 206.8 15.1 134.7 | proj _11=1.3687 _22=2.4332 _33=1.00001 _43=-0.15 (aspect 1.778)
camera: pos 206.9 15.1 134.1 | proj _11=1.3551 _22=2.4089 _33=1.00001 _43=-0.15 (aspect 1.778)
camera: pos 207.0 15.1 133.5 | proj _11=1.3412 _22=2.3844 _33=1.00001 _43=-0.15 (aspect 1.778)
camera: pos 207.0 15.1 132.8 | proj _11=1.3286 _22=2.3619 _33=1.00001 _43=-0.15 (aspect 1.778)
camera: pos 207.1 15.1 132.2 | proj _11=1.3154 _22=2.3385 _33=1.00001 _43=-0.15 (aspect 1.778)
camera: pos 207.3 15.1 131.7 | proj _11=1.3024 _22=2.3154 _33=1.00001 _43=-0.15 (aspect 1.778)
ALBEDO BOUND #10: ps='Decal_diffuse_mapSampler' rank=95 -> 128x128 fmt=894720068 mips=6 pool=0 usage=0x200 
camera: pos 215.1 15.2 81.4 | proj _11=1.3182 _22=2.3434 _33=1.00001 _43=-0.15 (aspect 1.778)
camera: pos 215.1 15.3 81.3 | proj _11=1.3380 _22=2.3786 _33=1.00001 _43=-0.15 (aspect 1.778)
camera: pos 215.1 15.3 81.2 | proj _11=1.3575 _22=2.4132 _33=1.00001 _43=-0.15 (aspect 1.778)
camera: pos 215.1 15.3 81.1 | proj _11=1.3772 _22=2.4482 _33=1.00001 _43=-0.15 (aspect 1.778)
camera: pos 215.1 15.3 81.1 | proj _11=1.3978 _22=2.4849 _33=1.00001 _43=-0.15 (aspect 1.778)
camera: pos 215.1 15.3 81.0 | proj _11=1.4189 _22=2.5224 _33=1.00001 _43=-0.15 (aspect 1.778)
camera: pos 215.1 15.4 80.9 | proj _11=1.4402 _22=2.5602 _33=1.00001 _43=-0.15 (aspect 1.778)
camera: pos 215.1 15.4 80.8 | proj _11=1.4616 _22=2.5983 _33=1.00001 _43=-0.15 (aspect 1.778)
camera: pos 215.0 15.4 80.7 | proj _11=1.4841 _22=2.6383 _33=1.00001 _43=-0.15 (aspect 1.778)
camera: pos 214.9 15.4 80.7 | proj _11=1.5059 _22=2.6771 _33=1.00001 _43=-0.15 (aspect 1.778)
camera: pos 214.7 15.4 80.6 | proj _11=1.5286 _22=2.7175 _33=1.00001 _43=-0.15 (aspect 1.778)
camera: pos 214.6 15.4 80.6 | proj _11=1.5531 _22=2.7610 _33=1.00001 _43=-0.15 (aspect 1.778)
camera: pos 214.5 15.4 80.5 | proj _11=1.5779 _22=2.8051 _33=1.00001 _43=-0.15 (aspect 1.778)
camera: pos 214.5 15.4 80.5 | proj _11=1.6012 _22=2.8465 _33=1.00001 _43=-0.15 (aspect 1.778)
frame 22800 | draws 2719/frame | FFP converted 850/frame (31.3%)
    not converted: screen-space 31  skinned 0  ortho 0  vertex-format 10  untextured 1265  instanced 0  mirrored 0  other-camera 237  no camera 0  other 0 (per frame)
    prepasses hidden: sampler-less 1265/frame, stipple-with-no-colour 211/frame (these used to convert WHITE) | post/composite quads marked 31/frame
    constant-colour materials (no diffuse map, albedo from the shader's own constant) 110/frame | HUD quads demoted to UI 0/frame | back-buffer clears 1/frame | sky draws 72/frame | UI-pass draws converted 0/frame
    instancing: 913 converted from the instance stream/frame, 0 refused/frame (largest single draw 1 instances, 0.9 buffer writes snooped/frame)
    SKINNING: 75 skinned/frame, 35 refused/frame, 0 exact duplicates dropped/frame | 115 meshes decoded, 115 cached, 0 cache flushes
    ALBEDO stage 0 taken raw (no shader reflection) 0/frame
    ALBEDO: constant-only 110/frame, tinted fallback 0/frame, genuinely blank 0/frame (of 111 rank-0 draws/frame)
    ALBEDO WHITE (previously uncounted): named-but-not-bound 0/frame, render-target exclusion left nothing 0/frame | colourless passes now hidden 38/frame | screen-space passes hidden 0/frame | particle billboards hidden 5/frame
    SKIPPED entirely 0/frame (mode 3) | demoted to UI overlay 0/frame | no-albedo materials left to Remix 111/frame
    MARKED with the marker texture 1787/frame (refused as unsafe 0/frame, 3949 SetTexture calls/frame, marker created)
    albedo: moved off stage 0 184/frame, blanked 110/frame, restored from mesh cache 242/frame (3898 meshes cached, 1 flushes) | RT textures known 55 | lights 5.1/frame (24 shaders)
    camera 208.2 13.8 69.8 | distinct cameras this frame 1 (max 1) | transform writes 557/frame | redundant state calls dropped 22039/frame
    world matrix changes 555/frame | objTM used without a fresh upload 0/frame | uv matrix writes 14/frame (last scale 0.00098, 0.00098)
    TIMING: frame 23.2 ms avg (43 fps), worst 124 ms | shim 11.29 ms avg (48.6% of frame), worst 33.4 ms
    TIMING tail: 524 frames >=33 ms, 1 >=100 ms in this window of 600 | inside real Present 3.78 ms avg, worst 2.2 ms | our other hooks 0.00 ms avg
    converted -> target 14F0BEE0 1280x720 fmt=34 : 29 draws/frame
    converted -> target 14F11738 1280x720 fmt=113 : 783 draws/frame
    converted -> target 14F0BB00 1280x720 fmt=113 : 3 draws/frame
    converted -> target 14F0C6A0 1280x720 fmt=21 : 0 draws/frame
frame 23400 | draws 2824/frame | FFP converted 890/frame (31.5%)
    not converted: screen-space 32  skinned 0  ortho 0  vertex-format 10  untextured 1307  instanced 0  mirrored 0  other-camera 246  no camera 0  other 0 (per frame)
    prepasses hidden: sampler-less 1307/frame, stipple-with-no-colour 223/frame (these used to convert WHITE) | post/composite quads marked 32/frame
    constant-colour materials (no diffuse map, albedo from the shader's own constant) 111/frame | HUD quads demoted to UI 0/frame | back-buffer clears 1/frame | sky draws 72/frame | UI-pass draws converted 0/frame
    instancing: 953 converted from the instance stream/frame, 0 refused/frame (largest single draw 1 instances, 0.9 buffer writes snooped/frame)
    SKINNING: 77 skinned/frame, 38 refused/frame, 0 exact duplicates dropped/frame | 121 meshes decoded, 121 cached, 0 cache flushes
    ALBEDO stage 0 taken raw (no shader reflection) 0/frame
    ALBEDO: constant-only 111/frame, tinted fallback 0/frame, genuinely blank 0/frame (of 112 rank-0 draws/frame)
    ALBEDO WHITE (previously uncounted): named-but-not-bound 0/frame, render-target exclusion left nothing 0/frame | colourless passes now hidden 40/frame | screen-space passes hidden 0/frame | particle billboards hidden 5/frame
    SKIPPED entirely 0/frame (mode 3) | demoted to UI overlay 0/frame | no-albedo materials left to Remix 112/frame
    MARKED with the marker texture 1853/frame (refused as unsafe 0/frame, 4088 SetTexture calls/frame, marker created)
    albedo: moved off stage 0 196/frame, blanked 111/frame, restored from mesh cache 258/frame (4013 meshes cached, 1 flushes) | RT textures known 55 | lights 5.7/frame (24 shaders)
    camera 214.8 14.2 70.7 | distinct cameras this frame 1 (max 1) | transform writes 585/frame | redundant state calls dropped 23066/frame
    world matrix changes 583/frame | objTM used without a fresh upload 0/frame | uv matrix writes 15/frame (last scale 0.00098, 0.00098)
    TIMING: frame 23.6 ms avg (42 fps), worst 84 ms | shim 11.61 ms avg (49.1% of frame), worst 41.6 ms
    TIMING tail: 461 frames >=33 ms, 0 >=100 ms in this window of 600 | inside real Present 3.69 ms avg, worst 8.2 ms | our other hooks 0.00 ms avg
    converted -> target 14F0BEE0 1280x720 fmt=34 : 31 draws/frame
    converted -> target 14F11738 1280x720 fmt=113 : 818 draws/frame
    converted -> target 14F0BB00 1280x720 fmt=113 : 3 draws/frame
    converted -> target 14F0C6A0 1280x720 fmt=21 : 0 draws/frame
camera: pos 214.5 16.0 69.9 | proj _11=1.5851 _22=2.8179 _33=1.00001 _43=-0.15 (aspect 1.778)
camera: pos 214.1 15.9 69.6 | proj _11=1.5736 _22=2.7975 _33=1.00001 _43=-0.15 (aspect 1.778)
camera: pos 213.8 15.9 69.4 | proj _11=1.5619 _22=2.7767 _33=1.00001 _43=-0.15 (aspect 1.778)
camera: pos 213.4 15.9 69.1 | proj _11=1.5508 _22=2.7569 _33=1.00001 _43=-0.15 (aspect 1.778)
camera: pos 213.1 15.9 68.8 | proj _11=1.5394 _22=2.7366 _33=1.00001 _43=-0.15 (aspect 1.778)
camera: pos 212.7 15.9 68.6 | proj _11=1.5280 _22=2.7165 _33=1.00001 _43=-0.15 (aspect 1.778)
camera: pos 212.4 15.9 68.3 | proj _11=1.5169 _22=2.6966 _33=1.00001 _43=-0.15 (aspect 1.778)
camera: pos 212.0 15.9 68.1 | proj _11=1.5059 _22=2.6771 _33=1.00001 _43=-0.15 (aspect 1.778)
camera: pos 211.7 15.9 67.8 | proj _11=1.4950 _22=2.6577 _33=1.00001 _43=-0.15 (aspect 1.778)
camera: pos 211.3 15.9 67.6 | proj _11=1.4842 _22=2.6385 _33=1.00001 _43=-0.15 (aspect 1.778)
camera: pos 210.6 15.8 67.0 | proj _11=1.4637 _22=2.6022 _33=1.00001 _43=-0.15 (aspect 1.778)
camera: pos 210.3 15.8 66.8 | proj _11=1.4533 _22=2.5836 _33=1.00001 _43=-0.15 (aspect 1.778)
camera: pos 209.6 15.8 66.3 | proj _11=1.4334 _22=2.5483 _33=1.00001 _43=-0.15 (aspect 1.778)
camera: pos 209.1 15.8 65.5 | proj _11=1.4141 _22=2.5139 _33=1.00001 _43=-0.15 (aspect 1.778)
camera: pos 208.6 15.9 64.5 | proj _11=1.3944 _22=2.4789 _33=1.00001 _43=-0.15 (aspect 1.778)
camera: pos 207.8 15.9 64.1 | proj _11=1.3752 _22=2.4447 _33=1.00001 _43=-0.15 (aspect 1.778)
camera: pos 207.0 15.9 63.7 | proj _11=1.3573 _22=2.4130 _33=1.00001 _43=-0.15 (aspect 1.778)
camera: pos 206.3 15.9 63.3 | proj _11=1.3394 _22=2.3811 _33=1.00001 _43=-0.15 (aspect 1.778)
camera: pos 205.5 15.9 63.0 | proj _11=1.3214 _22=2.3491 _33=1.00001 _43=-0.15 (aspect 1.778)
camera: pos 204.7 15.9 62.6 | proj _11=1.3037 _22=2.3176 _33=1.00001 _43=-0.15 (aspect 1.778)
camera: pos 164.9 17.2 59.0 | proj _11=1.3167 _22=2.3408 _33=1.00001 _43=-0.15 (aspect 1.778)
camera: pos 164.9 17.2 58.9 | proj _11=1.3347 _22=2.3728 _33=1.00001 _43=-0.15 (aspect 1.778)
camera: pos 164.9 17.3 58.9 | proj _11=1.3535 _22=2.4061 _33=1.00001 _43=-0.15 (aspect 1.778)
camera: pos 164.8 17.3 58.9 | proj _11=1.3719 _22=2.4388 _33=1.00001 _43=-0.15 (aspect 1.778)
camera: pos 164.8 17.4 58.9 | proj _11=1.3911 _22=2.4730 _33=1.00001 _43=-0.15 (aspect 1.778)
camera: pos 164.8 17.4 58.9 | proj _11=1.4107 _22=2.5079 _33=1.00001 _43=-0.15 (aspect 1.778)
camera: pos 164.8 17.5 58.9 | proj _11=1.4307 _22=2.5434 _33=1.00001 _43=-0.15 (aspect 1.778)
camera: pos 164.8 17.5 58.9 | proj _11=1.4408 _22=2.5614 _33=1.00001 _43=-0.15 (aspect 1.778)
camera: pos 164.8 17.5 58.9 | proj _11=1.4511 _22=2.5797 _33=1.00001 _43=-0.15 (aspect 1.778)
camera: pos 164.9 17.6 58.9 | proj _11=1.4615 _22=2.5982 _33=1.00001 _43=-0.15 (aspect 1.778)
camera: pos 164.9 17.6 59.0 | proj _11=1.4721 _22=2.6170 _33=1.00001 _43=-0.15 (aspect 1.778)
camera: pos 164.9 17.6 59.0 | proj _11=1.4827 _22=2.6358 _33=1.00001 _43=-0.15 (aspect 1.778)
camera: pos 164.9 17.6 59.0 | proj _11=1.4935 _22=2.6550 _33=1.00001 _43=-0.15 (aspect 1.778)
camera: pos 164.9 17.7 59.0 | proj _11=1.5044 _22=2.6744 _33=1.00001 _43=-0.15 (aspect 1.778)
camera: pos 164.9 17.7 59.0 | proj _11=1.5154 _22=2.6940 _33=1.00001 _43=-0.15 (aspect 1.778)
camera: pos 164.9 17.7 59.0 | proj _11=1.5265 _22=2.7138 _33=1.00001 _43=-0.15 (aspect 1.778)
camera: pos 165.0 17.7 59.0 | proj _11=1.5378 _22=2.7338 _33=1.00001 _43=-0.15 (aspect 1.778)
camera: pos 165.0 17.8 59.0 | proj _11=1.5492 _22=2.7541 _33=1.00001 _43=-0.15 (aspect 1.778)
camera: pos 165.0 17.8 59.0 | proj _11=1.5608 _22=2.7747 _33=1.00001 _43=-0.15 (aspect 1.778)
camera: pos 165.0 17.8 59.0 | proj _11=1.5725 _22=2.7954 _33=1.00001 _43=-0.15 (aspect 1.778)
camera: pos 165.1 17.8 59.0 | proj _11=1.5869 _22=2.8212 _33=1.00001 _43=-0.15 (aspect 1.778)
camera: pos 165.1 17.9 59.0 | proj _11=1.5988 _22=2.8423 _33=1.00001 _43=-0.15 (aspect 1.778)
camera: pos 165.1 17.9 59.0 | proj _11=1.5763 _22=2.8022 _33=1.00001 _43=-0.15 (aspect 1.778)
camera: pos 165.1 17.9 59.0 | proj _11=1.5536 _22=2.7619 _33=1.00001 _43=-0.15 (aspect 1.778)
camera: pos 165.1 17.9 59.0 | proj _11=1.5218 _22=2.7054 _33=1.00001 _43=-0.15 (aspect 1.778)
camera: pos 165.1 17.9 59.0 | proj _11=1.4900 _22=2.6489 _33=1.00001 _43=-0.15 (aspect 1.778)
camera: pos 165.1 17.9 59.0 | proj _11=1.4539 _22=2.5846 _33=1.00001 _43=-0.15 (aspect 1.778)
camera: pos 165.1 17.9 59.0 | proj _11=1.4147 _22=2.5150 _33=1.00001 _43=-0.15 (aspect 1.778)
camera: pos 165.1 17.9 59.0 | proj _11=1.3821 _22=2.4570 _33=1.00001 _43=-0.15 (aspect 1.778)
camera: pos 165.1 17.9 59.0 | proj _11=1.3551 _22=2.4091 _33=1.00001 _43=-0.15 (aspect 1.778)
camera: pos 165.1 17.9 59.0 | proj _11=1.3331 _22=2.3699 _33=1.00001 _43=-0.15 (aspect 1.778)
camera: pos 165.1 17.9 59.0 | proj _11=1.3174 _22=2.3420 _33=1.00001 _43=-0.15 (aspect 1.778)
camera: pos 165.1 17.9 59.0 | proj _11=1.3065 _22=2.3227 _33=1.00001 _43=-0.15 (aspect 1.778)
frame 24000 | draws 2889/frame | FFP converted 915/frame (31.7%)
    not converted: screen-space 32  skinned 0  ortho 0  vertex-format 10  untextured 1330  instanced 0  mirrored 0  other-camera 251  no camera 0  other 0 (per frame)
    prepasses hidden: sampler-less 1330/frame, stipple-with-no-colour 233/frame (these used to convert WHITE) | post/composite quads marked 32/frame
    constant-colour materials (no diffuse map, albedo from the shader's own constant) 110/frame | HUD quads demoted to UI 0/frame | back-buffer clears 1/frame | sky draws 72/frame | UI-pass draws converted 0/frame
    instancing: 977 converted from the instance stream/frame, 0 refused/frame (largest single draw 1 instances, 0.9 buffer writes snooped/frame)
    SKINNING: 78 skinned/frame, 39 refused/frame, 0 exact duplicates dropped/frame | 123 meshes decoded, 123 cached, 0 cache flushes
    ALBEDO stage 0 taken raw (no shader reflection) 0/frame
    ALBEDO: constant-only 110/frame, tinted fallback 0/frame, genuinely blank 0/frame (of 111 rank-0 draws/frame)
    ALBEDO WHITE (previously uncounted): named-but-not-bound 0/frame, render-target exclusion left nothing 0/frame | colourless passes now hidden 41/frame | screen-space passes hidden 0/frame | particle billboards hidden 5/frame
    SKIPPED entirely 0/frame (mode 3) | demoted to UI overlay 0/frame | no-albedo materials left to Remix 111/frame
    MARKED with the marker texture 1893/frame (refused as unsafe 0/frame, 4173 SetTexture calls/frame, marker created)
    albedo: moved off stage 0 206/frame, blanked 110/frame, restored from mesh cache 270/frame (4064 meshes cached, 1 flushes) | RT textures known 55 | lights 6.1/frame (24 shaders)
    camera 165.1 17.9 59.0 | distinct cameras this frame 1 (max 1) | transform writes 602/frame | redundant state calls dropped 23714/frame
    world matrix changes 600/frame | objTM used without a fresh upload 0/frame | uv matrix writes 16/frame (last scale 0.00098, 0.00098)
    TIMING: frame 23.9 ms avg (42 fps), worst 120 ms | shim 11.85 ms avg (49.6% of frame), worst 37.8 ms
    TIMING tail: 350 frames >=33 ms, 1 >=100 ms in this window of 600 | inside real Present 3.63 ms avg, worst 46.0 ms | our other hooks 0.00 ms avg
    converted -> target 14F0BEE0 1280x720 fmt=34 : 32 draws/frame
    converted -> target 14F11738 1280x720 fmt=113 : 839 draws/frame
    converted -> target 14F0BB00 1280x720 fmt=113 : 4 draws/frame
    converted -> target 14F0C6A0 1280x720 fmt=21 : 0 draws/frame
camera: pos 165.1 17.9 59.0 | proj _11=1.3214 _22=2.3491 _33=1.00001 _43=-0.15 (aspect 1.778)
camera: pos 165.1 17.9 59.0 | proj _11=1.3385 _22=2.3796 _33=1.00001 _43=-0.15 (aspect 1.778)
camera: pos 165.1 17.9 59.0 | proj _11=1.3610 _22=2.4196 _33=1.00001 _43=-0.15 (aspect 1.778)
camera: pos 165.1 17.9 59.0 | proj _11=1.3893 _22=2.4698 _33=1.00001 _43=-0.15 (aspect 1.778)
camera: pos 165.1 17.9 59.0 | proj _11=1.4241 _22=2.5317 _33=1.00001 _43=-0.15 (aspect 1.778)
camera: pos 165.1 17.9 59.0 | proj _11=1.4640 _22=2.6026 _33=1.00001 _43=-0.15 (aspect 1.778)
camera: pos 165.1 17.9 59.0 | proj _11=1.5015 _22=2.6692 _33=1.00001 _43=-0.15 (aspect 1.778)
camera: pos 165.1 17.9 59.0 | proj _11=1.5332 _22=2.7257 _33=1.00001 _43=-0.15 (aspect 1.778)
camera: pos 165.1 17.9 59.0 | proj _11=1.5606 _22=2.7743 _33=1.00001 _43=-0.15 (aspect 1.778)
camera: pos 165.1 17.9 59.0 | proj _11=1.5819 _22=2.8122 _33=1.00001 _43=-0.15 (aspect 1.778)
camera: pos 165.1 17.9 59.0 | proj _11=1.5970 _22=2.8391 _33=1.00001 _43=-0.15 (aspect 1.778)
camera: pos 165.1 17.9 59.0 | proj _11=1.6085 _22=2.8594 _33=1.00001 _43=-0.15 (aspect 1.778)
frame 24600 | draws 2859/frame | FFP converted 904/frame (31.6%)
    not converted: screen-space 32  skinned 0  ortho 0  vertex-format 10  untextured 1310  instanced 0  mirrored 0  other-camera 249  no camera 0  other 0 (per frame)
    prepasses hidden: sampler-less 1310/frame, stipple-with-no-colour 237/frame (these used to convert WHITE) | post/composite quads marked 32/frame
    constant-colour materials (no diffuse map, albedo from the shader's own constant) 108/frame | HUD quads demoted to UI 0/frame | back-buffer clears 1/frame | sky draws 70/frame | UI-pass draws converted 0/frame
    instancing: 966 converted from the instance stream/frame, 0 refused/frame (largest single draw 1 instances, 0.9 buffer writes snooped/frame)
    SKINNING: 78 skinned/frame, 39 refused/frame, 0 exact duplicates dropped/frame | 125 meshes decoded, 125 cached, 0 cache flushes
    ALBEDO stage 0 taken raw (no shader reflection) 0/frame
    ALBEDO: constant-only 108/frame, tinted fallback 0/frame, genuinely blank 0/frame (of 108 rank-0 draws/frame)
    ALBEDO WHITE (previously uncounted): named-but-not-bound 0/frame, render-target exclusion left nothing 0/frame | colourless passes now hidden 41/frame | screen-space passes hidden 0/frame | particle billboards hidden 5/frame
    SKIPPED entirely 0/frame (mode 3) | demoted to UI overlay 0/frame | no-albedo materials left to Remix 108/frame
    MARKED with the marker texture 1874/frame (refused as unsafe 0/frame, 4136 SetTexture calls/frame, marker created)
    albedo: moved off stage 0 209/frame, blanked 108/frame, restored from mesh cache 269/frame (4066 meshes cached, 1 flushes) | RT textures known 55 | lights 6.0/frame (24 shaders)
    camera 165.2 17.9 58.9 | distinct cameras this frame 1 (max 1) | transform writes 593/frame | redundant state calls dropped 23445/frame
    world matrix changes 591/frame | objTM used without a fresh upload 0/frame | uv matrix writes 15/frame (last scale 0.00098, 0.00098)
    TIMING: frame 23.7 ms avg (42 fps), worst 105 ms | shim 11.79 ms avg (49.6% of frame), worst 13.3 ms
    TIMING tail: 6 frames >=33 ms, 1 >=100 ms in this window of 600 | inside real Present 3.60 ms avg, worst 77.3 ms | our other hooks 0.00 ms avg
    converted -> target 14F0BEE0 1280x720 fmt=34 : 32 draws/frame
    converted -> target 14F11738 1280x720 fmt=113 : 829 draws/frame
    converted -> target 14F0BB00 1280x720 fmt=113 : 4 draws/frame
    converted -> target 14F0C6A0 1280x720 fmt=21 : 0 draws/frame
frame 25200 | draws 2827/frame | FFP converted 893/frame (31.6%)
    not converted: screen-space 32  skinned 0  ortho 0  vertex-format 10  untextured 1289  instanced 0  mirrored 0  other-camera 248  no camera 0  other 0 (per frame)
    prepasses hidden: sampler-less 1289/frame, stipple-with-no-colour 240/frame (these used to convert WHITE) | post/composite quads marked 32/frame
    constant-colour materials (no diffuse map, albedo from the shader's own constant) 105/frame | HUD quads demoted to UI 0/frame | back-buffer clears 1/frame | sky draws 69/frame | UI-pass draws converted 0/frame
    instancing: 956 converted from the instance stream/frame, 0 refused/frame (largest single draw 1 instances, 0.9 buffer writes snooped/frame)
    SKINNING: 78 skinned/frame, 38 refused/frame, 0 exact duplicates dropped/frame | 125 meshes decoded, 125 cached, 0 cache flushes
    ALBEDO stage 0 taken raw (no shader reflection) 0/frame
    ALBEDO: constant-only 105/frame, tinted fallback 0/frame, genuinely blank 0/frame (of 106 rank-0 draws/frame)
    ALBEDO WHITE (previously uncounted): named-but-not-bound 0/frame, render-target exclusion left nothing 0/frame | colourless passes now hidden 40/frame | screen-space passes hidden 0/frame | particle billboards hidden 5/frame
    SKIPPED entirely 0/frame (mode 3) | demoted to UI overlay 0/frame | no-albedo materials left to Remix 106/frame
    MARKED with the marker texture 1855/frame (refused as unsafe 0/frame, 4096 SetTexture calls/frame, marker created)
    albedo: moved off stage 0 212/frame, blanked 105/frame, restored from mesh cache 269/frame (4066 meshes cached, 1 flushes) | RT textures known 55 | lights 5.9/frame (24 shaders)
    camera 165.2 17.9 58.9 | distinct cameras this frame 1 (max 1) | transform writes 585/frame | redundant state calls dropped 23151/frame
    world matrix changes 583/frame | objTM used without a fresh upload 0/frame | uv matrix writes 15/frame (last scale 0.00098, 0.00098)
    TIMING: frame 23.6 ms avg (42 fps), worst 21 ms | shim 11.71 ms avg (49.7% of frame), worst 11.7 ms
    TIMING tail: 0 frames >=33 ms, 0 >=100 ms in this window of 600 | inside real Present 3.62 ms avg, worst 5.6 ms | our other hooks 0.00 ms avg
    converted -> target 14F0BEE0 1280x720 fmt=34 : 31 draws/frame
    converted -> target 14F11738 1280x720 fmt=113 : 819 draws/frame
    converted -> target 14F0BB00 1280x720 fmt=113 : 4 draws/frame
    converted -> target 14F0C6A0 1280x720 fmt=21 : 0 draws/frame
frame 25800 | draws 2796/frame | FFP converted 882/frame (31.5%)
    not converted: screen-space 32  skinned 0  ortho 0  vertex-format 10  untextured 1269  instanced 0  mirrored 0  other-camera 247  no camera 0  other 0 (per frame)
    prepasses hidden: sampler-less 1269/frame, stipple-with-no-colour 244/frame (these used to convert WHITE) | post/composite quads marked 32/frame
    constant-colour materials (no diffuse map, albedo from the shader's own constant) 103/frame | HUD quads demoted to UI 0/frame | back-buffer clears 1/frame | sky draws 68/frame | UI-pass draws converted 0/frame
    instancing: 945 converted from the instance stream/frame, 0 refused/frame (largest single draw 1 instances, 0.9 buffer writes snooped/frame)
    SKINNING: 77 skinned/frame, 37 refused/frame, 0 exact duplicates dropped/frame | 125 meshes decoded, 125 cached, 0 cache flushes
    ALBEDO stage 0 taken raw (no shader reflection) 0/frame
    ALBEDO: constant-only 103/frame, tinted fallback 0/frame, genuinely blank 0/frame (of 103 rank-0 draws/frame)
    ALBEDO WHITE (previously uncounted): named-but-not-bound 0/frame, render-target exclusion left nothing 0/frame | colourless passes now hidden 39/frame | screen-space passes hidden 0/frame | particle billboards hidden 5/frame
    SKIPPED entirely 0/frame (mode 3) | demoted to UI overlay 0/frame | no-albedo materials left to Remix 103/frame
    MARKED with the marker texture 1836/frame (refused as unsafe 0/frame, 4058 SetTexture calls/frame, marker created)
    albedo: moved off stage 0 215/frame, blanked 103/frame, restored from mesh cache 268/frame (4066 meshes cached, 1 flushes) | RT textures known 55 | lights 5.8/frame (24 shaders)
    camera 165.2 17.9 58.9 | distinct cameras this frame 1 (max 1) | transform writes 577/frame | redundant state calls dropped 22873/frame
    world matrix changes 575/frame | objTM used without a fresh upload 0/frame | uv matrix writes 15/frame (last scale 0.00098, 0.00098)
    TIMING: frame 23.4 ms avg (43 fps), worst 21 ms | shim 11.63 ms avg (49.6% of frame), worst 11.1 ms
    TIMING tail: 0 frames >=33 ms, 0 >=100 ms in this window of 600 | inside real Present 3.64 ms avg, worst 5.9 ms | our other hooks 0.00 ms avg
    converted -> target 14F0BEE0 1280x720 fmt=34 : 30 draws/frame
    converted -> target 14F11738 1280x720 fmt=113 : 810 draws/frame
    converted -> target 14F0BB00 1280x720 fmt=113 : 4 draws/frame
    converted -> target 14F0C6A0 1280x720 fmt=21 : 0 draws/frame
frame 26400 | draws 2766/frame | FFP converted 872/frame (31.5%)
    not converted: screen-space 32  skinned 0  ortho 0  vertex-format 10  untextured 1250  instanced 0  mirrored 0  other-camera 246  no camera 0  other 0 (per frame)
    prepasses hidden: sampler-less 1250/frame, stipple-with-no-colour 247/frame (these used to convert WHITE) | post/composite quads marked 32/frame
    constant-colour materials (no diffuse map, albedo from the shader's own constant) 100/frame | HUD quads demoted to UI 0/frame | back-buffer clears 1/frame | sky draws 66/frame | UI-pass draws converted 0/frame
    instancing: 936 converted from the instance stream/frame, 0 refused/frame (largest single draw 1 instances, 0.9 buffer writes snooped/frame)
    SKINNING: 77 skinned/frame, 37 refused/frame, 0 exact duplicates dropped/frame | 125 meshes decoded, 125 cached, 0 cache flushes
    ALBEDO stage 0 taken raw (no shader reflection) 0/frame
    ALBEDO: constant-only 100/frame, tinted fallback 0/frame, genuinely blank 0/frame (of 101 rank-0 draws/frame)
    ALBEDO WHITE (previously uncounted): named-but-not-bound 0/frame, render-target exclusion left nothing 0/frame | colourless passes now hidden 39/frame | screen-space passes hidden 0/frame | particle billboards hidden 5/frame
    SKIPPED entirely 0/frame (mode 3) | demoted to UI overlay 0/frame | no-albedo materials left to Remix 101/frame
    MARKED with the marker texture 1818/frame (refused as unsafe 0/frame, 4021 SetTexture calls/frame, marker created)
    albedo: moved off stage 0 218/frame, blanked 100/frame, restored from mesh cache 268/frame (4066 meshes cached, 1 flushes) | RT textures known 55 | lights 5.7/frame (24 shaders)
    camera 165.2 17.9 58.9 | distinct cameras this frame 1 (max 1) | transform writes 569/frame | redundant state calls dropped 22605/frame
    world matrix changes 567/frame | objTM used without a fresh upload 0/frame | uv matrix writes 15/frame (last scale 0.00098, 0.00098)
    TIMING: frame 23.3 ms avg (43 fps), worst 110 ms | shim 11.55 ms avg (49.6% of frame), worst 11.2 ms
    TIMING tail: 1 frames >=33 ms, 1 >=100 ms in this window of 600 | inside real Present 3.65 ms avg, worst 6.1 ms | our other hooks 0.00 ms avg
    converted -> target 14F0BEE0 1280x720 fmt=34 : 30 draws/frame
    converted -> target 14F11738 1280x720 fmt=113 : 801 draws/frame
    converted -> target 14F0BB00 1280x720 fmt=113 : 4 draws/frame
    converted -> target 14F0C6A0 1280x720 fmt=21 : 0 draws/frame
frame 27000 | draws 2739/frame | FFP converted 862/frame (31.5%)
    not converted: screen-space 32  skinned 0  ortho 0  vertex-format 10  untextured 1232  instanced 0  mirrored 0  other-camera 245  no camera 0  other 0 (per frame)
    prepasses hidden: sampler-less 1232/frame, stipple-with-no-colour 250/frame (these used to convert WHITE) | post/composite quads marked 32/frame
    constant-colour materials (no diffuse map, albedo from the shader's own constant) 98/frame | HUD quads demoted to UI 0/frame | back-buffer clears 1/frame | sky draws 65/frame | UI-pass draws converted 0/frame
    instancing: 927 converted from the instance stream/frame, 0 refused/frame (largest single draw 1 instances, 0.9 buffer writes snooped/frame)
    SKINNING: 77 skinned/frame, 36 refused/frame, 0 exact duplicates dropped/frame | 125 meshes decoded, 125 cached, 0 cache flushes
    ALBEDO stage 0 taken raw (no shader reflection) 0/frame
    ALBEDO: constant-only 98/frame, tinted fallback 0/frame, genuinely blank 0/frame (of 99 rank-0 draws/frame)
    ALBEDO WHITE (previously uncounted): named-but-not-bound 0/frame, render-target exclusion left nothing 0/frame | colourless passes now hidden 38/frame | screen-space passes hidden 0/frame | particle billboards hidden 5/frame
    SKIPPED entirely 0/frame (mode 3) | demoted to UI overlay 0/frame | no-albedo materials left to Remix 99/frame
    MARKED with the marker texture 1801/frame (refused as unsafe 0/frame, 3987 SetTexture calls/frame, marker created)
    albedo: moved off stage 0 220/frame, blanked 98/frame, restored from mesh cache 267/frame (4066 meshes cached, 1 flushes) | RT textures known 55 | lights 5.6/frame (24 shaders)
    camera 165.2 17.9 58.9 | distinct cameras this frame 1 (max 1) | transform writes 561/frame | redundant state calls dropped 22355/frame
    world matrix changes 560/frame | objTM used without a fresh upload 0/frame | uv matrix writes 15/frame (last scale 0.00098, 0.00098)
    TIMING: frame 23.1 ms avg (43 fps), worst 22 ms | shim 11.50 ms avg (49.7% of frame), worst 14.1 ms
    TIMING tail: 0 frames >=33 ms, 0 >=100 ms in this window of 600 | inside real Present 3.64 ms avg, worst 5.3 ms | our other hooks 0.00 ms avg
    converted -> target 14F0BEE0 1280x720 fmt=34 : 30 draws/frame
    converted -> target 14F11738 1280x720 fmt=113 : 792 draws/frame
    converted -> target 14F0BB00 1280x720 fmt=113 : 4 draws/frame
    converted -> target 14F0C6A0 1280x720 fmt=21 : 0 draws/frame
frame 27600 | draws 2713/frame | FFP converted 853/frame (31.4%)
    not converted: screen-space 32  skinned 0  ortho 0  vertex-format 10  untextured 1214  instanced 0  mirrored 0  other-camera 244  no camera 0  other 0 (per frame)
    prepasses hidden: sampler-less 1214/frame, stipple-with-no-colour 253/frame (these used to convert WHITE) | post/composite quads marked 32/frame
    constant-colour materials (no diffuse map, albedo from the shader's own constant) 96/frame | HUD quads demoted to UI 0/frame | back-buffer clears 1/frame | sky draws 64/frame | UI-pass draws converted 0/frame
    instancing: 918 converted from the instance stream/frame, 0 refused/frame (largest single draw 1 instances, 0.9 buffer writes snooped/frame)
    SKINNING: 77 skinned/frame, 35 refused/frame, 0 exact duplicates dropped/frame | 127 meshes decoded, 127 cached, 0 cache flushes
    ALBEDO stage 0 taken raw (no shader reflection) 0/frame
    ALBEDO: constant-only 96/frame, tinted fallback 0/frame, genuinely blank 0/frame (of 97 rank-0 draws/frame)
    ALBEDO WHITE (previously uncounted): named-but-not-bound 0/frame, render-target exclusion left nothing 0/frame | colourless passes now hidden 37/frame | screen-space passes hidden 0/frame | particle billboards hidden 5/frame
    SKIPPED entirely 0/frame (mode 3) | demoted to UI overlay 0/frame | no-albedo materials left to Remix 97/frame
    MARKED with the marker texture 1786/frame (refused as unsafe 0/frame, 3954 SetTexture calls/frame, marker created)
    albedo: moved off stage 0 223/frame, blanked 96/frame, restored from mesh cache 266/frame (4066 meshes cached, 1 flushes) | RT textures known 55 | lights 5.5/frame (24 shaders)
    camera 165.2 17.9 58.9 | distinct cameras this frame 1 (max 1) | transform writes 554/frame | redundant state calls dropped 22117/frame
    world matrix changes 553/frame | objTM used without a fresh upload 0/frame | uv matrix writes 14/frame (last scale 0.00098, 0.00098)
    TIMING: frame 23.0 ms avg (43 fps), worst 38 ms | shim 11.47 ms avg (49.9% of frame), worst 13.9 ms
    TIMING tail: 2 frames >=33 ms, 0 >=100 ms in this window of 600 | inside real Present 3.62 ms avg, worst 18.9 ms | our other hooks 0.00 ms avg
    converted -> target 14F0BEE0 1280x720 fmt=34 : 29 draws/frame
    converted -> target 14F11738 1280x720 fmt=113 : 784 draws/frame
    converted -> target 14F0BB00 1280x720 fmt=113 : 4 draws/frame
    converted -> target 14F0C6A0 1280x720 fmt=21 : 0 draws/frame
frame 28200 | draws 2687/frame | FFP converted 844/frame (31.4%)
    not converted: screen-space 32  skinned 0  ortho 0  vertex-format 9  untextured 1198  instanced 0  mirrored 0  other-camera 243  no camera 0  other 0 (per frame)
    prepasses hidden: sampler-less 1198/frame, stipple-with-no-colour 255/frame (these used to convert WHITE) | post/composite quads marked 32/frame
    constant-colour materials (no diffuse map, albedo from the shader's own constant) 94/frame | HUD quads demoted to UI 0/frame | back-buffer clears 1/frame | sky draws 63/frame | UI-pass draws converted 0/frame
    instancing: 909 converted from the instance stream/frame, 0 refused/frame (largest single draw 1 instances, 0.9 buffer writes snooped/frame)
    SKINNING: 77 skinned/frame, 34 refused/frame, 0 exact duplicates dropped/frame | 127 meshes decoded, 127 cached, 0 cache flushes
    ALBEDO stage 0 taken raw (no shader reflection) 0/frame
    ALBEDO: constant-only 94/frame, tinted fallback 0/frame, genuinely blank 0/frame (of 95 rank-0 draws/frame)
    ALBEDO WHITE (previously uncounted): named-but-not-bound 0/frame, render-target exclusion left nothing 0/frame | colourless passes now hidden 37/frame | screen-space passes hidden 0/frame | particle billboards hidden 5/frame
    SKIPPED entirely 0/frame (mode 3) | demoted to UI overlay 0/frame | no-albedo materials left to Remix 95/frame
    MARKED with the marker texture 1770/frame (refused as unsafe 0/frame, 3923 SetTexture calls/frame, marker created)
    albedo: moved off stage 0 226/frame, blanked 94/frame, restored from mesh cache 266/frame (4066 meshes cached, 1 flushes) | RT textures known 55 | lights 5.4/frame (24 shaders)
    camera 165.2 17.9 58.9 | distinct cameras this frame 1 (max 1) | transform writes 548/frame | redundant state calls dropped 21891/frame
    world matrix changes 546/frame | objTM used without a fresh upload 0/frame | uv matrix writes 14/frame (last scale 0.00098, 0.00098)
    TIMING: frame 22.9 ms avg (44 fps), worst 99 ms | shim 11.44 ms avg (50.0% of frame), worst 14.5 ms
    TIMING tail: 6 frames >=33 ms, 0 >=100 ms in this window of 600 | inside real Present 3.61 ms avg, worst 81.0 ms | our other hooks 0.00 ms avg
    converted -> target 14F0BEE0 1280x720 fmt=34 : 29 draws/frame
    converted -> target 14F11738 1280x720 fmt=113 : 777 draws/frame
    converted -> target 14F0BB00 1280x720 fmt=113 : 4 draws/frame
    converted -> target 14F0C6A0 1280x720 fmt=21 : 0 draws/frame
frame 28800 | draws 2664/frame | FFP converted 836/frame (31.4%)
    not converted: screen-space 32  skinned 0  ortho 0  vertex-format 9  untextured 1182  instanced 0  mirrored 0  other-camera 242  no camera 0  other 0 (per frame)
    prepasses hidden: sampler-less 1182/frame, stipple-with-no-colour 258/frame (these used to convert WHITE) | post/composite quads marked 32/frame
    constant-colour materials (no diffuse map, albedo from the shader's own constant) 92/frame | HUD quads demoted to UI 0/frame | back-buffer clears 1/frame | sky draws 62/frame | UI-pass draws converted 0/frame
    instancing: 901 converted from the instance stream/frame, 0 refused/frame (largest single draw 1 instances, 0.9 buffer writes snooped/frame)
    SKINNING: 77 skinned/frame, 34 refused/frame, 0 exact duplicates dropped/frame | 127 meshes decoded, 127 cached, 0 cache flushes
    ALBEDO stage 0 taken raw (no shader reflection) 0/frame
    ALBEDO: constant-only 92/frame, tinted fallback 0/frame, genuinely blank 0/frame (of 93 rank-0 draws/frame)
    ALBEDO WHITE (previously uncounted): named-but-not-bound 0/frame, render-target exclusion left nothing 0/frame | colourless passes now hidden 36/frame | screen-space passes hidden 0/frame | particle billboards hidden 5/frame
    SKIPPED entirely 0/frame (mode 3) | demoted to UI overlay 0/frame | no-albedo materials left to Remix 93/frame
    MARKED with the marker texture 1756/frame (refused as unsafe 0/frame, 3894 SetTexture calls/frame, marker created)
    albedo: moved off stage 0 229/frame, blanked 92/frame, restored from mesh cache 265/frame (4066 meshes cached, 1 flushes) | RT textures known 55 | lights 5.3/frame (24 shaders)
    camera 165.2 17.9 58.9 | distinct cameras this frame 1 (max 1) | transform writes 541/frame | redundant state calls dropped 21684/frame
    world matrix changes 539/frame | objTM used without a fresh upload 0/frame | uv matrix writes 14/frame (last scale 0.00098, 0.00098)
    TIMING: frame 22.8 ms avg (44 fps), worst 53 ms | shim 11.47 ms avg (50.4% of frame), worst 18.2 ms
    TIMING tail: 1 frames >=33 ms, 0 >=100 ms in this window of 600 | inside real Present 3.55 ms avg, worst 2.7 ms | our other hooks 0.00 ms avg
    converted -> target 14F0BEE0 1280x720 fmt=34 : 28 draws/frame
    converted -> target 14F11738 1280x720 fmt=113 : 770 draws/frame
    converted -> target 14F0BB00 1280x720 fmt=113 : 4 draws/frame
    converted -> target 14F0C6A0 1280x720 fmt=21 : 0 draws/frame
mesh albedo cache flushed at 4096 entries (flush #2) - it had stopped protecting anything newly streamed
frame 29400 | draws 2650/frame | FFP converted 832/frame (31.4%)
    not converted: screen-space 32  skinned 0  ortho 0  vertex-format 9  untextured 1172  instanced 0  mirrored 0  other-camera 241  no camera 0  other 0 (per frame)
    prepasses hidden: sampler-less 1172/frame, stipple-with-no-colour 261/frame (these used to convert WHITE) | post/composite quads marked 32/frame
    constant-colour materials (no diffuse map, albedo from the shader's own constant) 90/frame | HUD quads demoted to UI 0/frame | back-buffer clears 1/frame | sky draws 61/frame | UI-pass draws converted 0/frame
    instancing: 897 converted from the instance stream/frame, 0 refused/frame (largest single draw 1 instances, 0.9 buffer writes snooped/frame)
    SKINNING: 78 skinned/frame, 33 refused/frame, 0 exact duplicates dropped/frame | 129 meshes decoded, 129 cached, 0 cache flushes
    ALBEDO stage 0 taken raw (no shader reflection) 0/frame
    ALBEDO: constant-only 90/frame, tinted fallback 0/frame, genuinely blank 0/frame (of 91 rank-0 draws/frame)
    ALBEDO WHITE (previously uncounted): named-but-not-bound 0/frame, render-target exclusion left nothing 0/frame | colourless passes now hidden 36/frame | screen-space passes hidden 0/frame | particle billboards hidden 5/frame
    SKIPPED entirely 0/frame (mode 3) | demoted to UI overlay 0/frame | no-albedo materials left to Remix 91/frame
    MARKED with the marker texture 1748/frame (refused as unsafe 0/frame, 3878 SetTexture calls/frame, marker created)
    albedo: moved off stage 0 231/frame, blanked 90/frame, restored from mesh cache 266/frame (1742 meshes cached, 2 flushes) | RT textures known 55 | lights 5.3/frame (24 shaders)
    camera 165.7 16.3 60.1 | distinct cameras this frame 1 (max 1) | transform writes 538/frame | redundant state calls dropped 21566/frame
    world matrix changes 536/frame | objTM used without a fresh upload 0/frame | uv matrix writes 14/frame (last scale 0.00098, 0.00098)
    TIMING: frame 22.7 ms avg (44 fps), worst 62 ms | shim 11.49 ms avg (50.6% of frame), worst 32.8 ms
    TIMING tail: 48 frames >=33 ms, 0 >=100 ms in this window of 600 | inside real Present 3.52 ms avg, worst 31.3 ms | our other hooks 0.00 ms avg
    converted -> target 14F0BEE0 1280x720 fmt=34 : 28 draws/frame
    converted -> target 14F11738 1280x720 fmt=113 : 766 draws/frame
    converted -> target 14F0BB00 1280x720 fmt=113 : 4 draws/frame
    converted -> target 14F0C6A0 1280x720 fmt=21 : 0 draws/frame
frame 30000 | draws 2667/frame | FFP converted 839/frame (31.5%)
    not converted: screen-space 32  skinned 0  ortho 0  vertex-format 9  untextured 1177  instanced 0  mirrored 0  other-camera 241  no camera 0  other 0 (per frame)
    prepasses hidden: sampler-less 1177/frame, stipple-with-no-colour 265/frame (these used to convert WHITE) | post/composite quads marked 32/frame
    constant-colour materials (no diffuse map, albedo from the shader's own constant) 90/frame | HUD quads demoted to UI 0/frame | back-buffer clears 1/frame | sky draws 61/frame | UI-pass draws converted 0/frame
    instancing: 902 converted from the instance stream/frame, 0 refused/frame (largest single draw 1 instances, 0.9 buffer writes snooped/frame)
    SKINNING: 78 skinned/frame, 34 refused/frame, 0 exact duplicates dropped/frame | 131 meshes decoded, 131 cached, 0 cache flushes
    ALBEDO stage 0 taken raw (no shader reflection) 0/frame
    ALBEDO: constant-only 90/frame, tinted fallback 0/frame, genuinely blank 0/frame (of 90 rank-0 draws/frame)
    ALBEDO WHITE (previously uncounted): named-but-not-bound 0/frame, render-target exclusion left nothing 0/frame | colourless passes now hidden 36/frame | screen-space passes hidden 0/frame | particle billboards hidden 5/frame
    SKIPPED entirely 0/frame (mode 3) | demoted to UI overlay 0/frame | no-albedo materials left to Remix 90/frame
    MARKED with the marker texture 1757/frame (refused as unsafe 0/frame, 3900 SetTexture calls/frame, marker created)
    albedo: moved off stage 0 235/frame, blanked 90/frame, restored from mesh cache 270/frame (2223 meshes cached, 2 flushes) | RT textures known 55 | lights 5.6/frame (24 shaders)
    camera 156.4 13.6 58.7 | distinct cameras this frame 1 (max 1) | transform writes 543/frame | redundant state calls dropped 21762/frame
    world matrix changes 541/frame | objTM used without a fresh upload 0/frame | uv matrix writes 14/frame (last scale 0.00098, 0.00098)
    TIMING: frame 22.8 ms avg (44 fps), worst 60 ms | shim 11.55 ms avg (50.7% of frame), worst 38.4 ms
    TIMING tail: 191 frames >=33 ms, 0 >=100 ms in this window of 600 | inside real Present 3.51 ms avg, worst 6.9 ms | our other hooks 0.00 ms avg
    converted -> target 14F0BEE0 1280x720 fmt=34 : 28 draws/frame
    converted -> target 14F11738 1280x720 fmt=113 : 773 draws/frame
    converted -> target 14F0BB00 1280x720 fmt=113 : 4 draws/frame
    converted -> target 14F0C6A0 1280x720 fmt=21 : 0 draws/frame
camera: pos 158.3 17.5 62.0 | proj _11=1.5969 _22=2.8388 _33=1.00001 _43=-0.15 (aspect 1.778)
camera: pos 157.9 17.6 61.7 | proj _11=1.5848 _22=2.8174 _33=1.00001 _43=-0.15 (aspect 1.778)
camera: pos 157.6 17.5 61.5 | proj _11=1.5731 _22=2.7965 _33=1.00001 _43=-0.15 (aspect 1.778)
camera: pos 157.2 17.5 61.2 | proj _11=1.5613 _22=2.7756 _33=1.00001 _43=-0.15 (aspect 1.778)
camera: pos 156.9 17.5 61.0 | proj _11=1.5498 _22=2.7551 _33=1.00001 _43=-0.15 (aspect 1.778)
camera: pos 156.6 17.5 60.7 | proj _11=1.5383 _22=2.7347 _33=1.00001 _43=-0.15 (aspect 1.778)
camera: pos 156.4 17.4 60.3 | proj _11=1.5270 _22=2.7146 _33=1.00001 _43=-0.15 (aspect 1.778)
camera: pos 156.6 17.0 59.6 | proj _11=1.5158 _22=2.6947 _33=1.00001 _43=-0.15 (aspect 1.778)
camera: pos 156.9 16.4 58.8 | proj _11=1.5048 _22=2.6751 _33=1.00001 _43=-0.15 (aspect 1.778)
camera: pos 156.7 15.5 57.8 | proj _11=1.4904 _22=2.6495 _33=1.00001 _43=-0.15 (aspect 1.778)
camera: pos 156.2 15.2 57.5 | proj _11=1.4751 _22=2.6223 _33=1.00001 _43=-0.15 (aspect 1.778)
camera: pos 155.7 15.0 57.3 | proj _11=1.4607 _22=2.5968 _33=1.00001 _43=-0.15 (aspect 1.778)
camera: pos 155.1 15.0 57.2 | proj _11=1.4471 _22=2.5726 _33=1.00001 _43=-0.15 (aspect 1.778)
camera: pos 154.5 15.0 57.0 | proj _11=1.4328 _22=2.5472 _33=1.00001 _43=-0.15 (aspect 1.778)
camera: pos 154.0 14.8 56.9 | proj _11=1.4193 _22=2.5232 _33=1.00001 _43=-0.15 (aspect 1.778)
camera: pos 153.4 14.7 56.8 | proj _11=1.4071 _22=2.5014 _33=1.00001 _43=-0.15 (aspect 1.778)
camera: pos 152.8 14.4 56.6 | proj _11=1.3941 _22=2.4784 _33=1.00001 _43=-0.15 (aspect 1.778)
camera: pos 152.4 14.2 56.2 | proj _11=1.3798 _22=2.4530 _33=1.00001 _43=-0.15 (aspect 1.778)
camera: pos 151.7 14.1 55.6 | proj _11=1.3646 _22=2.4259 _33=1.00001 _43=-0.15 (aspect 1.778)
camera: pos 151.2 14.2 55.4 | proj _11=1.3542 _22=2.4074 _33=1.00001 _43=-0.15 (aspect 1.778)
camera: pos 150.8 14.3 55.3 | proj _11=1.3437 _22=2.3887 _33=1.00001 _43=-0.15 (aspect 1.778)
camera: pos 150.1 14.5 55.0 | proj _11=1.3294 _22=2.3634 _33=1.00001 _43=-0.15 (aspect 1.778)
camera: pos 149.4 14.5 55.0 | proj _11=1.3155 _22=2.3386 _33=1.00001 _43=-0.15 (aspect 1.778)
camera: pos 148.7 14.6 55.0 | proj _11=1.3027 _22=2.3158 _33=1.00001 _43=-0.15 (aspect 1.778)
camera: pos 140.5 14.1 56.0 | proj _11=1.3243 _22=2.3542 _33=1.00001 _43=-0.15 (aspect 1.778)
camera: pos 140.4 14.2 55.9 | proj _11=1.3367 _22=2.3762 _33=1.00001 _43=-0.15 (aspect 1.778)
camera: pos 140.4 14.3 55.9 | proj _11=1.3497 _22=2.3994 _33=1.00001 _43=-0.15 (aspect 1.778)
camera: pos 140.3 14.4 55.9 | proj _11=1.3626 _22=2.4223 _33=1.00001 _43=-0.15 (aspect 1.778)
camera: pos 140.2 14.5 55.8 | proj _11=1.3754 _22=2.4451 _33=1.00001 _43=-0.15 (aspect 1.778)
camera: pos 140.2 14.6 55.8 | proj _11=1.3891 _22=2.4694 _33=1.00001 _43=-0.15 (aspect 1.778)
camera: pos 140.1 14.6 55.7 | proj _11=1.4024 _22=2.4932 _33=1.00001 _43=-0.15 (aspect 1.778)
camera: pos 140.1 14.7 55.7 | proj _11=1.4152 _22=2.5159 _33=1.00001 _43=-0.15 (aspect 1.778)
camera: pos 140.0 14.8 55.6 | proj _11=1.4286 _22=2.5397 _33=1.00001 _43=-0.15 (aspect 1.778)
camera: pos 139.9 14.9 55.5 | proj _11=1.4413 _22=2.5622 _33=1.00001 _43=-0.15 (aspect 1.778)
camera: pos 139.9 14.9 55.5 | proj _11=1.4541 _22=2.5851 _33=1.00001 _43=-0.15 (aspect 1.778)
camera: pos 139.8 15.0 55.4 | proj _11=1.4683 _22=2.6103 _33=1.00001 _43=-0.15 (aspect 1.778)
camera: pos 139.8 15.1 55.3 | proj _11=1.4812 _22=2.6332 _33=1.00001 _43=-0.15 (aspect 1.778)
camera: pos 139.7 15.1 55.2 | proj _11=1.4953 _22=2.6583 _33=1.00001 _43=-0.15 (aspect 1.778)
camera: pos 139.7 15.2 55.2 | proj _11=1.5090 _22=2.6825 _33=1.00001 _43=-0.15 (aspect 1.778)
camera: pos 139.6 15.3 55.1 | proj _11=1.5223 _22=2.7063 _33=1.00001 _43=-0.15 (aspect 1.778)
camera: pos 139.6 15.3 55.0 | proj _11=1.5362 _22=2.7310 _33=1.00001 _43=-0.15 (aspect 1.778)
camera: pos 139.5 15.4 54.9 | proj _11=1.5508 _22=2.7570 _33=1.00001 _43=-0.15 (aspect 1.778)
camera: pos 139.4 15.4 54.8 | proj _11=1.5691 _22=2.7895 _33=1.00001 _43=-0.15 (aspect 1.778)
camera: pos 139.4 15.5 54.6 | proj _11=1.5845 _22=2.8168 _33=1.00001 _43=-0.15 (aspect 1.778)
camera: pos 139.3 15.5 54.4 | proj _11=1.5996 _22=2.8437 _33=1.00001 _43=-0.15 (aspect 1.778)
camera: pos 116.6 14.8 55.1 | proj _11=1.5875 _22=2.8221 _33=1.00001 _43=-0.15 (aspect 1.778)
camera: pos 117.0 14.9 55.0 | proj _11=1.5765 _22=2.8026 _33=1.00001 _43=-0.15 (aspect 1.778)
camera: pos 117.5 15.0 54.8 | proj _11=1.5658 _22=2.7836 _33=1.00001 _43=-0.15 (aspect 1.778)
camera: pos 117.9 15.1 54.5 | proj _11=1.5548 _22=2.7641 _33=1.00001 _43=-0.15 (aspect 1.778)
camera: pos 118.3 15.1 54.2 | proj _11=1.5439 _22=2.7447 _33=1.00001 _43=-0.15 (aspect 1.778)
camera: pos 118.6 15.2 53.9 | proj _11=1.5330 _22=2.7254 _33=1.00001 _43=-0.15 (aspect 1.778)
camera: pos 118.8 15.1 53.5 | proj _11=1.5224 _22=2.7065 _33=1.00001 _43=-0.15 (aspect 1.778)
frame 30600 | draws 2721/frame | FFP converted 859/frame (31.6%)
    not converted: screen-space 33  skinned 0  ortho 0  vertex-format 9  untextured 1199  instanced 0  mirrored 0  other-camera 246  no camera 0  other 0 (per frame)
    prepasses hidden: sampler-less 1199/frame, stipple-with-no-colour 270/frame (these used to convert WHITE) | post/composite quads marked 33/frame
    constant-colour materials (no diffuse map, albedo from the shader's own constant) 90/frame | HUD quads demoted to UI 0/frame | back-buffer clears 1/frame | sky draws 61/frame | UI-pass draws converted 0/frame
    instancing: 923 converted from the instance stream/frame, 0 refused/frame (largest single draw 1 instances, 0.9 buffer writes snooped/frame)
    SKINNING: 79 skinned/frame, 35 refused/frame, 0 exact duplicates dropped/frame | 133 meshes decoded, 133 cached, 0 cache flushes
    ALBEDO stage 0 taken raw (no shader reflection) 0/frame
    ALBEDO: constant-only 90/frame, tinted fallback 0/frame, genuinely blank 0/frame (of 91 rank-0 draws/frame)
    ALBEDO WHITE (previously uncounted): named-but-not-bound 0/frame, render-target exclusion left nothing 0/frame | colourless passes now hidden 38/frame | screen-space passes hidden 0/frame | particle billboards hidden 5/frame
    SKIPPED entirely 0/frame (mode 3) | demoted to UI overlay 0/frame | no-albedo materials left to Remix 91/frame
    MARKED with the marker texture 1791/frame (refused as unsafe 0/frame, 3976 SetTexture calls/frame, marker created)
    albedo: moved off stage 0 240/frame, blanked 90/frame, restored from mesh cache 278/frame (2931 meshes cached, 2 flushes) | RT textures known 55 | lights 6.2/frame (24 shaders)
    camera 118.8 15.1 53.5 | distinct cameras this frame 1 (max 1) | transform writes 557/frame | redundant state calls dropped 22282/frame
    world matrix changes 555/frame | objTM used without a fresh upload 0/frame | uv matrix writes 14/frame (last scale 0.00098, 0.00098)
    TIMING: frame 23.0 ms avg (44 fps), worst 61 ms | shim 11.70 ms avg (51.0% of frame), worst 39.2 ms
    TIMING tail: 267 frames >=33 ms, 0 >=100 ms in this window of 600 | inside real Present 3.47 ms avg, worst 5.5 ms | our other hooks 0.00 ms avg
    converted -> target 14F0BEE0 1280x720 fmt=34 : 30 draws/frame
    converted -> target 14F11738 1280x720 fmt=113 : 790 draws/frame
    converted -> target 14F0BB00 1280x720 fmt=113 : 4 draws/frame
    converted -> target 14F0C6A0 1280x720 fmt=21 : 0 draws/frame
camera: pos 119.1 15.1 52.8 | proj _11=1.5037 _22=2.6732 _33=1.00001 _43=-0.15 (aspect 1.778)
camera: pos 119.5 15.2 52.2 | proj _11=1.4851 _22=2.6401 _33=1.00001 _43=-0.15 (aspect 1.778)
camera: pos 119.8 15.3 51.9 | proj _11=1.4746 _22=2.6215 _33=1.00001 _43=-0.15 (aspect 1.778)
camera: pos 120.1 15.4 51.6 | proj _11=1.4646 _22=2.6036 _33=1.00001 _43=-0.15 (aspect 1.778)
camera: pos 120.4 15.4 51.0 | proj _11=1.4471 _22=2.5726 _33=1.00001 _43=-0.15 (aspect 1.778)
camera: pos 120.4 15.4 50.1 | proj _11=1.4301 _22=2.5424 _33=1.00001 _43=-0.15 (aspect 1.778)
camera: pos 120.5 15.4 49.1 | proj _11=1.4133 _22=2.5126 _33=1.00001 _43=-0.15 (aspect 1.778)
camera: pos 120.6 15.4 48.2 | proj _11=1.3958 _22=2.4814 _33=1.00001 _43=-0.15 (aspect 1.778)
camera: pos 120.8 15.4 47.6 | proj _11=1.4215 _22=2.5270 _33=1.00001 _43=-0.15 (aspect 1.778)
camera: pos 120.8 15.5 47.5 | proj _11=1.4399 _22=2.5597 _33=1.00001 _43=-0.15 (aspect 1.778)
camera: pos 120.8 15.5 47.5 | proj _11=1.4580 _22=2.5919 _33=1.00001 _43=-0.15 (aspect 1.778)
camera: pos 120.8 15.5 47.5 | proj _11=1.4776 _22=2.6267 _33=1.00001 _43=-0.15 (aspect 1.778)
camera: pos 120.8 15.5 47.5 | proj _11=1.4966 _22=2.6605 _33=1.00001 _43=-0.15 (aspect 1.778)
camera: pos 120.8 15.5 47.5 | proj _11=1.5171 _22=2.6970 _33=1.00001 _43=-0.15 (aspect 1.778)
camera: pos 120.8 15.5 47.5 | proj _11=1.5377 _22=2.7336 _33=1.00001 _43=-0.15 (aspect 1.778)
camera: pos 120.8 15.3 47.6 | proj _11=1.5576 _22=2.7690 _33=1.00001 _43=-0.15 (aspect 1.778)
camera: pos 120.8 15.0 47.7 | proj _11=1.5772 _22=2.8038 _33=1.00001 _43=-0.15 (aspect 1.778)
camera: pos 120.8 14.6 47.8 | proj _11=1.5975 _22=2.8400 _33=1.00001 _43=-0.15 (aspect 1.778)
camera: pos 120.7 14.3 47.8 | proj _11=1.6085 _22=2.8594 _33=1.00001 _43=-0.15 (aspect 1.778)
frame 31200 | draws 2745/frame | FFP converted 870/frame (31.7%)
    not converted: screen-space 33  skinned 0  ortho 0  vertex-format 9  untextured 1209  instanced 0  mirrored 0  other-camera 247  no camera 0  other 0 (per frame)
    prepasses hidden: sampler-less 1209/frame, stipple-with-no-colour 271/frame (these used to convert WHITE) | post/composite quads marked 33/frame
    constant-colour materials (no diffuse map, albedo from the shader's own constant) 90/frame | HUD quads demoted to UI 0/frame | back-buffer clears 1/frame | sky draws 61/frame | UI-pass draws converted 0/frame
    instancing: 931 converted from the instance stream/frame, 0 refused/frame (largest single draw 1 instances, 0.9 buffer writes snooped/frame)
    SKINNING: 80 skinned/frame, 36 refused/frame, 0 exact duplicates dropped/frame | 137 meshes decoded, 137 cached, 0 cache flushes
    ALBEDO stage 0 taken raw (no shader reflection) 0/frame
    ALBEDO: constant-only 90/frame, tinted fallback 0/frame, genuinely blank 0/frame (of 90 rank-0 draws/frame)
    ALBEDO WHITE (previously uncounted): named-but-not-bound 0/frame, render-target exclusion left nothing 0/frame | colourless passes now hidden 39/frame | screen-space passes hidden 0/frame | particle billboards hidden 6/frame
    SKIPPED entirely 0/frame (mode 3) | demoted to UI overlay 0/frame | no-albedo materials left to Remix 90/frame
    MARKED with the marker texture 1805/frame (refused as unsafe 0/frame, 4007 SetTexture calls/frame, marker created)
    albedo: moved off stage 0 241/frame, blanked 90/frame, restored from mesh cache 280/frame (2995 meshes cached, 2 flushes) | RT textures known 55 | lights 6.6/frame (24 shaders)
    camera 120.3 15.0 43.4 | distinct cameras this frame 1 (max 1) | transform writes 564/frame | redundant state calls dropped 22553/frame
    world matrix changes 562/frame | objTM used without a fresh upload 0/frame | uv matrix writes 15/frame (last scale 0.00098, 0.00098)
    TIMING: frame 23.1 ms avg (43 fps), worst 70 ms | shim 11.85 ms avg (51.2% of frame), worst 34.8 ms
    TIMING tail: 324 frames >=33 ms, 0 >=100 ms in this window of 600 | inside real Present 3.44 ms avg, worst 6.3 ms | our other hooks 0.00 ms avg
    converted -> target 14F0BEE0 1280x720 fmt=34 : 30 draws/frame
    converted -> target 14F11738 1280x720 fmt=113 : 799 draws/frame
    converted -> target 14F0BB00 1280x720 fmt=113 : 4 draws/frame
    converted -> target 14F0C6A0 1280x720 fmt=21 : 0 draws/frame
camera: pos 120.3 15.4 43.7 | proj _11=1.5960 _22=2.8374 _33=1.00001 _43=-0.15 (aspect 1.778)
camera: pos 120.3 15.8 44.3 | proj _11=1.5849 _22=2.8176 _33=1.00001 _43=-0.15 (aspect 1.778)
camera: pos 120.3 16.3 45.0 | proj _11=1.5732 _22=2.7968 _33=1.00001 _43=-0.15 (aspect 1.778)
camera: pos 120.3 16.7 45.5 | proj _11=1.5613 _22=2.7757 _33=1.00001 _43=-0.15 (aspect 1.778)
camera: pos 120.3 17.1 45.9 | proj _11=1.5495 _22=2.7546 _33=1.00001 _43=-0.15 (aspect 1.778)
camera: pos 120.6 17.1 45.6 | proj _11=1.5379 _22=2.7341 _33=1.00001 _43=-0.15 (aspect 1.778)
camera: pos 120.7 17.1 45.5 | proj _11=1.5267 _22=2.7141 _33=1.00001 _43=-0.15 (aspect 1.778)
camera: pos 120.8 17.1 45.3 | proj _11=1.5151 _22=2.6934 _33=1.00001 _43=-0.15 (aspect 1.778)
camera: pos 120.9 17.0 45.2 | proj _11=1.5031 _22=2.6721 _33=1.00001 _43=-0.15 (aspect 1.778)
camera: pos 121.3 17.1 45.0 | proj _11=1.5168 _22=2.6964 _33=1.00001 _43=-0.15 (aspect 1.778)
camera: pos 121.5 17.1 44.9 | proj _11=1.5280 _22=2.7164 _33=1.00001 _43=-0.15 (aspect 1.778)
camera: pos 121.8 17.1 44.8 | proj _11=1.5399 _22=2.7376 _33=1.00001 _43=-0.15 (aspect 1.778)
camera: pos 122.1 17.0 44.8 | proj _11=1.5518 _22=2.7587 _33=1.00001 _43=-0.15 (aspect 1.778)
camera: pos 122.6 17.2 44.8 | proj _11=1.5633 _22=2.7791 _33=1.00001 _43=-0.15 (aspect 1.778)
camera: pos 123.5 17.5 44.8 | proj _11=1.5755 _22=2.8008 _33=1.00001 _43=-0.15 (aspect 1.778)
camera: pos 124.7 17.7 44.6 | proj _11=1.5875 _22=2.8221 _33=1.00001 _43=-0.15 (aspect 1.778)
camera: pos 125.9 17.9 44.4 | proj _11=1.5993 _22=2.8431 _33=1.00001 _43=-0.15 (aspect 1.778)
camera: pos 128.5 18.2 40.3 | proj _11=1.5788 _22=2.8067 _33=1.00001 _43=-0.15 (aspect 1.778)
camera: pos 128.5 18.2 40.3 | proj _11=1.5577 _22=2.7691 _33=1.00001 _43=-0.15 (aspect 1.778)
camera: pos 128.5 18.2 40.3 | proj _11=1.5264 _22=2.7135 _33=1.00001 _43=-0.15 (aspect 1.778)
camera: pos 128.5 18.2 40.3 | proj _11=1.4978 _22=2.6626 _33=1.00001 _43=-0.15 (aspect 1.778)
camera: pos 128.5 18.2 40.3 | proj _11=1.4607 _22=2.5967 _33=1.00001 _43=-0.15 (aspect 1.778)
camera: pos 128.5 18.2 40.3 | proj _11=1.4210 _22=2.5261 _33=1.00001 _43=-0.15 (aspect 1.778)
camera: pos 128.5 18.2 40.3 | proj _11=1.3871 _22=2.4659 _33=1.00001 _43=-0.15 (aspect 1.778)
camera: pos 128.5 18.2 40.3 | proj _11=1.3594 _22=2.4166 _33=1.00001 _43=-0.15 (aspect 1.778)
camera: pos 128.5 18.2 40.3 | proj _11=1.3372 _22=2.3771 _33=1.00001 _43=-0.15 (aspect 1.778)
camera: pos 128.5 18.2 40.3 | proj _11=1.3204 _22=2.3472 _33=1.00001 _43=-0.15 (aspect 1.778)
camera: pos 128.5 18.2 40.3 | proj _11=1.3085 _22=2.3262 _33=1.00001 _43=-0.15 (aspect 1.778)
frame 31800 | draws 2705/frame | FFP converted 857/frame (31.7%)
    not converted: screen-space 33  skinned 0  ortho 0  vertex-format 9  untextured 1190  instanced 0  mirrored 0  other-camera 244  no camera 0  other 0 (per frame)
    prepasses hidden: sampler-less 1190/frame, stipple-with-no-colour 268/frame (these used to convert WHITE) | post/composite quads marked 33/frame
    constant-colour materials (no diffuse map, albedo from the shader's own constant) 88/frame | HUD quads demoted to UI 0/frame | back-buffer clears 1/frame | sky draws 60/frame | UI-pass draws converted 0/frame
    instancing: 916 converted from the instance stream/frame, 0 refused/frame (largest single draw 1 instances, 0.9 buffer writes snooped/frame)
    SKINNING: 80 skinned/frame, 35 refused/frame, 0 exact duplicates dropped/frame | 137 meshes decoded, 137 cached, 0 cache flushes
    ALBEDO stage 0 taken raw (no shader reflection) 0/frame
    ALBEDO: constant-only 88/frame, tinted fallback 0/frame, genuinely blank 0/frame (of 89 rank-0 draws/frame)
    ALBEDO WHITE (previously uncounted): named-but-not-bound 0/frame, render-target exclusion left nothing 0/frame | colourless passes now hidden 38/frame | screen-space passes hidden 0/frame | particle billboards hidden 6/frame
    SKIPPED entirely 0/frame (mode 3) | demoted to UI overlay 0/frame | no-albedo materials left to Remix 89/frame
    MARKED with the marker texture 1779/frame (refused as unsafe 0/frame, 3955 SetTexture calls/frame, marker created)
    albedo: moved off stage 0 238/frame, blanked 88/frame, restored from mesh cache 276/frame (3002 meshes cached, 2 flushes) | RT textures known 55 | lights 6.5/frame (24 shaders)
    camera 128.5 18.2 40.3 | distinct cameras this frame 1 (max 1) | transform writes 555/frame | redundant state calls dropped 22212/frame
    world matrix changes 553/frame | objTM used without a fresh upload 0/frame | uv matrix writes 14/frame (last scale 0.00098, 0.00098)
    TIMING: frame 23.0 ms avg (43 fps), worst 40 ms | shim 11.79 ms avg (51.3% of frame), worst 14.2 ms
    TIMING tail: 1 frames >=33 ms, 0 >=100 ms in this window of 600 | inside real Present 3.43 ms avg, worst 5.3 ms | our other hooks 0.00 ms avg
    converted -> target 14F0BEE0 1280x720 fmt=34 : 30 draws/frame
    converted -> target 14F11738 1280x720 fmt=113 : 787 draws/frame
    converted -> target 14F0BB00 1280x720 fmt=113 : 4 draws/frame
    converted -> target 14F0C6A0 1280x720 fmt=21 : 0 draws/frame
frame 32400 | draws 2658/frame | FFP converted 842/frame (31.7%)
    not converted: screen-space 33  skinned 0  ortho 0  vertex-format 9  untextured 1170  instanced 0  mirrored 0  other-camera 239  no camera 0  other 0 (per frame)
    prepasses hidden: sampler-less 1170/frame, stipple-with-no-colour 264/frame (these used to convert WHITE) | post/composite quads marked 33/frame
    constant-colour materials (no diffuse map, albedo from the shader's own constant) 87/frame | HUD quads demoted to UI 0/frame | back-buffer clears 1/frame | sky draws 59/frame | UI-pass draws converted 0/frame
    instancing: 900 converted from the instance stream/frame, 0 refused/frame (largest single draw 1 instances, 0.9 buffer writes snooped/frame)
    SKINNING: 80 skinned/frame, 34 refused/frame, 0 exact duplicates dropped/frame | 137 meshes decoded, 137 cached, 0 cache flushes
    ALBEDO stage 0 taken raw (no shader reflection) 0/frame
    ALBEDO: constant-only 87/frame, tinted fallback 0/frame, genuinely blank 0/frame (of 87 rank-0 draws/frame)
    ALBEDO WHITE (previously uncounted): named-but-not-bound 0/frame, render-target exclusion left nothing 0/frame | colourless passes now hidden 38/frame | screen-space passes hidden 0/frame | particle billboards hidden 5/frame
    SKIPPED entirely 0/frame (mode 3) | demoted to UI overlay 0/frame | no-albedo materials left to Remix 87/frame
    MARKED with the marker texture 1748/frame (refused as unsafe 0/frame, 3889 SetTexture calls/frame, marker created)
    albedo: moved off stage 0 234/frame, blanked 87/frame, restored from mesh cache 271/frame (3002 meshes cached, 2 flushes) | RT textures known 55 | lights 6.4/frame (24 shaders)
    camera 128.5 18.2 40.3 | distinct cameras this frame 0 (max 1) | transform writes 545/frame | redundant state calls dropped 21832/frame
    world matrix changes 543/frame | objTM used without a fresh upload 0/frame | uv matrix writes 14/frame (last scale 0.00098, 0.00098)
    TIMING: frame 22.9 ms avg (44 fps), worst 90 ms | shim 11.64 ms avg (50.8% of frame), worst 12.2 ms
    TIMING tail: 7 frames >=33 ms, 0 >=100 ms in this window of 600 | inside real Present 3.58 ms avg, worst 48.4 ms | our other hooks 0.00 ms avg
    converted -> target 14F0BEE0 1280x720 fmt=34 : 30 draws/frame
    converted -> target 14F11738 1280x720 fmt=113 : 773 draws/frame
    converted -> target 14F0BB00 1280x720 fmt=113 : 4 draws/frame
    converted -> target 14F0C6A0 1280x720 fmt=21 : 0 draws/frame
camera: pos 96.3 147.7 36.1 | proj _11=1.6085 _22=2.8594 _33=1.00001 _43=-0.15 (aspect 1.778)
frame 33000 | draws 2621/frame | FFP converted 830/frame (31.7%)
    not converted: screen-space 32  skinned 0  ortho 0  vertex-format 9  untextured 1154  instanced 0  mirrored 0  other-camera 236  no camera 0  other 0 (per frame)
    prepasses hidden: sampler-less 1154/frame, stipple-with-no-colour 259/frame (these used to convert WHITE) | post/composite quads marked 32/frame
    constant-colour materials (no diffuse map, albedo from the shader's own constant) 86/frame | HUD quads demoted to UI 0/frame | back-buffer clears 1/frame | sky draws 58/frame | UI-pass draws converted 0/frame
    instancing: 887 converted from the instance stream/frame, 0 refused/frame (largest single draw 1 instances, 0.9 buffer writes snooped/frame)
    SKINNING: 78 skinned/frame, 34 refused/frame, 0 exact duplicates dropped/frame | 147 meshes decoded, 147 cached, 0 cache flushes
    ALBEDO stage 0 taken raw (no shader reflection) 0/frame
    ALBEDO: constant-only 86/frame, tinted fallback 0/frame, genuinely blank 0/frame (of 86 rank-0 draws/frame)
    ALBEDO WHITE (previously uncounted): named-but-not-bound 0/frame, render-target exclusion left nothing 0/frame | colourless passes now hidden 37/frame | screen-space passes hidden 0/frame | particle billboards hidden 5/frame
    SKIPPED entirely 0/frame (mode 3) | demoted to UI overlay 0/frame | no-albedo materials left to Remix 86/frame
    MARKED with the marker texture 1724/frame (refused as unsafe 0/frame, 3835 SetTexture calls/frame, marker created)
    albedo: moved off stage 0 230/frame, blanked 86/frame, restored from mesh cache 267/frame (3343 meshes cached, 2 flushes) | RT textures known 55 | lights 6.3/frame (24 shaders)
    camera 96.1 147.7 35.1 | distinct cameras this frame 1 (max 1) | transform writes 537/frame | redundant state calls dropped 21520/frame
    world matrix changes 535/frame | objTM used without a fresh upload 0/frame | uv matrix writes 14/frame (last scale 0.00098, 0.00098)
    TIMING: frame 22.8 ms avg (44 fps), worst 51 ms | shim 11.46 ms avg (50.3% of frame), worst 14.7 ms
    TIMING tail: 1 frames >=33 ms, 0 >=100 ms in this window of 600 | inside real Present 3.76 ms avg, worst 16.6 ms | our other hooks 0.00 ms avg
    converted -> target 14F0BEE0 1280x720 fmt=34 : 29 draws/frame
    converted -> target 14F11738 1280x720 fmt=113 : 762 draws/frame
    converted -> target 14F0BB00 1280x720 fmt=113 : 4 draws/frame
    converted -> target 14F0C6A0 1280x720 fmt=21 : 0 draws/frame
frame 33600 | draws 2605/frame | FFP converted 823/frame (31.6%)
    not converted: screen-space 33  skinned 0  ortho 0  vertex-format 9  untextured 1149  instanced 0  mirrored 0  other-camera 234  no camera 0  other 0 (per frame)
    prepasses hidden: sampler-less 1149/frame, stipple-with-no-colour 258/frame (these used to convert WHITE) | post/composite quads marked 33/frame
    constant-colour materials (no diffuse map, albedo from the shader's own constant) 85/frame | HUD quads demoted to UI 0/frame | back-buffer clears 1/frame | sky draws 58/frame | UI-pass draws converted 0/frame
    instancing: 879 converted from the instance stream/frame, 0 refused/frame (largest single draw 1 instances, 0.9 buffer writes snooped/frame)
    SKINNING: 78 skinned/frame, 33 refused/frame, 0 exact duplicates dropped/frame | 155 meshes decoded, 155 cached, 0 cache flushes
    ALBEDO stage 0 taken raw (no shader reflection) 0/frame
    ALBEDO: constant-only 85/frame, tinted fallback 0/frame, genuinely blank 0/frame (of 85 rank-0 draws/frame)
    ALBEDO WHITE (previously uncounted): named-but-not-bound 0/frame, render-target exclusion left nothing 0/frame | colourless passes now hidden 36/frame | screen-space passes hidden 0/frame | particle billboards hidden 5/frame
    SKIPPED entirely 0/frame (mode 3) | demoted to UI overlay 0/frame | no-albedo materials left to Remix 85/frame
    MARKED with the marker texture 1715/frame (refused as unsafe 0/frame, 3828 SetTexture calls/frame, marker created)
    albedo: moved off stage 0 228/frame, blanked 85/frame, restored from mesh cache 264/frame (3922 meshes cached, 2 flushes) | RT textures known 55 | lights 7.1/frame (24 shaders)
    camera 105.2 149.5 39.0 | distinct cameras this frame 1 (max 1) | transform writes 534/frame | redundant state calls dropped 21348/frame
    world matrix changes 532/frame | objTM used without a fresh upload 0/frame | uv matrix writes 14/frame (last scale 0.00098, 0.00098)
    TIMING: frame 22.7 ms avg (44 fps), worst 26 ms | shim 11.42 ms avg (50.3% of frame), worst 16.3 ms
    TIMING tail: 0 frames >=33 ms, 0 >=100 ms in this window of 600 | inside real Present 3.76 ms avg, worst 7.5 ms | our other hooks 0.00 ms avg
    converted -> target 14F0BEE0 1280x720 fmt=34 : 29 draws/frame
    converted -> target 14F11738 1280x720 fmt=113 : 757 draws/frame
    converted -> target 14F0BB00 1280x720 fmt=113 : 4 draws/frame
    converted -> target 14F0C6A0 1280x720 fmt=21 : 0 draws/frame
frame 34200 | draws 2590/frame | FFP converted 817/frame (31.6%)
    not converted: screen-space 34  skinned 0  ortho 0  vertex-format 9  untextured 1144  instanced 0  mirrored 0  other-camera 230  no camera 0  other 0 (per frame)
    prepasses hidden: sampler-less 1144/frame, stipple-with-no-colour 257/frame (these used to convert WHITE) | post/composite quads marked 34/frame
    constant-colour materials (no diffuse map, albedo from the shader's own constant) 83/frame | HUD quads demoted to UI 0/frame | back-buffer clears 1/frame | sky draws 58/frame | UI-pass draws converted 0/frame
    instancing: 870 converted from the instance stream/frame, 0 refused/frame (largest single draw 1 instances, 0.9 buffer writes snooped/frame)
    SKINNING: 78 skinned/frame, 33 refused/frame, 0 exact duplicates dropped/frame | 155 meshes decoded, 155 cached, 0 cache flushes
    ALBEDO stage 0 taken raw (no shader reflection) 0/frame
    ALBEDO: constant-only 83/frame, tinted fallback 0/frame, genuinely blank 0/frame (of 84 rank-0 draws/frame)
    ALBEDO WHITE (previously uncounted): named-but-not-bound 0/frame, render-target exclusion left nothing 0/frame | colourless passes now hidden 36/frame | screen-space passes hidden 0/frame | particle billboards hidden 5/frame
    SKIPPED entirely 0/frame (mode 3) | demoted to UI overlay 0/frame | no-albedo materials left to Remix 84/frame
    MARKED with the marker texture 1706/frame (refused as unsafe 0/frame, 3820 SetTexture calls/frame, marker created)
    albedo: moved off stage 0 226/frame, blanked 83/frame, restored from mesh cache 262/frame (3981 meshes cached, 2 flushes) | RT textures known 55 | lights 8.0/frame (24 shaders)
    camera 106.1 151.5 46.4 | distinct cameras this frame 1 (max 1) | transform writes 530/frame | redundant state calls dropped 21190/frame
    world matrix changes 529/frame | objTM used without a fresh upload 0/frame | uv matrix writes 14/frame (last scale 0.00098, 0.00098)
    TIMING: frame 22.6 ms avg (44 fps), worst 57 ms | shim 11.38 ms avg (50.3% of frame), worst 14.0 ms
    TIMING tail: 2 frames >=33 ms, 0 >=100 ms in this window of 600 | inside real Present 3.73 ms avg, worst 35.3 ms | our other hooks 0.00 ms avg
    converted -> target 14F0BEE0 1280x720 fmt=34 : 29 draws/frame
    converted -> target 14F11738 1280x720 fmt=113 : 751 draws/frame
    converted -> target 14F0BB00 1280x720 fmt=113 : 4 draws/frame
    converted -> target 14F0C6A0 1280x720 fmt=21 : 0 draws/frame
mesh albedo cache flushed at 4096 entries (flush #3) - it had stopped protecting anything newly streamed
frame 34800 | draws 2589/frame | FFP converted 815/frame (31.5%)
    not converted: screen-space 35  skinned 0  ortho 0  vertex-format 10  untextured 1144  instanced 0  mirrored 0  other-camera 230  no camera 0  other 0 (per frame)
    prepasses hidden: sampler-less 1144/frame, stipple-with-no-colour 256/frame (these used to convert WHITE) | post/composite quads marked 35/frame
    constant-colour materials (no diffuse map, albedo from the shader's own constant) 84/frame | HUD quads demoted to UI 0/frame | back-buffer clears 1/frame | sky draws 58/frame | UI-pass draws converted 0/frame
    instancing: 869 converted from the instance stream/frame, 0 refused/frame (largest single draw 1 instances, 0.9 buffer writes snooped/frame)
    SKINNING: 78 skinned/frame, 32 refused/frame, 0 exact duplicates dropped/frame | 155 meshes decoded, 155 cached, 0 cache flushes
    ALBEDO stage 0 taken raw (no shader reflection) 0/frame
    ALBEDO: constant-only 84/frame, tinted fallback 0/frame, genuinely blank 0/frame (of 84 rank-0 draws/frame)
    ALBEDO WHITE (previously uncounted): named-but-not-bound 0/frame, render-target exclusion left nothing 0/frame | colourless passes now hidden 35/frame | screen-space passes hidden 0/frame | particle billboards hidden 5/frame
    SKIPPED entirely 0/frame (mode 3) | demoted to UI overlay 0/frame | no-albedo materials left to Remix 84/frame
    MARKED with the marker texture 1705/frame (refused as unsafe 0/frame, 3827 SetTexture calls/frame, marker created)
    albedo: moved off stage 0 224/frame, blanked 84/frame, restored from mesh cache 260/frame (822 meshes cached, 3 flushes) | RT textures known 55 | lights 8.6/frame (24 shaders)
    camera 98.8 152.1 61.0 | distinct cameras this frame 1 (max 1) | transform writes 530/frame | redundant state calls dropped 21124/frame
    world matrix changes 528/frame | objTM used without a fresh upload 0/frame | uv matrix writes 13/frame (last scale 0.00098, 0.00098)
    TIMING: frame 22.6 ms avg (44 fps), worst 37 ms | shim 11.36 ms avg (50.3% of frame), worst 22.3 ms
    TIMING tail: 4 frames >=33 ms, 0 >=100 ms in this window of 600 | inside real Present 3.72 ms avg, worst 6.0 ms | our other hooks 0.00 ms avg
    converted -> target 14F0BEE0 1280x720 fmt=34 : 29 draws/frame
    converted -> target 14F11738 1280x720 fmt=113 : 749 draws/frame
    converted -> target 14F0BB00 1280x720 fmt=113 : 4 draws/frame
    converted -> target 14F0C6A0 1280x720 fmt=21 : 0 draws/frame
frame 35400 | draws 2597/frame | FFP converted 815/frame (31.4%)
    not converted: screen-space 35  skinned 0  ortho 0  vertex-format 10  untextured 1149  instanced 0  mirrored 0  other-camera 235  no camera 0  other 0 (per frame)
    prepasses hidden: sampler-less 1149/frame, stipple-with-no-colour 255/frame (these used to convert WHITE) | post/composite quads marked 35/frame
    constant-colour materials (no diffuse map, albedo from the shader's own constant) 84/frame | HUD quads demoted to UI 0/frame | back-buffer clears 1/frame | sky draws 58/frame | UI-pass draws converted 0/frame
    instancing: 875 converted from the instance stream/frame, 0 refused/frame (largest single draw 1 instances, 0.9 buffer writes snooped/frame)
    SKINNING: 77 skinned/frame, 31 refused/frame, 0 exact duplicates dropped/frame | 155 meshes decoded, 155 cached, 0 cache flushes
    ALBEDO stage 0 taken raw (no shader reflection) 0/frame
    ALBEDO: constant-only 84/frame, tinted fallback 0/frame, genuinely blank 0/frame (of 85 rank-0 draws/frame)
    ALBEDO WHITE (previously uncounted): named-but-not-bound 0/frame, render-target exclusion left nothing 0/frame | colourless passes now hidden 34/frame | screen-space passes hidden 0/frame | particle billboards hidden 5/frame
    SKIPPED entirely 0/frame (mode 3) | demoted to UI overlay 0/frame | no-albedo materials left to Remix 85/frame
    MARKED with the marker texture 1713/frame (refused as unsafe 0/frame, 3849 SetTexture calls/frame, marker created)
    albedo: moved off stage 0 222/frame, blanked 84/frame, restored from mesh cache 259/frame (1229 meshes cached, 3 flushes) | RT textures known 55 | lights 9.1/frame (24 shaders)
    camera 103.1 150.6 33.1 | distinct cameras this frame 1 (max 1) | transform writes 531/frame | redundant state calls dropped 21133/frame
    world matrix changes 529/frame | objTM used without a fresh upload 0/frame | uv matrix writes 13/frame (last scale 0.00098, 0.00098)
    TIMING: frame 22.5 ms avg (44 fps), worst 83 ms | shim 11.35 ms avg (50.4% of frame), worst 18.6 ms
    TIMING tail: 1 frames >=33 ms, 0 >=100 ms in this window of 600 | inside real Present 3.68 ms avg, worst 5.9 ms | our other hooks 0.00 ms avg
    converted -> target 14F0BEE0 1280x720 fmt=34 : 29 draws/frame
    converted -> target 14F11738 1280x720 fmt=113 : 750 draws/frame
    converted -> target 14F0BB00 1280x720 fmt=113 : 4 draws/frame
    converted -> target 14F0C6A0 1280x720 fmt=21 : 0 draws/frame
frame 36000 | draws 2581/frame | FFP converted 808/frame (31.3%)
    not converted: screen-space 36  skinned 0  ortho 0  vertex-format 10  untextured 1141  instanced 0  mirrored 0  other-camera 237  no camera 0  other 0 (per frame)
    prepasses hidden: sampler-less 1141/frame, stipple-with-no-colour 253/frame (these used to convert WHITE) | post/composite quads marked 36/frame
    constant-colour materials (no diffuse map, albedo from the shader's own constant) 83/frame | HUD quads demoted to UI 0/frame | back-buffer clears 1/frame | sky draws 58/frame | UI-pass draws converted 0/frame
    instancing: 871 converted from the instance stream/frame, 0 refused/frame (largest single draw 1 instances, 0.9 buffer writes snooped/frame)
    SKINNING: 77 skinned/frame, 31 refused/frame, 0 exact duplicates dropped/frame | 155 meshes decoded, 155 cached, 0 cache flushes
    ALBEDO stage 0 taken raw (no shader reflection) 0/frame
    ALBEDO: constant-only 83/frame, tinted fallback 0/frame, genuinely blank 0/frame (of 84 rank-0 draws/frame)
    ALBEDO WHITE (previously uncounted): named-but-not-bound 0/frame, render-target exclusion left nothing 0/frame | colourless passes now hidden 34/frame | screen-space passes hidden 0/frame | particle billboards hidden 5/frame
    SKIPPED entirely 0/frame (mode 3) | demoted to UI overlay 0/frame | no-albedo materials left to Remix 84/frame
    MARKED with the marker texture 1706/frame (refused as unsafe 0/frame, 3838 SetTexture calls/frame, marker created)
    albedo: moved off stage 0 220/frame, blanked 83/frame, restored from mesh cache 257/frame (1337 meshes cached, 3 flushes) | RT textures known 55 | lights 9.5/frame (24 shaders)
    camera 99.9 148.7 45.1 | distinct cameras this frame 1 (max 1) | transform writes 527/frame | redundant state calls dropped 20954/frame
    world matrix changes 525/frame | objTM used without a fresh upload 0/frame | uv matrix writes 13/frame (last scale 0.00098, 0.00098)
    TIMING: frame 22.4 ms avg (45 fps), worst 22 ms | shim 11.32 ms avg (50.4% of frame), worst 14.1 ms
    TIMING tail: 0 frames >=33 ms, 0 >=100 ms in this window of 600 | inside real Present 3.66 ms avg, worst 5.3 ms | our other hooks 0.00 ms avg
    converted -> target 14F0BEE0 1280x720 fmt=34 : 29 draws/frame
    converted -> target 14F11738 1280x720 fmt=113 : 744 draws/frame
    converted -> target 14F0BB00 1280x720 fmt=113 : 4 draws/frame
    converted -> target 14F0C6A0 1280x720 fmt=21 : 0 draws/frame
frame 36600 | draws 2571/frame | FFP converted 803/frame (31.2%)
    not converted: screen-space 36  skinned 0  ortho 0  vertex-format 10  untextured 1136  instanced 0  mirrored 0  other-camera 238  no camera 0  other 0 (per frame)
    prepasses hidden: sampler-less 1136/frame, stipple-with-no-colour 252/frame (these used to convert WHITE) | post/composite quads marked 36/frame
    constant-colour materials (no diffuse map, albedo from the shader's own constant) 83/frame | HUD quads demoted to UI 0/frame | back-buffer clears 1/frame | sky draws 58/frame | UI-pass draws converted 0/frame
    instancing: 868 converted from the instance stream/frame, 0 refused/frame (largest single draw 1 instances, 0.9 buffer writes snooped/frame)
    SKINNING: 77 skinned/frame, 30 refused/frame, 0 exact duplicates dropped/frame | 155 meshes decoded, 155 cached, 0 cache flushes
    ALBEDO stage 0 taken raw (no shader reflection) 0/frame
    ALBEDO: constant-only 83/frame, tinted fallback 0/frame, genuinely blank 0/frame (of 83 rank-0 draws/frame)
    ALBEDO WHITE (previously uncounted): named-but-not-bound 0/frame, render-target exclusion left nothing 0/frame | colourless passes now hidden 33/frame | screen-space passes hidden 0/frame | particle billboards hidden 5/frame
    SKIPPED entirely 0/frame (mode 3) | demoted to UI overlay 0/frame | no-albedo materials left to Remix 83/frame
    MARKED with the marker texture 1700/frame (refused as unsafe 0/frame, 3834 SetTexture calls/frame, marker created)
    albedo: moved off stage 0 218/frame, blanked 83/frame, restored from mesh cache 255/frame (1473 meshes cached, 3 flushes) | RT textures known 55 | lights 9.9/frame (24 shaders)
    camera 109.6 149.1 58.0 | distinct cameras this frame 1 (max 1) | transform writes 523/frame | redundant state calls dropped 20814/frame
    world matrix changes 522/frame | objTM used without a fresh upload 0/frame | uv matrix writes 13/frame (last scale 0.00098, 0.00098)
    TIMING: frame 22.4 ms avg (45 fps), worst 28 ms | shim 11.28 ms avg (50.5% of frame), worst 16.8 ms
    TIMING tail: 0 frames >=33 ms, 0 >=100 ms in this window of 600 | inside real Present 3.64 ms avg, worst 5.3 ms | our other hooks 0.00 ms avg
    converted -> target 14F0BEE0 1280x720 fmt=34 : 29 draws/frame
    converted -> target 14F11738 1280x720 fmt=113 : 740 draws/frame
    converted -> target 14F0BB00 1280x720 fmt=113 : 4 draws/frame
    converted -> target 14F0C6A0 1280x720 fmt=21 : 0 draws/frame
frame 37200 | draws 2575/frame | FFP converted 802/frame (31.1%)
    not converted: screen-space 37  skinned 0  ortho 0  vertex-format 10  untextured 1138  instanced 0  mirrored 0  other-camera 242  no camera 0  other 0 (per frame)
    prepasses hidden: sampler-less 1138/frame, stipple-with-no-colour 251/frame (these used to convert WHITE) | post/composite quads marked 36/frame
    constant-colour materials (no diffuse map, albedo from the shader's own constant) 83/frame | HUD quads demoted to UI 0/frame | back-buffer clears 1/frame | sky draws 58/frame | UI-pass draws converted 0/frame
    instancing: 871 converted from the instance stream/frame, 0 refused/frame (largest single draw 1 instances, 0.9 buffer writes snooped/frame)
    SKINNING: 77 skinned/frame, 30 refused/frame, 0 exact duplicates dropped/frame | 155 meshes decoded, 155 cached, 0 cache flushes
    ALBEDO stage 0 taken raw (no shader reflection) 0/frame
    ALBEDO: constant-only 83/frame, tinted fallback 0/frame, genuinely blank 0/frame (of 84 rank-0 draws/frame)
    ALBEDO WHITE (previously uncounted): named-but-not-bound 0/frame, render-target exclusion left nothing 0/frame | colourless passes now hidden 33/frame | screen-space passes hidden 0/frame | particle billboards hidden 5/frame
    SKIPPED entirely 0/frame (mode 3) | demoted to UI overlay 0/frame | no-albedo materials left to Remix 84/frame
    MARKED with the marker texture 1706/frame (refused as unsafe 0/frame, 3850 SetTexture calls/frame, marker created)
    albedo: moved off stage 0 217/frame, blanked 83/frame, restored from mesh cache 254/frame (1610 meshes cached, 3 flushes) | RT textures known 55 | lights 10.3/frame (24 shaders)
    camera 111.3 149.1 53.1 | distinct cameras this frame 1 (max 1) | transform writes 523/frame | redundant state calls dropped 20780/frame
    world matrix changes 521/frame | objTM used without a fresh upload 0/frame | uv matrix writes 13/frame (last scale 0.00098, 0.00098)
    TIMING: frame 22.3 ms avg (45 fps), worst 43 ms | shim 11.28 ms avg (50.6% of frame), worst 17.8 ms
    TIMING tail: 2 frames >=33 ms, 0 >=100 ms in this window of 600 | inside real Present 3.60 ms avg, worst 26.2 ms | our other hooks 0.00 ms avg
    converted -> target 14F0BEE0 1280x720 fmt=34 : 29 draws/frame
    converted -> target 14F11738 1280x720 fmt=113 : 739 draws/frame
    converted -> target 14F0BB00 1280x720 fmt=113 : 4 draws/frame
    converted -> target 14F0C6A0 1280x720 fmt=21 : 0 draws/frame
frame 37800 | draws 2576/frame | FFP converted 800/frame (31.1%)
    not converted: screen-space 37  skinned 0  ortho 0  vertex-format 9  untextured 1138  instanced 0  mirrored 0  other-camera 246  no camera 0  other 0 (per frame)
    prepasses hidden: sampler-less 1138/frame, stipple-with-no-colour 250/frame (these used to convert WHITE) | post/composite quads marked 37/frame
    constant-colour materials (no diffuse map, albedo from the shader's own constant) 83/frame | HUD quads demoted to UI 0/frame | back-buffer clears 1/frame | sky draws 58/frame | UI-pass draws converted 0/frame
    instancing: 874 converted from the instance stream/frame, 0 refused/frame (largest single draw 1 instances, 0.9 buffer writes snooped/frame)
    SKINNING: 77 skinned/frame, 29 refused/frame, 0 exact duplicates dropped/frame | 155 meshes decoded, 155 cached, 0 cache flushes
    ALBEDO stage 0 taken raw (no shader reflection) 0/frame
    ALBEDO: constant-only 83/frame, tinted fallback 0/frame, genuinely blank 0/frame (of 84 rank-0 draws/frame)
    ALBEDO WHITE (previously uncounted): named-but-not-bound 0/frame, render-target exclusion left nothing 0/frame | colourless passes now hidden 32/frame | screen-space passes hidden 0/frame | particle billboards hidden 5/frame
    SKIPPED entirely 0/frame (mode 3) | demoted to UI overlay 0/frame | no-albedo materials left to Remix 84/frame
    MARKED with the marker texture 1708/frame (refused as unsafe 0/frame, 3857 SetTexture calls/frame, marker created)
    albedo: moved off stage 0 215/frame, blanked 83/frame, restored from mesh cache 254/frame (1925 meshes cached, 3 flushes) | RT textures known 55 | lights 10.5/frame (24 shaders)
    camera 116.0 149.1 45.0 | distinct cameras this frame 1 (max 1) | transform writes 523/frame | redundant state calls dropped 20748/frame
    world matrix changes 521/frame | objTM used without a fresh upload 0/frame | uv matrix writes 13/frame (last scale 0.00098, 0.00098)
    TIMING: frame 22.2 ms avg (45 fps), worst 43 ms | shim 11.26 ms avg (50.6% of frame), worst 17.0 ms
    TIMING tail: 2 frames >=33 ms, 0 >=100 ms in this window of 600 | inside real Present 3.57 ms avg, worst 20.7 ms | our other hooks 0.00 ms avg
    converted -> target 14F0BEE0 1280x720 fmt=34 : 28 draws/frame
    converted -> target 14F11738 1280x720 fmt=113 : 738 draws/frame
    converted -> target 14F0BB00 1280x720 fmt=113 : 4 draws/frame
    converted -> target 14F0C6A0 1280x720 fmt=21 : 0 draws/frame
frame 38400 | draws 2580/frame | FFP converted 800/frame (31.0%)
    not converted: screen-space 37  skinned 0  ortho 0  vertex-format 9  untextured 1140  instanced 0  mirrored 0  other-camera 249  no camera 0  other 0 (per frame)
    prepasses hidden: sampler-less 1140/frame, stipple-with-no-colour 249/frame (these used to convert WHITE) | post/composite quads marked 37/frame
    constant-colour materials (no diffuse map, albedo from the shader's own constant) 84/frame | HUD quads demoted to UI 0/frame | back-buffer clears 1/frame | sky draws 58/frame | UI-pass draws converted 0/frame
    instancing: 878 converted from the instance stream/frame, 0 refused/frame (largest single draw 1 instances, 0.9 buffer writes snooped/frame)
    SKINNING: 76 skinned/frame, 29 refused/frame, 0 exact duplicates dropped/frame | 155 meshes decoded, 155 cached, 0 cache flushes
    ALBEDO stage 0 taken raw (no shader reflection) 0/frame
    ALBEDO: constant-only 84/frame, tinted fallback 0/frame, genuinely blank 0/frame (of 84 rank-0 draws/frame)
    ALBEDO WHITE (previously uncounted): named-but-not-bound 0/frame, render-target exclusion left nothing 0/frame | colourless passes now hidden 32/frame | screen-space passes hidden 0/frame | particle billboards hidden 5/frame
    SKIPPED entirely 0/frame (mode 3) | demoted to UI overlay 0/frame | no-albedo materials left to Remix 84/frame
    MARKED with the marker texture 1713/frame (refused as unsafe 0/frame, 3871 SetTexture calls/frame, marker created)
    albedo: moved off stage 0 214/frame, blanked 84/frame, restored from mesh cache 253/frame (2025 meshes cached, 3 flushes) | RT textures known 55 | lights 10.8/frame (24 shaders)
    camera 108.6 149.1 37.0 | distinct cameras this frame 1 (max 1) | transform writes 524/frame | redundant state calls dropped 20735/frame
    world matrix changes 522/frame | objTM used without a fresh upload 0/frame | uv matrix writes 13/frame (last scale 0.00098, 0.00098)
    TIMING: frame 22.2 ms avg (45 fps), worst 53 ms | shim 11.25 ms avg (50.7% of frame), worst 19.2 ms
    TIMING tail: 5 frames >=33 ms, 0 >=100 ms in this window of 600 | inside real Present 3.53 ms avg, worst 20.9 ms | our other hooks 0.00 ms avg
    converted -> target 14F0BEE0 1280x720 fmt=34 : 28 draws/frame
    converted -> target 14F11738 1280x720 fmt=113 : 738 draws/frame
    converted -> target 14F0BB00 1280x720 fmt=113 : 4 draws/frame
    converted -> target 14F0C6A0 1280x720 fmt=21 : 0 draws/frame
frame 39000 | draws 2568/frame | FFP converted 795/frame (30.9%)
    not converted: screen-space 38  skinned 0  ortho 0  vertex-format 9  untextured 1134  instanced 0  mirrored 0  other-camera 251  no camera 0  other 0 (per frame)
    prepasses hidden: sampler-less 1134/frame, stipple-with-no-colour 247/frame (these used to convert WHITE) | post/composite quads marked 37/frame
    constant-colour materials (no diffuse map, albedo from the shader's own constant) 83/frame | HUD quads demoted to UI 0/frame | back-buffer clears 1/frame | sky draws 57/frame | UI-pass draws converted 0/frame
    instancing: 875 converted from the instance stream/frame, 0 refused/frame (largest single draw 1 instances, 0.9 buffer writes snooped/frame)
    SKINNING: 76 skinned/frame, 29 refused/frame, 0 exact duplicates dropped/frame | 155 meshes decoded, 155 cached, 0 cache flushes
    ALBEDO stage 0 taken raw (no shader reflection) 0/frame
    ALBEDO: constant-only 83/frame, tinted fallback 0/frame, genuinely blank 0/frame (of 83 rank-0 draws/frame)
    ALBEDO WHITE (previously uncounted): named-but-not-bound 0/frame, render-target exclusion left nothing 0/frame | colourless passes now hidden 31/frame | screen-space passes hidden 0/frame | particle billboards hidden 5/frame
    SKIPPED entirely 0/frame (mode 3) | demoted to UI overlay 0/frame | no-albedo materials left to Remix 83/frame
    MARKED with the marker texture 1707/frame (refused as unsafe 0/frame, 3862 SetTexture calls/frame, marker created)
    albedo: moved off stage 0 212/frame, blanked 83/frame, restored from mesh cache 252/frame (2054 meshes cached, 3 flushes) | RT textures known 55 | lights 11.1/frame (24 shaders)
    camera 117.0 149.1 54.8 | distinct cameras this frame 1 (max 1) | transform writes 520/frame | redundant state calls dropped 20601/frame
    world matrix changes 519/frame | objTM used without a fresh upload 0/frame | uv matrix writes 13/frame (last scale 0.00098, 0.00098)
    TIMING: frame 22.1 ms avg (45 fps), worst 23 ms | shim 11.21 ms avg (50.7% of frame), worst 14.1 ms
    TIMING tail: 0 frames >=33 ms, 0 >=100 ms in this window of 600 | inside real Present 3.52 ms avg, worst 6.1 ms | our other hooks 0.00 ms avg
    converted -> target 14F0BEE0 1280x720 fmt=34 : 28 draws/frame
    converted -> target 14F11738 1280x720 fmt=113 : 734 draws/frame
    converted -> target 14F0BB00 1280x720 fmt=113 : 4 draws/frame
    converted -> target 14F0C6A0 1280x720 fmt=21 : 0 draws/frame
frame 39600 | draws 2552/frame | FFP converted 788/frame (30.9%)
    not converted: screen-space 38  skinned 0  ortho 0  vertex-format 9  untextured 1125  instanced 0  mirrored 0  other-camera 252  no camera 0  other 0 (per frame)
    prepasses hidden: sampler-less 1125/frame, stipple-with-no-colour 246/frame (these used to convert WHITE) | post/composite quads marked 38/frame
    constant-colour materials (no diffuse map, albedo from the shader's own constant) 82/frame | HUD quads demoted to UI 0/frame | back-buffer clears 1/frame | sky draws 57/frame | UI-pass draws converted 0/frame
    instancing: 871 converted from the instance stream/frame, 0 refused/frame (largest single draw 1 instances, 0.9 buffer writes snooped/frame)
    SKINNING: 76 skinned/frame, 28 refused/frame, 0 exact duplicates dropped/frame | 155 meshes decoded, 155 cached, 0 cache flushes
    ALBEDO stage 0 taken raw (no shader reflection) 0/frame
    ALBEDO: constant-only 82/frame, tinted fallback 0/frame, genuinely blank 0/frame (of 82 rank-0 draws/frame)
    ALBEDO WHITE (previously uncounted): named-but-not-bound 0/frame, render-target exclusion left nothing 0/frame | colourless passes now hidden 31/frame | screen-space passes hidden 0/frame | particle billboards hidden 5/frame
    SKIPPED entirely 0/frame (mode 3) | demoted to UI overlay 0/frame | no-albedo materials left to Remix 82/frame
    MARKED with the marker texture 1698/frame (refused as unsafe 0/frame, 3848 SetTexture calls/frame, marker created)
    albedo: moved off stage 0 211/frame, blanked 82/frame, restored from mesh cache 250/frame (2091 meshes cached, 3 flushes) | RT textures known 55 | lights 11.4/frame (24 shaders)
    camera 95.4 149.1 57.6 | distinct cameras this frame 1 (max 1) | transform writes 516/frame | redundant state calls dropped 20430/frame
    world matrix changes 514/frame | objTM used without a fresh upload 0/frame | uv matrix writes 12/frame (last scale 0.00098, 0.00098)
    TIMING: frame 22.0 ms avg (45 fps), worst 57 ms | shim 11.18 ms avg (50.7% of frame), worst 15.4 ms
    TIMING tail: 1 frames >=33 ms, 0 >=100 ms in this window of 600 | inside real Present 3.50 ms avg, worst 6.2 ms | our other hooks 0.00 ms avg
    converted -> target 14F0BEE0 1280x720 fmt=34 : 28 draws/frame
    converted -> target 14F11738 1280x720 fmt=113 : 728 draws/frame
    converted -> target 14F0BB00 1280x720 fmt=113 : 4 draws/frame
    converted -> target 14F0C6A0 1280x720 fmt=21 : 0 draws/frame
frame 40200 | draws 2548/frame | FFP converted 785/frame (30.8%)
    not converted: screen-space 38  skinned 0  ortho 0  vertex-format 9  untextured 1121  instanced 0  mirrored 0  other-camera 257  no camera 0  other 0 (per frame)
    prepasses hidden: sampler-less 1121/frame, stipple-with-no-colour 245/frame (these used to convert WHITE) | post/composite quads marked 38/frame
    constant-colour materials (no diffuse map, albedo from the shader's own constant) 81/frame | HUD quads demoted to UI 0/frame | back-buffer clears 1/frame | sky draws 56/frame | UI-pass draws converted 0/frame
    instancing: 874 converted from the instance stream/frame, 0 refused/frame (largest single draw 1 instances, 0.9 buffer writes snooped/frame)
    SKINNING: 76 skinned/frame, 28 refused/frame, 0 exact duplicates dropped/frame | 155 meshes decoded, 155 cached, 0 cache flushes
    ALBEDO stage 0 taken raw (no shader reflection) 0/frame
    ALBEDO: constant-only 81/frame, tinted fallback 0/frame, genuinely blank 0/frame (of 82 rank-0 draws/frame)
    ALBEDO WHITE (previously uncounted): named-but-not-bound 0/frame, render-target exclusion left nothing 0/frame | colourless passes now hidden 31/frame | screen-space passes hidden 0/frame | particle billboards hidden 5/frame
    SKIPPED entirely 0/frame (mode 3) | demoted to UI overlay 0/frame | no-albedo materials left to Remix 82/frame
    MARKED with the marker texture 1697/frame (refused as unsafe 0/frame, 3850 SetTexture calls/frame, marker created)
    albedo: moved off stage 0 209/frame, blanked 81/frame, restored from mesh cache 249/frame (2114 meshes cached, 3 flushes) | RT textures known 55 | lights 11.6/frame (24 shaders)
    camera 99.5 150.2 48.9 | distinct cameras this frame 1 (max 1) | transform writes 514/frame | redundant state calls dropped 20353/frame
    world matrix changes 513/frame | objTM used without a fresh upload 0/frame | uv matrix writes 12/frame (last scale 0.00098, 0.00098)
    TIMING: frame 22.0 ms avg (46 fps), worst 58 ms | shim 11.15 ms avg (50.8% of frame), worst 13.3 ms
    TIMING tail: 2 frames >=33 ms, 0 >=100 ms in this window of 600 | inside real Present 3.47 ms avg, worst 36.9 ms | our other hooks 0.00 ms avg
    converted -> target 14F0BEE0 1280x720 fmt=34 : 28 draws/frame
    converted -> target 14F11738 1280x720 fmt=113 : 726 draws/frame
    converted -> target 14F0BB00 1280x720 fmt=113 : 4 draws/frame
    converted -> target 14F0C6A0 1280x720 fmt=21 : 0 draws/frame
frame 40800 | draws 2550/frame | FFP converted 784/frame (30.7%)
    not converted: screen-space 38  skinned 0  ortho 0  vertex-format 9  untextured 1123  instanced 0  mirrored 0  other-camera 260  no camera 0  other 0 (per frame)
    prepasses hidden: sampler-less 1123/frame, stipple-with-no-colour 244/frame (these used to convert WHITE) | post/composite quads marked 38/frame
    constant-colour materials (no diffuse map, albedo from the shader's own constant) 82/frame | HUD quads demoted to UI 0/frame | back-buffer clears 1/frame | sky draws 57/frame | UI-pass draws converted 0/frame
    instancing: 876 converted from the instance stream/frame, 0 refused/frame (largest single draw 1 instances, 0.9 buffer writes snooped/frame)
    SKINNING: 76 skinned/frame, 27 refused/frame, 0 exact duplicates dropped/frame | 155 meshes decoded, 155 cached, 0 cache flushes
    ALBEDO stage 0 taken raw (no shader reflection) 0/frame
    ALBEDO: constant-only 82/frame, tinted fallback 0/frame, genuinely blank 0/frame (of 82 rank-0 draws/frame)
    ALBEDO WHITE (previously uncounted): named-but-not-bound 0/frame, render-target exclusion left nothing 0/frame | colourless passes now hidden 30/frame | screen-space passes hidden 0/frame | particle billboards hidden 5/frame
    SKIPPED entirely 0/frame (mode 3) | demoted to UI overlay 0/frame | no-albedo materials left to Remix 82/frame
    MARKED with the marker texture 1700/frame (refused as unsafe 0/frame, 3859 SetTexture calls/frame, marker created)
    albedo: moved off stage 0 208/frame, blanked 82/frame, restored from mesh cache 249/frame (2131 meshes cached, 3 flushes) | RT textures known 55 | lights 11.9/frame (24 shaders)
    camera 125.2 149.1 46.8 | distinct cameras this frame 1 (max 1) | transform writes 514/frame | redundant state calls dropped 20326/frame
    world matrix changes 512/frame | objTM used without a fresh upload 0/frame | uv matrix writes 12/frame (last scale 0.00098, 0.00098)
    TIMING: frame 21.9 ms avg (46 fps), worst 38 ms | shim 11.14 ms avg (50.8% of frame), worst 19.0 ms
    TIMING tail: 2 frames >=33 ms, 0 >=100 ms in this window of 600 | inside real Present 3.45 ms avg, worst 21.5 ms | our other hooks 0.00 ms avg
    converted -> target 14F0BEE0 1280x720 fmt=34 : 28 draws/frame
    converted -> target 14F11738 1280x720 fmt=113 : 725 draws/frame
    converted -> target 14F0BB00 1280x720 fmt=113 : 4 draws/frame
    converted -> target 14F0C6A0 1280x720 fmt=21 : 0 draws/frame
frame 41400 | draws 2542/frame | FFP converted 780/frame (30.7%)
    not converted: screen-space 39  skinned 0  ortho 0  vertex-format 9  untextured 1119  instanced 0  mirrored 0  other-camera 261  no camera 0  other 0 (per frame)
    prepasses hidden: sampler-less 1119/frame, stipple-with-no-colour 243/frame (these used to convert WHITE) | post/composite quads marked 39/frame
    constant-colour materials (no diffuse map, albedo from the shader's own constant) 81/frame | HUD quads demoted to UI 0/frame | back-buffer clears 1/frame | sky draws 56/frame | UI-pass draws converted 0/frame
    instancing: 874 converted from the instance stream/frame, 0 refused/frame (largest single draw 1 instances, 0.9 buffer writes snooped/frame)
    SKINNING: 75 skinned/frame, 27 refused/frame, 0 exact duplicates dropped/frame | 155 meshes decoded, 155 cached, 0 cache flushes
    ALBEDO stage 0 taken raw (no shader reflection) 0/frame
    ALBEDO: constant-only 81/frame, tinted fallback 0/frame, genuinely blank 0/frame (of 82 rank-0 draws/frame)
    ALBEDO WHITE (previously uncounted): named-but-not-bound 0/frame, render-target exclusion left nothing 0/frame | colourless passes now hidden 30/frame | screen-space passes hidden 0/frame | particle billboards hidden 5/frame
    SKIPPED entirely 0/frame (mode 3) | demoted to UI overlay 0/frame | no-albedo materials left to Remix 82/frame
    MARKED with the marker texture 1697/frame (refused as unsafe 0/frame, 3857 SetTexture calls/frame, marker created)
    albedo: moved off stage 0 207/frame, blanked 81/frame, restored from mesh cache 247/frame (2137 meshes cached, 3 flushes) | RT textures known 55 | lights 12.3/frame (24 shaders)
    camera 104.4 149.1 62.4 | distinct cameras this frame 1 (max 1) | transform writes 512/frame | redundant state calls dropped 20212/frame
    world matrix changes 510/frame | objTM used without a fresh upload 0/frame | uv matrix writes 12/frame (last scale 0.00098, 0.00098)
    TIMING: frame 21.9 ms avg (46 fps), worst 28 ms | shim 11.11 ms avg (50.8% of frame), worst 16.5 ms
    TIMING tail: 0 frames >=33 ms, 0 >=100 ms in this window of 600 | inside real Present 3.43 ms avg, worst 10.4 ms | our other hooks 0.00 ms avg
    converted -> target 14F0BEE0 1280x720 fmt=34 : 27 draws/frame
    converted -> target 14F11738 1280x720 fmt=113 : 722 draws/frame
    converted -> target 14F0BB00 1280x720 fmt=113 : 3 draws/frame
    converted -> target 14F0C6A0 1280x720 fmt=21 : 0 draws/frame
frame 42000 | draws 2533/frame | FFP converted 775/frame (30.6%)
    not converted: screen-space 39  skinned 0  ortho 0  vertex-format 9  untextured 1114  instanced 0  mirrored 0  other-camera 263  no camera 0  other 0 (per frame)
    prepasses hidden: sampler-less 1114/frame, stipple-with-no-colour 242/frame (these used to convert WHITE) | post/composite quads marked 39/frame
    constant-colour materials (no diffuse map, albedo from the shader's own constant) 80/frame | HUD quads demoted to UI 0/frame | back-buffer clears 1/frame | sky draws 56/frame | UI-pass draws converted 0/frame
    instancing: 872 converted from the instance stream/frame, 0 refused/frame (largest single draw 1 instances, 0.9 buffer writes snooped/frame)
    SKINNING: 75 skinned/frame, 27 refused/frame, 0 exact duplicates dropped/frame | 155 meshes decoded, 155 cached, 0 cache flushes
    ALBEDO stage 0 taken raw (no shader reflection) 0/frame
    ALBEDO: constant-only 80/frame, tinted fallback 0/frame, genuinely blank 0/frame (of 81 rank-0 draws/frame)
    ALBEDO WHITE (previously uncounted): named-but-not-bound 0/frame, render-target exclusion left nothing 0/frame | colourless passes now hidden 29/frame | screen-space passes hidden 0/frame | particle billboards hidden 5/frame
    SKIPPED entirely 0/frame (mode 3) | demoted to UI overlay 0/frame | no-albedo materials left to Remix 81/frame
    MARKED with the marker texture 1693/frame (refused as unsafe 0/frame, 3854 SetTexture calls/frame, marker created)
    albedo: moved off stage 0 205/frame, blanked 80/frame, restored from mesh cache 245/frame (2139 meshes cached, 3 flushes) | RT textures known 55 | lights 12.6/frame (24 shaders)
    camera 114.0 148.5 59.3 | distinct cameras this frame 1 (max 1) | transform writes 509/frame | redundant state calls dropped 20090/frame
    world matrix changes 507/frame | objTM used without a fresh upload 0/frame | uv matrix writes 12/frame (last scale 0.00098, 0.00098)
    TIMING: frame 21.8 ms avg (46 fps), worst 45 ms | shim 11.10 ms avg (50.9% of frame), worst 16.2 ms
    TIMING tail: 4 frames >=33 ms, 0 >=100 ms in this window of 600 | inside real Present 3.41 ms avg, worst 29.5 ms | our other hooks 0.00 ms avg
    converted -> target 14F0BEE0 1280x720 fmt=34 : 27 draws/frame
    converted -> target 14F11738 1280x720 fmt=113 : 718 draws/frame
    converted -> target 14F0BB00 1280x720 fmt=113 : 3 draws/frame
    converted -> target 14F0C6A0 1280x720 fmt=21 : 0 draws/frame
frame 42600 | draws 2534/frame | FFP converted 773/frame (30.5%)
    not converted: screen-space 39  skinned 0  ortho 0  vertex-format 8  untextured 1115  instanced 0  mirrored 0  other-camera 266  no camera 0  other 0 (per frame)
    prepasses hidden: sampler-less 1115/frame, stipple-with-no-colour 241/frame (these used to convert WHITE) | post/composite quads marked 39/frame
    constant-colour materials (no diffuse map, albedo from the shader's own constant) 81/frame | HUD quads demoted to UI 0/frame | back-buffer clears 1/frame | sky draws 56/frame | UI-pass draws converted 0/frame
    instancing: 873 converted from the instance stream/frame, 0 refused/frame (largest single draw 1 instances, 0.9 buffer writes snooped/frame)
    SKINNING: 75 skinned/frame, 26 refused/frame, 0 exact duplicates dropped/frame | 155 meshes decoded, 155 cached, 0 cache flushes
    ALBEDO stage 0 taken raw (no shader reflection) 0/frame
    ALBEDO: constant-only 81/frame, tinted fallback 0/frame, genuinely blank 0/frame (of 81 rank-0 draws/frame)
    ALBEDO WHITE (previously uncounted): named-but-not-bound 0/frame, render-target exclusion left nothing 0/frame | colourless passes now hidden 29/frame | screen-space passes hidden 0/frame | particle billboards hidden 5/frame
    SKIPPED entirely 0/frame (mode 3) | demoted to UI overlay 0/frame | no-albedo materials left to Remix 81/frame
    MARKED with the marker texture 1695/frame (refused as unsafe 0/frame, 3863 SetTexture calls/frame, marker created)
    albedo: moved off stage 0 204/frame, blanked 81/frame, restored from mesh cache 245/frame (2144 meshes cached, 3 flushes) | RT textures known 55 | lights 12.9/frame (24 shaders)
    camera 114.8 149.1 50.8 | distinct cameras this frame 1 (max 1) | transform writes 508/frame | redundant state calls dropped 20050/frame
    world matrix changes 506/frame | objTM used without a fresh upload 0/frame | uv matrix writes 12/frame (last scale 0.00098, 0.00098)
    TIMING: frame 21.8 ms avg (46 fps), worst 49 ms | shim 11.09 ms avg (50.9% of frame), worst 17.2 ms
    TIMING tail: 2 frames >=33 ms, 0 >=100 ms in this window of 600 | inside real Present 3.39 ms avg, worst 11.4 ms | our other hooks 0.00 ms avg
    converted -> target 14F0BEE0 1280x720 fmt=34 : 27 draws/frame
    converted -> target 14F11738 1280x720 fmt=113 : 717 draws/frame
    converted -> target 14F0BB00 1280x720 fmt=113 : 3 draws/frame
    converted -> target 14F0C6A0 1280x720 fmt=21 : 0 draws/frame
frame 43200 | draws 2539/frame | FFP converted 776/frame (30.6%)
    not converted: screen-space 39  skinned 0  ortho 0  vertex-format 8  untextured 1117  instanced 0  mirrored 0  other-camera 267  no camera 0  other 0 (per frame)
    prepasses hidden: sampler-less 1117/frame, stipple-with-no-colour 241/frame (these used to convert WHITE) | post/composite quads marked 39/frame
    constant-colour materials (no diffuse map, albedo from the shader's own constant) 81/frame | HUD quads demoted to UI 0/frame | back-buffer clears 1/frame | sky draws 56/frame | UI-pass draws converted 0/frame
    instancing: 877 converted from the instance stream/frame, 0 refused/frame (largest single draw 1 instances, 0.9 buffer writes snooped/frame)
    SKINNING: 75 skinned/frame, 26 refused/frame, 0 exact duplicates dropped/frame | 159 meshes decoded, 159 cached, 0 cache flushes
    ALBEDO stage 0 taken raw (no shader reflection) 0/frame
    ALBEDO: constant-only 81/frame, tinted fallback 0/frame, genuinely blank 0/frame (of 81 rank-0 draws/frame)
    ALBEDO WHITE (previously uncounted): named-but-not-bound 0/frame, render-target exclusion left nothing 0/frame | colourless passes now hidden 29/frame | screen-space passes hidden 0/frame | particle billboards hidden 5/frame
    SKIPPED entirely 0/frame (mode 3) | demoted to UI overlay 0/frame | no-albedo materials left to Remix 81/frame
    MARKED with the marker texture 1698/frame (refused as unsafe 0/frame, 3869 SetTexture calls/frame, marker created)
    albedo: moved off stage 0 204/frame, blanked 81/frame, restored from mesh cache 245/frame (2154 meshes cached, 3 flushes) | RT textures known 55 | lights 12.9/frame (24 shaders)
    camera 120.9 149.1 50.0 | distinct cameras this frame 1 (max 1) | transform writes 510/frame | redundant state calls dropped 20107/frame
    world matrix changes 508/frame | objTM used without a fresh upload 0/frame | uv matrix writes 12/frame (last scale 0.00098, 0.00098)
    TIMING: frame 21.7 ms avg (46 fps), worst 70 ms | shim 11.09 ms avg (51.0% of frame), worst 16.0 ms
    TIMING tail: 1 frames >=33 ms, 0 >=100 ms in this window of 600 | inside real Present 3.35 ms avg, worst 5.8 ms | our other hooks 0.00 ms avg
    converted -> target 14F0BEE0 1280x720 fmt=34 : 27 draws/frame
    converted -> target 14F11738 1280x720 fmt=113 : 719 draws/frame
    converted -> target 14F0BB00 1280x720 fmt=113 : 3 draws/frame
    converted -> target 14F0C6A0 1280x720 fmt=21 : 0 draws/frame
frame 43800 | draws 2531/frame | FFP converted 774/frame (30.6%)
    not converted: screen-space 40  skinned 0  ortho 0  vertex-format 8  untextured 1114  instanced 0  mirrored 0  other-camera 265  no camera 0  other 0 (per frame)
    prepasses hidden: sampler-less 1114/frame, stipple-with-no-colour 240/frame (these used to convert WHITE) | post/composite quads marked 40/frame
    constant-colour materials (no diffuse map, albedo from the shader's own constant) 81/frame | HUD quads demoted to UI 0/frame | back-buffer clears 1/frame | sky draws 56/frame | UI-pass draws converted 0/frame
    instancing: 873 converted from the instance stream/frame, 0 refused/frame (largest single draw 1 instances, 0.9 buffer writes snooped/frame)
    SKINNING: 75 skinned/frame, 25 refused/frame, 0 exact duplicates dropped/frame | 159 meshes decoded, 159 cached, 0 cache flushes
    ALBEDO stage 0 taken raw (no shader reflection) 0/frame
    ALBEDO: constant-only 81/frame, tinted fallback 0/frame, genuinely blank 0/frame (of 81 rank-0 draws/frame)
    ALBEDO WHITE (previously uncounted): named-but-not-bound 0/frame, render-target exclusion left nothing 0/frame | colourless passes now hidden 29/frame | screen-space passes hidden 0/frame | particle billboards hidden 5/frame
    SKIPPED entirely 0/frame (mode 3) | demoted to UI overlay 0/frame | no-albedo materials left to Remix 81/frame
    MARKED with the marker texture 1693/frame (refused as unsafe 0/frame, 3860 SetTexture calls/frame, marker created)
    albedo: moved off stage 0 203/frame, blanked 81/frame, restored from mesh cache 245/frame (2206 meshes cached, 3 flushes) | RT textures known 55 | lights 13.1/frame (24 shaders)
    camera 123.9 144.5 62.5 | distinct cameras this frame 1 (max 1) | transform writes 509/frame | redundant state calls dropped 20057/frame
    world matrix changes 507/frame | objTM used without a fresh upload 0/frame | uv matrix writes 12/frame (last scale 0.00098, 0.00098)
    TIMING: frame 21.7 ms avg (46 fps), worst 62 ms | shim 11.07 ms avg (51.1% of frame), worst 16.5 ms
    TIMING tail: 1 frames >=33 ms, 0 >=100 ms in this window of 600 | inside real Present 3.34 ms avg, worst 42.6 ms | our other hooks 0.00 ms avg
    converted -> target 14F0BEE0 1280x720 fmt=34 : 27 draws/frame
    converted -> target 14F11738 1280x720 fmt=113 : 718 draws/frame
    converted -> target 14F0BB00 1280x720 fmt=113 : 3 draws/frame
    converted -> target 14F0C6A0 1280x720 fmt=21 : 0 draws/frame
camera: pos 121.4 144.1 62.4 | proj _11=1.6864 _22=2.9980 _33=1.00001 _43=-0.15 (aspect 1.778)
camera: pos 121.5 144.1 62.4 | proj _11=1.7827 _22=3.1693 _33=1.00001 _43=-0.15 (aspect 1.778)
camera: pos 121.6 144.1 62.4 | proj _11=1.8794 _22=3.3412 _33=1.00001 _43=-0.15 (aspect 1.778)
camera: pos 121.7 144.1 62.4 | proj _11=1.9990 _22=3.5537 _33=1.00001 _43=-0.15 (aspect 1.778)
camera: pos 121.8 144.0 62.4 | proj _11=2.1200 _22=3.7688 _33=1.00001 _43=-0.15 (aspect 1.778)
camera: pos 121.5 144.0 62.4 | proj _11=2.2497 _22=3.9993 _33=1.00001 _43=-0.15 (aspect 1.778)
camera: pos 121.2 143.9 62.5 | proj _11=2.4135 _22=4.2906 _33=1.00001 _43=-0.15 (aspect 1.778)
camera: pos 120.9 143.8 62.5 | proj _11=2.5796 _22=4.5858 _33=1.00001 _43=-0.15 (aspect 1.778)
camera: pos 120.6 143.7 62.6 | proj _11=2.7901 _22=4.9601 _33=1.00001 _43=-0.15 (aspect 1.778)
camera: pos 120.3 143.8 61.8 | proj _11=2.7366 _22=4.8650 _33=1.00001 _43=-0.15 (aspect 1.778)
camera: pos 120.3 143.9 61.7 | proj _11=2.6745 _22=4.7545 _33=1.00001 _43=-0.15 (aspect 1.778)
camera: pos 120.3 143.9 61.6 | proj _11=2.6153 _22=4.6493 _33=1.00001 _43=-0.15 (aspect 1.778)
camera: pos 120.3 143.9 61.5 | proj _11=2.6350 _22=4.6844 _33=1.00001 _43=-0.15 (aspect 1.778)
camera: pos 120.3 143.9 61.5 | proj _11=2.6542 _22=4.7185 _33=1.00001 _43=-0.15 (aspect 1.778)
camera: pos 120.2 144.0 61.2 | proj _11=2.6005 _22=4.6230 _33=1.00001 _43=-0.15 (aspect 1.778)
camera: pos 120.3 144.0 61.1 | proj _11=2.5496 _22=4.5325 _33=1.00001 _43=-0.15 (aspect 1.778)
camera: pos 120.2 144.0 61.1 | proj _11=2.5754 _22=4.5784 _33=1.00001 _43=-0.15 (aspect 1.778)
camera: pos 120.2 144.0 61.1 | proj _11=2.6012 _22=4.6244 _33=1.00001 _43=-0.15 (aspect 1.778)
camera: pos 120.1 143.9 61.1 | proj _11=2.6287 _22=4.6731 _33=1.00001 _43=-0.15 (aspect 1.778)
camera: pos 120.1 143.9 61.1 | proj _11=2.6555 _22=4.7209 _33=1.00001 _43=-0.15 (aspect 1.778)
camera: pos 120.0 143.9 61.1 | proj _11=2.6826 _22=4.7690 _33=1.00001 _43=-0.15 (aspect 1.778)
camera: pos 120.0 143.9 61.1 | proj _11=2.7110 _22=4.8195 _33=1.00001 _43=-0.15 (aspect 1.778)
camera: pos 120.0 143.9 61.1 | proj _11=2.7400 _22=4.8710 _33=1.00001 _43=-0.15 (aspect 1.778)
camera: pos 119.9 143.9 61.1 | proj _11=2.7692 _22=4.9230 _33=1.00001 _43=-0.15 (aspect 1.778)
camera: pos 119.9 143.9 61.1 | proj _11=2.7992 _22=4.9762 _33=1.00001 _43=-0.15 (aspect 1.778)
camera: pos 120.0 143.9 61.1 | proj _11=2.7369 _22=4.8655 _33=1.00001 _43=-0.15 (aspect 1.778)
camera: pos 120.1 143.9 61.1 | proj _11=2.6760 _22=4.7572 _33=1.00001 _43=-0.15 (aspect 1.778)
camera: pos 120.1 143.9 61.2 | proj _11=2.6891 _22=4.7805 _33=1.00001 _43=-0.15 (aspect 1.778)
camera: pos 120.1 143.9 61.2 | proj _11=2.7024 _22=4.8041 _33=1.00001 _43=-0.15 (aspect 1.778)
camera: pos 120.1 143.9 61.3 | proj _11=2.7159 _22=4.8282 _33=1.00001 _43=-0.15 (aspect 1.778)
camera: pos 120.1 143.8 61.3 | proj _11=2.7293 _22=4.8520 _33=1.00001 _43=-0.15 (aspect 1.778)
camera: pos 120.1 143.8 61.4 | proj _11=2.7430 _22=4.8764 _33=1.00001 _43=-0.15 (aspect 1.778)
camera: pos 120.1 143.8 61.4 | proj _11=2.7574 _22=4.9019 _33=1.00001 _43=-0.15 (aspect 1.778)
camera: pos 120.1 143.8 61.5 | proj _11=2.7708 _22=4.9258 _33=1.00001 _43=-0.15 (aspect 1.778)
camera: pos 120.1 143.8 61.5 | proj _11=2.7849 _22=4.9508 _33=1.00001 _43=-0.15 (aspect 1.778)
camera: pos 120.1 143.8 61.6 | proj _11=2.7991 _22=4.9761 _33=1.00001 _43=-0.15 (aspect 1.778)
camera: pos 114.4 143.5 60.4 | proj _11=2.7377 _22=4.8669 _33=1.00001 _43=-0.15 (aspect 1.778)
camera: pos 114.5 143.5 60.4 | proj _11=2.6758 _22=4.7568 _33=1.00001 _43=-0.15 (aspect 1.778)
camera: pos 114.5 143.5 60.3 | proj _11=2.6176 _22=4.6534 _33=1.00001 _43=-0.15 (aspect 1.778)
camera: pos 114.5 143.5 60.3 | proj _11=2.5610 _22=4.5528 _33=1.00001 _43=-0.15 (aspect 1.778)
camera: pos 114.5 143.5 60.3 | proj _11=2.5072 _22=4.4572 _33=1.00001 _43=-0.15 (aspect 1.778)
camera: pos 114.5 143.5 60.2 | proj _11=2.4542 _22=4.3630 _33=1.00001 _43=-0.15 (aspect 1.778)
camera: pos 114.5 143.6 60.2 | proj _11=2.4048 _22=4.2752 _33=1.00001 _43=-0.15 (aspect 1.778)
camera: pos 114.5 143.6 60.2 | proj _11=2.3563 _22=4.1888 _33=1.00001 _43=-0.15 (aspect 1.778)
camera: pos 114.5 143.6 60.2 | proj _11=2.3100 _22=4.1067 _33=1.00001 _43=-0.15 (aspect 1.778)
camera: pos 114.4 143.6 60.2 | proj _11=2.2646 _22=4.0259 _33=1.00001 _43=-0.15 (aspect 1.778)
camera: pos 114.4 143.6 60.2 | proj _11=2.2215 _22=3.9493 _33=1.00001 _43=-0.15 (aspect 1.778)
camera: pos 114.4 143.6 60.2 | proj _11=2.1791 _22=3.8739 _33=1.00001 _43=-0.15 (aspect 1.778)
camera: pos 114.4 143.6 60.2 | proj _11=2.1391 _22=3.8028 _33=1.00001 _43=-0.15 (aspect 1.778)
camera: pos 114.4 143.7 60.2 | proj _11=2.0993 _22=3.7320 _33=1.00001 _43=-0.15 (aspect 1.778)
camera: pos 114.4 143.7 60.2 | proj _11=2.0620 _22=3.6657 _33=1.00001 _43=-0.15 (aspect 1.778)
camera: pos 114.4 143.7 60.2 | proj _11=2.0252 _22=3.6002 _33=1.00001 _43=-0.15 (aspect 1.778)
camera: pos 114.3 143.7 60.2 | proj _11=1.9898 _22=3.5374 _33=1.00001 _43=-0.15 (aspect 1.778)
camera: pos 114.3 143.7 60.1 | proj _11=1.9543 _22=3.4743 _33=1.00001 _43=-0.15 (aspect 1.778)
camera: pos 114.3 143.7 60.1 | proj _11=1.9216 _22=3.4162 _33=1.00001 _43=-0.15 (aspect 1.778)
camera: pos 114.3 143.7 60.1 | proj _11=1.8889 _22=3.3580 _33=1.00001 _43=-0.15 (aspect 1.778)
camera: pos 114.3 143.8 60.1 | proj _11=1.8574 _22=3.3020 _33=1.00001 _43=-0.15 (aspect 1.778)
camera: pos 114.3 143.8 60.1 | proj _11=1.8269 _22=3.2477 _33=1.00001 _43=-0.15 (aspect 1.778)
camera: pos 114.3 143.8 60.1 | proj _11=1.7970 _22=3.1946 _33=1.00001 _43=-0.15 (aspect 1.778)
camera: pos 114.2 143.8 60.1 | proj _11=1.7677 _22=3.1424 _33=1.00001 _43=-0.15 (aspect 1.778)
camera: pos 114.2 143.8 60.1 | proj _11=1.7397 _22=3.0928 _33=1.00001 _43=-0.15 (aspect 1.778)
camera: pos 114.2 143.8 60.1 | proj _11=1.7120 _22=3.0436 _33=1.00001 _43=-0.15 (aspect 1.778)
camera: pos 114.2 143.8 60.1 | proj _11=1.6855 _22=2.9964 _33=1.00001 _43=-0.15 (aspect 1.778)
camera: pos 114.2 143.9 60.1 | proj _11=1.6590 _22=2.9493 _33=1.00001 _43=-0.15 (aspect 1.778)
camera: pos 114.2 143.9 60.1 | proj _11=1.6341 _22=2.9050 _33=1.00001 _43=-0.15 (aspect 1.778)
camera: pos 114.2 143.9 60.1 | proj _11=1.6092 _22=2.8608 _33=1.00001 _43=-0.15 (aspect 1.778)
camera: pos 113.7 143.7 60.1 | proj _11=1.6924 _22=3.0086 _33=1.00001 _43=-0.15 (aspect 1.778)
camera: pos 113.8 143.7 60.1 | proj _11=1.7879 _22=3.1784 _33=1.00001 _43=-0.15 (aspect 1.778)
camera: pos 113.8 143.6 60.2 | proj _11=1.8873 _22=3.3552 _33=1.00001 _43=-0.15 (aspect 1.778)
camera: pos 113.8 143.6 60.2 | proj _11=1.9992 _22=3.5540 _33=1.00001 _43=-0.15 (aspect 1.778)
camera: pos 113.8 143.6 60.2 | proj _11=2.1231 _22=3.7744 _33=1.00001 _43=-0.15 (aspect 1.778)
camera: pos 113.8 143.6 60.2 | proj _11=2.1019 _22=3.7367 _33=1.00001 _43=-0.15 (aspect 1.778)
camera: pos 113.8 143.6 60.2 | proj _11=2.0807 _22=3.6990 _33=1.00001 _43=-0.15 (aspect 1.778)
camera: pos 113.8 143.6 60.2 | proj _11=2.0600 _22=3.6621 _33=1.00001 _43=-0.15 (aspect 1.778)
camera: pos 113.8 143.6 60.2 | proj _11=2.0393 _22=3.6254 _33=1.00001 _43=-0.15 (aspect 1.778)
camera: pos 113.8 143.6 60.2 | proj _11=2.0192 _22=3.5897 _33=1.00001 _43=-0.15 (aspect 1.778)
camera: pos 113.8 143.6 60.2 | proj _11=1.9995 _22=3.5546 _33=1.00001 _43=-0.15 (aspect 1.778)
camera: pos 113.8 143.6 60.2 | proj _11=1.9799 _22=3.5197 _33=1.00001 _43=-0.15 (aspect 1.778)
camera: pos 113.8 143.7 60.2 | proj _11=1.9605 _22=3.4853 _33=1.00001 _43=-0.15 (aspect 1.778)
camera: pos 113.7 143.7 60.1 | proj _11=1.9411 _22=3.4508 _33=1.00001 _43=-0.15 (aspect 1.778)
camera: pos 113.7 143.7 60.1 | proj _11=1.9236 _22=3.4196 _33=1.00001 _43=-0.15 (aspect 1.778)
camera: pos 113.7 143.7 60.1 | proj _11=1.9056 _22=3.3876 _33=1.00001 _43=-0.15 (aspect 1.778)
camera: pos 113.6 143.7 60.1 | proj _11=1.8877 _22=3.3558 _33=1.00001 _43=-0.15 (aspect 1.778)
camera: pos 113.6 143.7 60.1 | proj _11=1.8700 _22=3.3245 _33=1.00001 _43=-0.15 (aspect 1.778)
camera: pos 113.5 143.7 60.1 | proj _11=1.8516 _22=3.2917 _33=1.00001 _43=-0.15 (aspect 1.778)
camera: pos 113.5 143.7 60.1 | proj _11=1.8357 _22=3.2634 _33=1.00001 _43=-0.15 (aspect 1.778)
camera: pos 113.5 143.7 60.1 | proj _11=1.8187 _22=3.2332 _33=1.00001 _43=-0.15 (aspect 1.778)
camera: pos 113.4 143.7 60.1 | proj _11=1.8023 _22=3.2041 _33=1.00001 _43=-0.15 (aspect 1.778)
camera: pos 113.4 143.7 60.1 | proj _11=1.7860 _22=3.1751 _33=1.00001 _43=-0.15 (aspect 1.778)
camera: pos 113.5 143.6 60.2 | proj _11=1.8594 _22=3.3055 _33=1.00001 _43=-0.15 (aspect 1.778)
camera: pos 113.5 143.6 60.2 | proj _11=1.9434 _22=3.4549 _33=1.00001 _43=-0.15 (aspect 1.778)
camera: pos 113.5 143.6 60.2 | proj _11=2.0357 _22=3.6190 _33=1.00001 _43=-0.15 (aspect 1.778)
camera: pos 113.6 143.6 60.2 | proj _11=2.0185 _22=3.5884 _33=1.00001 _43=-0.15 (aspect 1.778)
camera: pos 113.7 143.6 60.2 | proj _11=2.0014 _22=3.5580 _33=1.00001 _43=-0.15 (aspect 1.778)
camera: pos 113.7 143.6 60.2 | proj _11=1.9847 _22=3.5284 _33=1.00001 _43=-0.15 (aspect 1.778)
camera: pos 113.8 143.7 60.2 | proj _11=1.9681 _22=3.4988 _33=1.00001 _43=-0.15 (aspect 1.778)
camera: pos 113.9 143.7 60.2 | proj _11=1.9516 _22=3.4695 _33=1.00001 _43=-0.15 (aspect 1.778)
camera: pos 114.0 143.7 60.1 | proj _11=1.9358 _22=3.4413 _33=1.00001 _43=-0.15 (aspect 1.778)
camera: pos 114.0 143.7 60.1 | proj _11=1.9198 _22=3.4130 _33=1.00001 _43=-0.15 (aspect 1.778)
camera: pos 114.1 143.7 60.1 | proj _11=1.9034 _22=3.3837 _33=1.00001 _43=-0.15 (aspect 1.778)
camera: pos 114.2 143.7 60.2 | proj _11=1.9751 _22=3.5112 _33=1.00001 _43=-0.15 (aspect 1.778)
camera: pos 114.3 143.7 60.2 | proj _11=1.9609 _22=3.4860 _33=1.00001 _43=-0.15 (aspect 1.778)
camera: pos 114.3 143.7 60.2 | proj _11=1.9465 _22=3.4604 _33=1.00001 _43=-0.15 (aspect 1.778)
camera: pos 114.3 143.7 60.1 | proj _11=1.9325 _22=3.4355 _33=1.00001 _43=-0.15 (aspect 1.778)
camera: pos 114.3 143.7 60.1 | proj _11=1.9184 _22=3.4103 _33=1.00001 _43=-0.15 (aspect 1.778)
camera: pos 114.3 143.7 60.1 | proj _11=1.9049 _22=3.3864 _33=1.00001 _43=-0.15 (aspect 1.778)
camera: pos 114.3 143.7 60.1 | proj _11=1.8911 _22=3.3619 _33=1.00001 _43=-0.15 (aspect 1.778)
camera: pos 114.3 143.7 60.1 | proj _11=1.8774 _22=3.3376 _33=1.00001 _43=-0.15 (aspect 1.778)
camera: pos 114.2 143.7 60.1 | proj _11=1.8638 _22=3.3133 _33=1.00001 _43=-0.15 (aspect 1.778)
frame 44400 | draws 2503/frame | FFP converted 765/frame (30.6%)
    not converted: screen-space 40  skinned 0  ortho 0  vertex-format 8  untextured 1102  instanced 0  mirrored 0  other-camera 261  no camera 0  other 0 (per frame)
    prepasses hidden: sampler-less 1102/frame, stipple-with-no-colour 238/frame (these used to convert WHITE) | post/composite quads marked 40/frame
    constant-colour materials (no diffuse map, albedo from the shader's own constant) 79/frame | HUD quads demoted to UI 0/frame | back-buffer clears 1/frame | sky draws 56/frame | UI-pass draws converted 0/frame
    instancing: 862 converted from the instance stream/frame, 0 refused/frame (largest single draw 1 instances, 0.9 buffer writes snooped/frame)
    SKINNING: 75 skinned/frame, 25 refused/frame, 0 exact duplicates dropped/frame | 159 meshes decoded, 159 cached, 0 cache flushes
    ALBEDO stage 0 taken raw (no shader reflection) 0/frame
    ALBEDO: constant-only 79/frame, tinted fallback 0/frame, genuinely blank 0/frame (of 80 rank-0 draws/frame)
    ALBEDO WHITE (previously uncounted): named-but-not-bound 0/frame, render-target exclusion left nothing 0/frame | colourless passes now hidden 28/frame | screen-space passes hidden 0/frame | particle billboards hidden 5/frame
    SKIPPED entirely 0/frame (mode 3) | demoted to UI overlay 0/frame | no-albedo materials left to Remix 80/frame
    MARKED with the marker texture 1674/frame (refused as unsafe 0/frame, 3823 SetTexture calls/frame, marker created)
    albedo: moved off stage 0 201/frame, blanked 79/frame, restored from mesh cache 241/frame (2213 meshes cached, 3 flushes) | RT textures known 55 | lights 13.1/frame (24 shaders)
    camera 114.2 143.7 60.1 | distinct cameras this frame 1 (max 1) | transform writes 503/frame | redundant state calls dropped 19826/frame
    world matrix changes 501/frame | objTM used without a fresh upload 0/frame | uv matrix writes 12/frame (last scale 0.00098, 0.00098)
    TIMING: frame 21.6 ms avg (46 fps), worst 60 ms | shim 11.01 ms avg (50.9% of frame), worst 10.3 ms
    TIMING tail: 2 frames >=33 ms, 0 >=100 ms in this window of 600 | inside real Present 3.38 ms avg, worst 7.8 ms | our other hooks 0.00 ms avg
    converted -> target 14F0BEE0 1280x720 fmt=34 : 27 draws/frame
    converted -> target 14F11738 1280x720 fmt=113 : 709 draws/frame
    converted -> target 14F0BB00 1280x720 fmt=113 : 3 draws/frame
    converted -> target 14F0C6A0 1280x720 fmt=21 : 0 draws/frame
camera: pos 114.3 143.7 60.2 | proj _11=1.9387 _22=3.4466 _33=1.00001 _43=-0.15 (aspect 1.778)
camera: pos 114.3 143.6 60.2 | proj _11=2.0186 _22=3.5885 _33=1.00001 _43=-0.15 (aspect 1.778)
camera: pos 114.2 143.6 60.2 | proj _11=2.1064 _22=3.7446 _33=1.00001 _43=-0.15 (aspect 1.778)
camera: pos 114.1 143.6 60.2 | proj _11=2.0859 _22=3.7081 _33=1.00001 _43=-0.15 (aspect 1.778)
camera: pos 114.1 143.6 60.2 | proj _11=2.0640 _22=3.6692 _33=1.00001 _43=-0.15 (aspect 1.778)
camera: pos 114.0 143.6 60.2 | proj _11=2.0447 _22=3.6350 _33=1.00001 _43=-0.15 (aspect 1.778)
camera: pos 114.0 143.6 60.2 | proj _11=2.0258 _22=3.6014 _33=1.00001 _43=-0.15 (aspect 1.778)
camera: pos 114.0 143.7 60.2 | proj _11=2.0062 _22=3.5665 _33=1.00001 _43=-0.15 (aspect 1.778)
camera: pos 114.0 143.7 60.2 | proj _11=1.9873 _22=3.5330 _33=1.00001 _43=-0.15 (aspect 1.778)
camera: pos 113.9 143.7 60.2 | proj _11=1.9684 _22=3.4993 _33=1.00001 _43=-0.15 (aspect 1.778)
camera: pos 113.9 143.7 60.2 | proj _11=1.9500 _22=3.4667 _33=1.00001 _43=-0.15 (aspect 1.778)
camera: pos 114.0 143.7 60.1 | proj _11=1.9370 _22=3.4435 _33=1.00001 _43=-0.15 (aspect 1.778)
camera: pos 114.0 143.7 60.1 | proj _11=1.9239 _22=3.4203 _33=1.00001 _43=-0.15 (aspect 1.778)
camera: pos 114.1 143.7 60.1 | proj _11=1.9107 _22=3.3967 _33=1.00001 _43=-0.15 (aspect 1.778)
camera: pos 114.1 143.7 60.1 | proj _11=1.8981 _22=3.3743 _33=1.00001 _43=-0.15 (aspect 1.778)
camera: pos 114.1 143.7 60.1 | proj _11=1.8842 _22=3.3497 _33=1.00001 _43=-0.15 (aspect 1.778)
camera: pos 114.2 143.7 60.1 | proj _11=1.8727 _22=3.3292 _33=1.00001 _43=-0.15 (aspect 1.778)
camera: pos 114.2 143.7 60.1 | proj _11=1.8600 _22=3.3067 _33=1.00001 _43=-0.15 (aspect 1.778)
camera: pos 114.2 143.7 60.1 | proj _11=1.8479 _22=3.2851 _33=1.00001 _43=-0.15 (aspect 1.778)
camera: pos 114.2 143.7 60.1 | proj _11=1.8359 _22=3.2637 _33=1.00001 _43=-0.15 (aspect 1.778)
camera: pos 114.2 143.7 60.1 | proj _11=1.8238 _22=3.2422 _33=1.00001 _43=-0.15 (aspect 1.778)
camera: pos 114.1 143.8 60.1 | proj _11=1.8080 _22=3.2142 _33=1.00001 _43=-0.15 (aspect 1.778)
camera: pos 114.0 143.8 60.1 | proj _11=1.7920 _22=3.1856 _33=1.00001 _43=-0.15 (aspect 1.778)
camera: pos 114.0 143.8 60.1 | proj _11=1.7664 _22=3.1402 _33=1.00001 _43=-0.15 (aspect 1.778)
camera: pos 114.0 143.7 60.1 | proj _11=1.8384 _22=3.2681 _33=1.00001 _43=-0.15 (aspect 1.778)
camera: pos 114.0 143.7 60.1 | proj _11=1.8167 _22=3.2296 _33=1.00001 _43=-0.15 (aspect 1.778)
camera: pos 114.1 143.8 60.1 | proj _11=1.8001 _22=3.2001 _33=1.00001 _43=-0.15 (aspect 1.778)
camera: pos 114.2 143.8 60.1 | proj _11=1.7837 _22=3.1710 _33=1.00001 _43=-0.15 (aspect 1.778)
camera: pos 114.2 143.8 60.1 | proj _11=1.7670 _22=3.1413 _33=1.00001 _43=-0.15 (aspect 1.778)
camera: pos 114.3 143.8 60.1 | proj _11=1.7516 _22=3.1139 _33=1.00001 _43=-0.15 (aspect 1.778)
camera: pos 114.3 143.8 60.1 | proj _11=1.7359 _22=3.0860 _33=1.00001 _43=-0.15 (aspect 1.778)
camera: pos 114.3 143.8 60.1 | proj _11=1.7205 _22=3.0586 _33=1.00001 _43=-0.15 (aspect 1.778)
camera: pos 114.3 143.8 60.1 | proj _11=1.7053 _22=3.0316 _33=1.00001 _43=-0.15 (aspect 1.778)
camera: pos 114.3 143.8 60.1 | proj _11=1.6899 _22=3.0042 _33=1.00001 _43=-0.15 (aspect 1.778)
camera: pos 114.2 143.8 60.1 | proj _11=1.6755 _22=2.9786 _33=1.00001 _43=-0.15 (aspect 1.778)
camera: pos 114.1 143.8 60.1 | proj _11=1.6604 _22=2.9518 _33=1.00001 _43=-0.15 (aspect 1.778)
camera: pos 114.1 143.8 60.1 | proj _11=1.6466 _22=2.9273 _33=1.00001 _43=-0.15 (aspect 1.778)
camera: pos 114.1 143.8 60.1 | proj _11=1.6325 _22=2.9021 _33=1.00001 _43=-0.15 (aspect 1.778)
camera: pos 114.1 143.9 60.1 | proj _11=1.6185 _22=2.8773 _33=1.00001 _43=-0.15 (aspect 1.778)
camera: pos 114.0 143.9 60.1 | proj _11=1.6085 _22=2.8594 _33=1.00001 _43=-0.15 (aspect 1.778)
camera: pos 114.0 143.8 60.1 | proj _11=1.6851 _22=2.9956 _33=1.00001 _43=-0.15 (aspect 1.778)
camera: pos 114.0 143.7 60.1 | proj _11=1.7768 _22=3.1587 _33=1.00001 _43=-0.15 (aspect 1.778)
camera: pos 113.9 143.8 60.1 | proj _11=1.7648 _22=3.1373 _33=1.00001 _43=-0.15 (aspect 1.778)
camera: pos 113.9 143.8 60.1 | proj _11=1.7527 _22=3.1159 _33=1.00001 _43=-0.15 (aspect 1.778)
camera: pos 113.9 143.8 60.1 | proj _11=1.7409 _22=3.0949 _33=1.00001 _43=-0.15 (aspect 1.778)
camera: pos 113.9 143.8 60.1 | proj _11=1.7292 _22=3.0741 _33=1.00001 _43=-0.15 (aspect 1.778)
camera: pos 114.0 143.7 60.1 | proj _11=1.8108 _22=3.2192 _33=1.00001 _43=-0.15 (aspect 1.778)
camera: pos 114.1 143.7 60.2 | proj _11=1.8917 _22=3.3629 _33=1.00001 _43=-0.15 (aspect 1.778)
camera: pos 114.1 143.7 60.2 | proj _11=1.9860 _22=3.5307 _33=1.00001 _43=-0.15 (aspect 1.778)
camera: pos 114.2 143.7 60.2 | proj _11=1.9711 _22=3.5042 _33=1.00001 _43=-0.15 (aspect 1.778)
camera: pos 114.3 143.7 60.2 | proj _11=1.9564 _22=3.4780 _33=1.00001 _43=-0.15 (aspect 1.778)
camera: pos 114.3 143.7 60.1 | proj _11=1.9418 _22=3.4520 _33=1.00001 _43=-0.15 (aspect 1.778)
camera: pos 114.4 143.7 60.1 | proj _11=1.9266 _22=3.4250 _33=1.00001 _43=-0.15 (aspect 1.778)
camera: pos 114.4 143.7 60.1 | proj _11=1.9131 _22=3.4011 _33=1.00001 _43=-0.15 (aspect 1.778)
camera: pos 114.4 143.7 60.1 | proj _11=1.8991 _22=3.3762 _33=1.00001 _43=-0.15 (aspect 1.778)
camera: pos 114.4 143.7 60.1 | proj _11=1.8851 _22=3.3513 _33=1.00001 _43=-0.15 (aspect 1.778)
camera: pos 114.5 143.7 60.2 | proj _11=1.9587 _22=3.4820 _33=1.00001 _43=-0.15 (aspect 1.778)
camera: pos 114.5 143.7 60.2 | proj _11=2.0427 _22=3.6314 _33=1.00001 _43=-0.15 (aspect 1.778)
camera: pos 114.5 143.7 60.2 | proj _11=2.0254 _22=3.6007 _33=1.00001 _43=-0.15 (aspect 1.778)
camera: pos 114.5 143.7 60.2 | proj _11=2.0080 _22=3.5697 _33=1.00001 _43=-0.15 (aspect 1.778)
camera: pos 114.4 143.7 60.2 | proj _11=1.9909 _22=3.5393 _33=1.00001 _43=-0.15 (aspect 1.778)
camera: pos 114.4 143.7 60.2 | proj _11=1.9741 _22=3.5095 _33=1.00001 _43=-0.15 (aspect 1.778)
camera: pos 114.3 143.7 60.2 | proj _11=1.9573 _22=3.4796 _33=1.00001 _43=-0.15 (aspect 1.778)
camera: pos 114.2 143.7 60.1 | proj _11=1.9410 _22=3.4506 _33=1.00001 _43=-0.15 (aspect 1.778)
camera: pos 114.2 143.7 60.1 | proj _11=1.9243 _22=3.4210 _33=1.00001 _43=-0.15 (aspect 1.778)
camera: pos 114.1 143.7 60.1 | proj _11=1.9082 _22=3.3922 _33=1.00001 _43=-0.15 (aspect 1.778)
camera: pos 114.1 143.6 60.2 | proj _11=1.9829 _22=3.5251 _33=1.00001 _43=-0.15 (aspect 1.778)
camera: pos 114.1 143.6 60.2 | proj _11=2.0578 _22=3.6582 _33=1.00001 _43=-0.15 (aspect 1.778)
camera: pos 114.0 143.6 60.2 | proj _11=2.0398 _22=3.6263 _33=1.00001 _43=-0.15 (aspect 1.778)
camera: pos 114.0 143.6 60.2 | proj _11=2.0217 _22=3.5941 _33=1.00001 _43=-0.15 (aspect 1.778)
camera: pos 114.0 143.7 60.2 | proj _11=2.0028 _22=3.5605 _33=1.00001 _43=-0.15 (aspect 1.778)
camera: pos 114.0 143.7 60.2 | proj _11=1.9864 _22=3.5313 _33=1.00001 _43=-0.15 (aspect 1.778)
camera: pos 114.1 143.7 60.2 | proj _11=1.9691 _22=3.5006 _33=1.00001 _43=-0.15 (aspect 1.778)
camera: pos 114.1 143.7 60.2 | proj _11=1.9521 _22=3.4704 _33=1.00001 _43=-0.15 (aspect 1.778)
camera: pos 114.1 143.7 60.1 | proj _11=1.9353 _22=3.4405 _33=1.00001 _43=-0.15 (aspect 1.778)
camera: pos 114.1 143.7 60.1 | proj _11=1.9172 _22=3.4083 _33=1.00001 _43=-0.15 (aspect 1.778)
camera: pos 114.2 143.7 60.2 | proj _11=1.9849 _22=3.5287 _33=1.00001 _43=-0.15 (aspect 1.778)
camera: pos 114.1 143.7 60.2 | proj _11=1.9702 _22=3.5026 _33=1.00001 _43=-0.15 (aspect 1.778)
camera: pos 114.1 143.7 60.2 | proj _11=1.9553 _22=3.4760 _33=1.00001 _43=-0.15 (aspect 1.778)
camera: pos 114.0 143.7 60.2 | proj _11=1.9410 _22=3.4506 _33=1.00001 _43=-0.15 (aspect 1.778)
camera: pos 114.0 143.7 60.1 | proj _11=1.9267 _22=3.4251 _33=1.00001 _43=-0.15 (aspect 1.778)
camera: pos 113.9 143.7 60.1 | proj _11=1.9126 _22=3.4000 _33=1.00001 _43=-0.15 (aspect 1.778)
camera: pos 113.9 143.7 60.1 | proj _11=1.8986 _22=3.3751 _33=1.00001 _43=-0.15 (aspect 1.778)
camera: pos 113.8 143.7 60.1 | proj _11=1.8834 _22=3.3482 _33=1.00001 _43=-0.15 (aspect 1.778)
camera: pos 113.8 143.7 60.1 | proj _11=1.8708 _22=3.3259 _33=1.00001 _43=-0.15 (aspect 1.778)
camera: pos 113.8 143.7 60.1 | proj _11=1.8575 _22=3.3022 _33=1.00001 _43=-0.15 (aspect 1.778)
camera: pos 113.8 143.7 60.1 | proj _11=1.8442 _22=3.2785 _33=1.00001 _43=-0.15 (aspect 1.778)
camera: pos 113.8 143.7 60.1 | proj _11=1.9196 _22=3.4126 _33=1.00001 _43=-0.15 (aspect 1.778)
camera: pos 113.7 143.7 60.1 | proj _11=1.9077 _22=3.3913 _33=1.00001 _43=-0.15 (aspect 1.778)
camera: pos 113.7 143.7 60.1 | proj _11=1.8959 _22=3.3704 _33=1.00001 _43=-0.15 (aspect 1.778)
camera: pos 113.7 143.7 60.1 | proj _11=1.8841 _22=3.3494 _33=1.00001 _43=-0.15 (aspect 1.778)
camera: pos 113.7 143.7 60.1 | proj _11=1.8725 _22=3.3288 _33=1.00001 _43=-0.15 (aspect 1.778)
camera: pos 113.7 143.7 60.1 | proj _11=1.8608 _22=3.3080 _33=1.00001 _43=-0.15 (aspect 1.778)
camera: pos 113.7 143.7 60.1 | proj _11=1.8492 _22=3.2874 _33=1.00001 _43=-0.15 (aspect 1.778)
camera: pos 113.8 143.7 60.1 | proj _11=1.8383 _22=3.2681 _33=1.00001 _43=-0.15 (aspect 1.778)
camera: pos 113.8 143.7 60.1 | proj _11=1.8271 _22=3.2482 _33=1.00001 _43=-0.15 (aspect 1.778)
camera: pos 114.0 143.7 60.1 | proj _11=1.8111 _22=3.2197 _33=1.00001 _43=-0.15 (aspect 1.778)
camera: pos 114.0 143.7 60.1 | proj _11=1.7952 _22=3.1914 _33=1.00001 _43=-0.15 (aspect 1.778)
camera: pos 114.0 143.7 60.1 | proj _11=1.7790 _22=3.1625 _33=1.00001 _43=-0.15 (aspect 1.778)
camera: pos 113.9 143.8 60.1 | proj _11=1.7643 _22=3.1364 _33=1.00001 _43=-0.15 (aspect 1.778)
camera: pos 114.0 143.7 60.1 | proj _11=1.8338 _22=3.2599 _33=1.00001 _43=-0.15 (aspect 1.778)
camera: pos 114.0 143.7 60.1 | proj _11=1.9198 _22=3.4130 _33=1.00001 _43=-0.15 (aspect 1.778)
camera: pos 114.0 143.7 60.1 | proj _11=1.9080 _22=3.3919 _33=1.00001 _43=-0.15 (aspect 1.778)
camera: pos 114.0 143.7 60.1 | proj _11=1.8960 _22=3.3707 _33=1.00001 _43=-0.15 (aspect 1.778)
camera: pos 114.0 143.7 60.1 | proj _11=1.8843 _22=3.3499 _33=1.00001 _43=-0.15 (aspect 1.778)
camera: pos 114.0 143.7 60.1 | proj _11=1.8727 _22=3.3292 _33=1.00001 _43=-0.15 (aspect 1.778)
camera: pos 114.0 143.7 60.1 | proj _11=1.8610 _22=3.3083 _33=1.00001 _43=-0.15 (aspect 1.778)
camera: pos 114.0 143.7 60.1 | proj _11=1.8499 _22=3.2886 _33=1.00001 _43=-0.15 (aspect 1.778)
camera: pos 114.0 143.7 60.1 | proj _11=1.8380 _22=3.2675 _33=1.00001 _43=-0.15 (aspect 1.778)
camera: pos 114.0 143.7 60.2 | proj _11=1.9222 _22=3.4173 _33=1.00001 _43=-0.15 (aspect 1.778)
camera: pos 114.0 143.6 60.2 | proj _11=1.9958 _22=3.5481 _33=1.00001 _43=-0.15 (aspect 1.778)
camera: pos 114.0 143.6 60.2 | proj _11=2.0844 _22=3.7055 _33=1.00001 _43=-0.15 (aspect 1.778)
camera: pos 114.0 143.6 60.2 | proj _11=2.0657 _22=3.6722 _33=1.00001 _43=-0.15 (aspect 1.778)
camera: pos 114.0 143.6 60.2 | proj _11=2.0467 _22=3.6385 _33=1.00001 _43=-0.15 (aspect 1.778)
camera: pos 114.0 143.6 60.2 | proj _11=2.0275 _22=3.6044 _33=1.00001 _43=-0.15 (aspect 1.778)
camera: pos 114.0 143.6 60.2 | proj _11=2.0089 _22=3.5713 _33=1.00001 _43=-0.15 (aspect 1.778)
frame 45000 | draws 2475/frame | FFP converted 756/frame (30.5%)
    not converted: screen-space 40  skinned 0  ortho 0  vertex-format 8  untextured 1089  instanced 0  mirrored 0  other-camera 258  no camera 0  other 0 (per frame)
    prepasses hidden: sampler-less 1089/frame, stipple-with-no-colour 236/frame (these used to convert WHITE) | post/composite quads marked 40/frame
    constant-colour materials (no diffuse map, albedo from the shader's own constant) 78/frame | HUD quads demoted to UI 0/frame | back-buffer clears 1/frame | sky draws 55/frame | UI-pass draws converted 0/frame
    instancing: 851 converted from the instance stream/frame, 0 refused/frame (largest single draw 1 instances, 0.9 buffer writes snooped/frame)
    SKINNING: 75 skinned/frame, 25 refused/frame, 0 exact duplicates dropped/frame | 159 meshes decoded, 159 cached, 0 cache flushes
    ALBEDO stage 0 taken raw (no shader reflection) 0/frame
    ALBEDO: constant-only 78/frame, tinted fallback 0/frame, genuinely blank 0/frame (of 79 rank-0 draws/frame)
    ALBEDO WHITE (previously uncounted): named-but-not-bound 0/frame, render-target exclusion left nothing 0/frame | colourless passes now hidden 28/frame | screen-space passes hidden 0/frame | particle billboards hidden 5/frame
    SKIPPED entirely 0/frame (mode 3) | demoted to UI overlay 0/frame | no-albedo materials left to Remix 79/frame
    MARKED with the marker texture 1656/frame (refused as unsafe 0/frame, 3787 SetTexture calls/frame, marker created)
    albedo: moved off stage 0 199/frame, blanked 78/frame, restored from mesh cache 238/frame (2217 meshes cached, 3 flushes) | RT textures known 55 | lights 13.1/frame (24 shaders)
    camera 114.0 143.6 60.2 | distinct cameras this frame 1 (max 1) | transform writes 497/frame | redundant state calls dropped 19599/frame
    world matrix changes 495/frame | objTM used without a fresh upload 0/frame | uv matrix writes 12/frame (last scale 0.00098, 0.00098)
    TIMING: frame 21.6 ms avg (46 fps), worst 45 ms | shim 10.96 ms avg (50.8% of frame), worst 9.5 ms
    TIMING tail: 2 frames >=33 ms, 0 >=100 ms in this window of 600 | inside real Present 3.42 ms avg, worst 31.7 ms | our other hooks 0.00 ms avg
    converted -> target 14F0BEE0 1280x720 fmt=34 : 26 draws/frame
    converted -> target 14F11738 1280x720 fmt=113 : 701 draws/frame
    converted -> target 14F0BB00 1280x720 fmt=113 : 3 draws/frame
    converted -> target 14F0C6A0 1280x720 fmt=21 : 0 draws/frame
camera: pos 113.9 143.7 60.2 | proj _11=1.9906 _22=3.5387 _33=1.00001 _43=-0.15 (aspect 1.778)
camera: pos 113.9 143.7 60.2 | proj _11=1.9723 _22=3.5062 _33=1.00001 _43=-0.15 (aspect 1.778)
camera: pos 113.9 143.7 60.2 | proj _11=1.9542 _22=3.4740 _33=1.00001 _43=-0.15 (aspect 1.778)
camera: pos 114.0 143.6 60.2 | proj _11=2.0253 _22=3.6004 _33=1.00001 _43=-0.15 (aspect 1.778)
camera: pos 114.0 143.6 60.2 | proj _11=2.0985 _22=3.7306 _33=1.00001 _43=-0.15 (aspect 1.778)
camera: pos 114.0 143.6 60.2 | proj _11=2.1787 _22=3.8732 _33=1.00001 _43=-0.15 (aspect 1.778)
camera: pos 114.0 143.6 60.2 | proj _11=2.1546 _22=3.8304 _33=1.00001 _43=-0.15 (aspect 1.778)
camera: pos 114.0 143.6 60.2 | proj _11=2.1306 _22=3.7877 _33=1.00001 _43=-0.15 (aspect 1.778)
camera: pos 114.0 143.6 60.2 | proj _11=2.1072 _22=3.7460 _33=1.00001 _43=-0.15 (aspect 1.778)
camera: pos 113.9 143.6 60.2 | proj _11=2.0825 _22=3.7021 _33=1.00001 _43=-0.15 (aspect 1.778)
camera: pos 113.9 143.6 60.2 | proj _11=2.0612 _22=3.6643 _33=1.00001 _43=-0.15 (aspect 1.778)
camera: pos 113.9 143.6 60.2 | proj _11=2.0391 _22=3.6251 _33=1.00001 _43=-0.15 (aspect 1.778)
camera: pos 113.8 143.6 60.2 | proj _11=2.0173 _22=3.5862 _33=1.00001 _43=-0.15 (aspect 1.778)
camera: pos 113.8 143.6 60.2 | proj _11=2.0812 _22=3.6998 _33=1.00001 _43=-0.15 (aspect 1.778)
camera: pos 113.8 143.5 60.2 | proj _11=2.1508 _22=3.8236 _33=1.00001 _43=-0.15 (aspect 1.778)
camera: pos 113.8 143.5 60.2 | proj _11=2.2268 _22=3.9586 _33=1.00001 _43=-0.15 (aspect 1.778)
camera: pos 113.8 143.6 60.2 | proj _11=2.1993 _22=3.9099 _33=1.00001 _43=-0.15 (aspect 1.778)
camera: pos 113.8 143.6 60.2 | proj _11=2.1735 _22=3.8639 _33=1.00001 _43=-0.15 (aspect 1.778)
camera: pos 113.8 143.6 60.2 | proj _11=2.1474 _22=3.8175 _33=1.00001 _43=-0.15 (aspect 1.778)
camera: pos 113.8 143.6 60.2 | proj _11=2.1222 _22=3.7727 _33=1.00001 _43=-0.15 (aspect 1.778)
camera: pos 113.7 143.6 60.2 | proj _11=2.0967 _22=3.7275 _33=1.00001 _43=-0.15 (aspect 1.778)
camera: pos 113.7 143.6 60.2 | proj _11=2.0731 _22=3.6854 _33=1.00001 _43=-0.15 (aspect 1.778)
camera: pos 113.7 143.6 60.2 | proj _11=2.0493 _22=3.6431 _33=1.00001 _43=-0.15 (aspect 1.778)
camera: pos 113.7 143.6 60.2 | proj _11=2.0259 _22=3.6015 _33=1.00001 _43=-0.15 (aspect 1.778)
camera: pos 113.7 143.6 60.2 | proj _11=2.0026 _22=3.5602 _33=1.00001 _43=-0.15 (aspect 1.778)
camera: pos 113.7 143.6 60.2 | proj _11=1.9804 _22=3.5207 _33=1.00001 _43=-0.15 (aspect 1.778)
camera: pos 113.7 143.6 60.2 | proj _11=1.9584 _22=3.4816 _33=1.00001 _43=-0.15 (aspect 1.778)
camera: pos 113.7 143.7 60.1 | proj _11=1.9370 _22=3.4434 _33=1.00001 _43=-0.15 (aspect 1.778)
camera: pos 113.7 143.7 60.1 | proj _11=1.9156 _22=3.4055 _33=1.00001 _43=-0.15 (aspect 1.778)
camera: pos 113.7 143.7 60.1 | proj _11=1.8948 _22=3.3685 _33=1.00001 _43=-0.15 (aspect 1.778)
camera: pos 113.7 143.7 60.1 | proj _11=1.8747 _22=3.3327 _33=1.00001 _43=-0.15 (aspect 1.778)
camera: pos 113.7 143.7 60.1 | proj _11=1.8546 _22=3.2970 _33=1.00001 _43=-0.15 (aspect 1.778)
camera: pos 113.7 143.7 60.1 | proj _11=1.8351 _22=3.2623 _33=1.00001 _43=-0.15 (aspect 1.778)
camera: pos 113.6 143.7 60.1 | proj _11=1.8157 _22=3.2279 _33=1.00001 _43=-0.15 (aspect 1.778)
camera: pos 113.6 143.7 60.1 | proj _11=1.7967 _22=3.1941 _33=1.00001 _43=-0.15 (aspect 1.778)
camera: pos 113.6 143.7 60.1 | proj _11=1.7782 _22=3.1612 _33=1.00001 _43=-0.15 (aspect 1.778)
camera: pos 113.6 143.7 60.1 | proj _11=1.7599 _22=3.1287 _33=1.00001 _43=-0.15 (aspect 1.778)
camera: pos 113.6 143.7 60.1 | proj _11=1.7419 _22=3.0966 _33=1.00001 _43=-0.15 (aspect 1.778)
camera: pos 113.6 143.7 60.1 | proj _11=1.7243 _22=3.0653 _33=1.00001 _43=-0.15 (aspect 1.778)
camera: pos 113.6 143.8 60.1 | proj _11=1.7070 _22=3.0345 _33=1.00001 _43=-0.15 (aspect 1.778)
camera: pos 113.6 143.8 60.1 | proj _11=1.6898 _22=3.0040 _33=1.00001 _43=-0.15 (aspect 1.778)
camera: pos 113.6 143.8 60.1 | proj _11=1.6731 _22=2.9743 _33=1.00001 _43=-0.15 (aspect 1.778)
camera: pos 113.6 143.8 60.1 | proj _11=1.6566 _22=2.9450 _33=1.00001 _43=-0.15 (aspect 1.778)
camera: pos 113.6 143.8 60.1 | proj _11=1.6401 _22=2.9157 _33=1.00001 _43=-0.15 (aspect 1.778)
camera: pos 113.6 143.8 60.1 | proj _11=1.6240 _22=2.8871 _33=1.00001 _43=-0.15 (aspect 1.778)
camera: pos 113.6 143.8 60.1 | proj _11=1.6085 _22=2.8594 _33=1.00001 _43=-0.15 (aspect 1.778)
