sr3-rtx loaded (pid 29804) - FFP conversion, ported from sr2-rtx-remix-proxy
settings: ffp=1 convertSkinned=0 perspectiveOnly=1 skipDepthOnly=1 finiteFar=1(far=5000) rankAlbedo=1 excludeRTAlbedo=1 injectLights=1 uvScale=0.00098
CreateDevice hook installed
CreateDeviceEx hook installed
CreateDeviceEx -> hooking device (backbuffer 1280x720, aspect 1.778)
light shader: directional (pos=c0 dir=c-1 color=c2 info=c-1 spot=c-1)
light shader: directional (pos=c0 dir=c-1 color=c2 info=c-1 spot=c-1)
light shader: directional (pos=c0 dir=c-1 color=c2 info=c-1 spot=c-1)
light shader: directional (pos=c0 dir=c-1 color=c2 info=c-1 spot=c-1)
light shader: directional (pos=c0 dir=c-1 color=c2 info=c-1 spot=c-1)
light shader: directional (pos=c0 dir=c-1 color=c2 info=c-1 spot=c-1)
vertex layout #1: elems=3 pos=float4@0(stream 0) uv=float2 normal=0 color=1 skinned=0 positionT=0
frame 60 | draws 0/frame | FFP converted 0/frame (0.0%) | far substitutions 0/frame
    not converted: screen-space 0  skinned 0  depth-only 0  ortho 0  vertex-format 0  no-objTM 0  instanced 0  mirrored 0  other-camera 0  no camera 0  other 0 (per frame)
    instancing: 0 instanced draws/frame carrying 0 instances/frame (largest single draw 0 instances)
    OUTLIER converted draws (|world| > 20000): 0.0/frame, 0 total
    albedo: moved off stage 0 0/frame, blanked 0/frame | RT textures known 55 | lights 0.0/frame (24 shaders)
    camera 0.0 0.0 0.0 | distinct cameras this frame 0 (max 0) | transform writes 0/frame | redundant state calls dropped 0/frame
    world matrix changes 0/frame | objTM used without a fresh upload 0/frame
frame 600 | draws 0/frame | FFP converted 0/frame (0.0%) | far substitutions 0/frame
    not converted: screen-space 0  skinned 0  depth-only 0  ortho 0  vertex-format 0  no-objTM 0  instanced 0  mirrored 0  other-camera 0  no camera 0  other 0 (per frame)
    instancing: 0 instanced draws/frame carrying 0 instances/frame (largest single draw 0 instances)
    OUTLIER converted draws (|world| > 20000): 0.0/frame, 0 total
    albedo: moved off stage 0 0/frame, blanked 0/frame | RT textures known 55 | lights 0.0/frame (24 shaders)
    camera 0.0 0.0 0.0 | distinct cameras this frame 0 (max 0) | transform writes 0/frame | redundant state calls dropped 0/frame
    world matrix changes 0/frame | objTM used without a fresh upload 0/frame
frame 1200 | draws 0/frame | FFP converted 0/frame (0.0%) | far substitutions 0/frame
    not converted: screen-space 0  skinned 0  depth-only 0  ortho 0  vertex-format 0  no-objTM 0  instanced 0  mirrored 0  other-camera 0  no camera 0  other 0 (per frame)
    instancing: 0 instanced draws/frame carrying 0 instances/frame (largest single draw 0 instances)
    OUTLIER converted draws (|world| > 20000): 0.0/frame, 0 total
    albedo: moved off stage 0 0/frame, blanked 0/frame | RT textures known 55 | lights 0.0/frame (24 shaders)
    camera 0.0 0.0 0.0 | distinct cameras this frame 0 (max 0) | transform writes 0/frame | redundant state calls dropped 0/frame
    world matrix changes 0/frame | objTM used without a fresh upload 0/frame
vertex layout #2: elems=2 pos=float4@0(stream 0) uv=float2 normal=0 color=0 skinned=0 positionT=0
stream freq #1: stream=0 setting=0x00000001 -> plain count=1
stream freq #2: stream=0 setting=0x00000001 -> plain count=1
stream freq #3: stream=0 setting=0x00000001 -> plain count=1
stream freq #4: stream=0 setting=0x00000001 -> plain count=1
stream freq #5: stream=0 setting=0x00000001 -> plain count=1
stream freq #6: stream=0 setting=0x00000001 -> plain count=1
stream freq #7: stream=0 setting=0x00000001 -> plain count=1
stream freq #8: stream=0 setting=0x00000001 -> plain count=1
vertex layout #3: elems=12 pos=float3@0(stream 0) uv=short2 normal=1 color=0 skinned=0 positionT=0
stream freq #9: stream=4 setting=0x80000001 -> INSTANCEDATA count=1
stream freq #10: stream=0 setting=0x40000001 -> INDEXEDDATA count=1
stream freq #11: stream=4 setting=0x80000001 -> INSTANCEDATA count=1
stream freq #12: stream=0 setting=0x40000001 -> INDEXEDDATA count=1
vertex layout #4: elems=12 pos=float3@0(stream 0) uv=short2 normal=1 color=0 skinned=0 positionT=0
vertex layout #5: elems=13 pos=float3@0(stream 0) uv=short2 normal=1 color=0 skinned=0 positionT=0
vertex layout #6: elems=11 pos=float3@0(stream 0) uv=short2 normal=1 color=0 skinned=0 positionT=0
vertex layout #7: elems=7 pos=float3@0(stream 0) uv=short2 normal=0 color=0 skinned=0 positionT=0
vertex layout #8: elems=8 pos=float3@0(stream 0) uv=? normal=1 color=1 skinned=0 positionT=0
vertex layout #9: elems=10 pos=float3@0(stream 0) uv=? normal=1 color=0 skinned=0 positionT=0
vertex layout #10: elems=13 pos=float3@0(stream 0) uv=short2 normal=1 color=0 skinned=0 positionT=0
vertex layout #11: elems=6 pos=float3@0(stream 0) uv=short2 normal=1 color=1 skinned=0 positionT=0
view handedness baseline: determinant 1.000 (positive)
camera: pos 96.3 147.7 36.1 | proj _11=1.6085 _22=2.8594 _33=1.00001 _43=-0.15 (aspect 1.778)
short2 UV range #1: u 0..1025  v 594..769  (verts=52 stride=32 off=20)
short2 UV range #2: u -5..1002  v 401..757  (verts=40 stride=32 off=20)
short2 UV range #3: u 273..1024  v -829..519  (verts=384 stride=32 off=20)
short2 UV range #4: u 226..1807  v -976..1490  (verts=144 stride=32 off=20)
short2 UV range #5: u 373..752  v -2029..957  (verts=176 stride=32 off=20)
short2 UV range #6: u -20..2034  v -1..1024  (verts=1164 stride=32 off=20)
short2 UV range #7: u 266..752  v 69..983  (verts=1124 stride=32 off=20)
short2 UV range #8: u -1543..2585  v 21..754  (verts=116 stride=32 off=20)
vertex layout #12: elems=2 pos=float4@0(stream 0) uv=float4 normal=0 color=0 skinned=0 positionT=0
vertex layout #13: elems=15 pos=float3@0(stream 0) uv=short2 normal=1 color=0 skinned=1 positionT=0
vertex layout #14: elems=14 pos=float3@0(stream 0) uv=short2 normal=1 color=0 skinned=1 positionT=0
vertex layout #15: elems=6 pos=float3@0(stream 0) uv=? normal=0 color=0 skinned=0 positionT=0
short2 UV range #9: u -1682..3659  v -3..1023  (verts=2676 stride=20 off=16)
short2 UV range #10: u -1682..3659  v -3..1023  (verts=2676 stride=20 off=16)
vertex layout #16: elems=3 pos=float3@0(stream 0) uv=? normal=1 color=0 skinned=0 positionT=0
short2 UV range #11: u -5631..6655  v -9727..10751  (verts=830 stride=24 off=16)
short2 UV range #12: u 0..1024  v 0..1024  (verts=8 stride=24 off=16)
vertex layout #17: elems=3 pos=float3@0(stream 0) uv=float2 normal=0 color=1 skinned=0 positionT=0
vertex layout #18: elems=1 pos=float3@0(stream 0) uv=? normal=0 color=0 skinned=0 positionT=0
vertex layout #19: elems=1 pos=short4n@0(stream 0) uv=? normal=0 color=0 skinned=0 positionT=0
vertex layout #20: elems=2 pos=short4n@0(stream 0) uv=short2n normal=0 color=0 skinned=0 positionT=0
vertex layout #21: elems=3 pos=float4@0(stream 0) uv=float4 normal=0 color=0 skinned=0 positionT=0
vertex layout #22: elems=11 pos=float3@0(stream 0) uv=? normal=1 color=0 skinned=0 positionT=0
vertex layout #23: elems=14 pos=float3@0(stream 0) uv=short2 normal=1 color=0 skinned=0 positionT=0
call-order trace (V/v=SetVertexShader with/without objTM, P=projTM c28, O=objTM c32, W=view c48, D=draw converted, x=draw skipped):
  DvDDDvDDDDOOPWvDDDOOVxxOVxOVxOVxxxOxxxOxxOVxOVxOVxVxOxOxOxOxOxOxOxOxOxOxOxOxOxOxOxOxOxOxOxOxOxOxOxOx
  OxOxOxOxOxOxOxOxOxOVxOVxOVxOOPWPvxxxxxxxxxxxxxxxxxxxxxxxxxxxxxxxxxxxxxxxxxxxxxxxxxxxxxxxxxxxxxxxxxxx
  xxxxxxxxxxxxxxxxxxxxxxxxxxxxxxxxxxxxxxxxxxxxxxxxxxxxxxxxxxxxxxxxxxxxxxxxxxxxxxxxxxxxxxxxxxxxxxxxxxxx
  xxxxxxxxxxxxxxxxxxxxxxxxxxxxxxxxxxxxxxxxxxxxxxxxxxxxxxxxxxxxxxxxxxxxxxxxxxxxxxxxxxxxxxxxxxxxxxxxxxxx
vertex layout #24: elems=7 pos=float3@0(stream 0) uv=float3 normal=0 color=1 skinned=0 positionT=0
frame 1800 | draws 221/frame | FFP converted 5/frame (2.2%) | far substitutions 0/frame
    not converted: screen-space 2  skinned 11  depth-only 90  ortho 0  vertex-format 1  no-objTM 0  instanced 98  mirrored 0  other-camera 1  no camera 0  other 13 (per frame)
    instancing: 98 instanced draws/frame carrying 98 instances/frame (largest single draw 1 instances)
    OUTLIER converted draws (|world| > 20000): 0.0/frame, 0 total
    albedo: moved off stage 0 0/frame, blanked 2/frame | RT textures known 55 | lights 12.5/frame (24 shaders)
    camera 96.1 147.7 35.1 | distinct cameras this frame 1 (max 1) | transform writes 4/frame | redundant state calls dropped 94/frame
    world matrix changes 4/frame | objTM used without a fresh upload 0/frame
frame 2400 | draws 1003/frame | FFP converted 22/frame (2.2%) | far substitutions 0/frame
    not converted: screen-space 10  skinned 54  depth-only 418  ortho 0  vertex-format 3  no-objTM 0  instanced 436  mirrored 0  other-camera 5  no camera 0  other 55 (per frame)
    instancing: 436 instanced draws/frame carrying 436 instances/frame (largest single draw 1 instances)
    OUTLIER converted draws (|world| > 20000): 0.0/frame, 0 total
    albedo: moved off stage 0 1/frame, blanked 7/frame | RT textures known 55 | lights 55.0/frame (24 shaders)
    camera 96.2 147.7 35.2 | distinct cameras this frame 1 (max 1) | transform writes 17/frame | redundant state calls dropped 424/frame
    world matrix changes 16/frame | objTM used without a fresh upload 0/frame
frame 3000 | draws 1472/frame | FFP converted 32/frame (2.2%) | far substitutions 0/frame
    not converted: screen-space 15  skinned 80  depth-only 615  ortho 0  vertex-format 4  no-objTM 0  instanced 638  mirrored 0  other-camera 7  no camera 0  other 80 (per frame)
    instancing: 638 instanced draws/frame carrying 638 instances/frame (largest single draw 1 instances)
    OUTLIER converted draws (|world| > 20000): 0.0/frame, 0 total
    albedo: moved off stage 0 1/frame, blanked 11/frame | RT textures known 55 | lights 80.4/frame (24 shaders)
    camera 96.2 147.7 35.2 | distinct cameras this frame 1 (max 1) | transform writes 24/frame | redundant state calls dropped 622/frame
    world matrix changes 23/frame | objTM used without a fresh upload 0/frame
frame 3600 | draws 1565/frame | FFP converted 40/frame (2.5%) | far substitutions 0/frame
    not converted: screen-space 18  skinned 98  depth-only 647  ortho 0  vertex-format 5  no-objTM 0  instanced 665  mirrored 0  other-camera 8  no camera 0  other 84 (per frame)
    instancing: 665 instanced draws/frame carrying 665 instances/frame (largest single draw 1 instances)
    OUTLIER converted draws (|world| > 20000): 0.0/frame, 0 total
    albedo: moved off stage 0 2/frame, blanked 14/frame | RT textures known 55 | lights 83.5/frame (24 shaders)
    camera 93.8 146.1 33.4 | distinct cameras this frame 1 (max 1) | transform writes 31/frame | redundant state calls dropped 781/frame
    world matrix changes 30/frame | objTM used without a fresh upload 0/frame
frame 4200 | draws 1562/frame | FFP converted 49/frame (3.1%) | far substitutions 0/frame
    not converted: screen-space 20  skinned 112  depth-only 625  ortho 0  vertex-format 6  no-objTM 0  instanced 656  mirrored 0  other-camera 8  no camera 0  other 87 (per frame)
    instancing: 656 instanced draws/frame carrying 656 instances/frame (largest single draw 1 instances)
    OUTLIER converted draws (|world| > 20000): 0.0/frame, 0 total
    albedo: moved off stage 0 2/frame, blanked 18/frame | RT textures known 55 | lights 87.1/frame (24 shaders)
    camera 101.4 146.0 32.1 | distinct cameras this frame 1 (max 1) | transform writes 40/frame | redundant state calls dropped 958/frame
    world matrix changes 39/frame | objTM used without a fresh upload 0/frame
frame 4800 | draws 1469/frame | FFP converted 49/frame (3.3%) | far substitutions 0/frame
    not converted: screen-space 22  skinned 119  depth-only 570  ortho 0  vertex-format 6  no-objTM 0  instanced 613  mirrored 0  other-camera 8  no camera 0  other 82 (per frame)
    instancing: 613 instanced draws/frame carrying 613 instances/frame (largest single draw 1 instances)
    OUTLIER converted draws (|world| > 20000): 0.0/frame, 0 total
    albedo: moved off stage 0 1/frame, blanked 19/frame | RT textures known 55 | lights 82.1/frame (24 shaders)
    camera 100.6 145.9 32.5 | distinct cameras this frame 1 (max 1) | transform writes 41/frame | redundant state calls dropped 964/frame
    world matrix changes 39/frame | objTM used without a fresh upload 0/frame
frame 5400 | draws 1395/frame | FFP converted 49/frame (3.5%) | far substitutions 0/frame
    not converted: screen-space 23  skinned 124  depth-only 527  ortho 0  vertex-format 6  no-objTM 0  instanced 579  mirrored 0  other-camera 8  no camera 0  other 78 (per frame)
    instancing: 579 instanced draws/frame carrying 579 instances/frame (largest single draw 1 instances)
    OUTLIER converted draws (|world| > 20000): 0.0/frame, 0 total
    albedo: moved off stage 0 1/frame, blanked 19/frame | RT textures known 55 | lights 78.2/frame (24 shaders)
    camera 100.6 145.9 32.5 | distinct cameras this frame 1 (max 1) | transform writes 41/frame | redundant state calls dropped 969/frame
    world matrix changes 40/frame | objTM used without a fresh upload 0/frame
frame 6000 | draws 1335/frame | FFP converted 50/frame (3.7%) | far substitutions 0/frame
    not converted: screen-space 24  skinned 128  depth-only 492  ortho 0  vertex-format 6  no-objTM 0  instanced 552  mirrored 0  other-camera 8  no camera 0  other 75 (per frame)
    instancing: 552 instanced draws/frame carrying 552 instances/frame (largest single draw 1 instances)
    OUTLIER converted draws (|world| > 20000): 0.0/frame, 0 total
    albedo: moved off stage 0 1/frame, blanked 19/frame | RT textures known 55 | lights 75.1/frame (24 shaders)
    camera 100.6 145.9 32.5 | distinct cameras this frame 1 (max 1) | transform writes 41/frame | redundant state calls dropped 974/frame
    world matrix changes 40/frame | objTM used without a fresh upload 0/frame
frame 6600 | draws 1286/frame | FFP converted 50/frame (3.9%) | far substitutions 0/frame
    not converted: screen-space 25  skinned 130  depth-only 464  ortho 0  vertex-format 7  no-objTM 0  instanced 530  mirrored 0  other-camera 8  no camera 0  other 73 (per frame)
    instancing: 530 instanced draws/frame carrying 530 instances/frame (largest single draw 1 instances)
    OUTLIER converted draws (|world| > 20000): 0.0/frame, 0 total
    albedo: moved off stage 0 1/frame, blanked 19/frame | RT textures known 55 | lights 72.5/frame (24 shaders)
    camera 100.6 145.9 32.5 | distinct cameras this frame 1 (max 1) | transform writes 42/frame | redundant state calls dropped 977/frame
    world matrix changes 40/frame | objTM used without a fresh upload 0/frame
frame 7200 | draws 1246/frame | FFP converted 50/frame (4.0%) | far substitutions 0/frame
    not converted: screen-space 26  skinned 134  depth-only 440  ortho 0  vertex-format 7  no-objTM 0  instanced 512  mirrored 0  other-camera 8  no camera 0  other 70 (per frame)
    instancing: 512 instanced draws/frame carrying 512 instances/frame (largest single draw 1 instances)
    OUTLIER converted draws (|world| > 20000): 0.0/frame, 0 total
    albedo: moved off stage 0 1/frame, blanked 20/frame | RT textures known 55 | lights 70.4/frame (24 shaders)
    camera 100.6 145.9 32.5 | distinct cameras this frame 1 (max 1) | transform writes 42/frame | redundant state calls dropped 980/frame
    world matrix changes 40/frame | objTM used without a fresh upload 0/frame
camera: pos 98.2 143.8 250.8 | proj _11=1.7984 _22=3.1971 _33=1.00001 _43=-0.15 (aspect 1.778)
camera: pos 98.2 143.9 251.0 | proj _11=1.8108 _22=3.2191 _33=1.00001 _43=-0.15 (aspect 1.778)
camera: pos 98.2 143.8 250.7 | proj _11=1.7841 _22=3.1716 _33=1.00001 _43=-0.15 (aspect 1.778)
camera: pos 98.1 143.8 250.5 | proj _11=1.7584 _22=3.1261 _33=1.00001 _43=-0.15 (aspect 1.778)
camera: pos 98.0 143.8 250.0 | proj _11=1.7119 _22=3.0434 _33=1.00001 _43=-0.15 (aspect 1.778)
camera: pos 97.8 143.7 249.5 | proj _11=1.6679 _22=2.9650 _33=1.00001 _43=-0.15 (aspect 1.778)
camera: pos 97.6 143.6 248.8 | proj _11=1.6069 _22=2.8566 _33=1.00001 _43=-0.15 (aspect 1.778)
camera: pos 97.4 143.5 248.1 | proj _11=1.5525 _22=2.7600 _33=1.00001 _43=-0.15 (aspect 1.778)
camera: pos 97.2 143.4 247.3 | proj _11=1.4903 _22=2.6494 _33=1.00001 _43=-0.15 (aspect 1.778)
camera: pos 97.0 143.4 246.6 | proj _11=1.4347 _22=2.5505 _33=1.00001 _43=-0.15 (aspect 1.778)
camera: pos 96.8 143.3 245.9 | proj _11=1.3857 _22=2.4634 _33=1.00001 _43=-0.15 (aspect 1.778)
camera: pos 96.7 143.2 245.3 | proj _11=1.3488 _22=2.3978 _33=1.00001 _43=-0.15 (aspect 1.778)
camera: pos 96.5 143.2 244.9 | proj _11=1.3238 _22=2.3534 _33=1.00001 _43=-0.15 (aspect 1.778)
camera: pos 96.5 143.1 244.7 | proj _11=1.3090 _22=2.3271 _33=1.00001 _43=-0.15 (aspect 1.778)
camera: pos 95.7 144.4 250.7 | proj _11=2.6110 _22=4.6417 _33=1.00001 _43=-0.15 (aspect 1.778)
frame 7800 | draws 1286/frame | FFP converted 51/frame (4.0%) | far substitutions 0/frame
    not converted: screen-space 27  skinned 137  depth-only 450  ortho 0  vertex-format 7  no-objTM 0  instanced 537  mirrored 0  other-camera 8  no camera 0  other 70 (per frame)
    instancing: 537 instanced draws/frame carrying 537 instances/frame (largest single draw 1 instances)
    OUTLIER converted draws (|world| > 20000): 0.0/frame, 0 total
    albedo: moved off stage 0 1/frame, blanked 20/frame | RT textures known 55 | lights 69.5/frame (24 shaders)
    camera 98.7 147.1 249.3 | distinct cameras this frame 1 (max 1) | transform writes 41/frame | redundant state calls dropped 1006/frame
    world matrix changes 40/frame | objTM used without a fresh upload 0/frame
camera: pos 97.3 147.3 249.7 | proj _11=2.5964 _22=4.6157 _33=1.00001 _43=-0.15 (aspect 1.778)
camera: pos 97.3 147.3 249.7 | proj _11=2.5848 _22=4.5950 _33=1.00001 _43=-0.15 (aspect 1.778)
camera: pos 97.3 147.3 249.6 | proj _11=2.5705 _22=4.5696 _33=1.00001 _43=-0.15 (aspect 1.778)
camera: pos 97.3 147.3 249.6 | proj _11=2.5544 _22=4.5411 _33=1.00001 _43=-0.15 (aspect 1.778)
camera: pos 97.3 147.4 249.6 | proj _11=2.5364 _22=4.5092 _33=1.00001 _43=-0.15 (aspect 1.778)
camera: pos 97.3 147.4 249.6 | proj _11=2.5188 _22=4.4778 _33=1.00001 _43=-0.15 (aspect 1.778)
camera: pos 97.3 147.5 249.6 | proj _11=2.5012 _22=4.4466 _33=1.00001 _43=-0.15 (aspect 1.778)
camera: pos 97.3 147.5 249.6 | proj _11=2.4836 _22=4.4153 _33=1.00001 _43=-0.15 (aspect 1.778)
camera: pos 97.3 147.6 249.6 | proj _11=2.4666 _22=4.3850 _33=1.00001 _43=-0.15 (aspect 1.778)
camera: pos 97.3 147.7 249.6 | proj _11=2.4501 _22=4.3556 _33=1.00001 _43=-0.15 (aspect 1.778)
camera: pos 97.3 147.8 249.6 | proj _11=2.4341 _22=4.3272 _33=1.00001 _43=-0.15 (aspect 1.778)
camera: pos 97.3 147.9 249.6 | proj _11=2.4186 _22=4.2997 _33=1.00001 _43=-0.15 (aspect 1.778)
camera: pos 97.3 148.0 249.5 | proj _11=2.4032 _22=4.2723 _33=1.00001 _43=-0.15 (aspect 1.778)
camera: pos 97.2 148.1 249.5 | proj _11=2.3887 _22=4.2466 _33=1.00001 _43=-0.15 (aspect 1.778)
camera: pos 97.2 148.2 249.5 | proj _11=2.3746 _22=4.2215 _33=1.00001 _43=-0.15 (aspect 1.778)
camera: pos 97.2 148.3 249.5 | proj _11=2.3630 _22=4.2008 _33=1.00001 _43=-0.15 (aspect 1.778)
camera: pos 97.2 148.6 249.5 | proj _11=2.3502 _22=4.1780 _33=1.00001 _43=-0.15 (aspect 1.778)
camera: pos 97.3 149.6 249.5 | proj _11=2.3631 _22=4.2010 _33=1.00001 _43=-0.15 (aspect 1.778)
camera: pos 97.3 149.7 249.5 | proj _11=2.3741 _22=4.2205 _33=1.00001 _43=-0.15 (aspect 1.778)
camera: pos 97.3 149.9 249.5 | proj _11=2.3873 _22=4.2440 _33=1.00001 _43=-0.15 (aspect 1.778)
camera: pos 97.3 150.0 249.5 | proj _11=2.4026 _22=4.2712 _33=1.00001 _43=-0.15 (aspect 1.778)
camera: pos 97.3 150.1 249.5 | proj _11=2.4199 _22=4.3019 _33=1.00001 _43=-0.15 (aspect 1.778)
camera: pos 97.3 150.2 249.5 | proj _11=2.4391 _22=4.3361 _33=1.00001 _43=-0.15 (aspect 1.778)
camera: pos 97.3 150.2 249.5 | proj _11=2.4496 _22=4.3547 _33=1.00001 _43=-0.15 (aspect 1.778)
camera: pos 97.4 150.0 249.6 | proj _11=2.4686 _22=4.3885 _33=1.00001 _43=-0.15 (aspect 1.778)
camera: pos 97.6 149.3 249.8 | proj _11=2.4856 _22=4.4188 _33=1.00001 _43=-0.15 (aspect 1.778)
camera: pos 97.7 148.5 250.0 | proj _11=2.4994 _22=4.4433 _33=1.00001 _43=-0.15 (aspect 1.778)
camera: pos 97.7 147.5 250.1 | proj _11=2.5094 _22=4.4611 _33=1.00001 _43=-0.15 (aspect 1.778)
camera: pos 97.5 146.7 250.1 | proj _11=2.4990 _22=4.4426 _33=1.00001 _43=-0.15 (aspect 1.778)
camera: pos 97.4 146.4 250.1 | proj _11=2.4868 _22=4.4209 _33=1.00001 _43=-0.15 (aspect 1.778)
camera: pos 97.4 146.2 250.0 | proj _11=2.4718 _22=4.3942 _33=1.00001 _43=-0.15 (aspect 1.778)
camera: pos 97.4 146.1 249.9 | proj _11=2.4550 _22=4.3643 _33=1.00001 _43=-0.15 (aspect 1.778)
camera: pos 97.4 146.1 249.8 | proj _11=2.4367 _22=4.3319 _33=1.00001 _43=-0.15 (aspect 1.778)
camera: pos 97.4 146.1 249.7 | proj _11=2.4267 _22=4.3140 _33=1.00001 _43=-0.15 (aspect 1.778)
camera: pos 97.5 146.1 249.6 | proj _11=2.4072 _22=4.2793 _33=1.00001 _43=-0.15 (aspect 1.778)
camera: pos 97.5 146.1 249.5 | proj _11=2.3868 _22=4.2431 _33=1.00001 _43=-0.15 (aspect 1.778)
camera: pos 97.6 146.1 249.4 | proj _11=2.3768 _22=4.2253 _33=1.00001 _43=-0.15 (aspect 1.778)
camera: pos 97.6 146.1 249.4 | proj _11=2.3658 _22=4.2058 _33=1.00001 _43=-0.15 (aspect 1.778)
camera: pos 97.6 146.1 249.3 | proj _11=2.3558 _22=4.1880 _33=1.00001 _43=-0.15 (aspect 1.778)
camera: pos 97.7 146.1 249.2 | proj _11=2.3452 _22=4.1693 _33=1.00001 _43=-0.15 (aspect 1.778)
camera: pos 97.7 146.1 249.1 | proj _11=2.3341 _22=4.1494 _33=1.00001 _43=-0.15 (aspect 1.778)
camera: pos 97.8 146.1 249.1 | proj _11=2.3238 _22=4.1311 _33=1.00001 _43=-0.15 (aspect 1.778)
camera: pos 97.8 146.1 249.0 | proj _11=2.3132 _22=4.1122 _33=1.00001 _43=-0.15 (aspect 1.778)
camera: pos 97.9 146.1 248.9 | proj _11=2.3026 _22=4.0934 _33=1.00001 _43=-0.15 (aspect 1.778)
camera: pos 97.9 146.2 248.8 | proj _11=2.2919 _22=4.0743 _33=1.00001 _43=-0.15 (aspect 1.778)
camera: pos 98.0 146.3 248.7 | proj _11=2.2814 _22=4.0558 _33=1.00001 _43=-0.15 (aspect 1.778)
camera: pos 98.1 146.4 248.6 | proj _11=2.2712 _22=4.0376 _33=1.00001 _43=-0.15 (aspect 1.778)
camera: pos 98.1 146.6 248.6 | proj _11=2.2611 _22=4.0196 _33=1.00001 _43=-0.15 (aspect 1.778)
camera: pos 98.3 146.9 248.4 | proj _11=2.2414 _22=3.9847 _33=1.00001 _43=-0.15 (aspect 1.778)
camera: pos 98.4 147.1 248.1 | proj _11=2.2226 _22=3.9513 _33=1.00001 _43=-0.15 (aspect 1.778)
camera: pos 98.6 147.3 247.9 | proj _11=2.2049 _22=3.9198 _33=1.00001 _43=-0.15 (aspect 1.778)
camera: pos 98.8 147.5 247.7 | proj _11=2.1883 _22=3.8902 _33=1.00001 _43=-0.15 (aspect 1.778)
camera: pos 99.0 147.7 247.4 | proj _11=2.1728 _22=3.8626 _33=1.00001 _43=-0.15 (aspect 1.778)
camera: pos 99.1 147.7 247.2 | proj _11=2.1586 _22=3.8374 _33=1.00001 _43=-0.15 (aspect 1.778)
camera: pos 99.3 147.7 247.0 | proj _11=2.1455 _22=3.8141 _33=1.00001 _43=-0.15 (aspect 1.778)
camera: pos 99.5 147.7 246.7 | proj _11=2.1337 _22=3.7931 _33=1.00001 _43=-0.15 (aspect 1.778)
camera: pos 99.6 147.7 246.5 | proj _11=2.1230 _22=3.7742 _33=1.00001 _43=-0.15 (aspect 1.778)
camera: pos 99.9 147.5 246.1 | proj _11=2.1096 _22=3.7502 _33=1.00001 _43=-0.15 (aspect 1.778)
camera: pos 100.2 147.4 245.7 | proj _11=2.0974 _22=3.7287 _33=1.00001 _43=-0.15 (aspect 1.778)
camera: pos 100.7 147.3 245.0 | proj _11=2.0861 _22=3.7085 _33=1.00001 _43=-0.15 (aspect 1.778)
camera: pos 102.8 144.7 242.7 | proj _11=2.0986 _22=3.7308 _33=1.00001 _43=-0.15 (aspect 1.778)
camera: pos 103.5 144.1 242.0 | proj _11=2.1113 _22=3.7533 _33=1.00001 _43=-0.15 (aspect 1.778)
camera: pos 103.9 144.0 241.5 | proj _11=2.1229 _22=3.7739 _33=1.00001 _43=-0.15 (aspect 1.778)
camera: pos 104.3 144.0 241.1 | proj _11=2.1362 _22=3.7976 _33=1.00001 _43=-0.15 (aspect 1.778)
camera: pos 105.0 144.0 240.7 | proj _11=2.1504 _22=3.8228 _33=1.00001 _43=-0.15 (aspect 1.778)
camera: pos 106.0 144.2 240.0 | proj _11=2.1629 _22=3.8452 _33=1.00001 _43=-0.15 (aspect 1.778)
camera: pos 107.5 144.7 239.1 | proj _11=2.1744 _22=3.8656 _33=1.00001 _43=-0.15 (aspect 1.778)
camera: pos 109.1 145.5 237.6 | proj _11=2.1858 _22=3.8858 _33=1.00001 _43=-0.15 (aspect 1.778)
camera: pos 112.4 147.1 232.2 | proj _11=2.1739 _22=3.8647 _33=1.00001 _43=-0.15 (aspect 1.778)
camera: pos 112.7 147.2 231.2 | proj _11=2.1637 _22=3.8465 _33=1.00001 _43=-0.15 (aspect 1.778)
camera: pos 113.0 147.3 230.2 | proj _11=2.1521 _22=3.8258 _33=1.00001 _43=-0.15 (aspect 1.778)
camera: pos 113.3 147.3 229.2 | proj _11=2.1393 _22=3.8031 _33=1.00001 _43=-0.15 (aspect 1.778)
camera: pos 113.5 147.2 228.3 | proj _11=2.1261 _22=3.7796 _33=1.00001 _43=-0.15 (aspect 1.778)
camera: pos 113.7 146.9 227.6 | proj _11=2.1118 _22=3.7542 _33=1.00001 _43=-0.15 (aspect 1.778)
camera: pos 113.9 146.6 227.2 | proj _11=2.1017 _22=3.7364 _33=1.00001 _43=-0.15 (aspect 1.778)
camera: pos 114.0 146.5 226.8 | proj _11=2.0915 _22=3.7181 _33=1.00001 _43=-0.15 (aspect 1.778)
camera: pos 114.2 146.4 226.5 | proj _11=2.0809 _22=3.6993 _33=1.00001 _43=-0.15 (aspect 1.778)
camera: pos 114.3 146.3 226.1 | proj _11=2.0701 _22=3.6801 _33=1.00001 _43=-0.15 (aspect 1.778)
camera: pos 114.5 146.2 225.6 | proj _11=2.0591 _22=3.6605 _33=1.00001 _43=-0.15 (aspect 1.778)
camera: pos 114.6 146.1 225.0 | proj _11=2.0480 _22=3.6408 _33=1.00001 _43=-0.15 (aspect 1.778)
camera: pos 114.6 146.2 224.3 | proj _11=2.0367 _22=3.6208 _33=1.00001 _43=-0.15 (aspect 1.778)
camera: pos 114.6 146.3 223.5 | proj _11=2.0254 _22=3.6007 _33=1.00001 _43=-0.15 (aspect 1.778)
camera: pos 114.5 146.5 222.6 | proj _11=2.0140 _22=3.5803 _33=1.00001 _43=-0.15 (aspect 1.778)
camera: pos 114.3 146.7 221.8 | proj _11=2.0025 _22=3.5599 _33=1.00001 _43=-0.15 (aspect 1.778)
camera: pos 114.1 146.9 221.0 | proj _11=1.9910 _22=3.5395 _33=1.00001 _43=-0.15 (aspect 1.778)
camera: pos 114.0 147.0 220.3 | proj _11=1.9794 _22=3.5189 _33=1.00001 _43=-0.15 (aspect 1.778)
camera: pos 114.0 147.1 219.7 | proj _11=1.9679 _22=3.4984 _33=1.00001 _43=-0.15 (aspect 1.778)
camera: pos 114.0 147.2 219.2 | proj _11=1.9564 _22=3.4779 _33=1.00001 _43=-0.15 (aspect 1.778)
camera: pos 114.1 147.3 218.7 | proj _11=1.9444 _22=3.4567 _33=1.00001 _43=-0.15 (aspect 1.778)
camera: pos 114.2 147.3 218.3 | proj _11=1.9333 _22=3.4369 _33=1.00001 _43=-0.15 (aspect 1.778)
camera: pos 114.3 147.4 217.8 | proj _11=1.9218 _22=3.4165 _33=1.00001 _43=-0.15 (aspect 1.778)
camera: pos 114.4 147.4 217.4 | proj _11=1.9102 _22=3.3959 _33=1.00001 _43=-0.15 (aspect 1.778)
camera: pos 114.6 147.5 217.0 | proj _11=1.8989 _22=3.3757 _33=1.00001 _43=-0.15 (aspect 1.778)
camera: pos 114.9 147.5 216.6 | proj _11=1.8877 _22=3.3559 _33=1.00001 _43=-0.15 (aspect 1.778)
camera: pos 115.2 147.5 216.2 | proj _11=1.8757 _22=3.3345 _33=1.00001 _43=-0.15 (aspect 1.778)
camera: pos 115.6 147.5 215.6 | proj _11=1.8610 _22=3.3084 _33=1.00001 _43=-0.15 (aspect 1.778)
camera: pos 115.9 147.5 215.2 | proj _11=1.8508 _22=3.2903 _33=1.00001 _43=-0.15 (aspect 1.778)
camera: pos 116.4 147.5 214.6 | proj _11=1.8364 _22=3.2646 _33=1.00001 _43=-0.15 (aspect 1.778)
camera: pos 116.9 147.5 213.9 | proj _11=1.8228 _22=3.2405 _33=1.00001 _43=-0.15 (aspect 1.778)
camera: pos 117.4 147.6 213.3 | proj _11=1.8099 _22=3.2176 _33=1.00001 _43=-0.15 (aspect 1.778)
camera: pos 117.9 147.6 212.6 | proj _11=1.7985 _22=3.1972 _33=1.00001 _43=-0.15 (aspect 1.778)
camera: pos 118.5 147.7 212.0 | proj _11=1.7879 _22=3.1783 _33=1.00001 _43=-0.15 (aspect 1.778)
camera: pos 119.3 147.8 211.1 | proj _11=1.7753 _22=3.1561 _33=1.00001 _43=-0.15 (aspect 1.778)
camera: pos 120.2 148.0 210.4 | proj _11=1.7650 _22=3.1377 _33=1.00001 _43=-0.15 (aspect 1.778)
camera: pos 121.4 148.3 209.5 | proj _11=1.7549 _22=3.1198 _33=1.00001 _43=-0.15 (aspect 1.778)
camera: pos 129.3 150.1 212.8 | proj _11=1.7651 _22=3.1379 _33=1.00001 _43=-0.15 (aspect 1.778)
camera: pos 129.9 150.2 212.8 | proj _11=1.7757 _22=3.1567 _33=1.00001 _43=-0.15 (aspect 1.778)
camera: pos 130.5 150.4 212.5 | proj _11=1.7887 _22=3.1799 _33=1.00001 _43=-0.15 (aspect 1.778)
camera: pos 131.0 150.6 212.2 | proj _11=1.8016 _22=3.2028 _33=1.00001 _43=-0.15 (aspect 1.778)
camera: pos 131.3 150.6 212.0 | proj _11=1.8118 _22=3.2209 _33=1.00001 _43=-0.15 (aspect 1.778)
camera: pos 131.7 150.7 211.9 | proj _11=1.8233 _22=3.2413 _33=1.00001 _43=-0.15 (aspect 1.778)
camera: pos 132.1 150.7 211.6 | proj _11=1.8363 _22=3.2645 _33=1.00001 _43=-0.15 (aspect 1.778)
camera: pos 132.5 150.7 211.4 | proj _11=1.8505 _22=3.2896 _33=1.00001 _43=-0.15 (aspect 1.778)
camera: pos 133.0 150.7 211.1 | proj _11=1.8660 _22=3.3172 _33=1.00001 _43=-0.15 (aspect 1.778)
camera: pos 133.4 150.7 210.9 | proj _11=1.8830 _22=3.3474 _33=1.00001 _43=-0.15 (aspect 1.778)
camera: pos 133.9 150.7 210.7 | proj _11=1.9013 _22=3.3800 _33=1.00001 _43=-0.15 (aspect 1.778)
camera: pos 134.3 150.7 210.5 | proj _11=1.9210 _22=3.4150 _33=1.00001 _43=-0.15 (aspect 1.778)
camera: pos 134.5 150.7 210.4 | proj _11=1.9313 _22=3.4333 _33=1.00001 _43=-0.15 (aspect 1.778)
camera: pos 134.7 150.8 210.3 | proj _11=1.9421 _22=3.4525 _33=1.00001 _43=-0.15 (aspect 1.778)
camera: pos 135.0 150.8 210.1 | proj _11=1.9541 _22=3.4738 _33=1.00001 _43=-0.15 (aspect 1.778)
camera: pos 135.2 150.8 210.0 | proj _11=1.9643 _22=3.4920 _33=1.00001 _43=-0.15 (aspect 1.778)
camera: pos 135.5 150.8 209.8 | proj _11=1.9767 _22=3.5141 _33=1.00001 _43=-0.15 (aspect 1.778)
camera: pos 135.7 150.9 209.6 | proj _11=1.9879 _22=3.5339 _33=1.00001 _43=-0.15 (aspect 1.778)
camera: pos 136.0 151.0 209.4 | proj _11=2.0010 _22=3.5573 _33=1.00001 _43=-0.15 (aspect 1.778)
camera: pos 136.2 151.0 209.2 | proj _11=2.0131 _22=3.5788 _33=1.00001 _43=-0.15 (aspect 1.778)
camera: pos 136.4 151.1 209.0 | proj _11=2.0254 _22=3.6006 _33=1.00001 _43=-0.15 (aspect 1.778)
camera: pos 136.6 151.2 208.8 | proj _11=2.0394 _22=3.6256 _33=1.00001 _43=-0.15 (aspect 1.778)
camera: pos 136.8 151.3 208.6 | proj _11=2.0515 _22=3.6471 _33=1.00001 _43=-0.15 (aspect 1.778)
camera: pos 137.0 151.4 208.4 | proj _11=2.0657 _22=3.6723 _33=1.00001 _43=-0.15 (aspect 1.778)
camera: pos 137.2 151.5 208.3 | proj _11=2.0791 _22=3.6961 _33=1.00001 _43=-0.15 (aspect 1.778)
camera: pos 137.3 151.5 208.1 | proj _11=2.0938 _22=3.7222 _33=1.00001 _43=-0.15 (aspect 1.778)
camera: pos 137.5 151.5 208.0 | proj _11=2.1075 _22=3.7466 _33=1.00001 _43=-0.15 (aspect 1.778)
camera: pos 137.7 151.6 208.0 | proj _11=2.1219 _22=3.7722 _33=1.00001 _43=-0.15 (aspect 1.778)
camera: pos 137.8 151.6 207.9 | proj _11=2.1364 _22=3.7980 _33=1.00001 _43=-0.15 (aspect 1.778)
camera: pos 138.0 151.6 207.8 | proj _11=2.1511 _22=3.8242 _33=1.00001 _43=-0.15 (aspect 1.778)
camera: pos 138.1 151.6 207.8 | proj _11=2.1658 _22=3.8503 _33=1.00001 _43=-0.15 (aspect 1.778)
camera: pos 138.2 151.6 207.8 | proj _11=2.1805 _22=3.8764 _33=1.00001 _43=-0.15 (aspect 1.778)
camera: pos 138.3 151.6 207.7 | proj _11=2.1953 _22=3.9027 _33=1.00001 _43=-0.15 (aspect 1.778)
camera: pos 138.5 151.6 207.7 | proj _11=2.2102 _22=3.9292 _33=1.00001 _43=-0.15 (aspect 1.778)
camera: pos 138.6 151.6 207.6 | proj _11=2.2252 _22=3.9558 _33=1.00001 _43=-0.15 (aspect 1.778)
camera: pos 138.7 151.6 207.6 | proj _11=2.2400 _22=3.9821 _33=1.00001 _43=-0.15 (aspect 1.778)
camera: pos 138.8 151.6 207.6 | proj _11=2.2548 _22=4.0084 _33=1.00001 _43=-0.15 (aspect 1.778)
camera: pos 138.9 151.6 207.5 | proj _11=2.2695 _22=4.0347 _33=1.00001 _43=-0.15 (aspect 1.778)
camera: pos 139.0 151.6 207.5 | proj _11=2.2842 _22=4.0608 _33=1.00001 _43=-0.15 (aspect 1.778)
camera: pos 139.1 151.7 207.5 | proj _11=2.2988 _22=4.0867 _33=1.00001 _43=-0.15 (aspect 1.778)
camera: pos 139.2 151.7 207.5 | proj _11=2.3133 _22=4.1124 _33=1.00001 _43=-0.15 (aspect 1.778)
camera: pos 139.3 151.7 207.4 | proj _11=2.3290 _22=4.1403 _33=1.00001 _43=-0.15 (aspect 1.778)
camera: pos 139.4 151.7 207.4 | proj _11=2.3431 _22=4.1654 _33=1.00001 _43=-0.15 (aspect 1.778)
camera: pos 139.4 151.7 207.4 | proj _11=2.3577 _22=4.1914 _33=1.00001 _43=-0.15 (aspect 1.778)
camera: pos 139.6 151.7 207.4 | proj _11=2.4004 _22=4.2672 _33=1.00001 _43=-0.15 (aspect 1.778)
camera: pos 139.7 151.7 207.3 | proj _11=2.4143 _22=4.2921 _33=1.00001 _43=-0.15 (aspect 1.778)
camera: pos 139.7 151.7 207.3 | proj _11=2.4281 _22=4.3165 _33=1.00001 _43=-0.15 (aspect 1.778)
camera: pos 139.8 151.7 207.3 | proj _11=2.4417 _22=4.3408 _33=1.00001 _43=-0.15 (aspect 1.778)
camera: pos 139.8 151.7 207.3 | proj _11=2.4549 _22=4.3643 _33=1.00001 _43=-0.15 (aspect 1.778)
camera: pos 139.9 151.8 207.3 | proj _11=2.4678 _22=4.3871 _33=1.00001 _43=-0.15 (aspect 1.778)
camera: pos 140.0 151.8 207.4 | proj _11=2.4997 _22=4.4438 _33=1.00001 _43=-0.15 (aspect 1.778)
camera: pos 140.0 151.8 207.4 | proj _11=2.5103 _22=4.4627 _33=1.00001 _43=-0.15 (aspect 1.778)
camera: pos 140.0 151.8 207.6 | proj _11=2.5274 _22=4.4931 _33=1.00001 _43=-0.15 (aspect 1.778)
camera: pos 139.9 151.8 207.8 | proj _11=2.5374 _22=4.5109 _33=1.00001 _43=-0.15 (aspect 1.778)
camera: pos 139.8 151.6 208.2 | proj _11=2.5250 _22=4.4888 _33=1.00001 _43=-0.15 (aspect 1.778)
camera: pos 139.7 151.4 208.5 | proj _11=2.5080 _22=4.4585 _33=1.00001 _43=-0.15 (aspect 1.778)
camera: pos 139.7 151.2 208.7 | proj _11=2.4979 _22=4.4406 _33=1.00001 _43=-0.15 (aspect 1.778)
camera: pos 139.7 151.0 209.0 | proj _11=2.4872 _22=4.4216 _33=1.00001 _43=-0.15 (aspect 1.778)
camera: pos 139.6 150.8 209.2 | proj _11=2.4761 _22=4.4020 _33=1.00001 _43=-0.15 (aspect 1.778)
camera: pos 139.5 150.6 209.4 | proj _11=2.4646 _22=4.3814 _33=1.00001 _43=-0.15 (aspect 1.778)
camera: pos 139.4 150.4 209.7 | proj _11=2.4527 _22=4.3602 _33=1.00001 _43=-0.15 (aspect 1.778)
camera: pos 139.3 150.2 209.9 | proj _11=2.4401 _22=4.3379 _33=1.00001 _43=-0.15 (aspect 1.778)
camera: pos 139.2 150.0 210.2 | proj _11=2.4286 _22=4.3174 _33=1.00001 _43=-0.15 (aspect 1.778)
camera: pos 139.1 149.7 210.5 | proj _11=2.4158 _22=4.2946 _33=1.00001 _43=-0.15 (aspect 1.778)
camera: pos 138.9 149.4 210.7 | proj _11=2.4038 _22=4.2734 _33=1.00001 _43=-0.15 (aspect 1.778)
camera: pos 138.7 149.2 211.0 | proj _11=2.3905 _22=4.2497 _33=1.00001 _43=-0.15 (aspect 1.778)
camera: pos 138.4 149.0 211.3 | proj _11=2.3788 _22=4.2289 _33=1.00001 _43=-0.15 (aspect 1.778)
camera: pos 138.2 148.8 211.5 | proj _11=2.3665 _22=4.2071 _33=1.00001 _43=-0.15 (aspect 1.778)
camera: pos 137.9 148.7 211.7 | proj _11=2.3531 _22=4.1832 _33=1.00001 _43=-0.15 (aspect 1.778)
camera: pos 137.6 148.6 212.0 | proj _11=2.3413 _22=4.1623 _33=1.00001 _43=-0.15 (aspect 1.778)
camera: pos 137.3 148.5 212.2 | proj _11=2.3275 _22=4.1377 _33=1.00001 _43=-0.15 (aspect 1.778)
camera: pos 137.0 148.5 212.3 | proj _11=2.3151 _22=4.1157 _33=1.00001 _43=-0.15 (aspect 1.778)
camera: pos 136.8 148.5 212.5 | proj _11=2.3036 _22=4.0951 _33=1.00001 _43=-0.15 (aspect 1.778)
camera: pos 136.6 148.6 212.5 | proj _11=2.2908 _22=4.0724 _33=1.00001 _43=-0.15 (aspect 1.778)
camera: pos 136.6 148.8 212.6 | proj _11=2.2790 _22=4.0514 _33=1.00001 _43=-0.15 (aspect 1.778)
camera: pos 136.5 148.8 212.7 | proj _11=2.2663 _22=4.0289 _33=1.00001 _43=-0.15 (aspect 1.778)
camera: pos 136.5 148.8 212.7 | proj _11=2.2549 _22=4.0086 _33=1.00001 _43=-0.15 (aspect 1.778)
camera: pos 136.4 148.8 212.8 | proj _11=2.2428 _22=3.9872 _33=1.00001 _43=-0.15 (aspect 1.778)
camera: pos 136.4 148.8 212.9 | proj _11=2.2318 _22=3.9675 _33=1.00001 _43=-0.15 (aspect 1.778)
camera: pos 136.3 148.8 213.0 | proj _11=2.2201 _22=3.9468 _33=1.00001 _43=-0.15 (aspect 1.778)
camera: pos 136.2 148.8 213.1 | proj _11=2.2094 _22=3.9277 _33=1.00001 _43=-0.15 (aspect 1.778)
camera: pos 136.2 148.8 213.2 | proj _11=2.1982 _22=3.9078 _33=1.00001 _43=-0.15 (aspect 1.778)
camera: pos 136.1 148.8 213.3 | proj _11=2.1879 _22=3.8895 _33=1.00001 _43=-0.15 (aspect 1.778)
camera: pos 136.0 148.8 213.4 | proj _11=2.1775 _22=3.8710 _33=1.00001 _43=-0.15 (aspect 1.778)
camera: pos 136.0 148.8 213.5 | proj _11=2.1668 _22=3.8520 _33=1.00001 _43=-0.15 (aspect 1.778)
camera: pos 135.8 148.7 213.7 | proj _11=2.1469 _22=3.8166 _33=1.00001 _43=-0.15 (aspect 1.778)
camera: pos 135.6 148.7 213.9 | proj _11=2.1284 _22=3.7837 _33=1.00001 _43=-0.15 (aspect 1.778)
camera: pos 135.5 148.7 214.1 | proj _11=2.1097 _22=3.7505 _33=1.00001 _43=-0.15 (aspect 1.778)
camera: pos 135.1 148.7 214.5 | proj _11=2.0925 _22=3.7199 _33=1.00001 _43=-0.15 (aspect 1.778)
camera: pos 134.6 148.5 214.9 | proj _11=2.0744 _22=3.6877 _33=1.00001 _43=-0.15 (aspect 1.778)
camera: pos 134.3 148.1 215.2 | proj _11=2.0594 _22=3.6611 _33=1.00001 _43=-0.15 (aspect 1.778)
camera: pos 134.1 147.5 215.5 | proj _11=2.0442 _22=3.6340 _33=1.00001 _43=-0.15 (aspect 1.778)
camera: pos 134.0 146.9 215.8 | proj _11=2.0298 _22=3.6085 _33=1.00001 _43=-0.15 (aspect 1.778)
camera: pos 133.8 146.2 216.0 | proj _11=2.0165 _22=3.5847 _33=1.00001 _43=-0.15 (aspect 1.778)
frame 8400 | draws 1304/frame | FFP converted 56/frame (4.3%) | far substitutions 0/frame
    not converted: screen-space 27  skinned 144  depth-only 449  ortho 0  vertex-format 7  no-objTM 0  instanced 544  mirrored 0  other-camera 8  no camera 0  other 69 (per frame)
    instancing: 544 instanced draws/frame carrying 544 instances/frame (largest single draw 1 instances)
    OUTLIER converted draws (|world| > 20000): 0.0/frame, 0 total
    albedo: moved off stage 0 1/frame, blanked 22/frame | RT textures known 55 | lights 69.3/frame (24 shaders)
    camera 133.7 145.9 216.2 | distinct cameras this frame 1 (max 1) | transform writes 42/frame | redundant state calls dropped 1105/frame
    world matrix changes 40/frame | objTM used without a fresh upload 0/frame
camera: pos 133.6 145.7 216.2 | proj _11=2.0041 _22=3.5628 _33=1.00001 _43=-0.15 (aspect 1.778)
camera: pos 133.4 145.2 216.4 | proj _11=1.9927 _22=3.5424 _33=1.00001 _43=-0.15 (aspect 1.778)
camera: pos 133.1 145.0 216.7 | proj _11=1.9819 _22=3.5233 _33=1.00001 _43=-0.15 (aspect 1.778)
camera: pos 132.7 144.9 217.1 | proj _11=1.9679 _22=3.4984 _33=1.00001 _43=-0.15 (aspect 1.778)
camera: pos 132.2 144.9 217.5 | proj _11=1.9550 _22=3.4755 _33=1.00001 _43=-0.15 (aspect 1.778)
camera: pos 131.8 144.9 218.0 | proj _11=1.9435 _22=3.4551 _33=1.00001 _43=-0.15 (aspect 1.778)
camera: pos 131.1 144.9 218.6 | proj _11=1.9306 _22=3.4321 _33=1.00001 _43=-0.15 (aspect 1.778)
camera: pos 130.3 144.9 219.3 | proj _11=1.9188 _22=3.4112 _33=1.00001 _43=-0.15 (aspect 1.778)
camera: pos 126.4 142.7 221.4 | proj _11=1.9297 _22=3.4306 _33=1.00001 _43=-0.15 (aspect 1.778)
camera: pos 126.7 143.0 221.5 | proj _11=1.9425 _22=3.4533 _33=1.00001 _43=-0.15 (aspect 1.778)
camera: pos 127.1 143.3 221.4 | proj _11=1.9541 _22=3.4739 _33=1.00001 _43=-0.15 (aspect 1.778)
camera: pos 127.4 143.7 221.2 | proj _11=1.9673 _22=3.4973 _33=1.00001 _43=-0.15 (aspect 1.778)
camera: pos 127.7 144.1 220.9 | proj _11=1.9819 _22=3.5233 _33=1.00001 _43=-0.15 (aspect 1.778)
camera: pos 127.7 144.3 220.7 | proj _11=1.9923 _22=3.5419 _33=1.00001 _43=-0.15 (aspect 1.778)
camera: pos 127.6 144.4 220.6 | proj _11=2.0033 _22=3.5614 _33=1.00001 _43=-0.15 (aspect 1.778)
camera: pos 127.5 144.6 220.5 | proj _11=2.0147 _22=3.5817 _33=1.00001 _43=-0.15 (aspect 1.778)
camera: pos 127.4 144.7 220.4 | proj _11=2.0264 _22=3.6025 _33=1.00001 _43=-0.15 (aspect 1.778)
camera: pos 127.2 144.9 220.3 | proj _11=2.0385 _22=3.6239 _33=1.00001 _43=-0.15 (aspect 1.778)
camera: pos 127.1 145.0 220.1 | proj _11=2.0506 _22=3.6454 _33=1.00001 _43=-0.15 (aspect 1.778)
camera: pos 127.0 145.0 219.8 | proj _11=2.0629 _22=3.6672 _33=1.00001 _43=-0.15 (aspect 1.778)
camera: pos 126.8 145.1 219.5 | proj _11=2.0751 _22=3.6889 _33=1.00001 _43=-0.15 (aspect 1.778)
camera: pos 126.6 145.2 219.3 | proj _11=2.0872 _22=3.7105 _33=1.00001 _43=-0.15 (aspect 1.778)
camera: pos 126.4 145.2 219.1 | proj _11=2.0993 _22=3.7320 _33=1.00001 _43=-0.15 (aspect 1.778)
camera: pos 126.2 145.3 218.8 | proj _11=2.1111 _22=3.7531 _33=1.00001 _43=-0.15 (aspect 1.778)
camera: pos 126.0 145.3 218.6 | proj _11=2.1228 _22=3.7737 _33=1.00001 _43=-0.15 (aspect 1.778)
camera: pos 125.7 145.3 218.2 | proj _11=2.1341 _22=3.7939 _33=1.00001 _43=-0.15 (aspect 1.778)
camera: pos 125.4 145.2 217.9 | proj _11=2.1451 _22=3.8135 _33=1.00001 _43=-0.15 (aspect 1.778)
camera: pos 125.1 145.2 217.5 | proj _11=2.1557 _22=3.8324 _33=1.00001 _43=-0.15 (aspect 1.778)
camera: pos 124.7 145.2 217.3 | proj _11=2.1660 _22=3.8506 _33=1.00001 _43=-0.15 (aspect 1.778)
camera: pos 124.3 145.3 217.2 | proj _11=2.1806 _22=3.8765 _33=1.00001 _43=-0.15 (aspect 1.778)
camera: pos 124.0 145.3 217.4 | proj _11=2.1941 _22=3.9006 _33=1.00001 _43=-0.15 (aspect 1.778)
camera: pos 123.7 145.3 217.6 | proj _11=2.2066 _22=3.9228 _33=1.00001 _43=-0.15 (aspect 1.778)
camera: pos 123.5 145.3 217.8 | proj _11=2.2182 _22=3.9433 _33=1.00001 _43=-0.15 (aspect 1.778)
camera: pos 123.3 145.1 218.5 | proj _11=2.2288 _22=3.9623 _33=1.00001 _43=-0.15 (aspect 1.778)
camera: pos 123.1 144.7 220.4 | proj _11=2.2416 _22=3.9850 _33=1.00001 _43=-0.15 (aspect 1.778)
camera: pos 122.3 144.0 223.1 | proj _11=2.2540 _22=4.0070 _33=1.00001 _43=-0.15 (aspect 1.778)
camera: pos 121.1 143.4 224.9 | proj _11=2.2642 _22=4.0252 _33=1.00001 _43=-0.15 (aspect 1.778)
camera: pos 120.0 143.0 225.9 | proj _11=2.2747 _22=4.0439 _33=1.00001 _43=-0.15 (aspect 1.778)
camera: pos 119.2 142.7 226.5 | proj _11=2.2852 _22=4.0624 _33=1.00001 _43=-0.15 (aspect 1.778)
camera: pos 118.5 142.6 227.0 | proj _11=2.2955 _22=4.0809 _33=1.00001 _43=-0.15 (aspect 1.778)
camera: pos 117.8 142.5 227.6 | proj _11=2.3062 _22=4.0998 _33=1.00001 _43=-0.15 (aspect 1.778)
camera: pos 117.1 142.5 228.1 | proj _11=2.3171 _22=4.1193 _33=1.00001 _43=-0.15 (aspect 1.778)
camera: pos 116.3 142.7 228.8 | proj _11=2.3283 _22=4.1390 _33=1.00001 _43=-0.15 (aspect 1.778)
camera: pos 115.3 143.0 229.5 | proj _11=2.3394 _22=4.1588 _33=1.00001 _43=-0.15 (aspect 1.778)
camera: pos 114.0 143.5 230.3 | proj _11=2.3503 _22=4.1782 _33=1.00001 _43=-0.15 (aspect 1.778)
camera: pos 112.5 143.9 230.8 | proj _11=2.3608 _22=4.1968 _33=1.00001 _43=-0.15 (aspect 1.778)
camera: pos 111.2 143.9 231.1 | proj _11=2.3731 _22=4.2187 _33=1.00001 _43=-0.15 (aspect 1.778)
camera: pos 110.4 143.5 231.1 | proj _11=2.3844 _22=4.2388 _33=1.00001 _43=-0.15 (aspect 1.778)
camera: pos 110.0 142.8 230.9 | proj _11=2.3947 _22=4.2572 _33=1.00001 _43=-0.15 (aspect 1.778)
camera: pos 109.7 142.3 230.8 | proj _11=2.4063 _22=4.2778 _33=1.00001 _43=-0.15 (aspect 1.778)
camera: pos 109.4 142.3 231.0 | proj _11=2.4174 _22=4.2974 _33=1.00001 _43=-0.15 (aspect 1.778)
camera: pos 109.1 142.3 231.2 | proj _11=2.4283 _22=4.3168 _33=1.00001 _43=-0.15 (aspect 1.778)
camera: pos 108.9 142.1 231.2 | proj _11=2.4392 _22=4.3363 _33=1.00001 _43=-0.15 (aspect 1.778)
camera: pos 108.9 141.5 231.0 | proj _11=2.4493 _22=4.3543 _33=1.00001 _43=-0.15 (aspect 1.778)
camera: pos 108.8 141.3 230.9 | proj _11=2.4601 _22=4.3735 _33=1.00001 _43=-0.15 (aspect 1.778)
camera: pos 108.5 141.2 231.1 | proj _11=2.4714 _22=4.3935 _33=1.00001 _43=-0.15 (aspect 1.778)
camera: pos 108.4 141.4 231.1 | proj _11=2.4820 _22=4.4124 _33=1.00001 _43=-0.15 (aspect 1.778)
camera: pos 108.9 141.2 231.5 | proj _11=2.4921 _22=4.4303 _33=1.00001 _43=-0.15 (aspect 1.778)
camera: pos 109.6 141.3 231.6 | proj _11=2.5024 _22=4.4487 _33=1.00001 _43=-0.15 (aspect 1.778)
camera: pos 109.4 141.3 231.9 | proj _11=2.5128 _22=4.4671 _33=1.00001 _43=-0.15 (aspect 1.778)
camera: pos 108.7 143.0 233.2 | proj _11=2.5233 _22=4.4859 _33=1.00001 _43=-0.15 (aspect 1.778)
camera: pos 108.1 145.1 234.1 | proj _11=2.5337 _22=4.5042 _33=1.00001 _43=-0.15 (aspect 1.778)
camera: pos 107.9 145.0 234.2 | proj _11=2.5205 _22=4.4809 _33=1.00001 _43=-0.15 (aspect 1.778)
camera: pos 107.9 144.6 234.1 | proj _11=2.5086 _22=4.4597 _33=1.00001 _43=-0.15 (aspect 1.778)
camera: pos 107.8 144.4 234.0 | proj _11=2.4949 _22=4.4352 _33=1.00001 _43=-0.15 (aspect 1.778)
camera: pos 107.8 144.4 234.0 | proj _11=2.4806 _22=4.4098 _33=1.00001 _43=-0.15 (aspect 1.778)
camera: pos 107.7 144.4 234.0 | proj _11=2.4658 _22=4.3836 _33=1.00001 _43=-0.15 (aspect 1.778)
camera: pos 107.7 144.5 234.0 | proj _11=2.4511 _22=4.3575 _33=1.00001 _43=-0.15 (aspect 1.778)
camera: pos 107.7 144.6 234.0 | proj _11=2.4363 _22=4.3312 _33=1.00001 _43=-0.15 (aspect 1.778)
camera: pos 107.6 144.7 234.0 | proj _11=2.4219 _22=4.3055 _33=1.00001 _43=-0.15 (aspect 1.778)
camera: pos 107.6 144.8 234.1 | proj _11=2.4077 _22=4.2802 _33=1.00001 _43=-0.15 (aspect 1.778)
camera: pos 107.6 144.9 234.1 | proj _11=2.3933 _22=4.2547 _33=1.00001 _43=-0.15 (aspect 1.778)
camera: pos 107.6 145.1 234.1 | proj _11=2.3797 _22=4.2305 _33=1.00001 _43=-0.15 (aspect 1.778)
camera: pos 107.5 145.2 234.1 | proj _11=2.3664 _22=4.2069 _33=1.00001 _43=-0.15 (aspect 1.778)
camera: pos 107.5 145.3 234.1 | proj _11=2.3534 _22=4.1837 _33=1.00001 _43=-0.15 (aspect 1.778)
camera: pos 107.5 145.5 234.1 | proj _11=2.3407 _22=4.1611 _33=1.00001 _43=-0.15 (aspect 1.778)
camera: pos 107.5 145.7 234.1 | proj _11=2.3283 _22=4.1392 _33=1.00001 _43=-0.15 (aspect 1.778)
camera: pos 107.4 145.8 234.1 | proj _11=2.3163 _22=4.1178 _33=1.00001 _43=-0.15 (aspect 1.778)
camera: pos 107.4 146.0 234.1 | proj _11=2.3046 _22=4.0970 _33=1.00001 _43=-0.15 (aspect 1.778)
camera: pos 107.4 146.2 234.1 | proj _11=2.2932 _22=4.0767 _33=1.00001 _43=-0.15 (aspect 1.778)
camera: pos 107.4 146.4 234.1 | proj _11=2.2823 _22=4.0573 _33=1.00001 _43=-0.15 (aspect 1.778)
camera: pos 107.4 146.6 234.1 | proj _11=2.2714 _22=4.0380 _33=1.00001 _43=-0.15 (aspect 1.778)
camera: pos 107.3 146.8 234.1 | proj _11=2.2607 _22=4.0190 _33=1.00001 _43=-0.15 (aspect 1.778)
camera: pos 107.3 147.0 234.2 | proj _11=2.2505 _22=4.0008 _33=1.00001 _43=-0.15 (aspect 1.778)
camera: pos 107.3 147.3 234.2 | proj _11=2.2358 _22=3.9747 _33=1.00001 _43=-0.15 (aspect 1.778)
camera: pos 107.3 147.7 234.2 | proj _11=2.2213 _22=3.9490 _33=1.00001 _43=-0.15 (aspect 1.778)
camera: pos 107.2 148.0 234.2 | proj _11=2.2076 _22=3.9245 _33=1.00001 _43=-0.15 (aspect 1.778)
camera: pos 107.2 148.4 234.2 | proj _11=2.1946 _22=3.9014 _33=1.00001 _43=-0.15 (aspect 1.778)
camera: pos 107.2 148.8 234.2 | proj _11=2.1819 _22=3.8789 _33=1.00001 _43=-0.15 (aspect 1.778)
camera: pos 107.1 149.2 234.2 | proj _11=2.1696 _22=3.8570 _33=1.00001 _43=-0.15 (aspect 1.778)
camera: pos 107.1 149.6 234.2 | proj _11=2.1578 _22=3.8361 _33=1.00001 _43=-0.15 (aspect 1.778)
camera: pos 107.1 150.0 234.2 | proj _11=2.1467 _22=3.8163 _33=1.00001 _43=-0.15 (aspect 1.778)
camera: pos 107.1 150.4 234.2 | proj _11=2.1358 _22=3.7968 _33=1.00001 _43=-0.15 (aspect 1.778)
camera: pos 107.0 150.9 234.2 | proj _11=2.1254 _22=3.7784 _33=1.00001 _43=-0.15 (aspect 1.778)
camera: pos 107.0 151.3 234.2 | proj _11=2.1154 _22=3.7606 _33=1.00001 _43=-0.15 (aspect 1.778)
camera: pos 107.0 152.0 234.3 | proj _11=2.1025 _22=3.7377 _33=1.00001 _43=-0.15 (aspect 1.778)
camera: pos 107.0 152.6 234.3 | proj _11=2.0903 _22=3.7160 _33=1.00001 _43=-0.15 (aspect 1.778)
camera: pos 106.9 153.3 234.3 | proj _11=2.0787 _22=3.6954 _33=1.00001 _43=-0.15 (aspect 1.778)
camera: pos 106.9 154.0 234.3 | proj _11=2.0677 _22=3.6759 _33=1.00001 _43=-0.15 (aspect 1.778)
camera: pos 106.9 154.7 234.3 | proj _11=2.0571 _22=3.6571 _33=1.00001 _43=-0.15 (aspect 1.778)
camera: pos 106.9 155.4 234.3 | proj _11=2.0471 _22=3.6393 _33=1.00001 _43=-0.15 (aspect 1.778)
camera: pos 106.8 156.3 234.3 | proj _11=2.0354 _22=3.6183 _33=1.00001 _43=-0.15 (aspect 1.778)
camera: pos 106.8 157.2 234.3 | proj _11=2.0241 _22=3.5983 _33=1.00001 _43=-0.15 (aspect 1.778)
camera: pos 106.8 158.2 234.3 | proj _11=2.0136 _22=3.5797 _33=1.00001 _43=-0.15 (aspect 1.778)
camera: pos 106.8 159.2 234.3 | proj _11=2.0036 _22=3.5619 _33=1.00001 _43=-0.15 (aspect 1.778)
camera: pos 106.7 160.3 234.3 | proj _11=1.9926 _22=3.5423 _33=1.00001 _43=-0.15 (aspect 1.778)
camera: pos 106.7 162.2 234.4 | proj _11=1.9818 _22=3.5232 _33=1.00001 _43=-0.15 (aspect 1.778)
camera: pos 107.1 204.5 234.4 | proj _11=1.9952 _22=3.5470 _33=1.00001 _43=-0.15 (aspect 1.778)
camera: pos 107.0 205.9 234.0 | proj _11=2.0091 _22=3.5717 _33=1.00001 _43=-0.15 (aspect 1.778)
camera: pos 107.0 206.5 233.9 | proj _11=2.0221 _22=3.5949 _33=1.00001 _43=-0.15 (aspect 1.778)
camera: pos 107.0 206.9 233.9 | proj _11=2.0353 _22=3.6183 _33=1.00001 _43=-0.15 (aspect 1.778)
camera: pos 107.0 207.3 233.9 | proj _11=2.0502 _22=3.6447 _33=1.00001 _43=-0.15 (aspect 1.778)
camera: pos 107.0 207.6 233.9 | proj _11=2.0669 _22=3.6745 _33=1.00001 _43=-0.15 (aspect 1.778)
frame 9000 | draws 1271/frame | FFP converted 58/frame (4.6%) | far substitutions 0/frame
    not converted: screen-space 28  skinned 148  depth-only 432  ortho 0  vertex-format 7  no-objTM 0  instanced 523  mirrored 0  other-camera 8  no camera 0  other 68 (per frame)
    instancing: 523 instanced draws/frame carrying 523 instances/frame (largest single draw 1 instances)
    OUTLIER converted draws (|world| > 20000): 0.0/frame, 0 total
    albedo: moved off stage 0 1/frame, blanked 22/frame | RT textures known 55 | lights 67.7/frame (24 shaders)
    camera 107.0 207.8 234.0 | distinct cameras this frame 1 (max 1) | transform writes 40/frame | redundant state calls dropped 1138/frame
    world matrix changes 38/frame | objTM used without a fresh upload 0/frame
camera: pos 107.0 208.0 234.0 | proj _11=2.0855 _22=3.7076 _33=1.00001 _43=-0.15 (aspect 1.778)
camera: pos 107.0 208.1 234.0 | proj _11=2.0956 _22=3.7254 _33=1.00001 _43=-0.15 (aspect 1.778)
camera: pos 107.0 208.3 234.0 | proj _11=2.1060 _22=3.7440 _33=1.00001 _43=-0.15 (aspect 1.778)
camera: pos 107.0 208.5 234.0 | proj _11=2.1170 _22=3.7635 _33=1.00001 _43=-0.15 (aspect 1.778)
camera: pos 107.0 208.6 234.0 | proj _11=2.1285 _22=3.7839 _33=1.00001 _43=-0.15 (aspect 1.778)
camera: pos 107.0 208.7 234.0 | proj _11=2.1400 _22=3.8044 _33=1.00001 _43=-0.15 (aspect 1.778)
camera: pos 107.0 208.7 234.1 | proj _11=2.1518 _22=3.8254 _33=1.00001 _43=-0.15 (aspect 1.778)
camera: pos 107.0 208.7 234.2 | proj _11=2.1635 _22=3.8461 _33=1.00001 _43=-0.15 (aspect 1.778)
camera: pos 106.9 208.6 234.4 | proj _11=2.1751 _22=3.8667 _33=1.00001 _43=-0.15 (aspect 1.778)
camera: pos 106.9 208.5 234.5 | proj _11=2.1866 _22=3.8872 _33=1.00001 _43=-0.15 (aspect 1.778)
camera: pos 106.9 208.4 234.6 | proj _11=2.1983 _22=3.9080 _33=1.00001 _43=-0.15 (aspect 1.778)
camera: pos 106.8 208.3 234.7 | proj _11=2.2097 _22=3.9283 _33=1.00001 _43=-0.15 (aspect 1.778)
camera: pos 106.8 208.3 234.8 | proj _11=2.2213 _22=3.9489 _33=1.00001 _43=-0.15 (aspect 1.778)
camera: pos 106.7 208.3 234.8 | proj _11=2.2329 _22=3.9695 _33=1.00001 _43=-0.15 (aspect 1.778)
camera: pos 106.7 208.2 234.9 | proj _11=2.2445 _22=3.9901 _33=1.00001 _43=-0.15 (aspect 1.778)
camera: pos 106.6 208.2 235.0 | proj _11=2.2560 _22=4.0105 _33=1.00001 _43=-0.15 (aspect 1.778)
camera: pos 106.6 208.1 235.0 | proj _11=2.2675 _22=4.0310 _33=1.00001 _43=-0.15 (aspect 1.778)
camera: pos 106.5 208.1 235.1 | proj _11=2.2790 _22=4.0516 _33=1.00001 _43=-0.15 (aspect 1.778)
camera: pos 106.5 208.0 235.1 | proj _11=2.2905 _22=4.0719 _33=1.00001 _43=-0.15 (aspect 1.778)
camera: pos 106.4 208.0 235.1 | proj _11=2.3020 _22=4.0924 _33=1.00001 _43=-0.15 (aspect 1.778)
camera: pos 106.4 207.9 235.2 | proj _11=2.3135 _22=4.1128 _33=1.00001 _43=-0.15 (aspect 1.778)
camera: pos 106.3 207.8 235.2 | proj _11=2.3258 _22=4.1347 _33=1.00001 _43=-0.15 (aspect 1.778)
camera: pos 106.3 207.7 235.3 | proj _11=2.3365 _22=4.1537 _33=1.00001 _43=-0.15 (aspect 1.778)
camera: pos 106.3 207.6 235.3 | proj _11=2.3479 _22=4.1740 _33=1.00001 _43=-0.15 (aspect 1.778)
camera: pos 106.2 207.5 235.3 | proj _11=2.3606 _22=4.1965 _33=1.00001 _43=-0.15 (aspect 1.778)
camera: pos 106.2 207.5 235.4 | proj _11=2.3707 _22=4.2146 _33=1.00001 _43=-0.15 (aspect 1.778)
camera: pos 106.2 207.5 235.4 | proj _11=2.3826 _22=4.2356 _33=1.00001 _43=-0.15 (aspect 1.778)
camera: pos 106.2 207.5 235.4 | proj _11=2.3936 _22=4.2552 _33=1.00001 _43=-0.15 (aspect 1.778)
camera: pos 106.2 207.5 235.4 | proj _11=2.4055 _22=4.2764 _33=1.00001 _43=-0.15 (aspect 1.778)
camera: pos 106.2 207.5 235.4 | proj _11=2.4163 _22=4.2956 _33=1.00001 _43=-0.15 (aspect 1.778)
camera: pos 106.2 207.3 235.5 | proj _11=2.4286 _22=4.3175 _33=1.00001 _43=-0.15 (aspect 1.778)
camera: pos 106.1 207.2 235.5 | proj _11=2.4407 _22=4.3390 _33=1.00001 _43=-0.15 (aspect 1.778)
camera: pos 106.1 207.0 235.5 | proj _11=2.4621 _22=4.3770 _33=1.00001 _43=-0.15 (aspect 1.778)
camera: pos 106.1 207.0 235.5 | proj _11=2.4729 _22=4.3961 _33=1.00001 _43=-0.15 (aspect 1.778)
camera: pos 106.0 206.9 235.5 | proj _11=2.4846 _22=4.4169 _33=1.00001 _43=-0.15 (aspect 1.778)
camera: pos 106.0 206.9 235.5 | proj _11=2.4952 _22=4.4359 _33=1.00001 _43=-0.15 (aspect 1.778)
camera: pos 106.0 207.0 235.5 | proj _11=2.5070 _22=4.4569 _33=1.00001 _43=-0.15 (aspect 1.778)
camera: pos 106.0 207.0 235.5 | proj _11=2.5176 _22=4.4757 _33=1.00001 _43=-0.15 (aspect 1.778)
camera: pos 106.0 207.0 235.5 | proj _11=2.5292 _22=4.4964 _33=1.00001 _43=-0.15 (aspect 1.778)
camera: pos 106.0 207.0 235.5 | proj _11=2.5400 _22=4.5155 _33=1.00001 _43=-0.15 (aspect 1.778)
camera: pos 106.0 207.0 235.5 | proj _11=2.5515 _22=4.5360 _33=1.00001 _43=-0.15 (aspect 1.778)
camera: pos 106.0 207.1 235.6 | proj _11=2.5622 _22=4.5550 _33=1.00001 _43=-0.15 (aspect 1.778)
camera: pos 106.0 207.1 235.6 | proj _11=2.5733 _22=4.5746 _33=1.00001 _43=-0.15 (aspect 1.778)
camera: pos 106.0 207.1 235.6 | proj _11=2.5892 _22=4.6029 _33=1.00001 _43=-0.15 (aspect 1.778)
camera: pos 106.0 207.1 235.6 | proj _11=2.6068 _22=4.6342 _33=1.00001 _43=-0.15 (aspect 1.778)
camera: pos 106.0 207.1 235.6 | proj _11=2.5916 _22=4.6072 _33=1.00001 _43=-0.15 (aspect 1.778)
camera: pos 106.0 207.1 235.6 | proj _11=2.5711 _22=4.5709 _33=1.00001 _43=-0.15 (aspect 1.778)
camera: pos 106.0 207.0 235.6 | proj _11=2.5510 _22=4.5351 _33=1.00001 _43=-0.15 (aspect 1.778)
camera: pos 106.0 207.0 235.5 | proj _11=2.5317 _22=4.5007 _33=1.00001 _43=-0.15 (aspect 1.778)
camera: pos 106.0 206.9 235.5 | proj _11=2.5129 _22=4.4673 _33=1.00001 _43=-0.15 (aspect 1.778)
camera: pos 106.0 206.9 235.5 | proj _11=2.4947 _22=4.4350 _33=1.00001 _43=-0.15 (aspect 1.778)
camera: pos 106.0 206.8 235.5 | proj _11=2.4772 _22=4.4039 _33=1.00001 _43=-0.15 (aspect 1.778)
camera: pos 106.0 206.7 235.5 | proj _11=2.4606 _22=4.3744 _33=1.00001 _43=-0.15 (aspect 1.778)
camera: pos 106.0 206.6 235.5 | proj _11=2.4438 _22=4.3444 _33=1.00001 _43=-0.15 (aspect 1.778)
camera: pos 105.9 206.7 235.5 | proj _11=2.4278 _22=4.3159 _33=1.00001 _43=-0.15 (aspect 1.778)
camera: pos 105.8 206.7 235.5 | proj _11=2.4124 _22=4.2887 _33=1.00001 _43=-0.15 (aspect 1.778)
camera: pos 105.7 206.6 235.4 | proj _11=2.3973 _22=4.2619 _33=1.00001 _43=-0.15 (aspect 1.778)
camera: pos 105.7 206.5 235.4 | proj _11=2.3830 _22=4.2363 _33=1.00001 _43=-0.15 (aspect 1.778)
camera: pos 105.6 206.3 235.4 | proj _11=2.3689 _22=4.2113 _33=1.00001 _43=-0.15 (aspect 1.778)
camera: pos 105.5 206.1 235.4 | proj _11=2.3551 _22=4.1868 _33=1.00001 _43=-0.15 (aspect 1.778)
camera: pos 105.4 205.9 235.4 | proj _11=2.3423 _22=4.1641 _33=1.00001 _43=-0.15 (aspect 1.778)
camera: pos 105.3 205.7 235.4 | proj _11=2.3294 _22=4.1411 _33=1.00001 _43=-0.15 (aspect 1.778)
camera: pos 105.3 205.6 235.4 | proj _11=2.3169 _22=4.1188 _33=1.00001 _43=-0.15 (aspect 1.778)
camera: pos 105.3 205.4 235.3 | proj _11=2.3049 _22=4.0975 _33=1.00001 _43=-0.15 (aspect 1.778)
camera: pos 105.3 205.2 235.3 | proj _11=2.2932 _22=4.0767 _33=1.00001 _43=-0.15 (aspect 1.778)
camera: pos 105.3 205.0 235.3 | proj _11=2.2817 _22=4.0564 _33=1.00001 _43=-0.15 (aspect 1.778)
camera: pos 105.3 204.8 235.3 | proj _11=2.2707 _22=4.0367 _33=1.00001 _43=-0.15 (aspect 1.778)
camera: pos 105.3 204.6 235.3 | proj _11=2.2599 _22=4.0175 _33=1.00001 _43=-0.15 (aspect 1.778)
camera: pos 105.3 204.4 235.3 | proj _11=2.2497 _22=3.9993 _33=1.00001 _43=-0.15 (aspect 1.778)
camera: pos 105.3 204.2 235.3 | proj _11=2.2395 _22=3.9812 _33=1.00001 _43=-0.15 (aspect 1.778)
camera: pos 105.3 204.0 235.3 | proj _11=2.2294 _22=3.9633 _33=1.00001 _43=-0.15 (aspect 1.778)
camera: pos 105.4 203.7 235.3 | proj _11=2.2152 _22=3.9380 _33=1.00001 _43=-0.15 (aspect 1.778)
camera: pos 105.5 203.4 235.3 | proj _11=2.2012 _22=3.9131 _33=1.00001 _43=-0.15 (aspect 1.778)
camera: pos 105.5 203.0 235.3 | proj _11=2.1880 _22=3.8898 _33=1.00001 _43=-0.15 (aspect 1.778)
camera: pos 105.5 202.6 235.3 | proj _11=2.1756 _22=3.8677 _33=1.00001 _43=-0.15 (aspect 1.778)
camera: pos 105.7 202.2 235.3 | proj _11=2.1632 _22=3.8455 _33=1.00001 _43=-0.15 (aspect 1.778)
camera: pos 106.2 201.9 235.3 | proj _11=2.1515 _22=3.8248 _33=1.00001 _43=-0.15 (aspect 1.778)
camera: pos 107.0 201.6 235.2 | proj _11=2.1405 _22=3.8053 _33=1.00001 _43=-0.15 (aspect 1.778)
camera: pos 107.8 201.2 235.1 | proj _11=2.1294 _22=3.7855 _33=1.00001 _43=-0.15 (aspect 1.778)
camera: pos 108.5 201.0 234.9 | proj _11=2.1190 _22=3.7670 _33=1.00001 _43=-0.15 (aspect 1.778)
camera: pos 109.7 200.5 234.4 | proj _11=2.1057 _22=3.7435 _33=1.00001 _43=-0.15 (aspect 1.778)
camera: pos 111.0 200.0 233.6 | proj _11=2.0934 _22=3.7216 _33=1.00001 _43=-0.15 (aspect 1.778)
camera: pos 112.2 199.5 232.5 | proj _11=2.0813 _22=3.7001 _33=1.00001 _43=-0.15 (aspect 1.778)
camera: pos 113.1 198.9 231.3 | proj _11=2.0699 _22=3.6797 _33=1.00001 _43=-0.15 (aspect 1.778)
camera: pos 113.6 198.2 230.3 | proj _11=2.0591 _22=3.6606 _33=1.00001 _43=-0.15 (aspect 1.778)
camera: pos 113.7 197.4 230.1 | proj _11=2.0488 _22=3.6423 _33=1.00001 _43=-0.15 (aspect 1.778)
camera: pos 113.6 196.5 230.2 | proj _11=2.0367 _22=3.6208 _33=1.00001 _43=-0.15 (aspect 1.778)
camera: pos 112.8 195.3 231.6 | proj _11=2.0251 _22=3.6001 _33=1.00001 _43=-0.15 (aspect 1.778)
camera: pos 111.0 194.0 233.5 | proj _11=2.0143 _22=3.5810 _33=1.00001 _43=-0.15 (aspect 1.778)
camera: pos 108.9 192.9 234.7 | proj _11=2.0041 _22=3.5628 _33=1.00001 _43=-0.15 (aspect 1.778)
camera: pos 107.0 191.8 235.1 | proj _11=1.9927 _22=3.5425 _33=1.00001 _43=-0.15 (aspect 1.778)
camera: pos 106.5 190.5 235.1 | proj _11=1.9825 _22=3.5244 _33=1.00001 _43=-0.15 (aspect 1.778)
camera: pos 106.5 180.9 235.1 | proj _11=1.9725 _22=3.5067 _33=1.00001 _43=-0.15 (aspect 1.778)
camera: pos 106.5 177.6 235.1 | proj _11=1.9843 _22=3.5276 _33=1.00001 _43=-0.15 (aspect 1.778)
camera: pos 106.5 177.0 235.1 | proj _11=1.9957 _22=3.5479 _33=1.00001 _43=-0.15 (aspect 1.778)
camera: pos 106.5 176.4 235.1 | proj _11=2.0110 _22=3.5750 _33=1.00001 _43=-0.15 (aspect 1.778)
camera: pos 106.5 176.0 235.1 | proj _11=2.0232 _22=3.5968 _33=1.00001 _43=-0.15 (aspect 1.778)
camera: pos 106.5 175.7 235.1 | proj _11=2.0372 _22=3.6217 _33=1.00001 _43=-0.15 (aspect 1.778)
camera: pos 106.5 175.3 235.2 | proj _11=2.0530 _22=3.6497 _33=1.00001 _43=-0.15 (aspect 1.778)
camera: pos 106.5 175.0 235.2 | proj _11=2.0705 _22=3.6809 _33=1.00001 _43=-0.15 (aspect 1.778)
camera: pos 106.5 174.6 235.2 | proj _11=2.0899 _22=3.7154 _33=1.00001 _43=-0.15 (aspect 1.778)
camera: pos 106.5 174.5 235.2 | proj _11=2.1003 _22=3.7338 _33=1.00001 _43=-0.15 (aspect 1.778)
camera: pos 106.5 174.3 235.2 | proj _11=2.1112 _22=3.7532 _33=1.00001 _43=-0.15 (aspect 1.778)
camera: pos 106.5 174.2 235.2 | proj _11=2.1225 _22=3.7733 _33=1.00001 _43=-0.15 (aspect 1.778)
camera: pos 106.5 174.0 235.2 | proj _11=2.1341 _22=3.7939 _33=1.00001 _43=-0.15 (aspect 1.778)
camera: pos 106.5 173.9 235.2 | proj _11=2.1457 _22=3.8144 _33=1.00001 _43=-0.15 (aspect 1.778)
camera: pos 106.5 173.8 235.2 | proj _11=2.1572 _22=3.8349 _33=1.00001 _43=-0.15 (aspect 1.778)
camera: pos 106.5 173.6 235.3 | proj _11=2.1687 _22=3.8555 _33=1.00001 _43=-0.15 (aspect 1.778)
camera: pos 106.5 173.5 235.3 | proj _11=2.1803 _22=3.8760 _33=1.00001 _43=-0.15 (aspect 1.778)
camera: pos 106.5 173.4 235.3 | proj _11=2.1918 _22=3.8965 _33=1.00001 _43=-0.15 (aspect 1.778)
camera: pos 106.5 173.2 235.3 | proj _11=2.2033 _22=3.9170 _33=1.00001 _43=-0.15 (aspect 1.778)
camera: pos 106.5 173.1 235.3 | proj _11=2.2149 _22=3.9376 _33=1.00001 _43=-0.15 (aspect 1.778)
camera: pos 106.5 173.0 235.3 | proj _11=2.2264 _22=3.9579 _33=1.00001 _43=-0.15 (aspect 1.778)
camera: pos 106.5 172.9 235.3 | proj _11=2.2379 _22=3.9783 _33=1.00001 _43=-0.15 (aspect 1.778)
camera: pos 106.5 172.8 235.3 | proj _11=2.2494 _22=3.9988 _33=1.00001 _43=-0.15 (aspect 1.778)
camera: pos 106.5 172.7 235.3 | proj _11=2.2608 _22=4.0192 _33=1.00001 _43=-0.15 (aspect 1.778)
camera: pos 106.5 172.6 235.3 | proj _11=2.2723 _22=4.0396 _33=1.00001 _43=-0.15 (aspect 1.778)
camera: pos 106.5 172.5 235.4 | proj _11=2.2838 _22=4.0600 _33=1.00001 _43=-0.15 (aspect 1.778)
camera: pos 106.5 172.4 235.4 | proj _11=2.2952 _22=4.0803 _33=1.00001 _43=-0.15 (aspect 1.778)
camera: pos 106.5 172.3 235.4 | proj _11=2.3066 _22=4.1006 _33=1.00001 _43=-0.15 (aspect 1.778)
camera: pos 106.5 172.3 235.4 | proj _11=2.3181 _22=4.1210 _33=1.00001 _43=-0.15 (aspect 1.778)
camera: pos 106.5 172.2 235.4 | proj _11=2.3295 _22=4.1413 _33=1.00001 _43=-0.15 (aspect 1.778)
camera: pos 106.5 172.1 235.4 | proj _11=2.3410 _22=4.1617 _33=1.00001 _43=-0.15 (aspect 1.778)
camera: pos 106.5 171.9 235.4 | proj _11=2.3747 _22=4.2216 _33=1.00001 _43=-0.15 (aspect 1.778)
camera: pos 106.5 171.8 235.4 | proj _11=2.3859 _22=4.2414 _33=1.00001 _43=-0.15 (aspect 1.778)
camera: pos 106.5 171.8 235.4 | proj _11=2.3972 _22=4.2615 _33=1.00001 _43=-0.15 (aspect 1.778)
camera: pos 106.5 171.7 235.4 | proj _11=2.4085 _22=4.2816 _33=1.00001 _43=-0.15 (aspect 1.778)
camera: pos 106.5 171.7 235.5 | proj _11=2.4199 _22=4.3019 _33=1.00001 _43=-0.15 (aspect 1.778)
camera: pos 106.5 171.6 235.5 | proj _11=2.4310 _22=4.3218 _33=1.00001 _43=-0.15 (aspect 1.778)
camera: pos 106.5 171.5 235.5 | proj _11=2.4643 _22=4.3809 _33=1.00001 _43=-0.15 (aspect 1.778)
camera: pos 106.5 171.5 235.5 | proj _11=2.4755 _22=4.4008 _33=1.00001 _43=-0.15 (aspect 1.778)
camera: pos 106.5 171.4 235.5 | proj _11=2.4867 _22=4.4207 _33=1.00001 _43=-0.15 (aspect 1.778)
camera: pos 106.5 171.4 235.5 | proj _11=2.4979 _22=4.4406 _33=1.00001 _43=-0.15 (aspect 1.778)
camera: pos 106.5 171.4 235.5 | proj _11=2.5090 _22=4.4604 _33=1.00001 _43=-0.15 (aspect 1.778)
camera: pos 106.5 171.4 235.5 | proj _11=2.5202 _22=4.4802 _33=1.00001 _43=-0.15 (aspect 1.778)
camera: pos 106.5 171.3 235.5 | proj _11=2.5312 _22=4.4999 _33=1.00001 _43=-0.15 (aspect 1.778)
camera: pos 106.5 171.3 235.5 | proj _11=2.5419 _22=4.5189 _33=1.00001 _43=-0.15 (aspect 1.778)
camera: pos 106.5 171.3 235.5 | proj _11=2.5611 _22=4.5530 _33=1.00001 _43=-0.15 (aspect 1.778)
camera: pos 106.5 171.3 235.6 | proj _11=2.5773 _22=4.5818 _33=1.00001 _43=-0.15 (aspect 1.778)
camera: pos 106.5 171.2 235.6 | proj _11=2.5905 _22=4.6052 _33=1.00001 _43=-0.15 (aspect 1.778)
camera: pos 106.5 171.2 235.6 | proj _11=2.6007 _22=4.6233 _33=1.00001 _43=-0.15 (aspect 1.778)
camera: pos 106.5 171.2 235.6 | proj _11=2.6126 _22=4.6445 _33=1.00001 _43=-0.15 (aspect 1.778)
camera: pos 106.5 171.2 235.6 | proj _11=2.6007 _22=4.6234 _33=1.00001 _43=-0.15 (aspect 1.778)
camera: pos 106.5 171.2 235.5 | proj _11=2.5903 _22=4.6048 _33=1.00001 _43=-0.15 (aspect 1.778)
camera: pos 106.5 171.3 235.5 | proj _11=2.5773 _22=4.5817 _33=1.00001 _43=-0.15 (aspect 1.778)
camera: pos 106.5 171.3 235.5 | proj _11=2.5618 _22=4.5543 _33=1.00001 _43=-0.15 (aspect 1.778)
camera: pos 106.5 171.3 235.5 | proj _11=2.5441 _22=4.5228 _33=1.00001 _43=-0.15 (aspect 1.778)
camera: pos 106.5 171.4 235.5 | proj _11=2.5251 _22=4.4890 _33=1.00001 _43=-0.15 (aspect 1.778)
camera: pos 106.5 171.4 235.5 | proj _11=2.5067 _22=4.4563 _33=1.00001 _43=-0.15 (aspect 1.778)
camera: pos 106.5 171.5 235.5 | proj _11=2.4889 _22=4.4247 _33=1.00001 _43=-0.15 (aspect 1.778)
camera: pos 106.4 171.6 235.5 | proj _11=2.4717 _22=4.3940 _33=1.00001 _43=-0.15 (aspect 1.778)
camera: pos 106.4 171.6 235.5 | proj _11=2.4550 _22=4.3644 _33=1.00001 _43=-0.15 (aspect 1.778)
camera: pos 106.4 171.7 235.4 | proj _11=2.4389 _22=4.3357 _33=1.00001 _43=-0.15 (aspect 1.778)
camera: pos 106.4 171.8 235.4 | proj _11=2.4232 _22=4.3079 _33=1.00001 _43=-0.15 (aspect 1.778)
camera: pos 106.4 171.9 235.4 | proj _11=2.4081 _22=4.2810 _33=1.00001 _43=-0.15 (aspect 1.778)
camera: pos 106.4 172.1 235.4 | proj _11=2.3937 _22=4.2554 _33=1.00001 _43=-0.15 (aspect 1.778)
camera: pos 106.4 172.2 235.4 | proj _11=2.3827 _22=4.2358 _33=1.00001 _43=-0.15 (aspect 1.778)
camera: pos 106.4 172.4 235.4 | proj _11=2.3709 _22=4.2148 _33=1.00001 _43=-0.15 (aspect 1.778)
camera: pos 106.4 173.3 235.4 | proj _11=2.3843 _22=4.2387 _33=1.00001 _43=-0.15 (aspect 1.778)
camera: pos 106.4 173.4 235.4 | proj _11=2.3953 _22=4.2582 _33=1.00001 _43=-0.15 (aspect 1.778)
camera: pos 106.4 173.5 235.4 | proj _11=2.4088 _22=4.2822 _33=1.00001 _43=-0.15 (aspect 1.778)
camera: pos 106.4 173.6 235.4 | proj _11=2.4243 _22=4.3099 _33=1.00001 _43=-0.15 (aspect 1.778)
camera: pos 106.4 173.7 235.4 | proj _11=2.4425 _22=4.3421 _33=1.00001 _43=-0.15 (aspect 1.778)
camera: pos 106.4 173.8 235.5 | proj _11=2.4630 _22=4.3787 _33=1.00001 _43=-0.15 (aspect 1.778)
camera: pos 106.4 173.8 235.5 | proj _11=2.4743 _22=4.3986 _33=1.00001 _43=-0.15 (aspect 1.778)
camera: pos 106.4 173.9 235.5 | proj _11=2.4855 _22=4.4186 _33=1.00001 _43=-0.15 (aspect 1.778)
camera: pos 106.4 173.9 235.5 | proj _11=2.4968 _22=4.4387 _33=1.00001 _43=-0.15 (aspect 1.778)
camera: pos 106.4 173.9 235.5 | proj _11=2.5080 _22=4.4586 _33=1.00001 _43=-0.15 (aspect 1.778)
camera: pos 106.4 174.0 235.5 | proj _11=2.5192 _22=4.4785 _33=1.00001 _43=-0.15 (aspect 1.778)
camera: pos 106.4 174.0 235.5 | proj _11=2.5304 _22=4.4983 _33=1.00001 _43=-0.15 (aspect 1.778)
camera: pos 106.4 174.0 235.5 | proj _11=2.5411 _22=4.5175 _33=1.00001 _43=-0.15 (aspect 1.778)
camera: pos 106.4 174.0 235.5 | proj _11=2.5512 _22=4.5355 _33=1.00001 _43=-0.15 (aspect 1.778)
camera: pos 106.4 174.0 235.5 | proj _11=2.5692 _22=4.5674 _33=1.00001 _43=-0.15 (aspect 1.778)
camera: pos 106.4 174.1 235.5 | proj _11=2.5841 _22=4.5939 _33=1.00001 _43=-0.15 (aspect 1.778)
camera: pos 106.4 174.1 235.5 | proj _11=2.5960 _22=4.6151 _33=1.00001 _43=-0.15 (aspect 1.778)
camera: pos 106.4 174.1 235.5 | proj _11=2.6082 _22=4.6367 _33=1.00001 _43=-0.15 (aspect 1.778)
camera: pos 106.4 174.1 235.5 | proj _11=2.5962 _22=4.6154 _33=1.00001 _43=-0.15 (aspect 1.778)
camera: pos 106.4 174.1 235.5 | proj _11=2.5846 _22=4.5948 _33=1.00001 _43=-0.15 (aspect 1.778)
camera: pos 106.4 174.1 235.5 | proj _11=2.5706 _22=4.5699 _33=1.00001 _43=-0.15 (aspect 1.778)
camera: pos 106.4 174.2 235.5 | proj _11=2.5542 _22=4.5407 _33=1.00001 _43=-0.15 (aspect 1.778)
camera: pos 106.4 174.2 235.5 | proj _11=2.5356 _22=4.5076 _33=1.00001 _43=-0.15 (aspect 1.778)
camera: pos 106.4 174.2 235.5 | proj _11=2.5168 _22=4.4743 _33=1.00001 _43=-0.15 (aspect 1.778)
camera: pos 106.4 174.3 235.5 | proj _11=2.4987 _22=4.4420 _33=1.00001 _43=-0.15 (aspect 1.778)
camera: pos 106.4 174.4 235.5 | proj _11=2.4831 _22=4.4143 _33=1.00001 _43=-0.15 (aspect 1.778)
camera: pos 106.4 174.4 235.5 | proj _11=2.4706 _22=4.3922 _33=1.00001 _43=-0.15 (aspect 1.778)
camera: pos 106.4 174.6 235.4 | proj _11=2.4574 _22=4.3686 _33=1.00001 _43=-0.15 (aspect 1.778)
camera: pos 106.4 175.1 235.5 | proj _11=2.4692 _22=4.3896 _33=1.00001 _43=-0.15 (aspect 1.778)
camera: pos 106.4 175.2 235.5 | proj _11=2.4805 _22=4.4097 _33=1.00001 _43=-0.15 (aspect 1.778)
camera: pos 106.4 175.3 235.5 | proj _11=2.4943 _22=4.4343 _33=1.00001 _43=-0.15 (aspect 1.778)
camera: pos 106.4 175.3 235.5 | proj _11=2.5107 _22=4.4634 _33=1.00001 _43=-0.15 (aspect 1.778)
camera: pos 106.4 175.4 235.5 | proj _11=2.5297 _22=4.4971 _33=1.00001 _43=-0.15 (aspect 1.778)
camera: pos 106.4 175.4 235.5 | proj _11=2.5402 _22=4.5157 _33=1.00001 _43=-0.15 (aspect 1.778)
camera: pos 106.4 175.4 235.5 | proj _11=2.5513 _22=4.5356 _33=1.00001 _43=-0.15 (aspect 1.778)
frame 9600 | draws 1391/frame | FFP converted 61/frame (4.4%) | far substitutions 0/frame
    not converted: screen-space 28  skinned 151  depth-only 468  ortho 0  vertex-format 7  no-objTM 0  instanced 594  mirrored 0  other-camera 9  no camera 0  other 72 (per frame)
    instancing: 594 instanced draws/frame carrying 594 instances/frame (largest single draw 1 instances)
    OUTLIER converted draws (|world| > 20000): 0.0/frame, 0 total
    albedo: moved off stage 0 2/frame, blanked 23/frame | RT textures known 55 | lights 71.6/frame (24 shaders)
    camera 106.4 175.4 235.5 | distinct cameras this frame 1 (max 1) | transform writes 39/frame | redundant state calls dropped 1205/frame
    world matrix changes 38/frame | objTM used without a fresh upload 0/frame
camera: pos 106.4 175.4 235.5 | proj _11=2.5624 _22=4.5553 _33=1.00001 _43=-0.15 (aspect 1.778)
camera: pos 106.4 175.4 235.5 | proj _11=2.5735 _22=4.5750 _33=1.00001 _43=-0.15 (aspect 1.778)
camera: pos 106.4 175.4 235.5 | proj _11=2.5846 _22=4.5947 _33=1.00001 _43=-0.15 (aspect 1.778)
camera: pos 106.4 175.5 235.5 | proj _11=2.5956 _22=4.6143 _33=1.00001 _43=-0.15 (aspect 1.778)
camera: pos 106.4 175.5 235.5 | proj _11=2.6066 _22=4.6339 _33=1.00001 _43=-0.15 (aspect 1.778)
camera: pos 106.4 175.4 235.5 | proj _11=2.5922 _22=4.6083 _33=1.00001 _43=-0.15 (aspect 1.778)
camera: pos 106.4 175.4 235.5 | proj _11=2.5817 _22=4.5896 _33=1.00001 _43=-0.15 (aspect 1.778)
camera: pos 106.4 175.4 235.5 | proj _11=2.5714 _22=4.5713 _33=1.00001 _43=-0.15 (aspect 1.778)
camera: pos 106.4 175.4 235.5 | proj _11=2.5613 _22=4.5533 _33=1.00001 _43=-0.15 (aspect 1.778)
camera: pos 106.4 175.4 235.5 | proj _11=2.5415 _22=4.5182 _33=1.00001 _43=-0.15 (aspect 1.778)
camera: pos 106.4 175.4 235.5 | proj _11=2.5311 _22=4.4996 _33=1.00001 _43=-0.15 (aspect 1.778)
camera: pos 106.4 175.3 235.5 | proj _11=2.5132 _22=4.4678 _33=1.00001 _43=-0.15 (aspect 1.778)
camera: pos 106.4 175.2 235.5 | proj _11=2.4950 _22=4.4355 _33=1.00001 _43=-0.15 (aspect 1.778)
camera: pos 106.4 175.2 235.5 | proj _11=2.4771 _22=4.4037 _33=1.00001 _43=-0.15 (aspect 1.778)
camera: pos 106.4 175.1 235.4 | proj _11=2.4600 _22=4.3733 _33=1.00001 _43=-0.15 (aspect 1.778)
camera: pos 106.4 175.0 235.4 | proj _11=2.4435 _22=4.3439 _33=1.00001 _43=-0.15 (aspect 1.778)
camera: pos 106.4 174.9 235.4 | proj _11=2.4275 _22=4.3155 _33=1.00001 _43=-0.15 (aspect 1.778)
camera: pos 106.4 174.8 235.4 | proj _11=2.4121 _22=4.2881 _33=1.00001 _43=-0.15 (aspect 1.778)
camera: pos 106.4 174.7 235.4 | proj _11=2.3975 _22=4.2621 _33=1.00001 _43=-0.15 (aspect 1.778)
camera: pos 106.4 174.5 235.4 | proj _11=2.3829 _22=4.2362 _33=1.00001 _43=-0.15 (aspect 1.778)
camera: pos 106.4 174.4 235.4 | proj _11=2.3688 _22=4.2110 _33=1.00001 _43=-0.15 (aspect 1.778)
camera: pos 106.4 174.3 235.4 | proj _11=2.3568 _22=4.1898 _33=1.00001 _43=-0.15 (aspect 1.778)
camera: pos 106.4 174.0 235.4 | proj _11=2.3440 _22=4.1670 _33=1.00001 _43=-0.15 (aspect 1.778)
camera: pos 106.4 173.0 235.4 | proj _11=2.3573 _22=4.1907 _33=1.00001 _43=-0.15 (aspect 1.778)
camera: pos 106.4 172.8 235.4 | proj _11=2.3685 _22=4.2105 _33=1.00001 _43=-0.15 (aspect 1.778)
camera: pos 106.4 172.7 235.4 | proj _11=2.3820 _22=4.2346 _33=1.00001 _43=-0.15 (aspect 1.778)
camera: pos 106.4 172.6 235.4 | proj _11=2.3979 _22=4.2628 _33=1.00001 _43=-0.15 (aspect 1.778)
camera: pos 106.4 172.5 235.4 | proj _11=2.4161 _22=4.2952 _33=1.00001 _43=-0.15 (aspect 1.778)
camera: pos 106.4 172.4 235.4 | proj _11=2.4261 _22=4.3130 _33=1.00001 _43=-0.15 (aspect 1.778)
camera: pos 106.4 172.4 235.4 | proj _11=2.4367 _22=4.3319 _33=1.00001 _43=-0.15 (aspect 1.778)
camera: pos 106.4 172.3 235.4 | proj _11=2.4480 _22=4.3519 _33=1.00001 _43=-0.15 (aspect 1.778)
camera: pos 106.4 172.3 235.4 | proj _11=2.4592 _22=4.3719 _33=1.00001 _43=-0.15 (aspect 1.778)
camera: pos 106.4 172.3 235.4 | proj _11=2.4705 _22=4.3918 _33=1.00001 _43=-0.15 (aspect 1.778)
camera: pos 106.4 172.2 235.5 | proj _11=2.4816 _22=4.4117 _33=1.00001 _43=-0.15 (aspect 1.778)
camera: pos 106.4 172.2 235.5 | proj _11=2.4928 _22=4.4316 _33=1.00001 _43=-0.15 (aspect 1.778)
camera: pos 106.4 172.2 235.5 | proj _11=2.5040 _22=4.4514 _33=1.00001 _43=-0.15 (aspect 1.778)
camera: pos 106.4 172.1 235.5 | proj _11=2.5151 _22=4.4712 _33=1.00001 _43=-0.15 (aspect 1.778)
camera: pos 106.4 172.1 235.5 | proj _11=2.5262 _22=4.4910 _33=1.00001 _43=-0.15 (aspect 1.778)
camera: pos 106.4 172.1 235.5 | proj _11=2.5373 _22=4.5107 _33=1.00001 _43=-0.15 (aspect 1.778)
camera: pos 106.4 172.1 235.5 | proj _11=2.5484 _22=4.5304 _33=1.00001 _43=-0.15 (aspect 1.778)
camera: pos 106.4 172.1 235.5 | proj _11=2.5595 _22=4.5501 _33=1.00001 _43=-0.15 (aspect 1.778)
camera: pos 106.4 172.1 235.5 | proj _11=2.5705 _22=4.5697 _33=1.00001 _43=-0.15 (aspect 1.778)
camera: pos 106.4 172.1 235.5 | proj _11=2.5815 _22=4.5892 _33=1.00001 _43=-0.15 (aspect 1.778)
camera: pos 106.4 172.0 235.5 | proj _11=2.5925 _22=4.6087 _33=1.00001 _43=-0.15 (aspect 1.778)
camera: pos 106.4 172.0 235.5 | proj _11=2.6034 _22=4.6282 _33=1.00001 _43=-0.15 (aspect 1.778)
camera: pos 106.4 172.0 235.5 | proj _11=2.6141 _22=4.6471 _33=1.00001 _43=-0.15 (aspect 1.778)
camera: pos 106.4 172.1 235.5 | proj _11=2.5955 _22=4.6141 _33=1.00001 _43=-0.15 (aspect 1.778)
camera: pos 106.4 172.1 235.5 | proj _11=2.5845 _22=4.5945 _33=1.00001 _43=-0.15 (aspect 1.778)
camera: pos 106.4 172.1 235.5 | proj _11=2.5642 _22=4.5584 _33=1.00001 _43=-0.15 (aspect 1.778)
camera: pos 106.4 172.1 235.5 | proj _11=2.5449 _22=4.5242 _33=1.00001 _43=-0.15 (aspect 1.778)
camera: pos 106.4 172.1 235.5 | proj _11=2.5349 _22=4.5064 _33=1.00001 _43=-0.15 (aspect 1.778)
camera: pos 106.4 172.2 235.5 | proj _11=2.5162 _22=4.4731 _33=1.00001 _43=-0.15 (aspect 1.778)
camera: pos 106.4 172.2 235.5 | proj _11=2.4981 _22=4.4409 _33=1.00001 _43=-0.15 (aspect 1.778)
camera: pos 106.4 172.3 235.5 | proj _11=2.4809 _22=4.4104 _33=1.00001 _43=-0.15 (aspect 1.778)
camera: pos 106.4 172.4 235.4 | proj _11=2.4639 _22=4.3802 _33=1.00001 _43=-0.15 (aspect 1.778)
camera: pos 106.4 172.5 235.4 | proj _11=2.4475 _22=4.3510 _33=1.00001 _43=-0.15 (aspect 1.778)
camera: pos 106.4 172.6 235.4 | proj _11=2.4315 _22=4.3226 _33=1.00001 _43=-0.15 (aspect 1.778)
camera: pos 106.4 172.7 235.4 | proj _11=2.4162 _22=4.2953 _33=1.00001 _43=-0.15 (aspect 1.778)
camera: pos 106.4 172.8 235.4 | proj _11=2.4011 _22=4.2686 _33=1.00001 _43=-0.15 (aspect 1.778)
camera: pos 106.4 172.9 235.4 | proj _11=2.3867 _22=4.2430 _33=1.00001 _43=-0.15 (aspect 1.778)
camera: pos 106.4 173.0 235.4 | proj _11=2.3724 _22=4.2176 _33=1.00001 _43=-0.15 (aspect 1.778)
camera: pos 106.4 173.2 235.4 | proj _11=2.3591 _22=4.1939 _33=1.00001 _43=-0.15 (aspect 1.778)
camera: pos 106.4 173.3 235.4 | proj _11=2.3459 _22=4.1704 _33=1.00001 _43=-0.15 (aspect 1.778)
camera: pos 106.4 173.5 235.3 | proj _11=2.3330 _22=4.1475 _33=1.00001 _43=-0.15 (aspect 1.778)
camera: pos 106.4 173.6 235.3 | proj _11=2.3205 _22=4.1252 _33=1.00001 _43=-0.15 (aspect 1.778)
camera: pos 106.4 173.8 235.3 | proj _11=2.3084 _22=4.1037 _33=1.00001 _43=-0.15 (aspect 1.778)
camera: pos 106.4 174.0 235.3 | proj _11=2.2972 _22=4.0838 _33=1.00001 _43=-0.15 (aspect 1.778)
camera: pos 106.4 174.3 235.3 | proj _11=2.2853 _22=4.0627 _33=1.00001 _43=-0.15 (aspect 1.778)
camera: pos 106.4 175.6 235.3 | proj _11=2.2985 _22=4.0862 _33=1.00001 _43=-0.15 (aspect 1.778)
camera: pos 106.4 175.8 235.3 | proj _11=2.3093 _22=4.1053 _33=1.00001 _43=-0.15 (aspect 1.778)
camera: pos 106.4 176.0 235.3 | proj _11=2.3225 _22=4.1289 _33=1.00001 _43=-0.15 (aspect 1.778)
camera: pos 106.4 176.5 235.3 | proj _11=2.3326 _22=4.1467 _33=1.00001 _43=-0.15 (aspect 1.778)
camera: pos 106.4 177.0 235.3 | proj _11=2.3214 _22=4.1269 _33=1.00001 _43=-0.15 (aspect 1.778)
camera: pos 106.4 177.3 235.3 | proj _11=2.3084 _22=4.1038 _33=1.00001 _43=-0.15 (aspect 1.778)
camera: pos 106.4 177.4 235.3 | proj _11=2.2972 _22=4.0838 _33=1.00001 _43=-0.15 (aspect 1.778)
camera: pos 106.4 177.6 235.3 | proj _11=2.2858 _22=4.0635 _33=1.00001 _43=-0.15 (aspect 1.778)
camera: pos 106.4 177.8 235.3 | proj _11=2.2747 _22=4.0439 _33=1.00001 _43=-0.15 (aspect 1.778)
camera: pos 106.4 178.0 235.3 | proj _11=2.2639 _22=4.0247 _33=1.00001 _43=-0.15 (aspect 1.778)
camera: pos 106.4 178.2 235.3 | proj _11=2.2535 _22=4.0062 _33=1.00001 _43=-0.15 (aspect 1.778)
camera: pos 106.4 178.4 235.3 | proj _11=2.2434 _22=3.9881 _33=1.00001 _43=-0.15 (aspect 1.778)
camera: pos 106.4 178.7 235.3 | proj _11=2.2332 _22=3.9701 _33=1.00001 _43=-0.15 (aspect 1.778)
camera: pos 106.4 179.0 235.2 | proj _11=2.2191 _22=3.9450 _33=1.00001 _43=-0.15 (aspect 1.778)
camera: pos 106.4 179.4 235.2 | proj _11=2.2052 _22=3.9203 _33=1.00001 _43=-0.15 (aspect 1.778)
camera: pos 106.4 179.7 235.2 | proj _11=2.1922 _22=3.8972 _33=1.00001 _43=-0.15 (aspect 1.778)
camera: pos 106.4 180.1 235.2 | proj _11=2.1795 _22=3.8747 _33=1.00001 _43=-0.15 (aspect 1.778)
camera: pos 106.4 180.5 235.2 | proj _11=2.1674 _22=3.8530 _33=1.00001 _43=-0.15 (aspect 1.778)
camera: pos 106.4 180.9 235.2 | proj _11=2.1555 _22=3.8320 _33=1.00001 _43=-0.15 (aspect 1.778)
camera: pos 106.4 181.3 235.2 | proj _11=2.1444 _22=3.8122 _33=1.00001 _43=-0.15 (aspect 1.778)
camera: pos 106.4 181.8 235.2 | proj _11=2.1335 _22=3.7928 _33=1.00001 _43=-0.15 (aspect 1.778)
camera: pos 106.4 182.2 235.2 | proj _11=2.1230 _22=3.7742 _33=1.00001 _43=-0.15 (aspect 1.778)
camera: pos 106.4 182.8 235.2 | proj _11=2.1098 _22=3.7507 _33=1.00001 _43=-0.15 (aspect 1.778)
camera: pos 106.4 183.5 235.1 | proj _11=2.0974 _22=3.7286 _33=1.00001 _43=-0.15 (aspect 1.778)
camera: pos 106.4 184.1 235.1 | proj _11=2.0854 _22=3.7073 _33=1.00001 _43=-0.15 (aspect 1.778)
camera: pos 106.4 184.8 235.1 | proj _11=2.0744 _22=3.6878 _33=1.00001 _43=-0.15 (aspect 1.778)
camera: pos 106.4 186.8 235.1 | proj _11=2.0844 _22=3.7055 _33=1.00001 _43=-0.15 (aspect 1.778)
camera: pos 106.4 187.3 235.1 | proj _11=2.0974 _22=3.7286 _33=1.00001 _43=-0.15 (aspect 1.778)
camera: pos 106.4 187.6 235.2 | proj _11=2.1083 _22=3.7480 _33=1.00001 _43=-0.15 (aspect 1.778)
camera: pos 106.4 187.9 235.2 | proj _11=2.1211 _22=3.7707 _33=1.00001 _43=-0.15 (aspect 1.778)
camera: pos 106.4 188.2 235.2 | proj _11=2.1358 _22=3.7968 _33=1.00001 _43=-0.15 (aspect 1.778)
camera: pos 106.4 188.5 235.2 | proj _11=2.1523 _22=3.8263 _33=1.00001 _43=-0.15 (aspect 1.778)
camera: pos 106.4 188.8 235.2 | proj _11=2.1709 _22=3.8593 _33=1.00001 _43=-0.15 (aspect 1.778)
camera: pos 106.4 188.9 235.2 | proj _11=2.1809 _22=3.8771 _33=1.00001 _43=-0.15 (aspect 1.778)
camera: pos 106.4 189.0 235.2 | proj _11=2.1914 _22=3.8958 _33=1.00001 _43=-0.15 (aspect 1.778)
camera: pos 106.4 189.1 235.2 | proj _11=2.2024 _22=3.9154 _33=1.00001 _43=-0.15 (aspect 1.778)
camera: pos 106.4 189.3 235.2 | proj _11=2.2140 _22=3.9360 _33=1.00001 _43=-0.15 (aspect 1.778)
camera: pos 106.4 189.4 235.3 | proj _11=2.2256 _22=3.9565 _33=1.00001 _43=-0.15 (aspect 1.778)
camera: pos 106.4 189.5 235.3 | proj _11=2.2371 _22=3.9771 _33=1.00001 _43=-0.15 (aspect 1.778)
camera: pos 106.4 189.6 235.3 | proj _11=2.2487 _22=3.9976 _33=1.00001 _43=-0.15 (aspect 1.778)
camera: pos 106.4 189.7 235.3 | proj _11=2.2602 _22=4.0181 _33=1.00001 _43=-0.15 (aspect 1.778)
camera: pos 106.4 189.8 235.3 | proj _11=2.2717 _22=4.0386 _33=1.00001 _43=-0.15 (aspect 1.778)
camera: pos 106.4 189.9 235.3 | proj _11=2.2833 _22=4.0592 _33=1.00001 _43=-0.15 (aspect 1.778)
camera: pos 106.4 190.0 235.3 | proj _11=2.2948 _22=4.0795 _33=1.00001 _43=-0.15 (aspect 1.778)
camera: pos 106.4 190.1 235.3 | proj _11=2.3063 _22=4.1000 _33=1.00001 _43=-0.15 (aspect 1.778)
camera: pos 106.4 190.2 235.3 | proj _11=2.3178 _22=4.1204 _33=1.00001 _43=-0.15 (aspect 1.778)
camera: pos 106.4 190.2 235.3 | proj _11=2.3292 _22=4.1408 _33=1.00001 _43=-0.15 (aspect 1.778)
camera: pos 106.4 190.3 235.3 | proj _11=2.3407 _22=4.1611 _33=1.00001 _43=-0.15 (aspect 1.778)
camera: pos 106.4 190.4 235.4 | proj _11=2.3528 _22=4.1828 _33=1.00001 _43=-0.15 (aspect 1.778)
camera: pos 106.4 190.5 235.4 | proj _11=2.3637 _22=4.2020 _33=1.00001 _43=-0.15 (aspect 1.778)
camera: pos 106.4 190.5 235.4 | proj _11=2.3755 _22=4.2231 _33=1.00001 _43=-0.15 (aspect 1.778)
camera: pos 106.4 190.6 235.4 | proj _11=2.3864 _22=4.2424 _33=1.00001 _43=-0.15 (aspect 1.778)
camera: pos 106.4 190.6 235.4 | proj _11=2.3983 _22=4.2635 _33=1.00001 _43=-0.15 (aspect 1.778)
camera: pos 106.4 190.7 235.4 | proj _11=2.4092 _22=4.2830 _33=1.00001 _43=-0.15 (aspect 1.778)
camera: pos 106.4 190.8 235.4 | proj _11=2.4210 _22=4.3040 _33=1.00001 _43=-0.15 (aspect 1.778)
camera: pos 106.4 190.8 235.4 | proj _11=2.4319 _22=4.3233 _33=1.00001 _43=-0.15 (aspect 1.778)
camera: pos 106.4 190.9 235.4 | proj _11=2.4437 _22=4.3442 _33=1.00001 _43=-0.15 (aspect 1.778)
camera: pos 106.4 190.9 235.4 | proj _11=2.4546 _22=4.3637 _33=1.00001 _43=-0.15 (aspect 1.778)
camera: pos 106.4 190.9 235.4 | proj _11=2.4667 _22=4.3851 _33=1.00001 _43=-0.15 (aspect 1.778)
camera: pos 106.4 191.0 235.4 | proj _11=2.4773 _22=4.4041 _33=1.00001 _43=-0.15 (aspect 1.778)
camera: pos 106.4 191.0 235.5 | proj _11=2.4893 _22=4.4253 _33=1.00001 _43=-0.15 (aspect 1.778)
camera: pos 106.4 191.0 235.5 | proj _11=2.4997 _22=4.4438 _33=1.00001 _43=-0.15 (aspect 1.778)
camera: pos 106.4 191.1 235.5 | proj _11=2.5114 _22=4.4646 _33=1.00001 _43=-0.15 (aspect 1.778)
camera: pos 106.4 191.1 235.5 | proj _11=2.5228 _22=4.4849 _33=1.00001 _43=-0.15 (aspect 1.778)
camera: pos 106.4 191.1 235.5 | proj _11=2.5331 _22=4.5033 _33=1.00001 _43=-0.15 (aspect 1.778)
camera: pos 106.4 191.1 235.5 | proj _11=2.5447 _22=4.5239 _33=1.00001 _43=-0.15 (aspect 1.778)
camera: pos 106.4 191.2 235.5 | proj _11=2.5554 _22=4.5429 _33=1.00001 _43=-0.15 (aspect 1.778)
camera: pos 106.4 191.2 235.5 | proj _11=2.5663 _22=4.5623 _33=1.00001 _43=-0.15 (aspect 1.778)
camera: pos 106.4 191.2 235.5 | proj _11=2.5830 _22=4.5919 _33=1.00001 _43=-0.15 (aspect 1.778)
camera: pos 106.4 191.2 235.5 | proj _11=2.5964 _22=4.6158 _33=1.00001 _43=-0.15 (aspect 1.778)
camera: pos 106.4 191.2 235.5 | proj _11=2.6094 _22=4.6388 _33=1.00001 _43=-0.15 (aspect 1.778)
camera: pos 106.4 191.2 235.5 | proj _11=2.5962 _22=4.6154 _33=1.00001 _43=-0.15 (aspect 1.778)
camera: pos 106.4 191.2 235.5 | proj _11=2.5846 _22=4.5948 _33=1.00001 _43=-0.15 (aspect 1.778)
camera: pos 106.4 191.3 235.5 | proj _11=2.5705 _22=4.5697 _33=1.00001 _43=-0.15 (aspect 1.778)
camera: pos 106.4 191.3 235.5 | proj _11=2.5582 _22=4.5478 _33=1.00001 _43=-0.15 (aspect 1.778)
camera: pos 106.4 191.3 235.5 | proj _11=2.5455 _22=4.5253 _33=1.00001 _43=-0.15 (aspect 1.778)
camera: pos 106.4 191.6 235.5 | proj _11=2.5586 _22=4.5486 _33=1.00001 _43=-0.15 (aspect 1.778)
camera: pos 106.4 191.6 235.5 | proj _11=2.5703 _22=4.5693 _33=1.00001 _43=-0.15 (aspect 1.778)
camera: pos 106.4 191.6 235.5 | proj _11=2.5841 _22=4.5940 _33=1.00001 _43=-0.15 (aspect 1.778)
camera: pos 106.4 191.6 235.5 | proj _11=2.5960 _22=4.6150 _33=1.00001 _43=-0.15 (aspect 1.778)
camera: pos 106.4 191.6 235.5 | proj _11=2.6082 _22=4.6368 _33=1.00001 _43=-0.15 (aspect 1.778)
frame 10200 | draws 1507/frame | FFP converted 63/frame (4.2%) | far substitutions 0/frame
    not converted: screen-space 28  skinned 155  depth-only 503  ortho 0  vertex-format 7  no-objTM 0  instanced 667  mirrored 0  other-camera 9  no camera 0  other 75 (per frame)
    instancing: 667 instanced draws/frame carrying 667 instances/frame (largest single draw 1 instances)
    OUTLIER converted draws (|world| > 20000): 0.0/frame, 0 total
    albedo: moved off stage 0 2/frame, blanked 23/frame | RT textures known 55 | lights 75.1/frame (24 shaders)
    camera 106.3 191.5 235.6 | distinct cameras this frame 1 (max 1) | transform writes 38/frame | redundant state calls dropped 1233/frame
    world matrix changes 37/frame | objTM used without a fresh upload 0/frame
frame 10800 | draws 1614/frame | FFP converted 63/frame (3.9%) | far substitutions 0/frame
    not converted: screen-space 29  skinned 157  depth-only 531  ortho 0  vertex-format 8  no-objTM 0  instanced 738  mirrored 0  other-camera 10  no camera 0  other 78 (per frame)
    instancing: 738 instanced draws/frame carrying 738 instances/frame (largest single draw 1 instances)
    OUTLIER converted draws (|world| > 20000): 0.0/frame, 0 total
    albedo: moved off stage 0 2/frame, blanked 23/frame | RT textures known 55 | lights 78.0/frame (24 shaders)
    camera 106.2 191.3 235.6 | distinct cameras this frame 1 (max 1) | transform writes 37/frame | redundant state calls dropped 1246/frame
    world matrix changes 36/frame | objTM used without a fresh upload 0/frame
frame 11400 | draws 1705/frame | FFP converted 64/frame (3.8%) | far substitutions 0/frame
    not converted: screen-space 29  skinned 160  depth-only 556  ortho 0  vertex-format 8  no-objTM 0  instanced 798  mirrored 0  other-camera 10  no camera 0  other 80 (per frame)
    instancing: 798 instanced draws/frame carrying 798 instances/frame (largest single draw 1 instances)
    OUTLIER converted draws (|world| > 20000): 0.0/frame, 0 total
    albedo: moved off stage 0 2/frame, blanked 22/frame | RT textures known 55 | lights 80.5/frame (24 shaders)
    camera 108.4 192.4 235.0 | distinct cameras this frame 1 (max 1) | transform writes 36/frame | redundant state calls dropped 1258/frame
    world matrix changes 34/frame | objTM used without a fresh upload 0/frame
camera: pos 107.1 192.7 235.1 | proj _11=2.5972 _22=4.6171 _33=1.00001 _43=-0.15 (aspect 1.778)
camera: pos 106.9 192.8 235.0 | proj _11=2.5826 _22=4.5912 _33=1.00001 _43=-0.15 (aspect 1.778)
camera: pos 107.0 192.8 235.0 | proj _11=2.5617 _22=4.5541 _33=1.00001 _43=-0.15 (aspect 1.778)
camera: pos 107.0 192.8 234.9 | proj _11=2.5485 _22=4.5305 _33=1.00001 _43=-0.15 (aspect 1.778)
camera: pos 107.0 192.7 234.9 | proj _11=2.5345 _22=4.5056 _33=1.00001 _43=-0.15 (aspect 1.778)
camera: pos 107.1 192.7 234.8 | proj _11=2.5191 _22=4.4782 _33=1.00001 _43=-0.15 (aspect 1.778)
camera: pos 107.1 192.7 234.8 | proj _11=2.4968 _22=4.4386 _33=1.00001 _43=-0.15 (aspect 1.778)
camera: pos 107.2 192.7 234.7 | proj _11=2.4781 _22=4.4054 _33=1.00001 _43=-0.15 (aspect 1.778)
camera: pos 107.2 192.7 234.6 | proj _11=2.4594 _22=4.3722 _33=1.00001 _43=-0.15 (aspect 1.778)
camera: pos 107.3 192.7 234.5 | proj _11=2.4397 _22=4.3372 _33=1.00001 _43=-0.15 (aspect 1.778)
camera: pos 107.4 192.7 234.4 | proj _11=2.4193 _22=4.3009 _33=1.00001 _43=-0.15 (aspect 1.778)
camera: pos 107.5 192.7 234.3 | proj _11=2.3982 _22=4.2633 _33=1.00001 _43=-0.15 (aspect 1.778)
camera: pos 107.6 192.7 234.2 | proj _11=2.3748 _22=4.2218 _33=1.00001 _43=-0.15 (aspect 1.778)
camera: pos 107.7 192.7 234.1 | proj _11=2.3522 _22=4.1816 _33=1.00001 _43=-0.15 (aspect 1.778)
camera: pos 107.8 192.7 234.0 | proj _11=2.3288 _22=4.1400 _33=1.00001 _43=-0.15 (aspect 1.778)
camera: pos 107.9 192.7 233.8 | proj _11=2.3033 _22=4.0946 _33=1.00001 _43=-0.15 (aspect 1.778)
camera: pos 108.1 192.6 233.7 | proj _11=2.2798 _22=4.0530 _33=1.00001 _43=-0.15 (aspect 1.778)
camera: pos 108.2 192.6 233.5 | proj _11=2.2525 _22=4.0043 _33=1.00001 _43=-0.15 (aspect 1.778)
camera: pos 108.4 192.6 233.3 | proj _11=2.2283 _22=3.9614 _33=1.00001 _43=-0.15 (aspect 1.778)
camera: pos 108.6 192.6 233.1 | proj _11=2.2034 _22=3.9170 _33=1.00001 _43=-0.15 (aspect 1.778)
camera: pos 108.8 192.6 232.9 | proj _11=2.1784 _22=3.8726 _33=1.00001 _43=-0.15 (aspect 1.778)
camera: pos 109.0 192.6 232.7 | proj _11=2.1533 _22=3.8280 _33=1.00001 _43=-0.15 (aspect 1.778)
camera: pos 109.3 192.6 232.4 | proj _11=2.1293 _22=3.7854 _33=1.00001 _43=-0.15 (aspect 1.778)
camera: pos 109.5 192.6 232.2 | proj _11=2.1049 _22=3.7420 _33=1.00001 _43=-0.15 (aspect 1.778)
camera: pos 109.8 192.6 231.9 | proj _11=2.0811 _22=3.6996 _33=1.00001 _43=-0.15 (aspect 1.778)
camera: pos 110.1 192.6 231.7 | proj _11=2.0576 _22=3.6580 _33=1.00001 _43=-0.15 (aspect 1.778)
camera: pos 110.4 192.5 231.4 | proj _11=2.0330 _22=3.6141 _33=1.00001 _43=-0.15 (aspect 1.778)
camera: pos 110.7 192.5 231.0 | proj _11=2.0094 _22=3.5722 _33=1.00001 _43=-0.15 (aspect 1.778)
camera: pos 111.1 192.5 230.7 | proj _11=1.9858 _22=3.5302 _33=1.00001 _43=-0.15 (aspect 1.778)
camera: pos 111.5 192.5 230.3 | proj _11=1.9611 _22=3.4863 _33=1.00001 _43=-0.15 (aspect 1.778)
camera: pos 111.9 192.5 230.0 | proj _11=1.9384 _22=3.4459 _33=1.00001 _43=-0.15 (aspect 1.778)
camera: pos 112.3 192.5 229.6 | proj _11=1.9147 _22=3.4038 _33=1.00001 _43=-0.15 (aspect 1.778)
camera: pos 112.8 192.5 229.2 | proj _11=1.8923 _22=3.3639 _33=1.00001 _43=-0.15 (aspect 1.778)
camera: pos 113.4 192.5 228.7 | proj _11=1.8662 _22=3.3176 _33=1.00001 _43=-0.15 (aspect 1.778)
camera: pos 114.0 192.4 228.2 | proj _11=1.8417 _22=3.2741 _33=1.00001 _43=-0.15 (aspect 1.778)
camera: pos 114.4 192.4 227.7 | proj _11=1.8223 _22=3.2396 _33=1.00001 _43=-0.15 (aspect 1.778)
camera: pos 115.0 192.4 227.3 | proj _11=1.8025 _22=3.2044 _33=1.00001 _43=-0.15 (aspect 1.778)
camera: pos 115.6 192.4 226.8 | proj _11=1.7827 _22=3.1693 _33=1.00001 _43=-0.15 (aspect 1.778)
camera: pos 116.1 192.4 226.3 | proj _11=1.7646 _22=3.1371 _33=1.00001 _43=-0.15 (aspect 1.778)
camera: pos 116.8 192.4 225.8 | proj _11=1.7458 _22=3.1036 _33=1.00001 _43=-0.15 (aspect 1.778)
camera: pos 117.4 192.4 225.2 | proj _11=1.7286 _22=3.0730 _33=1.00001 _43=-0.15 (aspect 1.778)
camera: pos 118.0 192.4 224.7 | proj _11=1.7121 _22=3.0437 _33=1.00001 _43=-0.15 (aspect 1.778)
camera: pos 118.7 192.3 224.1 | proj _11=1.6969 _22=3.0167 _33=1.00001 _43=-0.15 (aspect 1.778)
camera: pos 119.4 192.3 223.5 | proj _11=1.6819 _22=2.9901 _33=1.00001 _43=-0.15 (aspect 1.778)
camera: pos 120.1 192.3 222.9 | proj _11=1.6679 _22=2.9651 _33=1.00001 _43=-0.15 (aspect 1.778)
camera: pos 120.9 192.3 222.2 | proj _11=1.6550 _22=2.9422 _33=1.00001 _43=-0.15 (aspect 1.778)
camera: pos 121.6 192.3 221.6 | proj _11=1.6436 _22=2.9219 _33=1.00001 _43=-0.15 (aspect 1.778)
camera: pos 122.4 192.3 220.9 | proj _11=1.6329 _22=2.9029 _33=1.00001 _43=-0.15 (aspect 1.778)
camera: pos 124.0 192.3 219.5 | proj _11=1.6148 _22=2.8708 _33=1.00001 _43=-0.15 (aspect 1.778)
camera: pos 125.7 191.9 218.0 | proj _11=1.6000 _22=2.8443 _33=1.00001 _43=-0.15 (aspect 1.778)
camera: pos 127.2 191.9 216.5 | proj _11=1.5896 _22=2.8259 _33=1.00001 _43=-0.15 (aspect 1.778)
camera: pos 129.6 191.8 214.0 | proj _11=1.5782 _22=2.8056 _33=1.00001 _43=-0.15 (aspect 1.778)
camera: pos 133.5 191.7 209.2 | proj _11=1.5677 _22=2.7869 _33=1.00001 _43=-0.15 (aspect 1.778)
camera: pos 139.2 191.7 199.0 | proj _11=1.5565 _22=2.7670 _33=1.00001 _43=-0.15 (aspect 1.778)
camera: pos 141.1 191.7 194.0 | proj _11=1.5461 _22=2.7486 _33=1.00001 _43=-0.15 (aspect 1.778)
camera: pos 142.2 191.7 189.9 | proj _11=1.5348 _22=2.7286 _33=1.00001 _43=-0.15 (aspect 1.778)
camera: pos 143.1 191.6 185.6 | proj _11=1.5213 _22=2.7045 _33=1.00001 _43=-0.15 (aspect 1.778)
camera: pos 143.6 191.6 182.3 | proj _11=1.5101 _22=2.6846 _33=1.00001 _43=-0.15 (aspect 1.778)
camera: pos 143.9 191.6 178.7 | proj _11=1.4978 _22=2.6628 _33=1.00001 _43=-0.15 (aspect 1.778)
camera: pos 144.2 191.6 174.9 | proj _11=1.4852 _22=2.6402 _33=1.00001 _43=-0.15 (aspect 1.778)
camera: pos 144.2 191.6 171.0 | proj _11=1.4751 _22=2.6223 _33=1.00001 _43=-0.15 (aspect 1.778)
camera: pos 143.9 191.6 161.7 | proj _11=1.4649 _22=2.6042 _33=1.00001 _43=-0.15 (aspect 1.778)
camera: pos 135.7 191.3 139.6 | proj _11=1.4537 _22=2.5842 _33=1.00001 _43=-0.15 (aspect 1.778)
camera: pos 128.3 191.3 127.5 | proj _11=1.4648 _22=2.6040 _33=1.00001 _43=-0.15 (aspect 1.778)
camera: pos 126.4 191.3 123.9 | proj _11=1.4798 _22=2.6307 _33=1.00001 _43=-0.15 (aspect 1.778)
camera: pos 125.4 191.3 121.6 | proj _11=1.4904 _22=2.6495 _33=1.00001 _43=-0.15 (aspect 1.778)
camera: pos 124.4 191.3 119.1 | proj _11=1.5023 _22=2.6707 _33=1.00001 _43=-0.15 (aspect 1.778)
camera: pos 123.4 191.3 115.9 | proj _11=1.5168 _22=2.6964 _33=1.00001 _43=-0.15 (aspect 1.778)
camera: pos 122.8 191.3 113.5 | proj _11=1.5275 _22=2.7154 _33=1.00001 _43=-0.15 (aspect 1.778)
camera: pos 122.5 191.3 111.1 | proj _11=1.5382 _22=2.7346 _33=1.00001 _43=-0.15 (aspect 1.778)
camera: pos 122.3 191.3 107.5 | proj _11=1.5525 _22=2.7600 _33=1.00001 _43=-0.15 (aspect 1.778)
camera: pos 122.5 191.3 104.2 | proj _11=1.5632 _22=2.7789 _33=1.00001 _43=-0.15 (aspect 1.778)
camera: pos 128.5 191.2 89.2 | proj _11=1.5481 _22=2.7521 _33=1.00001 _43=-0.15 (aspect 1.778)
camera: pos 130.1 191.2 87.2 | proj _11=1.5350 _22=2.7288 _33=1.00001 _43=-0.15 (aspect 1.778)
camera: pos 131.9 191.2 85.2 | proj _11=1.5200 _22=2.7022 _33=1.00001 _43=-0.15 (aspect 1.778)
camera: pos 133.9 191.2 83.3 | proj _11=1.5040 _22=2.6737 _33=1.00001 _43=-0.15 (aspect 1.778)
camera: pos 135.9 191.1 81.5 | proj _11=1.4877 _22=2.6447 _33=1.00001 _43=-0.15 (aspect 1.778)
camera: pos 138.2 191.1 79.7 | proj _11=1.4716 _22=2.6161 _33=1.00001 _43=-0.15 (aspect 1.778)
camera: pos 140.6 191.1 78.1 | proj _11=1.4561 _22=2.5887 _33=1.00001 _43=-0.15 (aspect 1.778)
camera: pos 143.1 191.1 76.4 | proj _11=1.4416 _22=2.5628 _33=1.00001 _43=-0.15 (aspect 1.778)
camera: pos 145.7 191.0 74.9 | proj _11=1.4279 _22=2.5385 _33=1.00001 _43=-0.15 (aspect 1.778)
camera: pos 148.5 191.0 73.4 | proj _11=1.4152 _22=2.5158 _33=1.00001 _43=-0.15 (aspect 1.778)
camera: pos 151.3 191.0 72.0 | proj _11=1.4049 _22=2.4976 _33=1.00001 _43=-0.15 (aspect 1.778)
camera: pos 169.8 190.9 63.8 | proj _11=1.4150 _22=2.5155 _33=1.00001 _43=-0.15 (aspect 1.778)
camera: pos 172.6 190.9 62.6 | proj _11=1.4287 _22=2.5399 _33=1.00001 _43=-0.15 (aspect 1.778)
camera: pos 173.9 190.9 62.0 | proj _11=1.4395 _22=2.5590 _33=1.00001 _43=-0.15 (aspect 1.778)
camera: pos 175.3 190.9 61.3 | proj _11=1.4527 _22=2.5826 _33=1.00001 _43=-0.15 (aspect 1.778)
camera: pos 176.5 190.9 60.7 | proj _11=1.4685 _22=2.6107 _33=1.00001 _43=-0.15 (aspect 1.778)
camera: pos 177.7 190.9 60.2 | proj _11=1.4858 _22=2.6413 _33=1.00001 _43=-0.15 (aspect 1.778)
camera: pos 178.9 191.0 59.6 | proj _11=1.5065 _22=2.6782 _33=1.00001 _43=-0.15 (aspect 1.778)
camera: pos 180.1 191.0 59.0 | proj _11=1.5298 _22=2.7197 _33=1.00001 _43=-0.15 (aspect 1.778)
camera: pos 181.2 191.0 58.4 | proj _11=1.5550 _22=2.7644 _33=1.00001 _43=-0.15 (aspect 1.778)
camera: pos 182.2 191.0 57.9 | proj _11=1.5832 _22=2.8145 _33=1.00001 _43=-0.15 (aspect 1.778)
camera: pos 183.2 191.0 57.3 | proj _11=1.6129 _22=2.8674 _33=1.00001 _43=-0.15 (aspect 1.778)
camera: pos 184.1 191.0 56.8 | proj _11=1.6456 _22=2.9255 _33=1.00001 _43=-0.15 (aspect 1.778)
camera: pos 185.0 191.0 56.2 | proj _11=1.6806 _22=2.9877 _33=1.00001 _43=-0.15 (aspect 1.778)
camera: pos 185.7 191.0 55.7 | proj _11=1.7156 _22=3.0499 _33=1.00001 _43=-0.15 (aspect 1.778)
camera: pos 186.4 191.0 55.3 | proj _11=1.7512 _22=3.1132 _33=1.00001 _43=-0.15 (aspect 1.778)
camera: pos 187.0 191.0 54.9 | proj _11=1.7836 _22=3.1708 _33=1.00001 _43=-0.15 (aspect 1.778)
camera: pos 187.5 191.0 54.4 | proj _11=1.8221 _22=3.2393 _33=1.00001 _43=-0.15 (aspect 1.778)
camera: pos 188.0 191.0 54.0 | proj _11=1.8581 _22=3.3033 _33=1.00001 _43=-0.15 (aspect 1.778)
camera: pos 188.5 191.0 53.5 | proj _11=1.9024 _22=3.3819 _33=1.00001 _43=-0.15 (aspect 1.778)
camera: pos 188.9 191.1 53.1 | proj _11=1.9424 _22=3.4532 _33=1.00001 _43=-0.15 (aspect 1.778)
camera: pos 189.2 191.1 52.8 | proj _11=1.9787 _22=3.5176 _33=1.00001 _43=-0.15 (aspect 1.778)
camera: pos 189.5 191.1 52.5 | proj _11=2.0152 _22=3.5825 _33=1.00001 _43=-0.15 (aspect 1.778)
camera: pos 189.8 191.1 52.0 | proj _11=2.0590 _22=3.6604 _33=1.00001 _43=-0.15 (aspect 1.778)
camera: pos 190.0 191.1 51.7 | proj _11=2.1010 _22=3.7350 _33=1.00001 _43=-0.15 (aspect 1.778)
camera: pos 190.1 191.1 51.3 | proj _11=2.1391 _22=3.8028 _33=1.00001 _43=-0.15 (aspect 1.778)
camera: pos 190.2 191.1 51.0 | proj _11=2.1674 _22=3.8531 _33=1.00001 _43=-0.15 (aspect 1.778)
camera: pos 190.2 191.1 50.6 | proj _11=2.1908 _22=3.8947 _33=1.00001 _43=-0.15 (aspect 1.778)
camera: pos 190.1 191.1 50.3 | proj _11=2.2052 _22=3.9204 _33=1.00001 _43=-0.15 (aspect 1.778)
camera: pos 189.6 191.0 49.3 | proj _11=2.1822 _22=3.8794 _33=1.00001 _43=-0.15 (aspect 1.778)
camera: pos 189.3 191.0 49.0 | proj _11=2.1627 _22=3.8446 _33=1.00001 _43=-0.15 (aspect 1.778)
camera: pos 189.1 191.0 48.8 | proj _11=2.1413 _22=3.8067 _33=1.00001 _43=-0.15 (aspect 1.778)
camera: pos 188.8 191.0 48.6 | proj _11=2.1153 _22=3.7605 _33=1.00001 _43=-0.15 (aspect 1.778)
frame 12000 | draws 1787/frame | FFP converted 66/frame (3.7%) | far substitutions 0/frame
    not converted: screen-space 29  skinned 164  depth-only 587  ortho 0  vertex-format 8  no-objTM 0  instanced 840  mirrored 0  other-camera 10  no camera 0  other 83 (per frame)
    instancing: 840 instanced draws/frame carrying 840 instances/frame (largest single draw 1 instances)
    OUTLIER converted draws (|world| > 20000): 0.0/frame, 0 total
    albedo: moved off stage 0 2/frame, blanked 23/frame | RT textures known 55 | lights 83.3/frame (24 shaders)
    camera 188.8 191.0 48.6 | distinct cameras this frame 1 (max 1) | transform writes 36/frame | redundant state calls dropped 1297/frame
    world matrix changes 34/frame | objTM used without a fresh upload 0/frame
camera: pos 188.4 191.0 48.4 | proj _11=2.0865 _22=3.7092 _33=1.00001 _43=-0.15 (aspect 1.778)
camera: pos 188.0 191.0 48.2 | proj _11=2.0584 _22=3.6594 _33=1.00001 _43=-0.15 (aspect 1.778)
camera: pos 187.6 191.0 48.0 | proj _11=2.0303 _22=3.6093 _33=1.00001 _43=-0.15 (aspect 1.778)
camera: pos 187.2 191.0 47.8 | proj _11=2.0020 _22=3.5590 _33=1.00001 _43=-0.15 (aspect 1.778)
camera: pos 186.7 190.9 47.7 | proj _11=1.9763 _22=3.5133 _33=1.00001 _43=-0.15 (aspect 1.778)
camera: pos 186.2 190.9 47.5 | proj _11=1.9482 _22=3.4635 _33=1.00001 _43=-0.15 (aspect 1.778)
camera: pos 185.5 190.9 47.3 | proj _11=1.9147 _22=3.4038 _33=1.00001 _43=-0.15 (aspect 1.778)
camera: pos 184.9 190.9 47.2 | proj _11=1.8856 _22=3.3521 _33=1.00001 _43=-0.15 (aspect 1.778)
camera: pos 184.2 190.9 47.0 | proj _11=1.8582 _22=3.3035 _33=1.00001 _43=-0.15 (aspect 1.778)
camera: pos 183.5 190.9 46.9 | proj _11=1.8312 _22=3.2555 _33=1.00001 _43=-0.15 (aspect 1.778)
camera: pos 182.7 190.9 46.8 | proj _11=1.8041 _22=3.2073 _33=1.00001 _43=-0.15 (aspect 1.778)
camera: pos 181.9 190.8 46.7 | proj _11=1.7809 _22=3.1660 _33=1.00001 _43=-0.15 (aspect 1.778)
camera: pos 181.2 190.8 46.6 | proj _11=1.7591 _22=3.1272 _33=1.00001 _43=-0.15 (aspect 1.778)
camera: pos 180.4 190.8 46.5 | proj _11=1.7368 _22=3.0875 _33=1.00001 _43=-0.15 (aspect 1.778)
camera: pos 179.5 190.8 46.4 | proj _11=1.7148 _22=3.0484 _33=1.00001 _43=-0.15 (aspect 1.778)
camera: pos 178.6 190.8 46.3 | proj _11=1.6946 _22=3.0125 _33=1.00001 _43=-0.15 (aspect 1.778)
camera: pos 177.6 190.8 46.2 | proj _11=1.6751 _22=2.9779 _33=1.00001 _43=-0.15 (aspect 1.778)
camera: pos 176.6 190.8 46.1 | proj _11=1.6559 _22=2.9438 _33=1.00001 _43=-0.15 (aspect 1.778)
camera: pos 175.6 190.7 46.0 | proj _11=1.6385 _22=2.9128 _33=1.00001 _43=-0.15 (aspect 1.778)
camera: pos 174.6 190.7 45.9 | proj _11=1.6219 _22=2.8834 _33=1.00001 _43=-0.15 (aspect 1.778)
camera: pos 173.5 190.7 45.8 | proj _11=1.6046 _22=2.8526 _33=1.00001 _43=-0.15 (aspect 1.778)
camera: pos 172.4 190.7 45.7 | proj _11=1.5898 _22=2.8263 _33=1.00001 _43=-0.15 (aspect 1.778)
camera: pos 171.3 190.7 45.6 | proj _11=1.5759 _22=2.8015 _33=1.00001 _43=-0.15 (aspect 1.778)
camera: pos 170.1 190.7 45.4 | proj _11=1.5620 _22=2.7768 _33=1.00001 _43=-0.15 (aspect 1.778)
camera: pos 168.8 190.7 45.3 | proj _11=1.5494 _22=2.7544 _33=1.00001 _43=-0.15 (aspect 1.778)
camera: pos 167.5 190.7 45.2 | proj _11=1.5390 _22=2.7360 _33=1.00001 _43=-0.15 (aspect 1.778)
camera: pos 165.0 190.6 44.8 | proj _11=1.5247 _22=2.7105 _33=1.00001 _43=-0.15 (aspect 1.778)
camera: pos 157.6 190.6 43.7 | proj _11=1.5421 _22=2.7415 _33=1.00001 _43=-0.15 (aspect 1.778)
camera: pos 156.4 190.7 43.4 | proj _11=1.5553 _22=2.7650 _33=1.00001 _43=-0.15 (aspect 1.778)
camera: pos 155.2 190.7 43.1 | proj _11=1.5714 _22=2.7935 _33=1.00001 _43=-0.15 (aspect 1.778)
camera: pos 154.0 190.7 42.9 | proj _11=1.5905 _22=2.8275 _33=1.00001 _43=-0.15 (aspect 1.778)
camera: pos 153.0 190.7 42.6 | proj _11=1.6118 _22=2.8653 _33=1.00001 _43=-0.15 (aspect 1.778)
camera: pos 151.9 190.7 42.3 | proj _11=1.6364 _22=2.9091 _33=1.00001 _43=-0.15 (aspect 1.778)
camera: pos 150.9 190.7 42.0 | proj _11=1.6637 _22=2.9577 _33=1.00001 _43=-0.15 (aspect 1.778)
camera: pos 149.9 190.7 41.7 | proj _11=1.6934 _22=3.0105 _33=1.00001 _43=-0.15 (aspect 1.778)
camera: pos 149.1 190.7 41.4 | proj _11=1.7232 _22=3.0634 _33=1.00001 _43=-0.15 (aspect 1.778)
camera: pos 148.4 190.7 41.1 | proj _11=1.7507 _22=3.1123 _33=1.00001 _43=-0.15 (aspect 1.778)
camera: pos 147.6 190.7 40.8 | proj _11=1.7851 _22=3.1735 _33=1.00001 _43=-0.15 (aspect 1.778)
camera: pos 147.0 190.7 40.5 | proj _11=1.8199 _22=3.2354 _33=1.00001 _43=-0.15 (aspect 1.778)
camera: pos 146.4 190.7 40.2 | proj _11=1.8529 _22=3.2940 _33=1.00001 _43=-0.15 (aspect 1.778)
camera: pos 145.8 190.7 39.9 | proj _11=1.8888 _22=3.3577 _33=1.00001 _43=-0.15 (aspect 1.778)
camera: pos 145.3 190.8 39.6 | proj _11=1.9275 _22=3.4267 _33=1.00001 _43=-0.15 (aspect 1.778)
camera: pos 144.8 190.8 39.2 | proj _11=1.9670 _22=3.4969 _33=1.00001 _43=-0.15 (aspect 1.778)
camera: pos 144.4 190.8 38.9 | proj _11=2.0031 _22=3.5610 _33=1.00001 _43=-0.15 (aspect 1.778)
camera: pos 144.1 190.8 38.6 | proj _11=2.0375 _22=3.6222 _33=1.00001 _43=-0.15 (aspect 1.778)
camera: pos 143.8 190.8 38.2 | proj _11=2.0712 _22=3.6821 _33=1.00001 _43=-0.15 (aspect 1.778)
camera: pos 143.6 190.8 37.9 | proj _11=2.0964 _22=3.7268 _33=1.00001 _43=-0.15 (aspect 1.778)
camera: pos 143.5 190.8 37.6 | proj _11=2.1192 _22=3.7675 _33=1.00001 _43=-0.15 (aspect 1.778)
camera: pos 143.3 190.8 37.3 | proj _11=2.1381 _22=3.8010 _33=1.00001 _43=-0.15 (aspect 1.778)
camera: pos 143.3 190.8 37.0 | proj _11=2.1509 _22=3.8238 _33=1.00001 _43=-0.15 (aspect 1.778)
camera: pos 143.2 190.8 36.4 | proj _11=2.1613 _22=3.8422 _33=1.00001 _43=-0.15 (aspect 1.778)
camera: pos 143.4 190.7 35.6 | proj _11=2.1434 _22=3.8103 _33=1.00001 _43=-0.15 (aspect 1.778)
camera: pos 143.5 190.7 35.3 | proj _11=2.1287 _22=3.7842 _33=1.00001 _43=-0.15 (aspect 1.778)
camera: pos 143.7 190.7 35.0 | proj _11=2.1129 _22=3.7562 _33=1.00001 _43=-0.15 (aspect 1.778)
camera: pos 143.9 190.7 34.6 | proj _11=2.0908 _22=3.7169 _33=1.00001 _43=-0.15 (aspect 1.778)
camera: pos 144.1 190.7 34.3 | proj _11=2.0709 _22=3.6815 _33=1.00001 _43=-0.15 (aspect 1.778)
camera: pos 144.4 190.7 33.9 | proj _11=2.0459 _22=3.6371 _33=1.00001 _43=-0.15 (aspect 1.778)
camera: pos 144.6 190.7 33.6 | proj _11=2.0228 _22=3.5961 _33=1.00001 _43=-0.15 (aspect 1.778)
camera: pos 144.9 190.7 33.3 | proj _11=1.9983 _22=3.5525 _33=1.00001 _43=-0.15 (aspect 1.778)
camera: pos 145.3 190.7 32.9 | proj _11=1.9724 _22=3.5063 _33=1.00001 _43=-0.15 (aspect 1.778)
camera: pos 145.7 190.7 32.6 | proj _11=1.9478 _22=3.4627 _33=1.00001 _43=-0.15 (aspect 1.778)
camera: pos 146.1 190.6 32.3 | proj _11=1.9229 _22=3.4183 _33=1.00001 _43=-0.15 (aspect 1.778)
camera: pos 146.6 190.6 31.9 | proj _11=1.8967 _22=3.3718 _33=1.00001 _43=-0.15 (aspect 1.778)
camera: pos 147.2 190.6 31.5 | proj _11=1.8701 _22=3.3246 _33=1.00001 _43=-0.15 (aspect 1.778)
camera: pos 147.7 190.6 31.2 | proj _11=1.8469 _22=3.2833 _33=1.00001 _43=-0.15 (aspect 1.778)
camera: pos 148.4 190.6 30.7 | proj _11=1.8182 _22=3.2324 _33=1.00001 _43=-0.15 (aspect 1.778)
camera: pos 149.1 190.6 30.3 | proj _11=1.7919 _22=3.1856 _33=1.00001 _43=-0.15 (aspect 1.778)
camera: pos 149.8 190.6 29.9 | proj _11=1.7695 _22=3.1458 _33=1.00001 _43=-0.15 (aspect 1.778)
camera: pos 150.5 190.5 29.5 | proj _11=1.7475 _22=3.1066 _33=1.00001 _43=-0.15 (aspect 1.778)
camera: pos 151.2 190.5 29.2 | proj _11=1.7258 _22=3.0681 _33=1.00001 _43=-0.15 (aspect 1.778)
camera: pos 152.0 190.5 28.8 | proj _11=1.7048 _22=3.0307 _33=1.00001 _43=-0.15 (aspect 1.778)
camera: pos 152.9 190.5 28.4 | proj _11=1.6840 _22=2.9937 _33=1.00001 _43=-0.15 (aspect 1.778)
camera: pos 153.7 190.5 28.0 | proj _11=1.6666 _22=2.9627 _33=1.00001 _43=-0.15 (aspect 1.778)
camera: pos 154.5 190.5 27.7 | proj _11=1.6492 _22=2.9318 _33=1.00001 _43=-0.15 (aspect 1.778)
camera: pos 155.4 190.5 27.3 | proj _11=1.6310 _22=2.8996 _33=1.00001 _43=-0.15 (aspect 1.778)
camera: pos 156.4 190.5 26.9 | proj _11=1.6128 _22=2.8671 _33=1.00001 _43=-0.15 (aspect 1.778)
camera: pos 157.5 190.4 26.4 | proj _11=1.5949 _22=2.8354 _33=1.00001 _43=-0.15 (aspect 1.778)
camera: pos 158.6 190.4 26.0 | proj _11=1.5783 _22=2.8058 _33=1.00001 _43=-0.15 (aspect 1.778)
camera: pos 159.7 190.4 25.6 | proj _11=1.5620 _22=2.7768 _33=1.00001 _43=-0.15 (aspect 1.778)
camera: pos 160.9 190.4 25.2 | proj _11=1.5467 _22=2.7497 _33=1.00001 _43=-0.15 (aspect 1.778)
camera: pos 162.0 190.4 24.8 | proj _11=1.5330 _22=2.7253 _33=1.00001 _43=-0.15 (aspect 1.778)
camera: pos 163.2 190.4 24.4 | proj _11=1.5191 _22=2.7006 _33=1.00001 _43=-0.15 (aspect 1.778)
camera: pos 164.5 190.4 24.0 | proj _11=1.5053 _22=2.6760 _33=1.00001 _43=-0.15 (aspect 1.778)
camera: pos 165.8 190.3 23.5 | proj _11=1.4923 _22=2.6529 _33=1.00001 _43=-0.15 (aspect 1.778)
camera: pos 167.1 190.3 23.1 | proj _11=1.4804 _22=2.6318 _33=1.00001 _43=-0.15 (aspect 1.778)
camera: pos 168.3 190.3 22.7 | proj _11=1.4697 _22=2.6128 _33=1.00001 _43=-0.15 (aspect 1.778)
camera: pos 169.6 190.3 22.3 | proj _11=1.4597 _22=2.5949 _33=1.00001 _43=-0.15 (aspect 1.778)
camera: pos 171.0 190.3 21.8 | proj _11=1.4495 _22=2.5768 _33=1.00001 _43=-0.15 (aspect 1.778)
camera: pos 173.7 190.3 21.0 | proj _11=1.4318 _22=2.5453 _33=1.00001 _43=-0.15 (aspect 1.778)
camera: pos 176.6 190.2 20.0 | proj _11=1.4163 _22=2.5178 _33=1.00001 _43=-0.15 (aspect 1.778)
camera: pos 179.5 190.2 19.0 | proj _11=1.4058 _22=2.4992 _33=1.00001 _43=-0.15 (aspect 1.778)
camera: pos 186.2 190.2 16.7 | proj _11=1.4166 _22=2.5184 _33=1.00001 _43=-0.15 (aspect 1.778)
camera: pos 188.7 190.2 15.7 | proj _11=1.4296 _22=2.5415 _33=1.00001 _43=-0.15 (aspect 1.778)
camera: pos 191.2 190.2 14.7 | proj _11=1.4510 _22=2.5795 _33=1.00001 _43=-0.15 (aspect 1.778)
camera: pos 192.3 190.2 14.2 | proj _11=1.4645 _22=2.6035 _33=1.00001 _43=-0.15 (aspect 1.778)
camera: pos 193.5 190.2 13.7 | proj _11=1.4808 _22=2.6325 _33=1.00001 _43=-0.15 (aspect 1.778)
camera: pos 194.7 190.2 13.1 | proj _11=1.4995 _22=2.6657 _33=1.00001 _43=-0.15 (aspect 1.778)
camera: pos 195.7 190.2 12.6 | proj _11=1.5181 _22=2.6988 _33=1.00001 _43=-0.15 (aspect 1.778)
camera: pos 196.7 190.2 12.2 | proj _11=1.5372 _22=2.7328 _33=1.00001 _43=-0.15 (aspect 1.778)
camera: pos 197.6 190.2 11.7 | proj _11=1.5578 _22=2.7694 _33=1.00001 _43=-0.15 (aspect 1.778)
camera: pos 198.6 190.3 11.1 | proj _11=1.5827 _22=2.8136 _33=1.00001 _43=-0.15 (aspect 1.778)
camera: pos 199.3 190.3 10.7 | proj _11=1.6031 _22=2.8500 _33=1.00001 _43=-0.15 (aspect 1.778)
camera: pos 200.0 190.3 10.3 | proj _11=1.6245 _22=2.8879 _33=1.00001 _43=-0.15 (aspect 1.778)
camera: pos 200.7 190.3 9.9 | proj _11=1.6467 _22=2.9275 _33=1.00001 _43=-0.15 (aspect 1.778)
camera: pos 201.4 190.3 9.4 | proj _11=1.6727 _22=2.9736 _33=1.00001 _43=-0.15 (aspect 1.778)
camera: pos 202.0 190.3 9.0 | proj _11=1.6948 _22=3.0129 _33=1.00001 _43=-0.15 (aspect 1.778)
camera: pos 202.5 190.3 8.6 | proj _11=1.7185 _22=3.0551 _33=1.00001 _43=-0.15 (aspect 1.778)
camera: pos 203.1 190.3 8.0 | proj _11=1.7467 _22=3.1052 _33=1.00001 _43=-0.15 (aspect 1.778)
camera: pos 203.7 190.3 7.5 | proj _11=1.7743 _22=3.1542 _33=1.00001 _43=-0.15 (aspect 1.778)
camera: pos 204.2 190.3 7.1 | proj _11=1.8000 _22=3.2000 _33=1.00001 _43=-0.15 (aspect 1.778)
camera: pos 204.6 190.3 6.6 | proj _11=1.8232 _22=3.2413 _33=1.00001 _43=-0.15 (aspect 1.778)
camera: pos 205.0 190.3 6.2 | proj _11=1.8470 _22=3.2834 _33=1.00001 _43=-0.15 (aspect 1.778)
camera: pos 205.4 190.3 5.6 | proj _11=1.8747 _22=3.3328 _33=1.00001 _43=-0.15 (aspect 1.778)
camera: pos 205.7 190.3 5.1 | proj _11=1.8964 _22=3.3714 _33=1.00001 _43=-0.15 (aspect 1.778)
camera: pos 205.9 190.3 4.6 | proj _11=1.9162 _22=3.4066 _33=1.00001 _43=-0.15 (aspect 1.778)
camera: pos 206.1 190.3 4.1 | proj _11=1.9326 _22=3.4357 _33=1.00001 _43=-0.15 (aspect 1.778)
camera: pos 206.3 190.3 3.6 | proj _11=1.9464 _22=3.4603 _33=1.00001 _43=-0.15 (aspect 1.778)
camera: pos 206.4 190.3 3.1 | proj _11=1.9571 _22=3.4792 _33=1.00001 _43=-0.15 (aspect 1.778)
camera: pos 206.5 190.3 2.2 | proj _11=1.9674 _22=3.4975 _33=1.00001 _43=-0.15 (aspect 1.778)
camera: pos 206.3 190.2 0.3 | proj _11=1.9532 _22=3.4723 _33=1.00001 _43=-0.15 (aspect 1.778)
camera: pos 205.9 190.2 255.2 | proj _11=1.9278 _22=3.4271 _33=1.00001 _43=-0.15 (aspect 1.778)
camera: pos 205.7 190.2 254.7 | proj _11=1.9134 _22=3.4015 _33=1.00001 _43=-0.15 (aspect 1.778)
camera: pos 205.3 190.2 254.0 | proj _11=1.8931 _22=3.3654 _33=1.00001 _43=-0.15 (aspect 1.778)
camera: pos 205.0 190.2 253.5 | proj _11=1.8746 _22=3.3325 _33=1.00001 _43=-0.15 (aspect 1.778)
camera: pos 204.6 190.2 253.0 | proj _11=1.8565 _22=3.3005 _33=1.00001 _43=-0.15 (aspect 1.778)
camera: pos 204.2 190.2 252.4 | proj _11=1.8379 _22=3.2674 _33=1.00001 _43=-0.15 (aspect 1.778)
camera: pos 203.8 190.2 251.9 | proj _11=1.8195 _22=3.2346 _33=1.00001 _43=-0.15 (aspect 1.778)
camera: pos 203.3 190.1 251.3 | proj _11=1.7985 _22=3.1972 _33=1.00001 _43=-0.15 (aspect 1.778)
camera: pos 202.9 190.1 250.8 | proj _11=1.7803 _22=3.1649 _33=1.00001 _43=-0.15 (aspect 1.778)
camera: pos 202.3 190.1 250.3 | proj _11=1.7604 _22=3.1296 _33=1.00001 _43=-0.15 (aspect 1.778)
camera: pos 201.7 190.1 249.7 | proj _11=1.7399 _22=3.0931 _33=1.00001 _43=-0.15 (aspect 1.778)
camera: pos 201.1 190.1 249.1 | proj _11=1.7205 _22=3.0585 _33=1.00001 _43=-0.15 (aspect 1.778)
camera: pos 200.4 190.1 248.5 | proj _11=1.7004 _22=3.0229 _33=1.00001 _43=-0.15 (aspect 1.778)
camera: pos 199.7 190.1 247.9 | proj _11=1.6827 _22=2.9914 _33=1.00001 _43=-0.15 (aspect 1.778)
camera: pos 199.0 190.1 247.4 | proj _11=1.6650 _22=2.9599 _33=1.00001 _43=-0.15 (aspect 1.778)
camera: pos 198.4 190.1 246.8 | proj _11=1.6484 _22=2.9305 _33=1.00001 _43=-0.15 (aspect 1.778)
camera: pos 197.6 190.0 246.3 | proj _11=1.6322 _22=2.9016 _33=1.00001 _43=-0.15 (aspect 1.778)
camera: pos 196.9 190.0 245.8 | proj _11=1.6169 _22=2.8745 _33=1.00001 _43=-0.15 (aspect 1.778)
camera: pos 196.1 190.0 245.2 | proj _11=1.6004 _22=2.8451 _33=1.00001 _43=-0.15 (aspect 1.778)
camera: pos 195.2 190.0 244.6 | proj _11=1.5844 _22=2.8167 _33=1.00001 _43=-0.15 (aspect 1.778)
camera: pos 194.4 190.0 244.0 | proj _11=1.5702 _22=2.7914 _33=1.00001 _43=-0.15 (aspect 1.778)
camera: pos 193.5 190.0 243.5 | proj _11=1.5557 _22=2.7657 _33=1.00001 _43=-0.15 (aspect 1.778)
camera: pos 192.5 190.0 242.8 | proj _11=1.5411 _22=2.7397 _33=1.00001 _43=-0.15 (aspect 1.778)
camera: pos 191.6 190.0 242.3 | proj _11=1.5276 _22=2.7157 _33=1.00001 _43=-0.15 (aspect 1.778)
camera: pos 190.7 190.0 241.7 | proj _11=1.5155 _22=2.6942 _33=1.00001 _43=-0.15 (aspect 1.778)
camera: pos 189.6 189.9 241.1 | proj _11=1.5018 _22=2.6698 _33=1.00001 _43=-0.15 (aspect 1.778)
camera: pos 188.6 189.9 240.5 | proj _11=1.4908 _22=2.6502 _33=1.00001 _43=-0.15 (aspect 1.778)
camera: pos 187.7 189.9 240.0 | proj _11=1.4806 _22=2.6322 _33=1.00001 _43=-0.15 (aspect 1.778)
camera: pos 185.6 189.9 238.8 | proj _11=1.4613 _22=2.5978 _33=1.00001 _43=-0.15 (aspect 1.778)
camera: pos 183.6 189.9 237.6 | proj _11=1.4451 _22=2.5690 _33=1.00001 _43=-0.15 (aspect 1.778)
camera: pos 181.4 189.9 236.4 | proj _11=1.4311 _22=2.5440 _33=1.00001 _43=-0.15 (aspect 1.778)
camera: pos 179.3 189.9 235.1 | proj _11=1.4203 _22=2.5248 _33=1.00001 _43=-0.15 (aspect 1.778)
camera: pos 174.9 189.9 232.5 | proj _11=1.4094 _22=2.5056 _33=1.00001 _43=-0.15 (aspect 1.778)
camera: pos 169.6 189.9 229.0 | proj _11=1.4223 _22=2.5285 _33=1.00001 _43=-0.15 (aspect 1.778)
camera: pos 167.6 189.9 227.5 | proj _11=1.4355 _22=2.5519 _33=1.00001 _43=-0.15 (aspect 1.778)
camera: pos 165.8 189.9 226.1 | proj _11=1.4510 _22=2.5795 _33=1.00001 _43=-0.15 (aspect 1.778)
camera: pos 164.0 189.9 224.6 | proj _11=1.4715 _22=2.6160 _33=1.00001 _43=-0.15 (aspect 1.778)
camera: pos 163.2 189.9 223.8 | proj _11=1.4824 _22=2.6354 _33=1.00001 _43=-0.15 (aspect 1.778)
camera: pos 162.5 189.9 223.1 | proj _11=1.4930 _22=2.6541 _33=1.00001 _43=-0.15 (aspect 1.778)
camera: pos 161.8 189.9 222.4 | proj _11=1.5035 _22=2.6729 _33=1.00001 _43=-0.15 (aspect 1.778)
camera: pos 161.2 189.9 221.7 | proj _11=1.5143 _22=2.6921 _33=1.00001 _43=-0.15 (aspect 1.778)
camera: pos 160.5 189.9 220.9 | proj _11=1.5262 _22=2.7132 _33=1.00001 _43=-0.15 (aspect 1.778)
camera: pos 159.9 189.9 220.1 | proj _11=1.5378 _22=2.7337 _33=1.00001 _43=-0.15 (aspect 1.778)
camera: pos 159.3 189.9 219.4 | proj _11=1.5490 _22=2.7537 _33=1.00001 _43=-0.15 (aspect 1.778)
camera: pos 158.7 189.9 218.6 | proj _11=1.5603 _22=2.7738 _33=1.00001 _43=-0.15 (aspect 1.778)
camera: pos 158.2 189.9 217.6 | proj _11=1.5728 _22=2.7960 _33=1.00001 _43=-0.15 (aspect 1.778)
camera: pos 157.6 189.9 216.7 | proj _11=1.5844 _22=2.8166 _33=1.00001 _43=-0.15 (aspect 1.778)
camera: pos 157.1 189.9 215.7 | proj _11=1.5949 _22=2.8354 _33=1.00001 _43=-0.15 (aspect 1.778)
camera: pos 156.4 189.9 214.2 | proj _11=1.6099 _22=2.8619 _33=1.00001 _43=-0.15 (aspect 1.778)
camera: pos 155.7 189.9 212.2 | proj _11=1.6236 _22=2.8863 _33=1.00001 _43=-0.15 (aspect 1.778)
camera: pos 155.1 189.9 209.4 | proj _11=1.6341 _22=2.9051 _33=1.00001 _43=-0.15 (aspect 1.778)
camera: pos 154.9 189.8 203.5 | proj _11=1.6204 _22=2.8806 _33=1.00001 _43=-0.15 (aspect 1.778)
camera: pos 155.0 189.8 201.6 | proj _11=1.6089 _22=2.8602 _33=1.00001 _43=-0.15 (aspect 1.778)
camera: pos 155.2 189.8 199.6 | proj _11=1.5950 _22=2.8355 _33=1.00001 _43=-0.15 (aspect 1.778)
camera: pos 155.6 189.8 197.5 | proj _11=1.5788 _22=2.8067 _33=1.00001 _43=-0.15 (aspect 1.778)
camera: pos 156.0 189.8 195.4 | proj _11=1.5623 _22=2.7773 _33=1.00001 _43=-0.15 (aspect 1.778)
camera: pos 156.5 189.7 193.1 | proj _11=1.5445 _22=2.7457 _33=1.00001 _43=-0.15 (aspect 1.778)
camera: pos 156.9 189.7 191.1 | proj _11=1.5306 _22=2.7211 _33=1.00001 _43=-0.15 (aspect 1.778)
camera: pos 157.4 189.7 188.9 | proj _11=1.5167 _22=2.6964 _33=1.00001 _43=-0.15 (aspect 1.778)
camera: pos 158.1 189.7 185.7 | proj _11=1.5031 _22=2.6722 _33=1.00001 _43=-0.15 (aspect 1.778)
camera: pos 159.0 189.4 181.0 | proj _11=1.4930 _22=2.6542 _33=1.00001 _43=-0.15 (aspect 1.778)
camera: pos 159.9 188.8 176.1 | proj _11=1.4824 _22=2.6353 _33=1.00001 _43=-0.15 (aspect 1.778)
camera: pos 160.6 188.1 171.3 | proj _11=1.4721 _22=2.6169 _33=1.00001 _43=-0.15 (aspect 1.778)
camera: pos 161.2 186.9 165.6 | proj _11=1.4608 _22=2.5970 _33=1.00001 _43=-0.15 (aspect 1.778)
camera: pos 161.6 185.2 158.5 | proj _11=1.4498 _22=2.5773 _33=1.00001 _43=-0.15 (aspect 1.778)
camera: pos 158.7 176.9 134.5 | proj _11=1.4392 _22=2.5585 _33=1.00001 _43=-0.15 (aspect 1.778)
camera: pos 156.2 172.6 124.7 | proj _11=1.4285 _22=2.5395 _33=1.00001 _43=-0.15 (aspect 1.778)
camera: pos 153.5 168.4 115.4 | proj _11=1.4174 _22=2.5198 _33=1.00001 _43=-0.15 (aspect 1.778)
camera: pos 144.5 143.7 59.9 | proj _11=1.4294 _22=2.5412 _33=1.00001 _43=-0.15 (aspect 1.778)
camera: pos 144.2 142.2 56.8 | proj _11=1.4421 _22=2.5637 _33=1.00001 _43=-0.15 (aspect 1.778)
camera: pos 143.9 141.1 54.3 | proj _11=1.4586 _22=2.5930 _33=1.00001 _43=-0.15 (aspect 1.778)
camera: pos 143.8 140.4 53.0 | proj _11=1.4706 _22=2.6144 _33=1.00001 _43=-0.15 (aspect 1.778)
camera: pos 143.7 139.7 51.6 | proj _11=1.4857 _22=2.6412 _33=1.00001 _43=-0.15 (aspect 1.778)
camera: pos 143.5 139.0 50.1 | proj _11=1.5049 _22=2.6753 _33=1.00001 _43=-0.15 (aspect 1.778)
camera: pos 143.4 138.3 48.9 | proj _11=1.5244 _22=2.7099 _33=1.00001 _43=-0.15 (aspect 1.778)
camera: pos 143.4 138.0 48.3 | proj _11=1.5347 _22=2.7282 _33=1.00001 _43=-0.15 (aspect 1.778)
camera: pos 143.3 137.7 47.8 | proj _11=1.5447 _22=2.7461 _33=1.00001 _43=-0.15 (aspect 1.778)
camera: pos 143.3 137.3 47.2 | proj _11=1.5561 _22=2.7664 _33=1.00001 _43=-0.15 (aspect 1.778)
camera: pos 143.2 137.0 46.5 | proj _11=1.5692 _22=2.7896 _33=1.00001 _43=-0.15 (aspect 1.778)
camera: pos 143.1 136.6 46.0 | proj _11=1.5807 _22=2.8101 _33=1.00001 _43=-0.15 (aspect 1.778)
camera: pos 143.1 136.3 45.5 | proj _11=1.5922 _22=2.8305 _33=1.00001 _43=-0.15 (aspect 1.778)
camera: pos 143.0 136.0 44.9 | proj _11=1.6045 _22=2.8523 _33=1.00001 _43=-0.15 (aspect 1.778)
camera: pos 143.0 135.6 44.4 | proj _11=1.6164 _22=2.8735 _33=1.00001 _43=-0.15 (aspect 1.778)
camera: pos 142.9 135.3 43.9 | proj _11=1.6271 _22=2.8926 _33=1.00001 _43=-0.15 (aspect 1.778)
camera: pos 142.9 134.9 43.4 | proj _11=1.6409 _22=2.9170 _33=1.00001 _43=-0.15 (aspect 1.778)
camera: pos 142.8 134.3 42.6 | proj _11=1.6617 _22=2.9541 _33=1.00001 _43=-0.15 (aspect 1.778)
camera: pos 142.8 134.0 42.1 | proj _11=1.6720 _22=2.9723 _33=1.00001 _43=-0.15 (aspect 1.778)
camera: pos 142.7 133.7 41.7 | proj _11=1.6828 _22=2.9915 _33=1.00001 _43=-0.15 (aspect 1.778)
camera: pos 142.7 133.4 41.3 | proj _11=1.6931 _22=3.0099 _33=1.00001 _43=-0.15 (aspect 1.778)
camera: pos 142.7 133.1 40.9 | proj _11=1.7035 _22=3.0284 _33=1.00001 _43=-0.15 (aspect 1.778)
camera: pos 142.6 132.5 40.2 | proj _11=1.7223 _22=3.0617 _33=1.00001 _43=-0.15 (aspect 1.778)
camera: pos 142.5 131.9 39.5 | proj _11=1.7394 _22=3.0923 _33=1.00001 _43=-0.15 (aspect 1.778)
camera: pos 142.4 131.3 38.9 | proj _11=1.7555 _22=3.1209 _33=1.00001 _43=-0.15 (aspect 1.778)
camera: pos 142.4 130.6 38.2 | proj _11=1.7729 _22=3.1517 _33=1.00001 _43=-0.15 (aspect 1.778)
camera: pos 142.3 129.9 37.5 | proj _11=1.7891 _22=3.1806 _33=1.00001 _43=-0.15 (aspect 1.778)
camera: pos 142.2 129.2 36.9 | proj _11=1.8033 _22=3.2058 _33=1.00001 _43=-0.15 (aspect 1.778)
camera: pos 142.2 128.5 36.2 | proj _11=1.8170 _22=3.2302 _33=1.00001 _43=-0.15 (aspect 1.778)
camera: pos 142.1 127.7 35.6 | proj _11=1.8300 _22=3.2532 _33=1.00001 _43=-0.15 (aspect 1.778)
camera: pos 142.1 127.1 35.1 | proj _11=1.8403 _22=3.2716 _33=1.00001 _43=-0.15 (aspect 1.778)
camera: pos 142.0 126.4 34.5 | proj _11=1.8510 _22=3.2906 _33=1.00001 _43=-0.15 (aspect 1.778)
camera: pos 141.8 125.4 33.9 | proj _11=1.8651 _22=3.3157 _33=1.00001 _43=-0.15 (aspect 1.778)
camera: pos 141.7 124.6 33.4 | proj _11=1.8760 _22=3.3350 _33=1.00001 _43=-0.15 (aspect 1.778)
camera: pos 141.6 123.9 32.9 | proj _11=1.8865 _22=3.3538 _33=1.00001 _43=-0.15 (aspect 1.778)
camera: pos 141.6 122.8 32.3 | proj _11=1.9012 _22=3.3798 _33=1.00001 _43=-0.15 (aspect 1.778)
camera: pos 141.4 121.8 31.8 | proj _11=1.9149 _22=3.4042 _33=1.00001 _43=-0.15 (aspect 1.778)
camera: pos 141.4 120.8 31.4 | proj _11=1.9265 _22=3.4249 _33=1.00001 _43=-0.15 (aspect 1.778)
camera: pos 141.3 119.9 31.0 | proj _11=1.9372 _22=3.4438 _33=1.00001 _43=-0.15 (aspect 1.778)
camera: pos 141.2 118.7 30.6 | proj _11=1.9497 _22=3.4661 _33=1.00001 _43=-0.15 (aspect 1.778)
camera: pos 141.1 117.2 30.2 | proj _11=1.9611 _22=3.4864 _33=1.00001 _43=-0.15 (aspect 1.778)
camera: pos 139.9 106.5 30.2 | proj _11=1.9712 _22=3.5043 _33=1.00001 _43=-0.15 (aspect 1.778)
frame 12600 | draws 1865/frame | FFP converted 69/frame (3.7%) | far substitutions 0/frame
    not converted: screen-space 29  skinned 167  depth-only 617  ortho 0  vertex-format 8  no-objTM 0  instanced 878  mirrored 0  other-camera 11  no camera 0  other 86 (per frame)
    instancing: 878 instanced draws/frame carrying 878 instances/frame (largest single draw 1 instances)
    OUTLIER converted draws (|world| > 20000): 0.0/frame, 0 total
    albedo: moved off stage 0 2/frame, blanked 24/frame | RT textures known 55 | lights 85.9/frame (24 shaders)
    camera 138.4 65.8 30.5 | distinct cameras this frame 1 (max 1) | transform writes 35/frame | redundant state calls dropped 1348/frame
    world matrix changes 33/frame | objTM used without a fresh upload 0/frame
camera: pos 138.1 29.2 30.6 | proj _11=1.9847 _22=3.5282 _33=1.00001 _43=-0.15 (aspect 1.778)
camera: pos 138.1 28.7 30.6 | proj _11=1.9953 _22=3.5471 _33=1.00001 _43=-0.15 (aspect 1.778)
camera: pos 138.1 28.1 30.7 | proj _11=2.0103 _22=3.5738 _33=1.00001 _43=-0.15 (aspect 1.778)
camera: pos 138.1 27.5 30.7 | proj _11=2.0306 _22=3.6098 _33=1.00001 _43=-0.15 (aspect 1.778)
camera: pos 138.1 27.2 30.7 | proj _11=2.0421 _22=3.6304 _33=1.00001 _43=-0.15 (aspect 1.778)
camera: pos 138.1 26.9 30.7 | proj _11=2.0547 _22=3.6528 _33=1.00001 _43=-0.15 (aspect 1.778)
camera: pos 138.1 26.7 30.7 | proj _11=2.0690 _22=3.6782 _33=1.00001 _43=-0.15 (aspect 1.778)
camera: pos 138.1 26.4 30.7 | proj _11=2.0862 _22=3.7087 _33=1.00001 _43=-0.15 (aspect 1.778)
camera: pos 138.1 26.1 30.7 | proj _11=2.1047 _22=3.7416 _33=1.00001 _43=-0.15 (aspect 1.778)
camera: pos 138.1 25.9 30.8 | proj _11=2.1241 _22=3.7762 _33=1.00001 _43=-0.15 (aspect 1.778)
camera: pos 138.1 25.6 30.8 | proj _11=2.1466 _22=3.8161 _33=1.00001 _43=-0.15 (aspect 1.778)
camera: pos 138.1 25.3 30.8 | proj _11=2.1687 _22=3.8555 _33=1.00001 _43=-0.15 (aspect 1.778)
camera: pos 138.1 25.1 30.8 | proj _11=2.1917 _22=3.8963 _33=1.00001 _43=-0.15 (aspect 1.778)
camera: pos 138.1 24.9 30.8 | proj _11=2.2122 _22=3.9326 _33=1.00001 _43=-0.15 (aspect 1.778)
camera: pos 138.1 24.7 30.9 | proj _11=2.2309 _22=3.9659 _33=1.00001 _43=-0.15 (aspect 1.778)
camera: pos 138.1 24.5 30.9 | proj _11=2.2494 _22=3.9988 _33=1.00001 _43=-0.15 (aspect 1.778)
camera: pos 138.1 24.4 30.9 | proj _11=2.2682 _22=4.0323 _33=1.00001 _43=-0.15 (aspect 1.778)
camera: pos 138.1 24.2 30.9 | proj _11=2.2888 _22=4.0689 _33=1.00001 _43=-0.15 (aspect 1.778)
camera: pos 138.1 24.1 30.9 | proj _11=2.3114 _22=4.1092 _33=1.00001 _43=-0.15 (aspect 1.778)
camera: pos 138.1 23.9 30.9 | proj _11=2.3328 _22=4.1471 _33=1.00001 _43=-0.15 (aspect 1.778)
camera: pos 138.1 23.8 30.9 | proj _11=2.3525 _22=4.1822 _33=1.00001 _43=-0.15 (aspect 1.778)
camera: pos 138.1 23.7 31.0 | proj _11=2.3735 _22=4.2195 _33=1.00001 _43=-0.15 (aspect 1.778)
camera: pos 138.1 23.6 31.0 | proj _11=2.3942 _22=4.2562 _33=1.00001 _43=-0.15 (aspect 1.778)
camera: pos 138.1 23.5 31.0 | proj _11=2.4152 _22=4.2936 _33=1.00001 _43=-0.15 (aspect 1.778)
camera: pos 138.1 23.4 31.0 | proj _11=2.4356 _22=4.3299 _33=1.00001 _43=-0.15 (aspect 1.778)
camera: pos 138.1 23.3 31.0 | proj _11=2.4557 _22=4.3656 _33=1.00001 _43=-0.15 (aspect 1.778)
camera: pos 138.1 23.3 31.0 | proj _11=2.4746 _22=4.3992 _33=1.00001 _43=-0.15 (aspect 1.778)
camera: pos 138.1 23.2 31.0 | proj _11=2.4946 _22=4.4348 _33=1.00001 _43=-0.15 (aspect 1.778)
camera: pos 138.1 23.2 31.1 | proj _11=2.5144 _22=4.4700 _33=1.00001 _43=-0.15 (aspect 1.778)
camera: pos 138.1 23.1 31.1 | proj _11=2.5337 _22=4.5043 _33=1.00001 _43=-0.15 (aspect 1.778)
camera: pos 138.1 23.1 31.1 | proj _11=2.5504 _22=4.5339 _33=1.00001 _43=-0.15 (aspect 1.778)
camera: pos 138.1 23.0 31.1 | proj _11=2.5650 _22=4.5599 _33=1.00001 _43=-0.15 (aspect 1.778)
camera: pos 138.1 22.7 31.2 | proj _11=2.5780 _22=4.5831 _33=1.00001 _43=-0.15 (aspect 1.778)
camera: pos 138.0 22.5 31.2 | proj _11=2.5893 _22=4.6032 _33=1.00001 _43=-0.15 (aspect 1.778)
camera: pos 137.9 22.1 31.3 | proj _11=2.6053 _22=4.6315 _33=1.00001 _43=-0.15 (aspect 1.778)
camera: pos 137.9 21.1 31.3 | proj _11=2.5847 _22=4.5949 _33=1.00001 _43=-0.15 (aspect 1.778)
camera: pos 137.9 21.1 31.3 | proj _11=2.5692 _22=4.5675 _33=1.00001 _43=-0.15 (aspect 1.778)
camera: pos 137.9 21.1 31.3 | proj _11=2.5524 _22=4.5376 _33=1.00001 _43=-0.15 (aspect 1.778)
camera: pos 137.9 21.1 31.3 | proj _11=2.5334 _22=4.5037 _33=1.00001 _43=-0.15 (aspect 1.778)
camera: pos 137.9 21.2 31.3 | proj _11=2.5164 _22=4.4735 _33=1.00001 _43=-0.15 (aspect 1.778)
camera: pos 137.9 21.3 31.2 | proj _11=2.4994 _22=4.4433 _33=1.00001 _43=-0.15 (aspect 1.778)
camera: pos 137.9 21.3 31.2 | proj _11=2.4825 _22=4.4132 _33=1.00001 _43=-0.15 (aspect 1.778)
camera: pos 137.9 21.4 31.2 | proj _11=2.4671 _22=4.3858 _33=1.00001 _43=-0.15 (aspect 1.778)
camera: pos 137.9 21.5 31.2 | proj _11=2.4532 _22=4.3611 _33=1.00001 _43=-0.15 (aspect 1.778)
camera: pos 137.9 21.6 31.2 | proj _11=2.4386 _22=4.3351 _33=1.00001 _43=-0.15 (aspect 1.778)
camera: pos 137.9 21.7 31.2 | proj _11=2.4237 _22=4.3088 _33=1.00001 _43=-0.15 (aspect 1.778)
camera: pos 137.9 21.8 31.2 | proj _11=2.4103 _22=4.2849 _33=1.00001 _43=-0.15 (aspect 1.778)
camera: pos 137.9 21.9 31.2 | proj _11=2.3968 _22=4.2610 _33=1.00001 _43=-0.15 (aspect 1.778)
camera: pos 137.9 22.0 31.2 | proj _11=2.3846 _22=4.2392 _33=1.00001 _43=-0.15 (aspect 1.778)
camera: pos 137.9 22.2 31.2 | proj _11=2.3720 _22=4.2168 _33=1.00001 _43=-0.15 (aspect 1.778)
camera: pos 137.9 22.3 31.1 | proj _11=2.3598 _22=4.1952 _33=1.00001 _43=-0.15 (aspect 1.778)
camera: pos 137.9 22.4 31.1 | proj _11=2.3484 _22=4.1749 _33=1.00001 _43=-0.15 (aspect 1.778)
camera: pos 137.9 22.6 31.1 | proj _11=2.3371 _22=4.1548 _33=1.00001 _43=-0.15 (aspect 1.778)
camera: pos 137.9 22.7 31.1 | proj _11=2.3263 _22=4.1355 _33=1.00001 _43=-0.15 (aspect 1.778)
camera: pos 137.9 22.9 31.1 | proj _11=2.3151 _22=4.1157 _33=1.00001 _43=-0.15 (aspect 1.778)
camera: pos 137.9 23.2 31.1 | proj _11=2.3001 _22=4.0889 _33=1.00001 _43=-0.15 (aspect 1.778)
camera: pos 137.9 24.5 31.1 | proj _11=2.3166 _22=4.1183 _33=1.00001 _43=-0.15 (aspect 1.778)
camera: pos 137.9 24.8 31.1 | proj _11=2.3371 _22=4.1548 _33=1.00001 _43=-0.15 (aspect 1.778)
camera: pos 137.9 25.0 31.1 | proj _11=2.3512 _22=4.1799 _33=1.00001 _43=-0.15 (aspect 1.778)
camera: pos 137.9 25.1 31.2 | proj _11=2.3677 _22=4.2092 _33=1.00001 _43=-0.15 (aspect 1.778)
camera: pos 137.9 25.2 31.2 | proj _11=2.3843 _22=4.2387 _33=1.00001 _43=-0.15 (aspect 1.778)
camera: pos 137.9 25.3 31.2 | proj _11=2.4009 _22=4.2682 _33=1.00001 _43=-0.15 (aspect 1.778)
camera: pos 137.9 25.4 31.2 | proj _11=2.4192 _22=4.3008 _33=1.00001 _43=-0.15 (aspect 1.778)
camera: pos 137.9 25.5 31.3 | proj _11=2.4414 _22=4.3402 _33=1.00001 _43=-0.15 (aspect 1.778)
camera: pos 137.9 25.6 31.3 | proj _11=2.4588 _22=4.3711 _33=1.00001 _43=-0.15 (aspect 1.778)
camera: pos 137.9 25.6 31.3 | proj _11=2.4761 _22=4.4018 _33=1.00001 _43=-0.15 (aspect 1.778)
camera: pos 137.9 25.7 31.3 | proj _11=2.4929 _22=4.4317 _33=1.00001 _43=-0.15 (aspect 1.778)
camera: pos 137.9 25.7 31.4 | proj _11=2.5072 _22=4.4572 _33=1.00001 _43=-0.15 (aspect 1.778)
camera: pos 137.9 25.7 31.4 | proj _11=2.5213 _22=4.4823 _33=1.00001 _43=-0.15 (aspect 1.778)
camera: pos 137.9 25.8 31.4 | proj _11=2.5324 _22=4.5019 _33=1.00001 _43=-0.15 (aspect 1.778)
camera: pos 137.9 25.8 31.5 | proj _11=2.5426 _22=4.5202 _33=1.00001 _43=-0.15 (aspect 1.778)
camera: pos 137.9 25.8 31.6 | proj _11=2.5288 _22=4.4955 _33=1.00001 _43=-0.15 (aspect 1.778)
camera: pos 137.9 26.0 31.7 | proj _11=2.5139 _22=4.4691 _33=1.00001 _43=-0.15 (aspect 1.778)
camera: pos 137.9 26.3 31.7 | proj _11=2.4949 _22=4.4354 _33=1.00001 _43=-0.15 (aspect 1.778)
camera: pos 137.9 26.4 31.8 | proj _11=2.4825 _22=4.4133 _33=1.00001 _43=-0.15 (aspect 1.778)
camera: pos 137.9 26.5 31.8 | proj _11=2.4695 _22=4.3902 _33=1.00001 _43=-0.15 (aspect 1.778)
camera: pos 137.9 26.6 31.8 | proj _11=2.4568 _22=4.3676 _33=1.00001 _43=-0.15 (aspect 1.778)
camera: pos 137.9 26.7 31.8 | proj _11=2.4436 _22=4.3441 _33=1.00001 _43=-0.15 (aspect 1.778)
camera: pos 138.0 26.7 31.9 | proj _11=2.4308 _22=4.3213 _33=1.00001 _43=-0.15 (aspect 1.778)
camera: pos 138.0 26.7 31.9 | proj _11=2.4180 _22=4.2985 _33=1.00001 _43=-0.15 (aspect 1.778)
camera: pos 138.0 26.7 31.9 | proj _11=2.4052 _22=4.2759 _33=1.00001 _43=-0.15 (aspect 1.778)
camera: pos 138.0 26.6 32.0 | proj _11=2.3940 _22=4.2560 _33=1.00001 _43=-0.15 (aspect 1.778)
camera: pos 138.0 26.5 32.0 | proj _11=2.3839 _22=4.2379 _33=1.00001 _43=-0.15 (aspect 1.778)
camera: pos 138.0 26.3 32.1 | proj _11=2.3700 _22=4.2133 _33=1.00001 _43=-0.15 (aspect 1.778)
camera: pos 138.0 25.6 32.4 | proj _11=2.3821 _22=4.2348 _33=1.00001 _43=-0.15 (aspect 1.778)
camera: pos 138.0 25.4 32.5 | proj _11=2.4011 _22=4.2685 _33=1.00001 _43=-0.15 (aspect 1.778)
camera: pos 138.0 25.3 32.6 | proj _11=2.4125 _22=4.2888 _33=1.00001 _43=-0.15 (aspect 1.778)
camera: pos 138.0 25.2 32.6 | proj _11=2.4260 _22=4.3127 _33=1.00001 _43=-0.15 (aspect 1.778)
camera: pos 138.0 25.2 32.6 | proj _11=2.4402 _22=4.3381 _33=1.00001 _43=-0.15 (aspect 1.778)
camera: pos 138.1 25.1 32.7 | proj _11=2.4557 _22=4.3657 _33=1.00001 _43=-0.15 (aspect 1.778)
camera: pos 138.1 25.0 32.7 | proj _11=2.4736 _22=4.3975 _33=1.00001 _43=-0.15 (aspect 1.778)
camera: pos 138.1 25.0 32.8 | proj _11=2.4921 _22=4.4303 _33=1.00001 _43=-0.15 (aspect 1.778)
camera: pos 138.1 25.0 32.8 | proj _11=2.5103 _22=4.4627 _33=1.00001 _43=-0.15 (aspect 1.778)
camera: pos 138.1 24.9 32.8 | proj _11=2.5260 _22=4.4906 _33=1.00001 _43=-0.15 (aspect 1.778)
camera: pos 138.1 24.9 32.9 | proj _11=2.5393 _22=4.5143 _33=1.00001 _43=-0.15 (aspect 1.778)
camera: pos 138.1 24.9 32.9 | proj _11=2.5558 _22=4.5436 _33=1.00001 _43=-0.15 (aspect 1.778)
camera: pos 138.1 24.9 33.0 | proj _11=2.5662 _22=4.5620 _33=1.00001 _43=-0.15 (aspect 1.778)
camera: pos 138.1 24.9 33.4 | proj _11=2.5768 _22=4.5809 _33=1.00001 _43=-0.15 (aspect 1.778)
camera: pos 138.1 25.0 33.7 | proj _11=2.5870 _22=4.5990 _33=1.00001 _43=-0.15 (aspect 1.778)
camera: pos 138.2 25.1 34.0 | proj _11=2.5973 _22=4.6173 _33=1.00001 _43=-0.15 (aspect 1.778)
camera: pos 138.2 25.2 34.2 | proj _11=2.6073 _22=4.6351 _33=1.00001 _43=-0.15 (aspect 1.778)
frame 13200 | draws 1894/frame | FFP converted 77/frame (4.1%) | far substitutions 0/frame
    not converted: screen-space 30  skinned 180  depth-only 630  ortho 0  vertex-format 8  no-objTM 0  instanced 870  mirrored 0  other-camera 10  no camera 0  other 88 (per frame)
    instancing: 870 instanced draws/frame carrying 870 instances/frame (largest single draw 1 instances)
    OUTLIER converted draws (|world| > 20000): 0.0/frame, 0 total
    albedo: moved off stage 0 3/frame, blanked 28/frame | RT textures known 55 | lights 87.8/frame (24 shaders)
    camera 138.3 25.7 34.5 | distinct cameras this frame 1 (max 1) | transform writes 37/frame | redundant state calls dropped 1522/frame
    world matrix changes 35/frame | objTM used without a fresh upload 0/frame
camera: pos 138.1 26.7 34.3 | proj _11=2.5938 _22=4.6112 _33=1.00001 _43=-0.15 (aspect 1.778)
camera: pos 138.1 26.7 34.3 | proj _11=2.5779 _22=4.5828 _33=1.00001 _43=-0.15 (aspect 1.778)
camera: pos 138.1 26.7 34.2 | proj _11=2.5650 _22=4.5599 _33=1.00001 _43=-0.15 (aspect 1.778)
camera: pos 138.1 26.7 34.2 | proj _11=2.5506 _22=4.5343 _33=1.00001 _43=-0.15 (aspect 1.778)
camera: pos 138.1 26.7 34.1 | proj _11=2.5365 _22=4.5092 _33=1.00001 _43=-0.15 (aspect 1.778)
camera: pos 138.1 26.7 34.0 | proj _11=2.5214 _22=4.4825 _33=1.00001 _43=-0.15 (aspect 1.778)
camera: pos 138.1 26.7 33.9 | proj _11=2.5067 _22=4.4562 _33=1.00001 _43=-0.15 (aspect 1.778)
camera: pos 138.1 26.7 33.9 | proj _11=2.4928 _22=4.4315 _33=1.00001 _43=-0.15 (aspect 1.778)
camera: pos 138.0 26.7 33.8 | proj _11=2.4794 _22=4.4078 _33=1.00001 _43=-0.15 (aspect 1.778)
camera: pos 138.0 26.7 33.6 | proj _11=2.4674 _22=4.3864 _33=1.00001 _43=-0.15 (aspect 1.778)
camera: pos 138.0 26.7 33.5 | proj _11=2.4565 _22=4.3671 _33=1.00001 _43=-0.15 (aspect 1.778)
camera: pos 138.0 26.7 33.3 | proj _11=2.4427 _22=4.3425 _33=1.00001 _43=-0.15 (aspect 1.778)
camera: pos 138.0 26.7 33.2 | proj _11=2.4321 _22=4.3237 _33=1.00001 _43=-0.15 (aspect 1.778)
camera: pos 138.0 26.7 32.8 | proj _11=2.4214 _22=4.3046 _33=1.00001 _43=-0.15 (aspect 1.778)
camera: pos 137.9 26.7 32.1 | proj _11=2.4315 _22=4.3226 _33=1.00001 _43=-0.15 (aspect 1.778)
camera: pos 137.9 26.7 31.9 | proj _11=2.4421 _22=4.3414 _33=1.00001 _43=-0.15 (aspect 1.778)
camera: pos 137.9 26.8 31.7 | proj _11=2.4561 _22=4.3664 _33=1.00001 _43=-0.15 (aspect 1.778)
camera: pos 137.8 26.8 31.5 | proj _11=2.4686 _22=4.3886 _33=1.00001 _43=-0.15 (aspect 1.778)
camera: pos 137.8 26.8 31.3 | proj _11=2.4800 _22=4.4088 _33=1.00001 _43=-0.15 (aspect 1.778)
camera: pos 137.8 26.8 31.2 | proj _11=2.4931 _22=4.4321 _33=1.00001 _43=-0.15 (aspect 1.778)
camera: pos 137.8 26.8 31.0 | proj _11=2.5040 _22=4.4515 _33=1.00001 _43=-0.15 (aspect 1.778)
camera: pos 137.8 26.8 30.8 | proj _11=2.5152 _22=4.4714 _33=1.00001 _43=-0.15 (aspect 1.778)
camera: pos 137.7 26.8 30.3 | proj _11=2.5258 _22=4.4903 _33=1.00001 _43=-0.15 (aspect 1.778)
camera: pos 137.7 26.8 30.0 | proj _11=2.5367 _22=4.5096 _33=1.00001 _43=-0.15 (aspect 1.778)
frame 13800 | draws 1904/frame | FFP converted 82/frame (4.3%) | far substitutions 0/frame
    not converted: screen-space 30  skinned 184  depth-only 639  ortho 0  vertex-format 8  no-objTM 0  instanced 861  mirrored 0  other-camera 10  no camera 0  other 89 (per frame)
    instancing: 861 instanced draws/frame carrying 861 instances/frame (largest single draw 1 instances)
    OUTLIER converted draws (|world| > 20000): 0.0/frame, 0 total
    albedo: moved off stage 0 3/frame, blanked 31/frame | RT textures known 55 | lights 89.4/frame (24 shaders)
    camera 137.7 26.8 29.9 | distinct cameras this frame 1 (max 1) | transform writes 37/frame | redundant state calls dropped 1618/frame
    world matrix changes 35/frame | objTM used without a fresh upload 0/frame
camera: pos 137.7 26.9 29.8 | proj _11=2.5468 _22=4.5277 _33=1.00001 _43=-0.15 (aspect 1.778)
camera: pos 137.7 26.9 29.5 | proj _11=2.5575 _22=4.5465 _33=1.00001 _43=-0.15 (aspect 1.778)
camera: pos 137.6 26.9 29.2 | proj _11=2.5681 _22=4.5654 _33=1.00001 _43=-0.15 (aspect 1.778)
camera: pos 137.6 26.9 28.9 | proj _11=2.5787 _22=4.5842 _33=1.00001 _43=-0.15 (aspect 1.778)
camera: pos 137.6 27.0 28.7 | proj _11=2.5889 _22=4.6024 _33=1.00001 _43=-0.15 (aspect 1.778)
camera: pos 137.6 27.1 28.5 | proj _11=2.5989 _22=4.6202 _33=1.00001 _43=-0.15 (aspect 1.778)
camera: pos 137.6 27.2 28.2 | proj _11=2.6090 _22=4.6381 _33=1.00001 _43=-0.15 (aspect 1.778)
frame 14400 | draws 1903/frame | FFP converted 85/frame (4.5%) | far substitutions 0/frame
    not converted: screen-space 30  skinned 187  depth-only 645  ortho 0  vertex-format 8  no-objTM 0  instanced 849  mirrored 0  other-camera 10  no camera 0  other 90 (per frame)
    instancing: 849 instanced draws/frame carrying 849 instances/frame (largest single draw 1 instances)
    OUTLIER converted draws (|world| > 20000): 0.0/frame, 0 total
    albedo: moved off stage 0 3/frame, blanked 32/frame | RT textures known 55 | lights 90.2/frame (24 shaders)
    camera 137.5 28.5 28.1 | distinct cameras this frame 1 (max 1) | transform writes 36/frame | redundant state calls dropped 1670/frame
    world matrix changes 35/frame | objTM used without a fresh upload 0/frame
