sr3-rtx loaded (pid 16880) - FFP conversion, ported from sr2-rtx-remix-proxy
settings: ffp=1 convertSkinned=1 hiddenPassMode=3 skipUntextured=1 screenSpaceMode=2 hideLightVolumes=1 skipMirrored=1 dumpFrame=1800
          rankAlbedo=1 excludeRTAlbedo=1 cacheMeshAlbedo=1 injectLights=1
CreateDevice hook installed
CreateDeviceEx hook installed
CreateDeviceEx -> hooking device (backbuffer 1280x720, aspect 1.778)
marker texture created: 4x4 A8R8G8B8 magenta at 039BD9C8. Tag it in the Remix menu (Alt+X -> Game Setup) and put its hash in rtx.ignoreTextures.
back buffer surface 039BD008 (cleared once a frame; the composite no longer writes it)
light shader: directional (pos=c0 dir=c-1 color=c2 info=c-1 spot=c-1)
light shader: directional (pos=c0 dir=c-1 color=c2 info=c-1 spot=c-1)
light shader: directional (pos=c0 dir=c-1 color=c2 info=c-1 spot=c-1)
light shader: directional (pos=c0 dir=c-1 color=c2 info=c-1 spot=c-1)
light shader: directional (pos=c0 dir=c-1 color=c2 info=c-1 spot=c-1)
light shader: directional (pos=c0 dir=c-1 color=c2 info=c-1 spot=c-1)
HITCH frame 2: 61.8 ms = present 61.7 + our-present 0.0 + draws 0.0 + other-hooks 0.0 + game/bridge 0.1 | draws 0 | new shaders 0 textures 0
vertex layout #1: elems=3 pos=float4@0(stream 0) uv=float2 normal=0 color=1 skinned=0 positionT=0
HITCH frame 3: 260.5 ms = present 16.4 + our-present 0.0 + draws 0.0 + other-hooks 0.0 + game/bridge 244.0 | draws 0 | new shaders 0 textures 4
HITCH frame 32: 75.2 ms = present 16.3 + our-present 0.0 + draws 0.0 + other-hooks 0.0 + game/bridge 58.9 | draws 0 | new shaders 0 textures 3
HITCH frame 48: 45.6 ms = present 13.5 + our-present 0.0 + draws 0.0 + other-hooks 0.0 + game/bridge 32.1 | draws 0 | new shaders 0 textures 3
frame 60 | draws 0/frame | FFP converted 0/frame (0.0%)
    not converted: screen-space 0  skinned 0  ortho 0  vertex-format 0  untextured 0  instanced 0  mirrored 0  other-camera 0  no camera 0  other 0 (per frame)
    prepasses hidden: sampler-less 0/frame, stipple-with-no-colour 0/frame (these used to convert WHITE) | post/composite quads marked 0/frame
    constant-colour materials (no diffuse map, albedo from the shader's own constant) 0/frame | HUD quads demoted to UI 0/frame | back-buffer clears 0/frame | sky draws 0/frame | UI-pass draws converted 0/frame
    instancing: 0 converted from the instance stream/frame, 0 refused/frame (largest single draw 0 instances, 0.0 buffer writes snooped/frame)
    SKINNING: 0 skinned/frame, 0 refused/frame, 0 exact duplicates dropped/frame | 0 meshes decoded, 0 cached, 0 cache flushes
    ALBEDO stage 0 taken raw (no shader reflection) 0/frame
    ALBEDO: constant-only 0/frame, tinted fallback 0/frame, genuinely blank 0/frame (of 0 rank-0 draws/frame)
    ALBEDO WHITE (previously uncounted): named-but-not-bound 0/frame, render-target exclusion left nothing 0/frame | colourless passes now hidden 0/frame
    SKIPPED entirely 0/frame (mode 3) | demoted to UI overlay 0/frame | no-albedo materials left to Remix 0/frame
    MARKED with the marker texture 0/frame (refused as unsafe 0/frame, 0 SetTexture calls/frame, marker created)
    albedo: moved off stage 0 0/frame, blanked 0/frame, restored from mesh cache 0/frame (0 meshes cached) | RT textures known 55 | lights 0.0/frame (24 shaders)
    camera 0.0 0.0 0.0 | distinct cameras this frame 0 (max 0) | transform writes 0/frame | redundant state calls dropped 0/frame
    world matrix changes 0/frame | objTM used without a fresh upload 0/frame | uv matrix writes 0/frame (last scale 0.00000, 0.00000)
    TIMING: frame 25.5 ms avg (39 fps), worst 260 ms | shim 0.00 ms avg (0.0% of frame), worst 0.0 ms
    TIMING tail: 4 frames >=33 ms, 1 >=100 ms in this window of 60 | inside real Present 13.15 ms avg, worst 61.7 ms | our other hooks 0.00 ms avg
HITCH frame 186: 45.9 ms = present 0.4 + our-present 0.0 + draws 0.0 + other-hooks 0.0 + game/bridge 45.6 | draws 0 | new shaders 0 textures 0
HITCH frame 206: 46.4 ms = present 0.3 + our-present 0.0 + draws 0.0 + other-hooks 0.0 + game/bridge 46.2 | draws 0 | new shaders 0 textures 0
HITCH frame 343: 45.5 ms = present 0.2 + our-present 0.0 + draws 0.0 + other-hooks 0.0 + game/bridge 45.3 | draws 0 | new shaders 0 textures 0
HITCH frame 359: 45.4 ms = present 0.2 + our-present 0.0 + draws 0.0 + other-hooks 0.0 + game/bridge 45.2 | draws 0 | new shaders 0 textures 3
HITCH frame 383: 70.3 ms = present 16.3 + our-present 0.0 + draws 0.0 + other-hooks 0.0 + game/bridge 54.0 | draws 0 | new shaders 0 textures 0
frame 600 | draws 0/frame | FFP converted 0/frame (0.0%)
    not converted: screen-space 0  skinned 0  ortho 0  vertex-format 0  untextured 0  instanced 0  mirrored 0  other-camera 0  no camera 0  other 0 (per frame)
    prepasses hidden: sampler-less 0/frame, stipple-with-no-colour 0/frame (these used to convert WHITE) | post/composite quads marked 0/frame
    constant-colour materials (no diffuse map, albedo from the shader's own constant) 0/frame | HUD quads demoted to UI 0/frame | back-buffer clears 0/frame | sky draws 0/frame | UI-pass draws converted 0/frame
    instancing: 0 converted from the instance stream/frame, 0 refused/frame (largest single draw 0 instances, 0.0 buffer writes snooped/frame)
    SKINNING: 0 skinned/frame, 0 refused/frame, 0 exact duplicates dropped/frame | 0 meshes decoded, 0 cached, 0 cache flushes
    ALBEDO stage 0 taken raw (no shader reflection) 0/frame
    ALBEDO: constant-only 0/frame, tinted fallback 0/frame, genuinely blank 0/frame (of 0 rank-0 draws/frame)
    ALBEDO WHITE (previously uncounted): named-but-not-bound 0/frame, render-target exclusion left nothing 0/frame | colourless passes now hidden 0/frame
    SKIPPED entirely 0/frame (mode 3) | demoted to UI overlay 0/frame | no-albedo materials left to Remix 0/frame
    MARKED with the marker texture 0/frame (refused as unsafe 0/frame, 0 SetTexture calls/frame, marker created)
    albedo: moved off stage 0 0/frame, blanked 0/frame, restored from mesh cache 0/frame (0 meshes cached) | RT textures known 55 | lights 0.0/frame (24 shaders)
    camera 0.0 0.0 0.0 | distinct cameras this frame 0 (max 0) | transform writes 0/frame | redundant state calls dropped 0/frame
    world matrix changes 0/frame | objTM used without a fresh upload 0/frame | uv matrix writes 0/frame (last scale 0.00000, 0.00000)
    TIMING: frame 24.9 ms avg (40 fps), worst 70 ms | shim 0.00 ms avg (0.0% of frame), worst 0.0 ms
    TIMING tail: 5 frames >=33 ms, 0 >=100 ms in this window of 600 | inside real Present 7.85 ms avg, worst 17.5 ms | our other hooks 0.00 ms avg
frame 1200 | draws 0/frame | FFP converted 0/frame (0.0%)
    not converted: screen-space 0  skinned 0  ortho 0  vertex-format 0  untextured 0  instanced 0  mirrored 0  other-camera 0  no camera 0  other 0 (per frame)
    prepasses hidden: sampler-less 0/frame, stipple-with-no-colour 0/frame (these used to convert WHITE) | post/composite quads marked 0/frame
    constant-colour materials (no diffuse map, albedo from the shader's own constant) 0/frame | HUD quads demoted to UI 0/frame | back-buffer clears 0/frame | sky draws 0/frame | UI-pass draws converted 0/frame
    instancing: 0 converted from the instance stream/frame, 0 refused/frame (largest single draw 0 instances, 0.0 buffer writes snooped/frame)
    SKINNING: 0 skinned/frame, 0 refused/frame, 0 exact duplicates dropped/frame | 0 meshes decoded, 0 cached, 0 cache flushes
    ALBEDO stage 0 taken raw (no shader reflection) 0/frame
    ALBEDO: constant-only 0/frame, tinted fallback 0/frame, genuinely blank 0/frame (of 0 rank-0 draws/frame)
    ALBEDO WHITE (previously uncounted): named-but-not-bound 0/frame, render-target exclusion left nothing 0/frame | colourless passes now hidden 0/frame
    SKIPPED entirely 0/frame (mode 3) | demoted to UI overlay 0/frame | no-albedo materials left to Remix 0/frame
    MARKED with the marker texture 0/frame (refused as unsafe 0/frame, 0 SetTexture calls/frame, marker created)
    albedo: moved off stage 0 0/frame, blanked 0/frame, restored from mesh cache 0/frame (0 meshes cached) | RT textures known 55 | lights 0.0/frame (24 shaders)
    camera 0.0 0.0 0.0 | distinct cameras this frame 0 (max 0) | transform writes 0/frame | redundant state calls dropped 0/frame
    world matrix changes 0/frame | objTM used without a fresh upload 0/frame | uv matrix writes 0/frame (last scale 0.00000, 0.00000)
    TIMING: frame 20.8 ms avg (48 fps), worst 31 ms | shim 0.00 ms avg (0.0% of frame), worst 0.0 ms
    TIMING tail: 0 frames >=33 ms, 0 >=100 ms in this window of 600 | inside real Present 12.06 ms avg, worst 16.6 ms | our other hooks 0.00 ms avg
vertex layout #2: elems=2 pos=float4@0(stream 0) uv=float2 normal=0 color=0 skinned=0 positionT=0
stream freq #1: stream=0 setting=0x00000001 -> plain count=1
stream freq #2: stream=0 setting=0x00000001 -> plain count=1
stream freq #3: stream=0 setting=0x00000001 -> plain count=1
stream freq #4: stream=0 setting=0x00000001 -> plain count=1
stream freq #5: stream=0 setting=0x00000001 -> plain count=1
stream freq #6: stream=0 setting=0x00000001 -> plain count=1
stream freq #7: stream=0 setting=0x00000001 -> plain count=1
stream freq #8: stream=0 setting=0x00000001 -> plain count=1
vertex layout #3: elems=12 pos=float3@0(stream 0) uv=short2 normal=1 color=0 skinned=0 positionT=0
stream freq #9: stream=4 setting=0x80000001 -> INSTANCEDATA count=1
stream freq #10: stream=0 setting=0x40000001 -> INDEXEDDATA count=1
skinning: vertex buffer created (8192 KB, 32-byte vertices)
stream freq #11: stream=4 setting=0x80000001 -> INSTANCEDATA count=1
stream freq #12: stream=0 setting=0x40000001 -> INDEXEDDATA count=1
vertex layout #4: elems=12 pos=float3@0(stream 0) uv=short2 normal=1 color=0 skinned=0 positionT=0
vertex layout #5: elems=13 pos=float3@0(stream 0) uv=short2 normal=1 color=0 skinned=0 positionT=0
vertex layout #6: elems=11 pos=float3@0(stream 0) uv=short2 normal=1 color=0 skinned=0 positionT=0
vertex layout #7: elems=7 pos=float3@0(stream 0) uv=short2 normal=0 color=0 skinned=0 positionT=0
vertex layout #8: elems=8 pos=float3@0(stream 0) uv=? normal=1 color=1 skinned=0 positionT=0
vertex layout #9: elems=10 pos=float3@0(stream 0) uv=? normal=1 color=0 skinned=0 positionT=0
vertex layout #10: elems=13 pos=float3@0(stream 0) uv=short2 normal=1 color=0 skinned=0 positionT=0
vertex layout #11: elems=6 pos=float3@0(stream 0) uv=short2 normal=1 color=1 skinned=0 positionT=0
view handedness baseline: determinant 1.000 (positive)
camera: pos 96.3 147.7 36.1 | proj _11=1.6085 _22=2.8594 _33=1.00001 _43=-0.15 (aspect 1.778)
short2 UV range #1: u -5..1002  v 401..757  (verts=40 stride=32 off=20)
  depth-disabled draw #1087: verts=384   prims=192   zwrite=0 tex0=44B0ADD8 objTM=0 lightVolume=no ps='Diffuse_MapSampler' size=531.2x30.7x695.5 centre=(-189.4 28.4 -594.4) distFromCam=702.4
short2 UV range #2: u 273..1024  v -829..519  (verts=384 stride=32 off=20)
  depth-disabled draw #1088: verts=144   prims=72    zwrite=0 tex0=44B08F38 objTM=0 lightVolume=no ps='Diffuse_MapSampler' size=43.8x46.1x27.1 centre=(54.5 43.2 -260.2) distFromCam=317.0
short2 UV range #3: u 226..1807  v -976..1490  (verts=144 stride=32 off=20)
  depth-disabled draw #1089: verts=176   prims=88    zwrite=0 tex0=44B09D38 objTM=0 lightVolume=no ps='' size=41.1x160.1x153.1 centre=(50.5 192.5 -153.2) distFromCam=199.9
  depth-disabled draw #1090: verts=1164  prims=582   zwrite=0 tex0=44B10018 objTM=0 lightVolume=no ps='' size=139.2x254.3x559.8 centre=(101.1 141.4 -351.3) distFromCam=387.5
  depth-disabled draw #1091: verts=1124  prims=562   zwrite=0 tex0=44B099B8 objTM=0 lightVolume=no ps='' size=44.5x28.7x136.1 centre=(348.2 31.1 -288.1) distFromCam=426.8
  depth-disabled draw #1092: verts=116   prims=58    zwrite=0 tex0=44B0A518 objTM=0 lightVolume=no ps='' size=32.1x3.5x20.9 centre=(52.0 10.0 -260.2) distFromCam=329.8
vertex layout #12: elems=2 pos=float4@0(stream 0) uv=float4 normal=0 color=0 skinned=0 positionT=0
vertex layout #13: elems=15 pos=float3@0(stream 0) uv=short2 normal=1 color=0 skinned=1 positionT=0
    stream=0 offset= 0 type=float3  (2) usage=POSITION     index=0
    stream=0 offset=12 type=ubyte4n (8) usage=NORMAL       index=0
    stream=0 offset=16 type=ubyte4n (8) usage=TANGENT      index=0
    stream=0 offset=20 type=ubyte4  (5) usage=BLENDWEIGHT  index=0
    stream=0 offset=24 type=ubyte4  (5) usage=BLENDINDICES index=0
    stream=0 offset=28 type=short2  (6) usage=TEXCOORD     index=0
    stream=0 offset=32 type=short2  (6) usage=TEXCOORD     index=1
    stream=2 offset= 0 type=short4  (7) usage=POSITION     index=1
    stream=2 offset= 8 type=ubyte4n (8) usage=NORMAL       index=1
    stream=3 offset= 0 type=ubyte4n (8) usage=COLOR        index=0
    stream=4 offset= 0 type=float4  (3) usage=POSITION     index=2
    stream=4 offset=16 type=float4  (3) usage=POSITION     index=3
    stream=4 offset=32 type=float4  (3) usage=POSITION     index=4
    stream=4 offset=48 type=d3dcolor(4) usage=COLOR        index=1
    stream=4 offset=52 type=d3dcolor(4) usage=COLOR        index=2
SKINNED draw #1: verts=1080 disp=4 stride=36 | VB usage=0x8 static | live bone regs 7 | objTM t=(96.87 145.75 29.67)
    decl: pos type=float3@0  normal type=ubyte4n@12  weights type=ubyte4@20  indices type=ubyte4@24
    bone[0] rows (0.775 0.617 -0.135 -0.880) (-0.631 0.767 -0.119 0.449) (0.030 0.177 0.984 -0.308)
    vert 0: pos(0.456 1.099 -0.043) weightBytes[129 126 0 0] indexBytes[0 3 255 255]
    vert 1: pos(0.461 1.099 -0.063) weightBytes[128 127 0 0] indexBytes[0 3 255 255]
    vert 2: pos(0.450 1.099 -0.043) weightBytes[131 124 0 0] indexBytes[0 3 255 255]
SKINNED draw #2: verts=1080 disp=4 stride=36 | VB usage=0x8 static | live bone regs 7 | objTM t=(96.87 145.75 29.67)
    decl: pos type=float3@0  normal type=ubyte4n@12  weights type=ubyte4@20  indices type=ubyte4@24
    bone[0] rows (0.775 0.617 -0.135 -0.880) (-0.631 0.767 -0.119 0.449) (0.030 0.177 0.984 -0.308)
    vert 0: pos(0.456 1.099 -0.043) weightBytes[129 126 0 0] indexBytes[0 3 255 255]
    vert 1: pos(0.461 1.099 -0.063) weightBytes[128 127 0 0] indexBytes[0 3 255 255]
    vert 2: pos(0.450 1.099 -0.043) weightBytes[131 124 0 0] indexBytes[0 3 255 255]
SKINNED draw #3: verts=1080 disp=4 stride=36 | VB usage=0x8 static | live bone regs 7 | objTM t=(96.87 145.75 29.67)
    decl: pos type=float3@0  normal type=ubyte4n@12  weights type=ubyte4@20  indices type=ubyte4@24
    bone[0] rows (0.775 0.617 -0.135 -0.880) (-0.631 0.767 -0.119 0.449) (0.030 0.177 0.984 -0.308)
    vert 0: pos(0.456 1.099 -0.043) weightBytes[129 126 0 0] indexBytes[0 3 255 255]
    vert 1: pos(0.461 1.099 -0.063) weightBytes[128 127 0 0] indexBytes[0 3 255 255]
    vert 2: pos(0.450 1.099 -0.043) weightBytes[131 124 0 0] indexBytes[0 3 255 255]
SKINNED draw #4: verts=1080 disp=4 stride=36 | VB usage=0x8 static | live bone regs 7 | objTM t=(96.87 145.75 29.67)
    decl: pos type=float3@0  normal type=ubyte4n@12  weights type=ubyte4@20  indices type=ubyte4@24
    bone[0] rows (0.590 -0.428 0.684 0.573) (0.666 0.738 -0.113 0.501) (-0.456 0.522 0.720 -0.738)
    vert 0: pos(-0.546 1.091 -0.046) weightBytes[46 180 28 0] indexBytes[0 3 1 255]
    vert 1: pos(-0.529 1.082 -0.060) weightBytes[77 176 2 0] indexBytes[0 3 1 255]
    vert 2: pos(-0.547 1.096 -0.050) weightBytes[74 177 4 0] indexBytes[0 3 1 255]
SKINNED draw #5: verts=1080 disp=4 stride=36 | VB usage=0x8 static | live bone regs 7 | objTM t=(96.87 145.75 29.67)
    decl: pos type=float3@0  normal type=ubyte4n@12  weights type=ubyte4@20  indices type=ubyte4@24
    bone[0] rows (0.590 -0.428 0.684 0.573) (0.666 0.738 -0.113 0.501) (-0.456 0.522 0.720 -0.738)
    vert 0: pos(-0.546 1.091 -0.046) weightBytes[46 180 28 0] indexBytes[0 3 1 255]
    vert 1: pos(-0.529 1.082 -0.060) weightBytes[77 176 2 0] indexBytes[0 3 1 255]
    vert 2: pos(-0.547 1.096 -0.050) weightBytes[74 177 4 0] indexBytes[0 3 1 255]
SKINNED draw #6: verts=1080 disp=4 stride=36 | VB usage=0x8 static | live bone regs 7 | objTM t=(96.87 145.75 29.67)
    decl: pos type=float3@0  normal type=ubyte4n@12  weights type=ubyte4@20  indices type=ubyte4@24
    bone[0] rows (0.590 -0.428 0.684 0.573) (0.666 0.738 -0.113 0.501) (-0.456 0.522 0.720 -0.738)
    vert 0: pos(-0.546 1.091 -0.046) weightBytes[46 180 28 0] indexBytes[0 3 1 255]
    vert 1: pos(-0.529 1.082 -0.060) weightBytes[77 176 2 0] indexBytes[0 3 1 255]
    vert 2: pos(-0.547 1.096 -0.050) weightBytes[74 177 4 0] indexBytes[0 3 1 255]
SKINNED draw #7: verts=990 disp=4 stride=36 | VB usage=0x8 static | live bone regs 9 | objTM t=(96.87 145.75 29.67)
    decl: pos type=float3@0  normal type=ubyte4n@12  weights type=ubyte4@20  indices type=ubyte4@24
    bone[0] rows (0.915 0.150 0.375 -0.113) (-0.108 0.985 -0.132 -0.022) (-0.390 0.080 0.917 -0.011)
    vert 0: pos(-0.202 0.037 0.058) weightBytes[174 81 0 0] indexBytes[2 4 255 255]
    vert 1: pos(-0.217 0.010 0.106) weightBytes[255 0 0 0] indexBytes[4 255 255 255]
    vert 2: pos(-0.201 0.029 0.109) weightBytes[2 253 0 0] indexBytes[2 4 255 255]
SKINNED draw #8: verts=990 disp=4 stride=36 | VB usage=0x8 static | live bone regs 9 | objTM t=(96.87 145.75 29.67)
    decl: pos type=float3@0  normal type=ubyte4n@12  weights type=ubyte4@20  indices type=ubyte4@24
    bone[0] rows (0.915 0.150 0.375 -0.113) (-0.108 0.985 -0.132 -0.022) (-0.390 0.080 0.917 -0.011)
    vert 0: pos(-0.202 0.037 0.058) weightBytes[174 81 0 0] indexBytes[2 4 255 255]
    vert 1: pos(-0.217 0.010 0.106) weightBytes[255 0 0 0] indexBytes[4 255 255 255]
    vert 2: pos(-0.201 0.029 0.109) weightBytes[2 253 0 0] indexBytes[2 4 255 255]
vertex layout #14: elems=14 pos=float3@0(stream 0) uv=short2 normal=1 color=0 skinned=1 positionT=0
    stream=0 offset= 0 type=float3  (2) usage=POSITION     index=0
    stream=0 offset=12 type=ubyte4n (8) usage=NORMAL       index=0
    stream=0 offset=16 type=ubyte4n (8) usage=TANGENT      index=0
    stream=0 offset=20 type=ubyte4  (5) usage=BLENDWEIGHT  index=0
    stream=0 offset=24 type=ubyte4  (5) usage=BLENDINDICES index=0
    stream=0 offset=28 type=short2  (6) usage=TEXCOORD     index=0
    stream=2 offset= 0 type=short4  (7) usage=POSITION     index=1
    stream=2 offset= 8 type=ubyte4n (8) usage=NORMAL       index=1
    stream=3 offset= 0 type=ubyte4n (8) usage=COLOR        index=0
    stream=4 offset= 0 type=float4  (3) usage=POSITION     index=2
    stream=4 offset=16 type=float4  (3) usage=POSITION     index=3
    stream=4 offset=32 type=float4  (3) usage=POSITION     index=4
    stream=4 offset=48 type=d3dcolor(4) usage=COLOR        index=1
    stream=4 offset=52 type=d3dcolor(4) usage=COLOR        index=2
SKINNED draw #9: verts=130 disp=4 stride=32 | VB usage=0x8 static | live bone regs 9 | objTM t=(96.87 145.75 29.67)
    decl: pos type=float3@0  normal type=ubyte4n@12  weights type=ubyte4@20  indices type=ubyte4@24
    bone[0] rows (0.997 0.046 0.068 -0.084) (-0.042 0.997 -0.061 -0.000) (-0.071 0.057 0.996 -0.034)
    vert 0: pos(0.052 1.775 -0.047) weightBytes[255 0 0 0] indexBytes[0 255 255 255]
    vert 1: pos(0.063 1.762 -0.049) weightBytes[255 0 0 0] indexBytes[0 255 255 255]
    vert 2: pos(0.070 1.750 -0.059) weightBytes[255 0 0 0] indexBytes[0 255 255 255]
SKINNED draw #10: verts=536 disp=4 stride=36 | VB usage=0x8 static | live bone regs 9 | objTM t=(96.87 145.75 29.67)
    decl: pos type=float3@0  normal type=ubyte4n@12  weights type=ubyte4@20  indices type=ubyte4@24
    bone[0] rows (0.882 0.167 0.441 -0.218) (-0.051 0.964 -0.262 0.029) (-0.469 0.208 0.858 -0.278)
    vert 0: pos(-0.044 1.572 -0.121) weightBytes[28 183 44 0] indexBytes[0 2 4 255]
    vert 1: pos(-0.045 1.564 -0.118) weightBytes[30 1 182 42] indexBytes[0 1 2 4]
    vert 2: pos(-0.047 1.561 -0.127) weightBytes[59 10 168 18] indexBytes[0 1 2 4]
SKINNED draw #11: verts=536 disp=4 stride=36 | VB usage=0x8 static | live bone regs 9 | objTM t=(96.87 145.75 29.67)
    decl: pos type=float3@0  normal type=ubyte4n@12  weights type=ubyte4@20  indices type=ubyte4@24
    bone[0] rows (0.882 0.167 0.441 -0.218) (-0.051 0.964 -0.262 0.029) (-0.469 0.208 0.858 -0.278)
    vert 0: pos(-0.044 1.572 -0.121) weightBytes[28 183 44 0] indexBytes[0 2 4 255]
    vert 1: pos(-0.045 1.564 -0.118) weightBytes[30 1 182 42] indexBytes[0 1 2 4]
    vert 2: pos(-0.047 1.561 -0.127) weightBytes[59 10 168 18] indexBytes[0 1 2 4]
SKINNED draw #12: verts=416 disp=4 stride=32 | VB usage=0x8 static | live bone regs 9 | objTM t=(96.87 145.75 29.67)
    decl: pos type=float3@0  normal type=ubyte4n@12  weights type=ubyte4@20  indices type=ubyte4@24
    bone[0] rows (0.953 0.293 0.074 -0.492) (-0.291 0.956 -0.041 0.051) (-0.083 0.018 0.996 0.030)
    vert 0: pos(0.079 1.617 -0.057) weightBytes[255 0 0 0] indexBytes[2 255 255 255]
    vert 1: pos(0.079 1.613 -0.057) weightBytes[255 0 0 0] indexBytes[3 255 255 255]
    vert 2: pos(0.079 1.617 -0.057) weightBytes[255 0 0 0] indexBytes[2 255 255 255]
vertex layout #15: elems=6 pos=float3@0(stream 0) uv=? normal=0 color=0 skinned=0 positionT=0
  depth-disabled draw #1148: verts=8     prims=12    zwrite=0 tex0=49E32D18 objTM=0 lightVolume=no ps='' size=1.0x1.0x1.0 centre=(0.0 0.0 0.0) distFromCam=180.0
  depth-disabled draw #1149: verts=8     prims=12    zwrite=0 tex0=49E32D18 objTM=0 lightVolume=no ps='' size=1.0x1.0x1.0 centre=(0.0 0.0 0.0) distFromCam=180.0
  depth-disabled draw #1150: verts=8     prims=12    zwrite=0 tex0=49E32D18 objTM=0 lightVolume=no ps='' size=1.0x1.0x1.0 centre=(0.0 0.0 0.0) distFromCam=180.0
  depth-disabled draw #1151: verts=8     prims=12    zwrite=0 tex0=49E32D18 objTM=0 lightVolume=no ps='' size=1.0x1.0x1.0 centre=(0.0 0.0 0.0) distFromCam=180.0
  depth-disabled draw #1152: verts=8     prims=12    zwrite=0 tex0=49E32D18 objTM=0 lightVolume=no ps='' size=1.0x1.0x1.0 centre=(0.0 0.0 0.0) distFromCam=180.0
  depth-disabled draw #1153: verts=8     prims=12    zwrite=0 tex0=49E32D18 objTM=0 lightVolume=no ps='' size=1.0x1.0x1.0 centre=(0.0 0.0 0.0) distFromCam=180.0
  depth-disabled draw #1154: verts=8     prims=12    zwrite=0 tex0=49E32D18 objTM=0 lightVolume=no ps='' size=1.0x1.0x1.0 centre=(0.0 0.0 0.0) distFromCam=180.0
  depth-disabled draw #1155: verts=8     prims=12    zwrite=0 tex0=49E32D18 objTM=0 lightVolume=no ps='' size=1.0x1.0x1.0 centre=(0.0 0.0 0.0) distFromCam=180.0
  depth-disabled draw #1156: verts=8     prims=12    zwrite=0 tex0=49E32D18 objTM=0 lightVolume=no ps='' size=1.0x1.0x1.0 centre=(0.0 0.0 0.0) distFromCam=180.0
  depth-disabled draw #1157: verts=8     prims=12    zwrite=0 tex0=49E32D18 objTM=0 lightVolume=no ps='' size=1.0x1.0x1.0 centre=(0.0 0.0 0.0) distFromCam=180.0
  depth-disabled draw #1158: verts=8     prims=12    zwrite=0 tex0=49E32D18 objTM=0 lightVolume=no ps='' size=1.0x1.0x1.0 centre=(0.0 0.0 0.0) distFromCam=180.0
  depth-disabled draw #1159: verts=8     prims=12    zwrite=0 tex0=49E32D18 objTM=0 lightVolume=no ps='' size=1.0x1.0x1.0 centre=(0.0 0.0 0.0) distFromCam=180.0
  depth-disabled draw #1160: verts=8     prims=12    zwrite=0 tex0=49E32D18 objTM=0 lightVolume=no ps='' size=1.0x1.0x1.0 centre=(0.0 0.0 0.0) distFromCam=180.0
  depth-disabled draw #1161: verts=8     prims=12    zwrite=0 tex0=49E32D18 objTM=0 lightVolume=no ps='' size=1.0x1.0x1.0 centre=(0.0 0.0 0.0) distFromCam=180.0
  depth-disabled draw #1162: verts=8     prims=12    zwrite=0 tex0=49E32D18 objTM=0 lightVolume=no ps='' size=1.0x1.0x1.0 centre=(0.0 0.0 0.0) distFromCam=180.0
  depth-disabled draw #1163: verts=8     prims=12    zwrite=0 tex0=49E32D18 objTM=0 lightVolume=no ps='' size=1.0x1.0x1.0 centre=(0.0 0.0 0.0) distFromCam=180.0
  depth-disabled draw #1164: verts=8     prims=12    zwrite=0 tex0=49E32D18 objTM=0 lightVolume=no ps='' size=1.0x1.0x1.0 centre=(0.0 0.0 0.0) distFromCam=180.0
  depth-disabled draw #1165: verts=8     prims=12    zwrite=0 tex0=49E32D18 objTM=0 lightVolume=no ps='' size=1.0x1.0x1.0 centre=(0.0 0.0 0.0) distFromCam=180.0
  depth-disabled draw #1166: verts=8     prims=12    zwrite=0 tex0=49E32D18 objTM=0 lightVolume=no ps='' size=1.0x1.0x1.0 centre=(0.0 0.0 0.0) distFromCam=180.0
  depth-disabled draw #1167: verts=8     prims=12    zwrite=0 tex0=49E32D18 objTM=0 lightVolume=no ps='' size=1.0x1.0x1.0 centre=(0.0 0.0 0.0) distFromCam=180.0
  depth-disabled draw #1168: verts=8     prims=12    zwrite=0 tex0=49E32D18 objTM=0 lightVolume=no ps='' size=1.0x1.0x1.0 centre=(0.0 0.0 0.0) distFromCam=180.0
  depth-disabled draw #1169: verts=8     prims=12    zwrite=0 tex0=49E32D18 objTM=0 lightVolume=no ps='' size=1.0x1.0x1.0 centre=(0.0 0.0 0.0) distFromCam=180.0
  depth-disabled draw #1170: verts=8     prims=12    zwrite=0 tex0=49E32D18 objTM=0 lightVolume=no ps='' size=1.0x1.0x1.0 centre=(0.0 0.0 0.0) distFromCam=180.0
  depth-disabled draw #1171: verts=8     prims=12    zwrite=0 tex0=49E32D18 objTM=0 lightVolume=no ps='' size=1.0x1.0x1.0 centre=(0.0 0.0 0.0) distFromCam=180.0
  depth-disabled draw #1172: verts=8     prims=12    zwrite=0 tex0=49E32D18 objTM=0 lightVolume=no ps='' size=1.0x1.0x1.0 centre=(0.0 0.0 0.0) distFromCam=180.0
  depth-disabled draw #1173: verts=8     prims=12    zwrite=0 tex0=49E32D18 objTM=0 lightVolume=no ps='' size=1.0x1.0x1.0 centre=(0.0 0.0 0.0) distFromCam=180.0
  depth-disabled draw #1174: verts=8     prims=12    zwrite=0 tex0=49E32D18 objTM=0 lightVolume=no ps='' size=1.0x1.0x1.0 centre=(0.0 0.0 0.0) distFromCam=180.0
  depth-disabled draw #1175: verts=8     prims=12    zwrite=0 tex0=49E32D18 objTM=0 lightVolume=no ps='' size=1.0x1.0x1.0 centre=(0.0 0.0 0.0) distFromCam=180.0
  depth-disabled draw #1176: verts=8     prims=12    zwrite=0 tex0=49E32D18 objTM=0 lightVolume=no ps='' size=1.0x1.0x1.0 centre=(0.0 0.0 0.0) distFromCam=180.0
  depth-disabled draw #1177: verts=8     prims=12    zwrite=0 tex0=49E32D18 objTM=0 lightVolume=no ps='' size=1.0x1.0x1.0 centre=(0.0 0.0 0.0) distFromCam=180.0
  depth-disabled draw #1178: verts=8     prims=12    zwrite=0 tex0=49E32D18 objTM=0 lightVolume=no ps='' size=1.0x1.0x1.0 centre=(0.0 0.0 0.0) distFromCam=180.0
  depth-disabled draw #1179: verts=8     prims=12    zwrite=0 tex0=49E32D18 objTM=0 lightVolume=no ps='' size=1.0x1.0x1.0 centre=(0.0 0.0 0.0) distFromCam=180.0
  depth-disabled draw #1180: verts=8     prims=12    zwrite=0 tex0=49E32D18 objTM=0 lightVolume=no ps='' size=1.0x1.0x1.0 centre=(0.0 0.0 0.0) distFromCam=180.0
  depth-disabled draw #1181: verts=8     prims=12    zwrite=0 tex0=49E32D18 objTM=0 lightVolume=no ps='' size=1.0x1.0x1.0 centre=(0.0 0.0 0.0) distFromCam=180.0
short2 UV range #4: u -1098..2854  v -424..2800  (verts=271 stride=36 off=28)
vertex layout #16: elems=3 pos=float3@0(stream 0) uv=? normal=1 color=0 skinned=0 positionT=0
vertex layout #17: elems=3 pos=float3@0(stream 0) uv=float2 normal=0 color=1 skinned=0 positionT=0
vertex layout #18: elems=1 pos=float3@0(stream 0) uv=? normal=0 color=0 skinned=0 positionT=0
SKY draw: PASS verts=343 ps='Diffuse_Map_1Sampler' rank=100 | size 36x9x36 centre (96 149 36) 1 from camera | why: sky (rfg-skybox family) - left for Remix to capture and tag
SKY draw: PASS verts=343 ps='Diffuse_Map_1Sampler' rank=100 | size 36x9x36 centre (96 149 36) 1 from camera | why: sky (rfg-skybox family) - left for Remix to capture and tag
SKY draw: PASS verts=343 ps='Diffuse_MapSampler' rank=100 | size 36x9x36 centre (96 149 36) 1 from camera | why: sky (rfg-skybox family) - left for Remix to capture and tag
SKY draw: PASS verts=343 ps='Diffuse_Map_1Sampler' rank=100 | size 36x9x36 centre (96 149 36) 1 from camera | why: sky (rfg-skybox family) - left for Remix to capture and tag
SKY draw: PASS verts=343 ps='Diffuse_Map_1Sampler' rank=100 | size 36x9x36 centre (96 149 36) 1 from camera | why: sky (rfg-skybox family) - left for Remix to capture and tag
SKY draw: PASS verts=343 ps='Diffuse_MapSampler' rank=100 | size 36x9x36 centre (96 149 36) 1 from camera | why: sky (rfg-skybox family) - left for Remix to capture and tag
SKY draw: PASS verts=343 ps='Diffuse_Map_1Sampler' rank=100 | size 36x9x36 centre (96 149 36) 1 from camera | why: sky (rfg-skybox family) - left for Remix to capture and tag
SKY draw: PASS verts=343 ps='Diffuse_Map_1Sampler' rank=100 | size 36x9x36 centre (96 149 36) 1 from camera | why: sky (rfg-skybox family) - left for Remix to capture and tag
SKY draw: PASS verts=343 ps='Diffuse_MapSampler' rank=100 | size 36x9x36 centre (96 149 36) 1 from camera | why: sky (rfg-skybox family) - left for Remix to capture and tag
vertex layout #19: elems=11 pos=float3@0(stream 0) uv=? normal=1 color=0 skinned=0 positionT=0
SKY draw: PASS verts=173 ps='Blend_MapSampler' rank=100 | size 102541x0x102511 centre (7 -0 0) 176 from camera | why: sky (rfg-skybox family) - left for Remix to capture and tag
SKY draw: PASS verts=5 ps='Blend_MapSampler' rank=100 | size 120x0x60 centre (-100 0 110) 257 from camera | why: sky (rfg-skybox family) - left for Remix to capture and tag
SKY draw: PASS verts=8 ps='Blend_MapSampler' rank=100 | size 280x0x280 centre (-20 0 0) 191 from camera | why: sky (rfg-skybox family) - left for Remix to capture and tag
short2 UV range #5: u 0..1025  v 594..769  (verts=52 stride=32 off=20)
short2 UV range #6: u -5..1002  v 401..757  (verts=40 stride=32 off=20)
short2 UV range #7: u 273..1024  v -829..519  (verts=384 stride=32 off=20)
short2 UV range #8: u 226..1807  v -976..1490  (verts=144 stride=32 off=20)
short2 UV range #9: u 373..752  v -2029..957  (verts=176 stride=32 off=20)
short2 UV range #10: u -20..2034  v -1..1024  (verts=1164 stride=32 off=20)
short2 UV range #11: u 266..752  v 69..983  (verts=1124 stride=32 off=20)
short2 UV range #12: u -1543..2585  v 21..754  (verts=116 stride=32 off=20)
vertex layout #20: elems=14 pos=float3@0(stream 0) uv=short2 normal=1 color=0 skinned=0 positionT=0
HITCH frame 1588: 67.8 ms = present 16.1 + our-present 0.0 + draws 10.0 + other-hooks 0.0 + game/bridge 41.7 | draws 3533 | new shaders 0 textures 1
call-order trace (V/v=SetVertexShader with/without objTM, P=projTM c28, O=objTM c32, W=view c48, D=draw converted, x=draw skipped):
  DDDvmmmmOOPWvDDDOOVmmmOmmmOmmOVmOVmmOVmOVmOVmOVmVmOmOmOmOmOmOmOmOmOmOmOmOmOmOmOmOmOmOmOmOmOmOmOmOmOm
  OmOmOmOmOmOmOmOmOVDOVmOVmOOPWPvmmmmmmmmmmmmmmmmmmmmmmmmmmmmmmmmmmmmmmmmmmmmmmmmmmmmmmmmmmmmmmmmmmmmm
  mmmmmmmmmmmmmmmmmmmmmmmmmmmmmmmmmmmmmmmmmmmmmmmmmmmmmmmmmmmmmmmmmmmmmmmmmmmmmmmmmmmmmmmmmmmmmmmmmmmm
  mmmmmmmmmmmmmmmmmmmmmmmmmmmmmmmmmmmmmmmmmmmmmmmmmmmmmmmmmmmmmmmmmmmmmmmmmmmmmmmmmmmmmmmmmmmmmmmmmmmm
sky probe: 40 depth-disabled draws in a frame of 3533
auxiliary camera at (96.3 -147.7 36.1), main camera at (96.3 147.7 36.1), 295.4 units apart | aspect 1.778 vs back buffer 1.778
    aux  forward (0.087 0.008 -0.996) up (0.001 -1.000 -0.008) det -1.000
    main forward (0.087 -0.008 -0.996) up (0.001 1.000 -0.008) det 1.000
untextured material #1: first sampler is 'IR_GBuffer_DSF_DataSampler'
HITCH frame 1589: 164.1 ms = present 0.1 + our-present 0.0 + draws 17.3 + other-hooks 0.0 + game/bridge 146.6 | draws 4073 | new shaders 0 textures 0
shape probe written to sr3-rtx-shapes.log (226 shapes)
vertex layout #21: elems=7 pos=float3@0(stream 0) uv=float3 normal=0 color=1 skinned=0 positionT=0
frame 1800 | draws 386/frame | FFP converted 108/frame (28.1%)
    not converted: screen-space 9  skinned 0  ortho 0  vertex-format 0  untextured 195  instanced 0  mirrored 0  other-camera 33  no camera 0  other 0 (per frame)
    prepasses hidden: sampler-less 195/frame, stipple-with-no-colour 28/frame (these used to convert WHITE) | post/composite quads marked 9/frame
    constant-colour materials (no diffuse map, albedo from the shader's own constant) 17/frame | HUD quads demoted to UI 0/frame | back-buffer clears 0/frame | sky draws 11/frame | UI-pass draws converted 0/frame
    instancing: 121 converted from the instance stream/frame, 0 refused/frame (largest single draw 1 instances, 0.1 buffer writes snooped/frame)
    SKINNING: 10 skinned/frame, 0 refused/frame, 0 exact duplicates dropped/frame | 23 meshes decoded, 23 cached, 0 cache flushes
    ALBEDO stage 0 taken raw (no shader reflection) 0/frame
    ALBEDO: constant-only 17/frame, tinted fallback 0/frame, genuinely blank 0/frame (of 18 rank-0 draws/frame)
    ALBEDO WHITE (previously uncounted): named-but-not-bound 0/frame, render-target exclusion left nothing 0/frame | colourless passes now hidden 0/frame
    SKIPPED entirely 0/frame (mode 3) | demoted to UI overlay 0/frame | no-albedo materials left to Remix 18/frame
    MARKED with the marker texture 266/frame (refused as unsafe 0/frame, 635 SetTexture calls/frame, marker created)
    albedo: moved off stage 0 16/frame, blanked 17/frame, restored from mesh cache 29/frame (841 meshes cached) | RT textures known 55 | lights 5.3/frame (24 shaders)
    camera 98.1 147.9 30.8 | distinct cameras this frame 1 (max 1) | transform writes 77/frame | redundant state calls dropped 2270/frame
    world matrix changes 77/frame | objTM used without a fresh upload 0/frame | uv matrix writes 1/frame (last scale 0.00098, 0.00098)
    TIMING: frame 20.0 ms avg (50 fps), worst 164 ms | shim 1.47 ms avg (7.4% of frame), worst 17.3 ms
    TIMING tail: 3 frames >=33 ms, 1 >=100 ms in this window of 600 | inside real Present 11.57 ms avg, worst 17.3 ms | our other hooks 0.00 ms avg
    converted -> target 14D8EAD0 1280x720 fmt=34 : 3 draws/frame
    converted -> target 14D985D8 1280x720 fmt=113 : 104 draws/frame
    converted -> target 14D8F0A0 1280x720 fmt=113 : 1 draws/frame
HITCH frame 1828: 46.9 ms = present 0.2 + our-present 0.0 + draws 11.0 + other-hooks 0.0 + game/bridge 35.7 | draws 2379 | new shaders 0 textures 0
HUD draw: CONVERT verts=28 target 1280x720 fmt=21 | stride=52 posType=2 posOffset=0 posStream=0 positionT=0 elements=7 usage=0x208 | vs proj=1 obj=1 ps='Diffuse_Map_1Sampler' rank=100
    raw positions: <dynamic buffer, not read>
    proj row0 (1.6085 0.0000 0.0000 0.0000) row3 (0.0000 0.0000 -0.1500 0.0000) perspective=1
    world translation (0.00 0.00 -1024.00), camera (95.15 148.26 31.48)
    raw projTM row0 (1.3668 0.1686 0.5239 0.5239) row3 (-103.3611 -445.8720 -59.9903 -59.8397) perspective=0
HUD draw: CONVERT verts=24 target 1280x720 fmt=21 | stride=52 posType=2 posOffset=0 posStream=0 positionT=0 elements=7 usage=0x208 | vs proj=1 obj=1 ps='Diffuse_Map_1Sampler' rank=100
    raw positions: <dynamic buffer, not read>
    proj row0 (1.6085 0.0000 0.0000 -0.0000) row3 (0.0000 0.0000 -0.1500 -0.0000) perspective=1
    world translation (0.00 0.00 -1024.00), camera (95.11 148.28 31.52)
    raw projTM row0 (1.3520 0.1788 0.5382 0.5381) row3 (-101.1098 -446.9097 -60.5355 -60.3849) perspective=0
HUD draw: CONVERT verts=24 target 1280x720 fmt=21 | stride=52 posType=2 posOffset=0 posStream=0 positionT=0 elements=7 usage=0x208 | vs proj=1 obj=1 ps='Diffuse_Map_1Sampler' rank=100
    raw positions: <dynamic buffer, not read>
    proj row0 (1.6085 0.0000 0.0000 -0.0000) row3 (0.0000 0.0000 -0.1500 -0.0000) perspective=1
    world translation (0.00 0.00 -1024.00), camera (95.11 148.28 31.52)
    raw projTM row0 (1.3520 0.1788 0.5382 0.5381) row3 (-101.1098 -446.9097 -60.5355 -60.3849) perspective=0
HUD draw: CONVERT verts=24 target 1280x720 fmt=21 | stride=52 posType=2 posOffset=0 posStream=0 positionT=0 elements=7 usage=0x208 | vs proj=1 obj=1 ps='Diffuse_Map_1Sampler' rank=100
    raw positions: <dynamic buffer, not read>
    proj row0 (1.6085 -0.0000 0.0000 -0.0000) row3 (-0.0000 -0.0000 -0.1500 0.0000) perspective=1
    world translation (0.00 0.00 -1024.00), camera (95.07 148.30 31.57)
    raw projTM row0 (1.3367 0.1912 0.5522 0.5522) row3 (-98.8314 -448.1842 -60.8688 -60.7182) perspective=0
HUD draw: CONVERT verts=24 target 1280x720 fmt=21 | stride=52 posType=2 posOffset=0 posStream=0 positionT=0 elements=7 usage=0x208 | vs proj=1 obj=1 ps='Diffuse_Map_1Sampler' rank=100
    raw positions: <dynamic buffer, not read>
    proj row0 (1.6085 -0.0000 0.0000 -0.0000) row3 (-0.0000 -0.0000 -0.1500 0.0000) perspective=1
    world translation (0.00 0.00 -1024.00), camera (95.07 148.30 31.57)
    raw projTM row0 (1.3367 0.1912 0.5522 0.5522) row3 (-98.8314 -448.1842 -60.8688 -60.7182) perspective=0
HUD draw: CONVERT verts=24 target 1280x720 fmt=21 | stride=52 posType=2 posOffset=0 posStream=0 positionT=0 elements=7 usage=0x208 | vs proj=1 obj=1 ps='Diffuse_Map_1Sampler' rank=100
    raw positions: <dynamic buffer, not read>
    proj row0 (1.6085 0.0000 0.0000 0.0000) row3 (-0.0000 -0.0000 -0.1500 -0.0000) perspective=1
    world translation (0.00 0.00 -1024.00), camera (95.03 148.32 31.62)
    raw projTM row0 (1.3210 0.2019 0.5661 0.5661) row3 (-96.5192 -449.2404 -61.3627 -61.2121) perspective=0
HUD draw: CONVERT verts=24 target 1280x720 fmt=21 | stride=52 posType=2 posOffset=0 posStream=0 positionT=0 elements=7 usage=0x208 | vs proj=1 obj=1 ps='Diffuse_Map_1Sampler' rank=100
    raw positions: <dynamic buffer, not read>
    proj row0 (1.6085 0.0000 0.0000 0.0000) row3 (-0.0000 -0.0000 -0.1500 -0.0000) perspective=1
    world translation (0.00 0.00 -1024.00), camera (95.03 148.32 31.62)
    raw projTM row0 (1.3210 0.2019 0.5661 0.5661) row3 (-96.5192 -449.2404 -61.3627 -61.2121) perspective=0
HUD draw: CONVERT verts=24 target 1280x720 fmt=21 | stride=52 posType=2 posOffset=0 posStream=0 positionT=0 elements=7 usage=0x208 | vs proj=1 obj=1 ps='Diffuse_Map_1Sampler' rank=100
    raw positions: <dynamic buffer, not read>
    proj row0 (1.6085 0.0000 0.0000 0.0000) row3 (-0.0000 0.0000 -0.1500 0.0000) perspective=1
    world translation (0.00 0.00 -1024.00), camera (95.00 148.34 31.67)
    raw projTM row0 (1.3070 0.2122 0.5781 0.5781) row3 (-94.4792 -450.2582 -61.7063 -61.5557) perspective=0
vertex layout #22: elems=7 pos=half4@0(stream 0) uv=short2 normal=1 color=1 skinned=0 positionT=0
vertex layout #23: elems=7 pos=half4@0(stream 0) uv=short2 normal=1 color=1 skinned=0 positionT=0
frame 2400 | draws 933/frame | FFP converted 246/frame (26.3%)
    not converted: screen-space 31  skinned 0  ortho 0  vertex-format 1  untextured 463  instanced 0  mirrored 0  other-camera 91  no camera 0  other 0 (per frame)
    prepasses hidden: sampler-less 463/frame, stipple-with-no-colour 76/frame (these used to convert WHITE) | post/composite quads marked 31/frame
    constant-colour materials (no diffuse map, albedo from the shader's own constant) 26/frame | HUD quads demoted to UI 0/frame | back-buffer clears 0/frame | sky draws 24/frame | UI-pass draws converted 0/frame
    instancing: 280 converted from the instance stream/frame, 0 refused/frame (largest single draw 1 instances, 0.3 buffer writes snooped/frame)
    SKINNING: 28 skinned/frame, 0 refused/frame, 0 exact duplicates dropped/frame | 23 meshes decoded, 23 cached, 0 cache flushes
    ALBEDO stage 0 taken raw (no shader reflection) 0/frame
    ALBEDO: constant-only 26/frame, tinted fallback 0/frame, genuinely blank 0/frame (of 26 rank-0 draws/frame)
    ALBEDO WHITE (previously uncounted): named-but-not-bound 0/frame, render-target exclusion left nothing 0/frame | colourless passes now hidden 0/frame
    SKIPPED entirely 0/frame (mode 3) | demoted to UI overlay 0/frame | no-albedo materials left to Remix 26/frame
    MARKED with the marker texture 662/frame (refused as unsafe 0/frame, 1690 SetTexture calls/frame, marker created)
    albedo: moved off stage 0 42/frame, blanked 26/frame, restored from mesh cache 64/frame (1395 meshes cached) | RT textures known 55 | lights 21.1/frame (24 shaders)
    camera 111.1 148.9 49.5 | distinct cameras this frame 1 (max 1) | transform writes 179/frame | redundant state calls dropped 5146/frame
    world matrix changes 178/frame | objTM used without a fresh upload 0/frame | uv matrix writes 1/frame (last scale 0.00098, 0.00098)
    TIMING: frame 19.7 ms avg (51 fps), worst 47 ms | shim 3.82 ms avg (19.4% of frame), worst 16.4 ms
    TIMING tail: 1 frames >=33 ms, 0 >=100 ms in this window of 600 | inside real Present 8.85 ms avg, worst 5.0 ms | our other hooks 0.00 ms avg
    converted -> target 14D8EAD0 1280x720 fmt=34 : 8 draws/frame
    converted -> target 14D985D8 1280x720 fmt=113 : 234 draws/frame
    converted -> target 14D8F0A0 1280x720 fmt=113 : 3 draws/frame
    converted -> target 14D8EDB8 1280x720 fmt=21 : 0 draws/frame
frame 3000 | draws 1013/frame | FFP converted 262/frame (25.8%)
    not converted: screen-space 38  skinned 0  ortho 0  vertex-format 3  untextured 498  instanced 0  mirrored 0  other-camera 91  no camera 0  other 0 (per frame)
    prepasses hidden: sampler-less 498/frame, stipple-with-no-colour 92/frame (these used to convert WHITE) | post/composite quads marked 38/frame
    constant-colour materials (no diffuse map, albedo from the shader's own constant) 24/frame | HUD quads demoted to UI 0/frame | back-buffer clears 0/frame | sky draws 29/frame | UI-pass draws converted 0/frame
    instancing: 289 converted from the instance stream/frame, 0 refused/frame (largest single draw 1 instances, 0.5 buffer writes snooped/frame)
    SKINNING: 35 skinned/frame, 0 refused/frame, 0 exact duplicates dropped/frame | 23 meshes decoded, 23 cached, 0 cache flushes
    ALBEDO stage 0 taken raw (no shader reflection) 0/frame
    ALBEDO: constant-only 24/frame, tinted fallback 0/frame, genuinely blank 0/frame (of 24 rank-0 draws/frame)
    ALBEDO WHITE (previously uncounted): named-but-not-bound 0/frame, render-target exclusion left nothing 0/frame | colourless passes now hidden 0/frame
    SKIPPED entirely 0/frame (mode 3) | demoted to UI overlay 0/frame | no-albedo materials left to Remix 24/frame
    MARKED with the marker texture 719/frame (refused as unsafe 0/frame, 1898 SetTexture calls/frame, marker created)
    albedo: moved off stage 0 53/frame, blanked 24/frame, restored from mesh cache 70/frame (1458 meshes cached) | RT textures known 55 | lights 25.1/frame (24 shaders)
    camera 116.2 147.9 53.2 | distinct cameras this frame 1 (max 1) | transform writes 186/frame | redundant state calls dropped 5482/frame
    world matrix changes 185/frame | objTM used without a fresh upload 0/frame | uv matrix writes 1/frame (last scale 0.00098, 0.00098)
    TIMING: frame 19.2 ms avg (52 fps), worst 28 ms | shim 4.70 ms avg (24.5% of frame), worst 16.4 ms
    TIMING tail: 0 frames >=33 ms, 0 >=100 ms in this window of 600 | inside real Present 7.85 ms avg, worst 6.6 ms | our other hooks 0.00 ms avg
    converted -> target 14D8EAD0 1280x720 fmt=34 : 8 draws/frame
    converted -> target 14D985D8 1280x720 fmt=113 : 250 draws/frame
    converted -> target 14D8F0A0 1280x720 fmt=113 : 3 draws/frame
    converted -> target 14D8EDB8 1280x720 fmt=21 : 0 draws/frame
frame 3600 | draws 986/frame | FFP converted 254/frame (25.8%)
    not converted: screen-space 40  skinned 0  ortho 0  vertex-format 5  untextured 479  instanced 0  mirrored 0  other-camera 76  no camera 0  other 0 (per frame)
    prepasses hidden: sampler-less 479/frame, stipple-with-no-colour 100/frame (these used to convert WHITE) | post/composite quads marked 40/frame
    constant-colour materials (no diffuse map, albedo from the shader's own constant) 20/frame | HUD quads demoted to UI 0/frame | back-buffer clears 1/frame | sky draws 31/frame | UI-pass draws converted 0/frame
    instancing: 264 converted from the instance stream/frame, 0 refused/frame (largest single draw 1 instances, 0.6 buffer writes snooped/frame)
    SKINNING: 39 skinned/frame, 0 refused/frame, 0 exact duplicates dropped/frame | 23 meshes decoded, 23 cached, 0 cache flushes
    ALBEDO stage 0 taken raw (no shader reflection) 0/frame
    ALBEDO: constant-only 20/frame, tinted fallback 0/frame, genuinely blank 0/frame (of 20 rank-0 draws/frame)
    ALBEDO WHITE (previously uncounted): named-but-not-bound 0/frame, render-target exclusion left nothing 0/frame | colourless passes now hidden 0/frame
    SKIPPED entirely 0/frame (mode 3) | demoted to UI overlay 0/frame | no-albedo materials left to Remix 20/frame
    MARKED with the marker texture 695/frame (refused as unsafe 0/frame, 1871 SetTexture calls/frame, marker created)
    albedo: moved off stage 0 60/frame, blanked 20/frame, restored from mesh cache 69/frame (1458 meshes cached) | RT textures known 55 | lights 24.4/frame (24 shaders)
    camera 116.3 147.9 53.3 | distinct cameras this frame 1 (max 1) | transform writes 176/frame | redundant state calls dropped 5326/frame
    world matrix changes 175/frame | objTM used without a fresh upload 0/frame | uv matrix writes 1/frame (last scale 0.00098, 0.00098)
    TIMING: frame 18.8 ms avg (53 fps), worst 23 ms | shim 5.13 ms avg (27.4% of frame), worst 11.4 ms
    TIMING tail: 0 frames >=33 ms, 0 >=100 ms in this window of 600 | inside real Present 7.40 ms avg, worst 8.4 ms | our other hooks 0.00 ms avg
    converted -> target 14D8EAD0 1280x720 fmt=34 : 8 draws/frame
    converted -> target 14D985D8 1280x720 fmt=113 : 243 draws/frame
    converted -> target 14D8F0A0 1280x720 fmt=113 : 3 draws/frame
    converted -> target 14D8EDB8 1280x720 fmt=21 : 0 draws/frame
frame 4200 | draws 966/frame | FFP converted 249/frame (25.8%)
    not converted: screen-space 41  skinned 0  ortho 0  vertex-format 6  untextured 465  instanced 0  mirrored 0  other-camera 65  no camera 0  other 0 (per frame)
    prepasses hidden: sampler-less 465/frame, stipple-with-no-colour 107/frame (these used to convert WHITE) | post/composite quads marked 41/frame
    constant-colour materials (no diffuse map, albedo from the shader's own constant) 17/frame | HUD quads demoted to UI 0/frame | back-buffer clears 1/frame | sky draws 32/frame | UI-pass draws converted 0/frame
    instancing: 247 converted from the instance stream/frame, 0 refused/frame (largest single draw 1 instances, 0.6 buffer writes snooped/frame)
    SKINNING: 43 skinned/frame, 0 refused/frame, 0 exact duplicates dropped/frame | 23 meshes decoded, 23 cached, 0 cache flushes
    ALBEDO stage 0 taken raw (no shader reflection) 0/frame
    ALBEDO: constant-only 17/frame, tinted fallback 0/frame, genuinely blank 0/frame (of 17 rank-0 draws/frame)
    ALBEDO WHITE (previously uncounted): named-but-not-bound 0/frame, render-target exclusion left nothing 0/frame | colourless passes now hidden 0/frame
    SKIPPED entirely 0/frame (mode 3) | demoted to UI overlay 0/frame | no-albedo materials left to Remix 17/frame
    MARKED with the marker texture 678/frame (refused as unsafe 0/frame, 1853 SetTexture calls/frame, marker created)
    albedo: moved off stage 0 64/frame, blanked 17/frame, restored from mesh cache 68/frame (1462 meshes cached) | RT textures known 55 | lights 23.9/frame (24 shaders)
    camera 116.3 147.9 53.3 | distinct cameras this frame 1 (max 1) | transform writes 168/frame | redundant state calls dropped 5220/frame
    world matrix changes 167/frame | objTM used without a fresh upload 0/frame | uv matrix writes 1/frame (last scale 0.00098, 0.00098)
    TIMING: frame 18.5 ms avg (54 fps), worst 30 ms | shim 5.45 ms avg (29.5% of frame), worst 10.6 ms
    TIMING tail: 0 frames >=33 ms, 0 >=100 ms in this window of 600 | inside real Present 7.10 ms avg, worst 15.1 ms | our other hooks 0.00 ms avg
    converted -> target 14D8EAD0 1280x720 fmt=34 : 7 draws/frame
    converted -> target 14D985D8 1280x720 fmt=113 : 239 draws/frame
    converted -> target 14D8F0A0 1280x720 fmt=113 : 3 draws/frame
    converted -> target 14D8EDB8 1280x720 fmt=21 : 0 draws/frame
frame 4800 | draws 950/frame | FFP converted 245/frame (25.8%)
    not converted: screen-space 42  skinned 0  ortho 0  vertex-format 7  untextured 454  instanced 0  mirrored 0  other-camera 57  no camera 0  other 0 (per frame)
    prepasses hidden: sampler-less 454/frame, stipple-with-no-colour 111/frame (these used to convert WHITE) | post/composite quads marked 42/frame
    constant-colour materials (no diffuse map, albedo from the shader's own constant) 15/frame | HUD quads demoted to UI 0/frame | back-buffer clears 1/frame | sky draws 33/frame | UI-pass draws converted 0/frame
    instancing: 233 converted from the instance stream/frame, 0 refused/frame (largest single draw 1 instances, 0.7 buffer writes snooped/frame)
    SKINNING: 44 skinned/frame, 0 refused/frame, 0 exact duplicates dropped/frame | 23 meshes decoded, 23 cached, 0 cache flushes
    ALBEDO stage 0 taken raw (no shader reflection) 0/frame
    ALBEDO: constant-only 15/frame, tinted fallback 0/frame, genuinely blank 0/frame (of 15 rank-0 draws/frame)
    ALBEDO WHITE (previously uncounted): named-but-not-bound 0/frame, render-target exclusion left nothing 0/frame | colourless passes now hidden 0/frame
    SKIPPED entirely 0/frame (mode 3) | demoted to UI overlay 0/frame | no-albedo materials left to Remix 15/frame
    MARKED with the marker texture 665/frame (refused as unsafe 0/frame, 1837 SetTexture calls/frame, marker created)
    albedo: moved off stage 0 68/frame, blanked 15/frame, restored from mesh cache 67/frame (1462 meshes cached) | RT textures known 55 | lights 23.6/frame (24 shaders)
    camera 116.3 147.9 53.3 | distinct cameras this frame 1 (max 1) | transform writes 163/frame | redundant state calls dropped 5126/frame
    world matrix changes 161/frame | objTM used without a fresh upload 0/frame | uv matrix writes 1/frame (last scale 0.00098, 0.00098)
    TIMING: frame 18.2 ms avg (55 fps), worst 23 ms | shim 5.64 ms avg (30.9% of frame), worst 10.0 ms
    TIMING tail: 0 frames >=33 ms, 0 >=100 ms in this window of 600 | inside real Present 6.82 ms avg, worst 6.7 ms | our other hooks 0.00 ms avg
    converted -> target 14D8EAD0 1280x720 fmt=34 : 7 draws/frame
    converted -> target 14D985D8 1280x720 fmt=113 : 235 draws/frame
    converted -> target 14D8F0A0 1280x720 fmt=113 : 3 draws/frame
    converted -> target 14D8EDB8 1280x720 fmt=21 : 0 draws/frame
HITCH frame 4889: 48.7 ms = present 0.2 + our-present 0.0 + draws 35.4 + other-hooks 0.0 + game/bridge 13.0 | draws 4974 | new shaders 0 textures 0
frame dump written to sr3-rtx-frame.log (4974 draws)
HITCH frame 4971: 47.0 ms = present 0.2 + our-present 0.0 + draws 26.1 + other-hooks 0.0 + game/bridge 20.7 | draws 4970 | new shaders 0 textures 2
HITCH frame 4975: 42.6 ms = present 0.2 + our-present 0.0 + draws 29.5 + other-hooks 0.0 + game/bridge 12.9 | draws 5025 | new shaders 0 textures 0
vertex layout #24: elems=14 pos=float3@0(stream 0) uv=short2 normal=1 color=0 skinned=1 positionT=0
    stream=0 offset= 0 type=float3  (2) usage=POSITION     index=0
    stream=0 offset=12 type=ubyte4n (8) usage=NORMAL       index=0
    stream=0 offset=16 type=ubyte4n (8) usage=TANGENT      index=0
    stream=0 offset=20 type=ubyte4  (5) usage=BLENDINDICES index=0
    stream=0 offset=24 type=short2  (6) usage=TEXCOORD     index=0
    stream=0 offset=28 type=short2  (6) usage=TEXCOORD     index=1
    stream=2 offset= 0 type=short4  (7) usage=POSITION     index=1
    stream=2 offset= 8 type=ubyte4n (8) usage=NORMAL       index=1
    stream=3 offset= 0 type=ubyte4n (8) usage=COLOR        index=0
    stream=4 offset= 0 type=float4  (3) usage=POSITION     index=2
    stream=4 offset=16 type=float4  (3) usage=POSITION     index=3
    stream=4 offset=32 type=float4  (3) usage=POSITION     index=4
    stream=4 offset=48 type=d3dcolor(4) usage=COLOR        index=1
    stream=4 offset=52 type=d3dcolor(4) usage=COLOR        index=2
skinning REFUSED #1: blend weights are a type this decoder does not read | verts=2892 stride=32 decl: pos=float3(2)@0 normal=ubyte4n(8)@12 weights=?(-1)@-1 indices=ubyte4(5)@20 uv=short2(6)@24
camera: pos 95.9 143.7 249.8 | proj _11=1.7300 _22=3.0755 _33=1.00001 _43=-0.15 (aspect 1.778)
camera: pos 96.0 143.9 251.3 | proj _11=1.8108 _22=3.2191 _33=1.00001 _43=-0.15 (aspect 1.778)
camera: pos 96.0 143.9 251.2 | proj _11=1.7990 _22=3.1981 _33=1.00001 _43=-0.15 (aspect 1.778)
camera: pos 96.0 143.8 251.0 | proj _11=1.7761 _22=3.1575 _33=1.00001 _43=-0.15 (aspect 1.778)
camera: pos 95.9 143.8 250.8 | proj _11=1.7584 _22=3.1261 _33=1.00001 _43=-0.15 (aspect 1.778)
camera: pos 95.9 143.8 250.5 | proj _11=1.7350 _22=3.0844 _33=1.00001 _43=-0.15 (aspect 1.778)
camera: pos 95.9 143.7 250.2 | proj _11=1.7078 _22=3.0361 _33=1.00001 _43=-0.15 (aspect 1.778)
camera: pos 95.9 143.7 249.9 | proj _11=1.6803 _22=2.9871 _33=1.00001 _43=-0.15 (aspect 1.778)
camera: pos 95.9 143.7 249.6 | proj _11=1.6484 _22=2.9305 _33=1.00001 _43=-0.15 (aspect 1.778)
camera: pos 95.9 143.6 249.2 | proj _11=1.6194 _22=2.8788 _33=1.00001 _43=-0.15 (aspect 1.778)
camera: pos 95.9 143.6 248.8 | proj _11=1.5868 _22=2.8209 _33=1.00001 _43=-0.15 (aspect 1.778)
camera: pos 95.9 143.5 248.4 | proj _11=1.5506 _22=2.7566 _33=1.00001 _43=-0.15 (aspect 1.778)
camera: pos 95.9 143.5 247.9 | proj _11=1.5130 _22=2.6897 _33=1.00001 _43=-0.15 (aspect 1.778)
camera: pos 95.8 143.4 247.4 | proj _11=1.4796 _22=2.6304 _33=1.00001 _43=-0.15 (aspect 1.778)
camera: pos 95.8 143.4 247.0 | proj _11=1.4483 _22=2.5746 _33=1.00001 _43=-0.15 (aspect 1.778)
camera: pos 95.8 143.3 246.5 | proj _11=1.4205 _22=2.5254 _33=1.00001 _43=-0.15 (aspect 1.778)
camera: pos 95.8 143.3 246.1 | proj _11=1.3938 _22=2.4778 _33=1.00001 _43=-0.15 (aspect 1.778)
camera: pos 95.8 143.3 245.8 | proj _11=1.3728 _22=2.4405 _33=1.00001 _43=-0.15 (aspect 1.778)
camera: pos 95.8 143.2 245.5 | proj _11=1.3539 _22=2.4069 _33=1.00001 _43=-0.15 (aspect 1.778)
camera: pos 95.8 143.2 245.3 | proj _11=1.3387 _22=2.3799 _33=1.00001 _43=-0.15 (aspect 1.778)
camera: pos 95.8 143.2 245.1 | proj _11=1.3255 _22=2.3564 _33=1.00001 _43=-0.15 (aspect 1.778)
camera: pos 95.8 143.1 244.8 | proj _11=1.3077 _22=2.3247 _33=1.00001 _43=-0.15 (aspect 1.778)
frame 5400 | draws 1287/frame | FFP converted 342/frame (26.6%)
    not converted: screen-space 43  skinned 0  ortho 0  vertex-format 7  untextured 625  instanced 0  mirrored 0  other-camera 111  no camera 0  other 0 (per frame)
    prepasses hidden: sampler-less 625/frame, stipple-with-no-colour 115/frame (these used to convert WHITE) | post/composite quads marked 43/frame
    constant-colour materials (no diffuse map, albedo from the shader's own constant) 43/frame | HUD quads demoted to UI 0/frame | back-buffer clears 1/frame | sky draws 43/frame | UI-pass draws converted 0/frame
    instancing: 375 converted from the instance stream/frame, 0 refused/frame (largest single draw 1 instances, 0.7 buffer writes snooped/frame)
    SKINNING: 45 skinned/frame, 2 refused/frame, 0 exact duplicates dropped/frame | 25 meshes decoded, 25 cached, 0 cache flushes
    ALBEDO stage 0 taken raw (no shader reflection) 0/frame
    ALBEDO: constant-only 43/frame, tinted fallback 0/frame, genuinely blank 0/frame (of 43 rank-0 draws/frame)
    ALBEDO WHITE (previously uncounted): named-but-not-bound 0/frame, render-target exclusion left nothing 0/frame | colourless passes now hidden 2/frame
    SKIPPED entirely 0/frame (mode 3) | demoted to UI overlay 0/frame | no-albedo materials left to Remix 43/frame
    MARKED with the marker texture 895/frame (refused as unsafe 0/frame, 2305 SetTexture calls/frame, marker created)
    albedo: moved off stage 0 74/frame, blanked 43/frame, restored from mesh cache 94/frame (1725 meshes cached) | RT textures known 55 | lights 23.1/frame (24 shaders)
    camera 95.8 143.1 244.6 | distinct cameras this frame 1 (max 1) | transform writes 231/frame | redundant state calls dropped 7157/frame
    world matrix changes 229/frame | objTM used without a fresh upload 0/frame | uv matrix writes 2/frame (last scale 0.00098, 0.00098)
    TIMING: frame 18.6 ms avg (54 fps), worst 49 ms | shim 6.17 ms avg (33.2% of frame), worst 35.4 ms
    TIMING tail: 12 frames >=33 ms, 0 >=100 ms in this window of 600 | inside real Present 6.16 ms avg, worst 20.2 ms | our other hooks 0.00 ms avg
    converted -> target 14D8EAD0 1280x720 fmt=34 : 10 draws/frame
    converted -> target 14D985D8 1280x720 fmt=113 : 327 draws/frame
    converted -> target 14D8F0A0 1280x720 fmt=113 : 3 draws/frame
    converted -> target 14D8EDB8 1280x720 fmt=21 : 0 draws/frame
    converted -> target 039BD008 1280x720 fmt=22 : 0 draws/frame
camera: pos 95.3 146.4 255.2 | proj _11=1.6085 _22=2.8594 _33=1.00001 _43=-0.15 (aspect 1.778)
camera: pos 103.7 -15.6 42.9 | proj _11=1.7622 _22=3.1328 _33=1.00001 _43=-0.15 (aspect 1.778)
camera: pos 104.3 -20.3 45.4 | proj _11=1.8108 _22=3.2191 _33=1.00001 _43=-0.15 (aspect 1.778)
camera: pos 104.3 -20.2 45.4 | proj _11=1.7980 _22=3.1963 _33=1.00001 _43=-0.15 (aspect 1.778)
camera: pos 104.3 -20.2 45.4 | proj _11=1.7877 _22=3.1780 _33=1.00001 _43=-0.15 (aspect 1.778)
camera: pos 104.3 -20.2 45.4 | proj _11=1.7744 _22=3.1545 _33=1.00001 _43=-0.15 (aspect 1.778)
camera: pos 104.3 -20.1 45.4 | proj _11=1.7584 _22=3.1261 _33=1.00001 _43=-0.15 (aspect 1.778)
camera: pos 104.3 -20.1 45.5 | proj _11=1.7410 _22=3.0950 _33=1.00001 _43=-0.15 (aspect 1.778)
camera: pos 104.3 -20.0 45.5 | proj _11=1.7199 _22=3.0576 _33=1.00001 _43=-0.15 (aspect 1.778)
camera: pos 104.3 -19.9 45.5 | proj _11=1.6980 _22=3.0186 _33=1.00001 _43=-0.15 (aspect 1.778)
camera: pos 104.3 -19.8 45.5 | proj _11=1.6726 _22=2.9734 _33=1.00001 _43=-0.15 (aspect 1.778)
camera: pos 104.4 -19.7 45.6 | proj _11=1.6451 _22=2.9246 _33=1.00001 _43=-0.15 (aspect 1.778)
camera: pos 104.4 -19.6 45.6 | proj _11=1.6158 _22=2.8725 _33=1.00001 _43=-0.15 (aspect 1.778)
camera: pos 104.4 -19.5 45.6 | proj _11=1.5868 _22=2.8209 _33=1.00001 _43=-0.15 (aspect 1.778)
camera: pos 104.4 -19.4 45.7 | proj _11=1.5545 _22=2.7635 _33=1.00001 _43=-0.15 (aspect 1.778)
camera: pos 104.4 -19.3 45.7 | proj _11=1.5229 _22=2.7074 _33=1.00001 _43=-0.15 (aspect 1.778)
camera: pos 97.3 0.9 42.2 | proj _11=1.6085 _22=2.8594 _33=1.00001 _43=-0.15 (aspect 1.778)
frame 6000 | draws 1389/frame | FFP converted 370/frame (26.7%)
    not converted: screen-space 49  skinned 0  ortho 0  vertex-format 6  untextured 682  instanced 0  mirrored 0  other-camera 105  no camera 0  other 0 (per frame)
    prepasses hidden: sampler-less 682/frame, stipple-with-no-colour 131/frame (these used to convert WHITE) | post/composite quads marked 49/frame
    constant-colour materials (no diffuse map, albedo from the shader's own constant) 39/frame | HUD quads demoted to UI 0/frame | back-buffer clears 1/frame | sky draws 42/frame | UI-pass draws converted 0/frame
    instancing: 388 converted from the instance stream/frame, 0 refused/frame (largest single draw 1 instances, 0.7 buffer writes snooped/frame)
    SKINNING: 46 skinned/frame, 2 refused/frame, 0 exact duplicates dropped/frame | 27 meshes decoded, 27 cached, 0 cache flushes
    ALBEDO stage 0 taken raw (no shader reflection) 0/frame
    ALBEDO: constant-only 39/frame, tinted fallback 0/frame, genuinely blank 0/frame (of 39 rank-0 draws/frame)
    ALBEDO WHITE (previously uncounted): named-but-not-bound 0/frame, render-target exclusion left nothing 0/frame | colourless passes now hidden 3/frame
    SKIPPED entirely 0/frame (mode 3) | demoted to UI overlay 0/frame | no-albedo materials left to Remix 39/frame
    MARKED with the marker texture 970/frame (refused as unsafe 0/frame, 2532 SetTexture calls/frame, marker created)
    albedo: moved off stage 0 82/frame, blanked 39/frame, restored from mesh cache 96/frame (2480 meshes cached) | RT textures known 55 | lights 28.7/frame (24 shaders)
    camera 97.2 147.7 27.3 | distinct cameras this frame 1 (max 1) | transform writes 256/frame | redundant state calls dropped 7754/frame
    world matrix changes 255/frame | objTM used without a fresh upload 0/frame | uv matrix writes 2/frame (last scale 0.00098, 0.00098)
    TIMING: frame 18.6 ms avg (54 fps), worst 32 ms | shim 6.43 ms avg (34.6% of frame), worst 16.6 ms
    TIMING tail: 0 frames >=33 ms, 0 >=100 ms in this window of 600 | inside real Present 5.71 ms avg, worst 9.4 ms | our other hooks 0.00 ms avg
    converted -> target 14D8EAD0 1280x720 fmt=34 : 11 draws/frame
    converted -> target 14D985D8 1280x720 fmt=113 : 354 draws/frame
    converted -> target 14D8F0A0 1280x720 fmt=113 : 3 draws/frame
    converted -> target 14D8EDB8 1280x720 fmt=21 : 0 draws/frame
    converted -> target 039BD008 1280x720 fmt=22 : 0 draws/frame
HITCH frame 6389: 52.4 ms = present 0.2 + our-present 0.0 + draws 10.8 + other-hooks 0.0 + game/bridge 41.4 | draws 2356 | new shaders 0 textures 0
HITCH frame 6395: 44.9 ms = present 28.4 + our-present 0.0 + draws 10.3 + other-hooks 0.0 + game/bridge 6.2 | draws 2355 | new shaders 0 textures 0
HITCH frame 6473: 50.2 ms = present 0.2 + our-present 0.0 + draws 10.8 + other-hooks 0.0 + game/bridge 39.2 | draws 2314 | new shaders 0 textures 0
frame 6600 | draws 1509/frame | FFP converted 399/frame (26.4%)
    not converted: screen-space 56  skinned 0  ortho 0  vertex-format 5  untextured 745  instanced 0  mirrored 0  other-camera 115  no camera 0  other 0 (per frame)
    prepasses hidden: sampler-less 745/frame, stipple-with-no-colour 142/frame (these used to convert WHITE) | post/composite quads marked 56/frame
    constant-colour materials (no diffuse map, albedo from the shader's own constant) 40/frame | HUD quads demoted to UI 0/frame | back-buffer clears 1/frame | sky draws 44/frame | UI-pass draws converted 0/frame
    instancing: 419 converted from the instance stream/frame, 0 refused/frame (largest single draw 1 instances, 0.8 buffer writes snooped/frame)
    SKINNING: 48 skinned/frame, 2 refused/frame, 0 exact duplicates dropped/frame | 27 meshes decoded, 27 cached, 0 cache flushes
    ALBEDO stage 0 taken raw (no shader reflection) 0/frame
    ALBEDO: constant-only 40/frame, tinted fallback 0/frame, genuinely blank 0/frame (of 40 rank-0 draws/frame)
    ALBEDO WHITE (previously uncounted): named-but-not-bound 0/frame, render-target exclusion left nothing 0/frame | colourless passes now hidden 3/frame
    SKIPPED entirely 0/frame (mode 3) | demoted to UI overlay 0/frame | no-albedo materials left to Remix 40/frame
    MARKED with the marker texture 1061/frame (refused as unsafe 0/frame, 2792 SetTexture calls/frame, marker created)
    albedo: moved off stage 0 87/frame, blanked 40/frame, restored from mesh cache 100/frame (2564 meshes cached) | RT textures known 55 | lights 34.5/frame (24 shaders)
    camera 105.6 148.6 33.6 | distinct cameras this frame 1 (max 1) | transform writes 281/frame | redundant state calls dropped 8357/frame
    world matrix changes 279/frame | objTM used without a fresh upload 0/frame | uv matrix writes 2/frame (last scale 0.00098, 0.00098)
    TIMING: frame 18.6 ms avg (54 fps), worst 52 ms | shim 6.83 ms avg (36.7% of frame), worst 18.6 ms
    TIMING tail: 3 frames >=33 ms, 0 >=100 ms in this window of 600 | inside real Present 5.25 ms avg, worst 28.4 ms | our other hooks 0.00 ms avg
    converted -> target 14D8EAD0 1280x720 fmt=34 : 12 draws/frame
    converted -> target 14D985D8 1280x720 fmt=113 : 382 draws/frame
    converted -> target 14D8F0A0 1280x720 fmt=113 : 3 draws/frame
    converted -> target 14D8EDB8 1280x720 fmt=21 : 0 draws/frame
    converted -> target 039BD008 1280x720 fmt=22 : 0 draws/frame
HITCH frame 6840: 42.6 ms = present 0.1 + our-present 0.0 + draws 9.8 + other-hooks 0.0 + game/bridge 32.6 | draws 2062 | new shaders 0 textures 0
frame 7200 | draws 1597/frame | FFP converted 417/frame (26.1%)
    not converted: screen-space 60  skinned 0  ortho 0  vertex-format 5  untextured 786  instanced 0  mirrored 0  other-camera 129  no camera 0  other 0 (per frame)
    prepasses hidden: sampler-less 786/frame, stipple-with-no-colour 152/frame (these used to convert WHITE) | post/composite quads marked 60/frame
    constant-colour materials (no diffuse map, albedo from the shader's own constant) 40/frame | HUD quads demoted to UI 0/frame | back-buffer clears 1/frame | sky draws 46/frame | UI-pass draws converted 0/frame
    instancing: 443 converted from the instance stream/frame, 0 refused/frame (largest single draw 1 instances, 0.8 buffer writes snooped/frame)
    SKINNING: 51 skinned/frame, 2 refused/frame, 0 exact duplicates dropped/frame | 27 meshes decoded, 27 cached, 0 cache flushes
    ALBEDO stage 0 taken raw (no shader reflection) 0/frame
    ALBEDO: constant-only 40/frame, tinted fallback 0/frame, genuinely blank 0/frame (of 40 rank-0 draws/frame)
    ALBEDO WHITE (previously uncounted): named-but-not-bound 0/frame, render-target exclusion left nothing 0/frame | colourless passes now hidden 3/frame
    SKIPPED entirely 0/frame (mode 3) | demoted to UI overlay 0/frame | no-albedo materials left to Remix 40/frame
    MARKED with the marker texture 1129/frame (refused as unsafe 0/frame, 2974 SetTexture calls/frame, marker created)
    albedo: moved off stage 0 91/frame, blanked 40/frame, restored from mesh cache 102/frame (2620 meshes cached) | RT textures known 55 | lights 37.5/frame (24 shaders)
    camera 105.4 148.0 38.9 | distinct cameras this frame 1 (max 1) | transform writes 296/frame | redundant state calls dropped 8732/frame
    world matrix changes 295/frame | objTM used without a fresh upload 0/frame | uv matrix writes 2/frame (last scale 0.00098, 0.00098)
    TIMING: frame 18.6 ms avg (54 fps), worst 43 ms | shim 7.22 ms avg (38.9% of frame), worst 19.9 ms
    TIMING tail: 1 frames >=33 ms, 0 >=100 ms in this window of 600 | inside real Present 4.83 ms avg, worst 5.7 ms | our other hooks 0.00 ms avg
    converted -> target 14D8EAD0 1280x720 fmt=34 : 12 draws/frame
    converted -> target 14D985D8 1280x720 fmt=113 : 399 draws/frame
    converted -> target 14D8F0A0 1280x720 fmt=113 : 4 draws/frame
    converted -> target 14D8EDB8 1280x720 fmt=21 : 0 draws/frame
    converted -> target 039BD008 1280x720 fmt=22 : 0 draws/frame
frame 7800 | draws 1651/frame | FFP converted 426/frame (25.8%)
    not converted: screen-space 61  skinned 0  ortho 0  vertex-format 5  untextured 810  instanced 0  mirrored 0  other-camera 138  no camera 0  other 0 (per frame)
    prepasses hidden: sampler-less 810/frame, stipple-with-no-colour 161/frame (these used to convert WHITE) | post/composite quads marked 61/frame
    constant-colour materials (no diffuse map, albedo from the shader's own constant) 39/frame | HUD quads demoted to UI 0/frame | back-buffer clears 1/frame | sky draws 48/frame | UI-pass draws converted 0/frame
    instancing: 457 converted from the instance stream/frame, 0 refused/frame (largest single draw 1 instances, 0.8 buffer writes snooped/frame)
    SKINNING: 54 skinned/frame, 2 refused/frame, 0 exact duplicates dropped/frame | 27 meshes decoded, 27 cached, 0 cache flushes
    ALBEDO stage 0 taken raw (no shader reflection) 0/frame
    ALBEDO: constant-only 39/frame, tinted fallback 0/frame, genuinely blank 0/frame (of 39 rank-0 draws/frame)
    ALBEDO WHITE (previously uncounted): named-but-not-bound 0/frame, render-target exclusion left nothing 0/frame | colourless passes now hidden 2/frame
    SKIPPED entirely 0/frame (mode 3) | demoted to UI overlay 0/frame | no-albedo materials left to Remix 39/frame
    MARKED with the marker texture 1172/frame (refused as unsafe 0/frame, 3079 SetTexture calls/frame, marker created)
    albedo: moved off stage 0 96/frame, blanked 39/frame, restored from mesh cache 100/frame (2620 meshes cached) | RT textures known 55 | lights 38.5/frame (24 shaders)
    camera 105.3 148.0 39.0 | distinct cameras this frame 1 (max 1) | transform writes 305/frame | redundant state calls dropped 8925/frame
    world matrix changes 303/frame | objTM used without a fresh upload 0/frame | uv matrix writes 2/frame (last scale 0.00098, 0.00098)
    TIMING: frame 18.5 ms avg (54 fps), worst 24 ms | shim 7.52 ms avg (40.7% of frame), worst 15.9 ms
    TIMING tail: 0 frames >=33 ms, 0 >=100 ms in this window of 600 | inside real Present 4.49 ms avg, worst 2.3 ms | our other hooks 0.00 ms avg
    converted -> target 14D8EAD0 1280x720 fmt=34 : 12 draws/frame
    converted -> target 14D985D8 1280x720 fmt=113 : 409 draws/frame
    converted -> target 14D8F0A0 1280x720 fmt=113 : 4 draws/frame
    converted -> target 14D8EDB8 1280x720 fmt=21 : 0 draws/frame
    converted -> target 039BD008 1280x720 fmt=22 : 0 draws/frame
HITCH frame 8249: 40.6 ms = present 0.4 + our-present 0.0 + draws 11.1 + other-hooks 0.0 + game/bridge 29.1 | draws 2292 | new shaders 0 textures 0
frame 8400 | draws 1697/frame | FFP converted 434/frame (25.6%)
    not converted: screen-space 63  skinned 0  ortho 0  vertex-format 4  untextured 830  instanced 0  mirrored 0  other-camera 146  no camera 0  other 0 (per frame)
    prepasses hidden: sampler-less 830/frame, stipple-with-no-colour 168/frame (these used to convert WHITE) | post/composite quads marked 63/frame
    constant-colour materials (no diffuse map, albedo from the shader's own constant) 37/frame | HUD quads demoted to UI 0/frame | back-buffer clears 1/frame | sky draws 50/frame | UI-pass draws converted 0/frame
    instancing: 469 converted from the instance stream/frame, 0 refused/frame (largest single draw 1 instances, 0.8 buffer writes snooped/frame)
    SKINNING: 56 skinned/frame, 2 refused/frame, 0 exact duplicates dropped/frame | 27 meshes decoded, 27 cached, 0 cache flushes
    ALBEDO stage 0 taken raw (no shader reflection) 0/frame
    ALBEDO: constant-only 37/frame, tinted fallback 0/frame, genuinely blank 0/frame (of 38 rank-0 draws/frame)
    ALBEDO WHITE (previously uncounted): named-but-not-bound 0/frame, render-target exclusion left nothing 0/frame | colourless passes now hidden 2/frame
    SKIPPED entirely 0/frame (mode 3) | demoted to UI overlay 0/frame | no-albedo materials left to Remix 38/frame
    MARKED with the marker texture 1208/frame (refused as unsafe 0/frame, 3169 SetTexture calls/frame, marker created)
    albedo: moved off stage 0 99/frame, blanked 37/frame, restored from mesh cache 99/frame (2620 meshes cached) | RT textures known 55 | lights 39.4/frame (24 shaders)
    camera 105.3 148.0 39.0 | distinct cameras this frame 1 (max 1) | transform writes 312/frame | redundant state calls dropped 9090/frame
    world matrix changes 310/frame | objTM used without a fresh upload 0/frame | uv matrix writes 2/frame (last scale 0.00098, 0.00098)
    TIMING: frame 18.4 ms avg (54 fps), worst 41 ms | shim 7.78 ms avg (42.3% of frame), worst 15.1 ms
    TIMING tail: 2 frames >=33 ms, 0 >=100 ms in this window of 600 | inside real Present 4.20 ms avg, worst 18.5 ms | our other hooks 0.00 ms avg
    converted -> target 14D8EAD0 1280x720 fmt=34 : 12 draws/frame
    converted -> target 14D985D8 1280x720 fmt=113 : 417 draws/frame
    converted -> target 14D8F0A0 1280x720 fmt=113 : 3 draws/frame
    converted -> target 14D8EDB8 1280x720 fmt=21 : 0 draws/frame
    converted -> target 039BD008 1280x720 fmt=22 : 0 draws/frame
frame 9000 | draws 1736/frame | FFP converted 441/frame (25.4%)
    not converted: screen-space 64  skinned 0  ortho 0  vertex-format 4  untextured 847  instanced 0  mirrored 0  other-camera 152  no camera 0  other 0 (per frame)
    prepasses hidden: sampler-less 847/frame, stipple-with-no-colour 174/frame (these used to convert WHITE) | post/composite quads marked 64/frame
    constant-colour materials (no diffuse map, albedo from the shader's own constant) 37/frame | HUD quads demoted to UI 0/frame | back-buffer clears 1/frame | sky draws 51/frame | UI-pass draws converted 0/frame
    instancing: 479 converted from the instance stream/frame, 0 refused/frame (largest single draw 1 instances, 0.8 buffer writes snooped/frame)
    SKINNING: 58 skinned/frame, 2 refused/frame, 0 exact duplicates dropped/frame | 27 meshes decoded, 27 cached, 0 cache flushes
    ALBEDO stage 0 taken raw (no shader reflection) 0/frame
    ALBEDO: constant-only 37/frame, tinted fallback 0/frame, genuinely blank 0/frame (of 37 rank-0 draws/frame)
    ALBEDO WHITE (previously uncounted): named-but-not-bound 0/frame, render-target exclusion left nothing 0/frame | colourless passes now hidden 2/frame
    SKIPPED entirely 0/frame (mode 3) | demoted to UI overlay 0/frame | no-albedo materials left to Remix 37/frame
    MARKED with the marker texture 1240/frame (refused as unsafe 0/frame, 3247 SetTexture calls/frame, marker created)
    albedo: moved off stage 0 102/frame, blanked 37/frame, restored from mesh cache 98/frame (2620 meshes cached) | RT textures known 55 | lights 40.2/frame (24 shaders)
    camera 105.3 148.0 39.0 | distinct cameras this frame 1 (max 1) | transform writes 318/frame | redundant state calls dropped 9233/frame
    world matrix changes 316/frame | objTM used without a fresh upload 0/frame | uv matrix writes 2/frame (last scale 0.00098, 0.00098)
    TIMING: frame 18.3 ms avg (55 fps), worst 25 ms | shim 8.00 ms avg (43.7% of frame), worst 16.8 ms
    TIMING tail: 0 frames >=33 ms, 0 >=100 ms in this window of 600 | inside real Present 3.95 ms avg, worst 1.9 ms | our other hooks 0.00 ms avg
    converted -> target 14D8EAD0 1280x720 fmt=34 : 12 draws/frame
    converted -> target 14D985D8 1280x720 fmt=113 : 424 draws/frame
    converted -> target 14D8F0A0 1280x720 fmt=113 : 3 draws/frame
    converted -> target 14D8EDB8 1280x720 fmt=21 : 0 draws/frame
    converted -> target 039BD008 1280x720 fmt=22 : 0 draws/frame
frame 9600 | draws 1771/frame | FFP converted 447/frame (25.2%)
    not converted: screen-space 65  skinned 0  ortho 0  vertex-format 4  untextured 863  instanced 0  mirrored 0  other-camera 158  no camera 0  other 0 (per frame)
    prepasses hidden: sampler-less 863/frame, stipple-with-no-colour 180/frame (these used to convert WHITE) | post/composite quads marked 65/frame
    constant-colour materials (no diffuse map, albedo from the shader's own constant) 36/frame | HUD quads demoted to UI 0/frame | back-buffer clears 1/frame | sky draws 53/frame | UI-pass draws converted 0/frame
    instancing: 487 converted from the instance stream/frame, 0 refused/frame (largest single draw 1 instances, 0.8 buffer writes snooped/frame)
    SKINNING: 60 skinned/frame, 2 refused/frame, 0 exact duplicates dropped/frame | 27 meshes decoded, 27 cached, 0 cache flushes
    ALBEDO stage 0 taken raw (no shader reflection) 0/frame
    ALBEDO: constant-only 36/frame, tinted fallback 0/frame, genuinely blank 0/frame (of 36 rank-0 draws/frame)
    ALBEDO WHITE (previously uncounted): named-but-not-bound 0/frame, render-target exclusion left nothing 0/frame | colourless passes now hidden 2/frame
    SKIPPED entirely 0/frame (mode 3) | demoted to UI overlay 0/frame | no-albedo materials left to Remix 36/frame
    MARKED with the marker texture 1268/frame (refused as unsafe 0/frame, 3315 SetTexture calls/frame, marker created)
    albedo: moved off stage 0 105/frame, blanked 36/frame, restored from mesh cache 97/frame (2620 meshes cached) | RT textures known 55 | lights 40.9/frame (24 shaders)
    camera 105.3 148.0 39.0 | distinct cameras this frame 1 (max 1) | transform writes 323/frame | redundant state calls dropped 9359/frame
    world matrix changes 322/frame | objTM used without a fresh upload 0/frame | uv matrix writes 2/frame (last scale 0.00098, 0.00098)
    TIMING: frame 18.3 ms avg (55 fps), worst 37 ms | shim 8.20 ms avg (44.8% of frame), worst 15.2 ms
    TIMING tail: 1 frames >=33 ms, 0 >=100 ms in this window of 600 | inside real Present 3.72 ms avg, worst 14.7 ms | our other hooks 0.00 ms avg
    converted -> target 14D8EAD0 1280x720 fmt=34 : 12 draws/frame
    converted -> target 14D985D8 1280x720 fmt=113 : 430 draws/frame
    converted -> target 14D8F0A0 1280x720 fmt=113 : 3 draws/frame
    converted -> target 14D8EDB8 1280x720 fmt=21 : 0 draws/frame
    converted -> target 039BD008 1280x720 fmt=22 : 0 draws/frame
camera: pos 101.0 148.1 27.1 | proj _11=1.5970 _22=2.8390 _33=1.00001 _43=-0.15 (aspect 1.778)
camera: pos 101.0 148.0 26.9 | proj _11=1.5866 _22=2.8205 _33=1.00001 _43=-0.15 (aspect 1.778)
camera: pos 101.1 147.7 26.6 | proj _11=1.5754 _22=2.8006 _33=1.00001 _43=-0.15 (aspect 1.778)
camera: pos 101.1 147.4 26.2 | proj _11=1.5643 _22=2.7810 _33=1.00001 _43=-0.15 (aspect 1.778)
camera: pos 101.0 147.2 25.9 | proj _11=1.5539 _22=2.7625 _33=1.00001 _43=-0.15 (aspect 1.778)
camera: pos 101.0 147.1 25.6 | proj _11=1.5436 _22=2.7440 _33=1.00001 _43=-0.15 (aspect 1.778)
camera: pos 100.9 147.0 25.1 | proj _11=1.5288 _22=2.7178 _33=1.00001 _43=-0.15 (aspect 1.778)
camera: pos 100.9 147.0 24.7 | proj _11=1.5187 _22=2.6998 _33=1.00001 _43=-0.15 (aspect 1.778)
camera: pos 100.7 147.1 24.3 | proj _11=1.5041 _22=2.6740 _33=1.00001 _43=-0.15 (aspect 1.778)
camera: pos 100.4 147.2 24.1 | proj _11=1.4894 _22=2.6477 _33=1.00001 _43=-0.15 (aspect 1.778)
camera: pos 100.2 147.4 24.1 | proj _11=1.4792 _22=2.6296 _33=1.00001 _43=-0.15 (aspect 1.778)
camera: pos 100.0 147.6 24.1 | proj _11=1.4689 _22=2.6114 _33=1.00001 _43=-0.15 (aspect 1.778)
camera: pos 99.8 148.0 23.9 | proj _11=1.4540 _22=2.5848 _33=1.00001 _43=-0.15 (aspect 1.778)
camera: pos 99.7 148.1 23.3 | proj _11=1.4393 _22=2.5587 _33=1.00001 _43=-0.15 (aspect 1.778)
camera: pos 99.5 148.2 22.8 | proj _11=1.4248 _22=2.5329 _33=1.00001 _43=-0.15 (aspect 1.778)
camera: pos 99.3 148.1 22.3 | proj _11=1.4105 _22=2.5075 _33=1.00001 _43=-0.15 (aspect 1.778)
camera: pos 99.1 148.1 21.8 | proj _11=1.3958 _22=2.4814 _33=1.00001 _43=-0.15 (aspect 1.778)
camera: pos 98.8 147.8 21.3 | proj _11=1.3814 _22=2.4557 _33=1.00001 _43=-0.15 (aspect 1.778)
camera: pos 98.6 147.5 20.9 | proj _11=1.3667 _22=2.4296 _33=1.00001 _43=-0.15 (aspect 1.778)
camera: pos 98.3 147.2 20.5 | proj _11=1.3531 _22=2.4055 _33=1.00001 _43=-0.15 (aspect 1.778)
camera: pos 97.8 146.4 19.7 | proj _11=1.3657 _22=2.4278 _33=1.00001 _43=-0.15 (aspect 1.778)
camera: pos 97.5 146.4 17.7 | proj _11=1.3546 _22=2.4081 _33=1.00001 _43=-0.15 (aspect 1.778)
camera: pos 97.4 146.4 16.0 | proj _11=1.3439 _22=2.3891 _33=1.00001 _43=-0.15 (aspect 1.778)
camera: pos 97.3 146.8 14.7 | proj _11=1.3335 _22=2.3705 _33=1.00001 _43=-0.15 (aspect 1.778)
camera: pos 97.3 148.1 13.6 | proj _11=1.3231 _22=2.3522 _33=1.00001 _43=-0.15 (aspect 1.778)
camera: pos 96.8 149.3 12.5 | proj _11=1.3127 _22=2.3337 _33=1.00001 _43=-0.15 (aspect 1.778)
camera: pos 96.9 148.8 10.9 | proj _11=1.3026 _22=2.3157 _33=1.00001 _43=-0.15 (aspect 1.778)
untextured material #2: first sampler is 'Damage_Normal_MapSampler'
untextured material #3: first sampler is 'Dual_Paraboloid_Map_BackSam'
camera: pos 107.9 142.2 2.5 | proj _11=1.2922 _22=2.2971 _33=1.00001 _43=-0.15 (aspect 1.778)
camera: pos 108.2 141.9 2.5 | proj _11=1.2791 _22=2.2739 _33=1.00001 _43=-0.15 (aspect 1.778)
camera: pos 108.3 141.8 2.4 | proj _11=1.2666 _22=2.2517 _33=1.00001 _43=-0.15 (aspect 1.778)
camera: pos 108.4 141.7 2.4 | proj _11=1.2542 _22=2.2296 _33=1.00001 _43=-0.15 (aspect 1.778)
camera: pos 108.6 141.6 2.4 | proj _11=1.2424 _22=2.2087 _33=1.00001 _43=-0.15 (aspect 1.778)
camera: pos 108.7 141.5 2.4 | proj _11=1.2310 _22=2.1884 _33=1.00001 _43=-0.15 (aspect 1.778)
camera: pos 108.8 141.4 2.4 | proj _11=1.2197 _22=2.1683 _33=1.00001 _43=-0.15 (aspect 1.778)
camera: pos 108.9 141.3 2.4 | proj _11=1.2093 _22=2.1499 _33=1.00001 _43=-0.15 (aspect 1.778)
camera: pos 109.1 141.1 2.4 | proj _11=1.1991 _22=2.1318 _33=1.00001 _43=-0.15 (aspect 1.778)
camera: pos 109.3 141.0 2.4 | proj _11=1.1884 _22=2.1126 _33=1.00001 _43=-0.15 (aspect 1.778)
camera: pos 109.4 140.9 2.4 | proj _11=1.1777 _22=2.0936 _33=1.00001 _43=-0.15 (aspect 1.778)
camera: pos 109.6 140.7 2.4 | proj _11=1.1672 _22=2.0750 _33=1.00001 _43=-0.15 (aspect 1.778)
camera: pos 109.9 140.6 2.4 | proj _11=1.1568 _22=2.0565 _33=1.00001 _43=-0.15 (aspect 1.778)
camera: pos 110.3 140.1 2.2 | proj _11=1.1379 _22=2.0229 _33=1.00001 _43=-0.15 (aspect 1.778)
camera: pos 110.8 139.5 2.1 | proj _11=1.1207 _22=1.9922 _33=1.00001 _43=-0.15 (aspect 1.778)
camera: pos 111.2 138.9 1.8 | proj _11=1.1046 _22=1.9636 _33=1.00001 _43=-0.15 (aspect 1.778)
camera: pos 111.6 138.3 1.6 | proj _11=1.0883 _22=1.9347 _33=1.00001 _43=-0.15 (aspect 1.778)
camera: pos 111.9 137.7 1.4 | proj _11=1.0735 _22=1.9084 _33=1.00001 _43=-0.15 (aspect 1.778)
camera: pos 112.1 136.9 1.3 | proj _11=1.0572 _22=1.8794 _33=1.00001 _43=-0.15 (aspect 1.778)
camera: pos 112.3 136.2 1.0 | proj _11=1.0425 _22=1.8533 _33=1.00001 _43=-0.15 (aspect 1.778)
camera: pos 112.5 135.6 0.8 | proj _11=1.0294 _22=1.8300 _33=1.00001 _43=-0.15 (aspect 1.778)
camera: pos 112.7 134.9 0.5 | proj _11=1.0158 _22=1.8059 _33=1.00001 _43=-0.15 (aspect 1.778)
camera: pos 112.9 134.2 0.3 | proj _11=1.0029 _22=1.7830 _33=1.00001 _43=-0.15 (aspect 1.778)
camera: pos 113.1 133.6 256.0 | proj _11=0.9909 _22=1.7615 _33=1.00001 _43=-0.15 (aspect 1.778)
camera: pos 113.3 132.9 255.7 | proj _11=0.9790 _22=1.7405 _33=1.00001 _43=-0.15 (aspect 1.778)
camera: pos 113.5 132.1 255.4 | proj _11=0.9676 _22=1.7202 _33=1.00001 _43=-0.15 (aspect 1.778)
camera: pos 113.6 131.4 255.1 | proj _11=0.9563 _22=1.7001 _33=1.00001 _43=-0.15 (aspect 1.778)
camera: pos 113.9 130.7 254.8 | proj _11=0.9448 _22=1.6795 _33=1.00001 _43=-0.15 (aspect 1.778)
camera: pos 114.1 129.9 254.4 | proj _11=0.9342 _22=1.6608 _33=1.00001 _43=-0.15 (aspect 1.778)
camera: pos 114.4 129.2 254.0 | proj _11=0.9235 _22=1.6418 _33=1.00001 _43=-0.15 (aspect 1.778)
camera: pos 114.7 128.3 253.5 | proj _11=0.9117 _22=1.6208 _33=1.00001 _43=-0.15 (aspect 1.778)
camera: pos 114.9 127.5 253.1 | proj _11=0.9010 _22=1.6017 _33=1.00001 _43=-0.15 (aspect 1.778)
camera: pos 115.1 126.6 252.6 | proj _11=0.8896 _22=1.5815 _33=1.00001 _43=-0.15 (aspect 1.778)
camera: pos 115.3 125.6 252.1 | proj _11=0.8788 _22=1.5622 _33=1.00001 _43=-0.15 (aspect 1.778)
camera: pos 115.5 124.6 251.6 | proj _11=0.8673 _22=1.5418 _33=1.00001 _43=-0.15 (aspect 1.778)
camera: pos 116.5 119.9 249.3 | proj _11=0.8572 _22=1.5239 _33=1.00001 _43=-0.15 (aspect 1.778)
frame 10200 | draws 1875/frame | FFP converted 484/frame (25.8%)
    not converted: screen-space 65  skinned 0  ortho 0  vertex-format 3  untextured 907  instanced 0  mirrored 0  other-camera 174  no camera 0  other 0 (per frame)
    prepasses hidden: sampler-less 907/frame, stipple-with-no-colour 183/frame (these used to convert WHITE) | post/composite quads marked 65/frame
    constant-colour materials (no diffuse map, albedo from the shader's own constant) 42/frame | HUD quads demoted to UI 0/frame | back-buffer clears 1/frame | sky draws 54/frame | UI-pass draws converted 0/frame
    instancing: 535 converted from the instance stream/frame, 0 refused/frame (largest single draw 1 instances, 0.8 buffer writes snooped/frame)
    SKINNING: 61 skinned/frame, 3 refused/frame, 0 exact duplicates dropped/frame | 28 meshes decoded, 28 cached, 0 cache flushes
    ALBEDO stage 0 taken raw (no shader reflection) 0/frame
    ALBEDO: constant-only 42/frame, tinted fallback 0/frame, genuinely blank 0/frame (of 42 rank-0 draws/frame)
    ALBEDO WHITE (previously uncounted): named-but-not-bound 0/frame, render-target exclusion left nothing 0/frame | colourless passes now hidden 5/frame
    SKIPPED entirely 0/frame (mode 3) | demoted to UI overlay 0/frame | no-albedo materials left to Remix 42/frame
    MARKED with the marker texture 1334/frame (refused as unsafe 0/frame, 3441 SetTexture calls/frame, marker created)
    albedo: moved off stage 0 111/frame, blanked 42/frame, restored from mesh cache 109/frame (3253 meshes cached) | RT textures known 55 | lights 40.1/frame (24 shaders)
    camera 115.8 94.6 238.7 | distinct cameras this frame 1 (max 1) | transform writes 348/frame | redundant state calls dropped 10137/frame
    world matrix changes 346/frame | objTM used without a fresh upload 0/frame | uv matrix writes 3/frame (last scale 0.00098, 0.00098)
    TIMING: frame 18.4 ms avg (54 fps), worst 31 ms | shim 8.42 ms avg (45.7% of frame), worst 17.0 ms
    TIMING tail: 0 frames >=33 ms, 0 >=100 ms in this window of 600 | inside real Present 3.53 ms avg, worst 4.1 ms | our other hooks 0.00 ms avg
    converted -> target 14D8EAD0 1280x720 fmt=34 : 13 draws/frame
    converted -> target 14D985D8 1280x720 fmt=113 : 464 draws/frame
    converted -> target 14D8F0A0 1280x720 fmt=113 : 4 draws/frame
    converted -> target 14D8EDB8 1280x720 fmt=21 : 0 draws/frame
    converted -> target 039BD008 1280x720 fmt=22 : 0 draws/frame
camera: pos 92.0 11.8 212.0 | proj _11=0.9775 _22=1.7377 _33=1.00001 _43=-0.15 (aspect 1.778)
camera: pos 91.9 12.0 211.9 | proj _11=0.9931 _22=1.7654 _33=1.00001 _43=-0.15 (aspect 1.778)
camera: pos 91.9 12.1 211.9 | proj _11=1.0076 _22=1.7913 _33=1.00001 _43=-0.15 (aspect 1.778)
camera: pos 91.8 12.3 211.9 | proj _11=1.0238 _22=1.8200 _33=1.00001 _43=-0.15 (aspect 1.778)
camera: pos 91.8 12.4 211.9 | proj _11=1.0388 _22=1.8467 _33=1.00001 _43=-0.15 (aspect 1.778)
camera: pos 91.8 12.6 211.9 | proj _11=1.0556 _22=1.8765 _33=1.00001 _43=-0.15 (aspect 1.778)
camera: pos 91.8 12.7 211.8 | proj _11=1.0726 _22=1.9067 _33=1.00001 _43=-0.15 (aspect 1.778)
camera: pos 91.8 12.8 211.7 | proj _11=1.0880 _22=1.9341 _33=1.00001 _43=-0.15 (aspect 1.778)
camera: pos 91.8 13.0 211.7 | proj _11=1.1061 _22=1.9663 _33=1.00001 _43=-0.15 (aspect 1.778)
camera: pos 91.8 13.1 211.6 | proj _11=1.1229 _22=1.9962 _33=1.00001 _43=-0.15 (aspect 1.778)
camera: pos 91.8 13.3 211.6 | proj _11=1.1417 _22=2.0296 _33=1.00001 _43=-0.15 (aspect 1.778)
camera: pos 91.8 13.4 211.5 | proj _11=1.1589 _22=2.0603 _33=1.00001 _43=-0.15 (aspect 1.778)
camera: pos 91.9 13.5 211.4 | proj _11=1.1776 _22=2.0934 _33=1.00001 _43=-0.15 (aspect 1.778)
camera: pos 91.9 13.7 211.4 | proj _11=1.1977 _22=2.1292 _33=1.00001 _43=-0.15 (aspect 1.778)
camera: pos 92.0 13.8 211.3 | proj _11=1.2163 _22=2.1622 _33=1.00001 _43=-0.15 (aspect 1.778)
camera: pos 92.0 13.9 211.2 | proj _11=1.2382 _22=2.2012 _33=1.00001 _43=-0.15 (aspect 1.778)
camera: pos 92.1 14.0 211.2 | proj _11=1.2567 _22=2.2341 _33=1.00001 _43=-0.15 (aspect 1.778)
camera: pos 92.2 14.2 211.1 | proj _11=1.2793 _22=2.2743 _33=1.00001 _43=-0.15 (aspect 1.778)
camera: pos 92.3 14.3 211.0 | proj _11=1.2996 _22=2.3103 _33=1.00001 _43=-0.15 (aspect 1.778)
camera: pos 92.4 14.4 211.0 | proj _11=1.3234 _22=2.3527 _33=1.00001 _43=-0.15 (aspect 1.778)
camera: pos 92.5 14.5 210.9 | proj _11=1.3460 _22=2.3929 _33=1.00001 _43=-0.15 (aspect 1.778)
camera: pos 92.6 14.6 210.8 | proj _11=1.3695 _22=2.4347 _33=1.00001 _43=-0.15 (aspect 1.778)
camera: pos 92.7 14.7 210.8 | proj _11=1.3916 _22=2.4739 _33=1.00001 _43=-0.15 (aspect 1.778)
camera: pos 92.8 14.8 210.7 | proj _11=1.4160 _22=2.5173 _33=1.00001 _43=-0.15 (aspect 1.778)
camera: pos 93.0 14.8 210.5 | proj _11=1.4413 _22=2.5622 _33=1.00001 _43=-0.15 (aspect 1.778)
camera: pos 94.0 14.3 210.7 | proj _11=1.4515 _22=2.5804 _33=1.00001 _43=-0.15 (aspect 1.778)
camera: pos 95.2 13.7 211.1 | proj _11=1.4619 _22=2.5989 _33=1.00001 _43=-0.15 (aspect 1.778)
camera: pos 96.4 13.1 212.0 | proj _11=1.4724 _22=2.6175 _33=1.00001 _43=-0.15 (aspect 1.778)
camera: pos 97.4 12.5 213.5 | proj _11=1.4830 _22=2.6364 _33=1.00001 _43=-0.15 (aspect 1.778)
camera: pos 97.5 11.8 215.8 | proj _11=1.4937 _22=2.6555 _33=1.00001 _43=-0.15 (aspect 1.778)
camera: pos 96.4 11.1 218.0 | proj _11=1.5049 _22=2.6753 _33=1.00001 _43=-0.15 (aspect 1.778)
camera: pos 94.2 10.6 219.2 | proj _11=1.5176 _22=2.6979 _33=1.00001 _43=-0.15 (aspect 1.778)
camera: pos 92.1 10.3 219.2 | proj _11=1.5298 _22=2.7195 _33=1.00001 _43=-0.15 (aspect 1.778)
camera: pos 90.7 10.2 218.6 | proj _11=1.5431 _22=2.7432 _33=1.00001 _43=-0.15 (aspect 1.778)
camera: pos 89.9 10.2 217.9 | proj _11=1.5571 _22=2.7681 _33=1.00001 _43=-0.15 (aspect 1.778)
camera: pos 89.5 10.2 217.2 | proj _11=1.5700 _22=2.7910 _33=1.00001 _43=-0.15 (aspect 1.778)
camera: pos 89.2 10.2 216.5 | proj _11=1.5827 _22=2.8136 _33=1.00001 _43=-0.15 (aspect 1.778)
camera: pos 89.2 10.1 216.3 | proj _11=1.5936 _22=2.8331 _33=1.00001 _43=-0.15 (aspect 1.778)
camera: pos 89.2 10.2 216.1 | proj _11=1.6045 _22=2.8524 _33=1.00001 _43=-0.15 (aspect 1.778)
camera: pos 94.9 13.8 221.9 | proj _11=1.5925 _22=2.8311 _33=1.00001 _43=-0.15 (aspect 1.778)
camera: pos 95.3 13.7 222.2 | proj _11=1.5805 _22=2.8098 _33=1.00001 _43=-0.15 (aspect 1.778)
camera: pos 95.7 13.6 222.4 | proj _11=1.5688 _22=2.7889 _33=1.00001 _43=-0.15 (aspect 1.778)
camera: pos 96.2 13.5 222.6 | proj _11=1.5571 _22=2.7681 _33=1.00001 _43=-0.15 (aspect 1.778)
camera: pos 96.7 13.4 222.8 | proj _11=1.5456 _22=2.7477 _33=1.00001 _43=-0.15 (aspect 1.778)
camera: pos 97.0 13.3 223.0 | proj _11=1.5342 _22=2.7274 _33=1.00001 _43=-0.15 (aspect 1.778)
camera: pos 97.3 13.2 223.2 | proj _11=1.5230 _22=2.7075 _33=1.00001 _43=-0.15 (aspect 1.778)
camera: pos 97.5 13.1 223.3 | proj _11=1.5118 _22=2.6877 _33=1.00001 _43=-0.15 (aspect 1.778)
camera: pos 97.8 13.0 223.5 | proj _11=1.5009 _22=2.6682 _33=1.00001 _43=-0.15 (aspect 1.778)
camera: pos 97.9 12.9 223.7 | proj _11=1.4900 _22=2.6489 _33=1.00001 _43=-0.15 (aspect 1.778)
camera: pos 98.1 12.8 224.1 | proj _11=1.4793 _22=2.6298 _33=1.00001 _43=-0.15 (aspect 1.778)
camera: pos 98.2 12.7 224.4 | proj _11=1.4687 _22=2.6109 _33=1.00001 _43=-0.15 (aspect 1.778)
camera: pos 98.3 12.5 224.8 | proj _11=1.4581 _22=2.5922 _33=1.00001 _43=-0.15 (aspect 1.778)
camera: pos 98.4 12.4 225.2 | proj _11=1.4474 _22=2.5731 _33=1.00001 _43=-0.15 (aspect 1.778)
camera: pos 98.4 12.3 225.6 | proj _11=1.4369 _22=2.5545 _33=1.00001 _43=-0.15 (aspect 1.778)
camera: pos 98.5 12.2 226.1 | proj _11=1.4253 _22=2.5338 _33=1.00001 _43=-0.15 (aspect 1.778)
camera: pos 98.4 12.0 226.5 | proj _11=1.4139 _22=2.5136 _33=1.00001 _43=-0.15 (aspect 1.778)
camera: pos 98.4 11.9 226.9 | proj _11=1.4026 _22=2.4934 _33=1.00001 _43=-0.15 (aspect 1.778)
camera: pos 98.4 11.9 227.1 | proj _11=1.3915 _22=2.4737 _33=1.00001 _43=-0.15 (aspect 1.778)
camera: pos 98.5 11.9 227.4 | proj _11=1.4064 _22=2.5003 _33=1.00001 _43=-0.15 (aspect 1.778)
camera: pos 98.6 11.9 227.7 | proj _11=1.4225 _22=2.5289 _33=1.00001 _43=-0.15 (aspect 1.778)
camera: pos 98.6 12.0 227.9 | proj _11=1.4376 _22=2.5558 _33=1.00001 _43=-0.15 (aspect 1.778)
camera: pos 98.5 11.9 228.4 | proj _11=1.4532 _22=2.5834 _33=1.00001 _43=-0.15 (aspect 1.778)
HITCH frame 10593: 44.8 ms = present 0.2 + our-present 0.0 + draws 11.5 + other-hooks 0.0 + game/bridge 33.1 | draws 2835 | new shaders 0 textures 0
camera: pos 97.9 11.9 229.3 | proj _11=1.4701 _22=2.6134 _33=1.00001 _43=-0.15 (aspect 1.778)
camera: pos 97.6 11.9 229.6 | proj _11=1.4892 _22=2.6474 _33=1.00001 _43=-0.15 (aspect 1.778)
camera: pos 96.9 11.8 230.3 | proj _11=1.5054 _22=2.6763 _33=1.00001 _43=-0.15 (aspect 1.778)
HITCH frame 10599: 40.8 ms = present 20.2 + our-present 0.0 + draws 12.6 + other-hooks 0.0 + game/bridge 8.0 | draws 3815 | new shaders 0 textures 0
camera: pos 95.1 11.5 231.2 | proj _11=1.5230 _22=2.7075 _33=1.00001 _43=-0.15 (aspect 1.778)
camera: pos 94.4 11.4 231.4 | proj _11=1.5413 _22=2.7401 _33=1.00001 _43=-0.15 (aspect 1.778)
camera: pos 93.7 11.3 231.6 | proj _11=1.5515 _22=2.7582 _33=1.00001 _43=-0.15 (aspect 1.778)
camera: pos 93.0 11.2 231.6 | proj _11=1.5618 _22=2.7764 _33=1.00001 _43=-0.15 (aspect 1.778)
camera: pos 92.4 11.1 231.6 | proj _11=1.5730 _22=2.7965 _33=1.00001 _43=-0.15 (aspect 1.778)
camera: pos 91.8 11.1 231.5 | proj _11=1.5848 _22=2.8173 _33=1.00001 _43=-0.15 (aspect 1.778)
camera: pos 91.4 11.0 231.4 | proj _11=1.5988 _22=2.8422 _33=1.00001 _43=-0.15 (aspect 1.778)
camera: pos 99.0 10.3 221.1 | proj _11=1.5886 _22=2.8242 _33=1.00001 _43=-0.15 (aspect 1.778)
camera: pos 99.1 10.4 221.5 | proj _11=1.5757 _22=2.8011 _33=1.00001 _43=-0.15 (aspect 1.778)
camera: pos 99.3 10.6 222.0 | proj _11=1.5635 _22=2.7795 _33=1.00001 _43=-0.15 (aspect 1.778)
camera: pos 99.4 10.7 222.5 | proj _11=1.5509 _22=2.7571 _33=1.00001 _43=-0.15 (aspect 1.778)
camera: pos 99.3 10.8 223.0 | proj _11=1.5394 _22=2.7366 _33=1.00001 _43=-0.15 (aspect 1.778)
camera: pos 99.2 10.8 223.4 | proj _11=1.5275 _22=2.7156 _33=1.00001 _43=-0.15 (aspect 1.778)
camera: pos 99.0 10.9 223.9 | proj _11=1.5161 _22=2.6952 _33=1.00001 _43=-0.15 (aspect 1.778)
camera: pos 98.8 11.1 224.3 | proj _11=1.5046 _22=2.6748 _33=1.00001 _43=-0.15 (aspect 1.778)
camera: pos 98.5 11.3 224.7 | proj _11=1.4930 _22=2.6541 _33=1.00001 _43=-0.15 (aspect 1.778)
camera: pos 98.1 11.4 225.1 | proj _11=1.4822 _22=2.6350 _33=1.00001 _43=-0.15 (aspect 1.778)
camera: pos 97.7 11.5 225.3 | proj _11=1.4711 _22=2.6152 _33=1.00001 _43=-0.15 (aspect 1.778)
frame 10800 | draws 1891/frame | FFP converted 491/frame (26.0%)
    not converted: screen-space 64  skinned 0  ortho 0  vertex-format 4  untextured 906  instanced 0  mirrored 0  other-camera 181  no camera 0  other 0 (per frame)
    prepasses hidden: sampler-less 906/frame, stipple-with-no-colour 184/frame (these used to convert WHITE) | post/composite quads marked 64/frame
    constant-colour materials (no diffuse map, albedo from the shader's own constant) 41/frame | HUD quads demoted to UI 0/frame | back-buffer clears 1/frame | sky draws 53/frame | UI-pass draws converted 0/frame
    instancing: 543 converted from the instance stream/frame, 0 refused/frame (largest single draw 1 instances, 0.9 buffer writes snooped/frame)
    SKINNING: 63 skinned/frame, 6 refused/frame, 0 exact duplicates dropped/frame | 58 meshes decoded, 58 cached, 0 cache flushes
    ALBEDO stage 0 taken raw (no shader reflection) 0/frame
    ALBEDO: constant-only 41/frame, tinted fallback 0/frame, genuinely blank 0/frame (of 41 rank-0 draws/frame)
    ALBEDO WHITE (previously uncounted): named-but-not-bound 0/frame, render-target exclusion left nothing 0/frame | colourless passes now hidden 7/frame
    SKIPPED entirely 0/frame (mode 3) | demoted to UI overlay 0/frame | no-albedo materials left to Remix 41/frame
    MARKED with the marker texture 1342/frame (refused as unsafe 0/frame, 3450 SetTexture calls/frame, marker created)
    albedo: moved off stage 0 114/frame, blanked 41/frame, restored from mesh cache 113/frame (3899 meshes cached) | RT textures known 55 | lights 39.1/frame (24 shaders)
    camera 97.5 11.6 225.5 | distinct cameras this frame 1 (max 1) | transform writes 350/frame | redundant state calls dropped 10291/frame
    world matrix changes 348/frame | objTM used without a fresh upload 0/frame | uv matrix writes 4/frame (last scale 0.00098, 0.00098)
    TIMING: frame 18.5 ms avg (54 fps), worst 45 ms | shim 8.58 ms avg (46.3% of frame), worst 24.9 ms
    TIMING tail: 14 frames >=33 ms, 0 >=100 ms in this window of 600 | inside real Present 3.48 ms avg, worst 20.2 ms | our other hooks 0.00 ms avg
    converted -> target 14D8EAD0 1280x720 fmt=34 : 14 draws/frame
    converted -> target 14D985D8 1280x720 fmt=113 : 467 draws/frame
    converted -> target 14D8F0A0 1280x720 fmt=113 : 4 draws/frame
    converted -> target 14D8EDB8 1280x720 fmt=21 : 0 draws/frame
    converted -> target 039BD008 1280x720 fmt=22 : 0 draws/frame
camera: pos 97.3 11.6 225.6 | proj _11=1.4605 _22=2.5963 _33=1.00001 _43=-0.15 (aspect 1.778)
camera: pos 96.9 11.6 225.8 | proj _11=1.4491 _22=2.5761 _33=1.00001 _43=-0.15 (aspect 1.778)
camera: pos 96.5 11.5 226.1 | proj _11=1.4368 _22=2.5543 _33=1.00001 _43=-0.15 (aspect 1.778)
camera: pos 96.2 11.5 226.4 | proj _11=1.4250 _22=2.5332 _33=1.00001 _43=-0.15 (aspect 1.778)
camera: pos 96.1 11.4 226.7 | proj _11=1.4132 _22=2.5124 _33=1.00001 _43=-0.15 (aspect 1.778)
camera: pos 95.7 11.3 227.0 | proj _11=1.4020 _22=2.4923 _33=1.00001 _43=-0.15 (aspect 1.778)
camera: pos 95.8 11.3 227.3 | proj _11=1.3911 _22=2.4729 _33=1.00001 _43=-0.15 (aspect 1.778)
camera: pos 95.9 11.3 227.6 | proj _11=1.3809 _22=2.4549 _33=1.00001 _43=-0.15 (aspect 1.778)
camera: pos 96.1 11.4 228.0 | proj _11=1.3987 _22=2.4864 _33=1.00001 _43=-0.15 (aspect 1.778)
camera: pos 96.1 11.4 228.1 | proj _11=1.4102 _22=2.5070 _33=1.00001 _43=-0.15 (aspect 1.778)
camera: pos 96.2 11.4 228.2 | proj _11=1.4211 _22=2.5263 _33=1.00001 _43=-0.15 (aspect 1.778)
camera: pos 96.3 11.4 228.2 | proj _11=1.4347 _22=2.5506 _33=1.00001 _43=-0.15 (aspect 1.778)
camera: pos 96.4 11.4 228.3 | proj _11=1.4476 _22=2.5734 _33=1.00001 _43=-0.15 (aspect 1.778)
camera: pos 96.5 11.5 228.3 | proj _11=1.4597 _22=2.5949 _33=1.00001 _43=-0.15 (aspect 1.778)
camera: pos 96.6 11.5 228.3 | proj _11=1.4722 _22=2.6172 _33=1.00001 _43=-0.15 (aspect 1.778)
camera: pos 96.8 11.4 228.3 | proj _11=1.4859 _22=2.6416 _33=1.00001 _43=-0.15 (aspect 1.778)
camera: pos 97.1 11.4 228.4 | proj _11=1.4992 _22=2.6653 _33=1.00001 _43=-0.15 (aspect 1.778)
camera: pos 97.5 11.3 228.6 | proj _11=1.5129 _22=2.6895 _33=1.00001 _43=-0.15 (aspect 1.778)
camera: pos 97.9 11.3 228.8 | proj _11=1.5253 _22=2.7116 _33=1.00001 _43=-0.15 (aspect 1.778)
camera: pos 98.2 11.2 229.0 | proj _11=1.5386 _22=2.7353 _33=1.00001 _43=-0.15 (aspect 1.778)
camera: pos 98.5 11.1 229.2 | proj _11=1.5496 _22=2.7548 _33=1.00001 _43=-0.15 (aspect 1.778)
camera: pos 98.9 11.0 229.5 | proj _11=1.5623 _22=2.7773 _33=1.00001 _43=-0.15 (aspect 1.778)
camera: pos 99.1 10.9 229.8 | proj _11=1.5755 _22=2.8008 _33=1.00001 _43=-0.15 (aspect 1.778)
camera: pos 99.5 10.9 230.1 | proj _11=1.5882 _22=2.8234 _33=1.00001 _43=-0.15 (aspect 1.778)
camera: pos 99.7 10.8 230.4 | proj _11=1.6010 _22=2.8462 _33=1.00001 _43=-0.15 (aspect 1.778)
HITCH frame 10886: 40.3 ms = present 0.2 + our-present 0.0 + draws 14.9 + other-hooks 0.0 + game/bridge 25.2 | draws 3723 | new shaders 0 textures 0
camera: pos 99.5 10.5 236.3 | proj _11=1.5862 _22=2.8199 _33=1.00001 _43=-0.15 (aspect 1.778)
camera: pos 99.1 10.6 236.3 | proj _11=1.5754 _22=2.8006 _33=1.00001 _43=-0.15 (aspect 1.778)
camera: pos 98.7 10.8 236.4 | proj _11=1.5646 _22=2.7814 _33=1.00001 _43=-0.15 (aspect 1.778)
camera: pos 98.4 10.9 236.4 | proj _11=1.5538 _22=2.7623 _33=1.00001 _43=-0.15 (aspect 1.778)
camera: pos 98.0 11.0 236.3 | proj _11=1.5434 _22=2.7437 _33=1.00001 _43=-0.15 (aspect 1.778)
camera: pos 97.6 11.0 236.3 | proj _11=1.5327 _22=2.7247 _33=1.00001 _43=-0.15 (aspect 1.778)
camera: pos 97.2 11.0 236.3 | proj _11=1.5227 _22=2.7070 _33=1.00001 _43=-0.15 (aspect 1.778)
camera: pos 96.8 11.0 236.3 | proj _11=1.5124 _22=2.6887 _33=1.00001 _43=-0.15 (aspect 1.778)
camera: pos 96.3 11.0 236.3 | proj _11=1.5020 _22=2.6701 _33=1.00001 _43=-0.15 (aspect 1.778)
camera: pos 95.9 11.0 236.3 | proj _11=1.4915 _22=2.6515 _33=1.00001 _43=-0.15 (aspect 1.778)
camera: pos 95.5 11.0 236.2 | proj _11=1.4815 _22=2.6337 _33=1.00001 _43=-0.15 (aspect 1.778)
camera: pos 95.1 11.0 236.2 | proj _11=1.4713 _22=2.6156 _33=1.00001 _43=-0.15 (aspect 1.778)
camera: pos 94.7 11.0 236.2 | proj _11=1.4612 _22=2.5977 _33=1.00001 _43=-0.15 (aspect 1.778)
camera: pos 94.0 10.9 236.2 | proj _11=1.4465 _22=2.5715 _33=1.00001 _43=-0.15 (aspect 1.778)
camera: pos 93.4 10.9 236.2 | proj _11=1.4323 _22=2.5462 _33=1.00001 _43=-0.15 (aspect 1.778)
camera: pos 92.9 10.9 236.2 | proj _11=1.4178 _22=2.5204 _33=1.00001 _43=-0.15 (aspect 1.778)
camera: pos 92.3 11.0 236.4 | proj _11=1.4347 _22=2.5506 _33=1.00001 _43=-0.15 (aspect 1.778)
camera: pos 92.1 11.0 236.4 | proj _11=1.4536 _22=2.5842 _33=1.00001 _43=-0.15 (aspect 1.778)
camera: pos 91.9 11.0 236.4 | proj _11=1.4722 _22=2.6172 _33=1.00001 _43=-0.15 (aspect 1.778)
camera: pos 91.7 11.0 236.4 | proj _11=1.4911 _22=2.6508 _33=1.00001 _43=-0.15 (aspect 1.778)
camera: pos 91.6 11.1 236.4 | proj _11=1.5103 _22=2.6849 _33=1.00001 _43=-0.15 (aspect 1.778)
camera: pos 91.4 11.1 236.4 | proj _11=1.5294 _22=2.7190 _33=1.00001 _43=-0.15 (aspect 1.778)
camera: pos 91.4 11.1 236.4 | proj _11=1.5491 _22=2.7539 _33=1.00001 _43=-0.15 (aspect 1.778)
camera: pos 91.3 11.1 236.4 | proj _11=1.5694 _22=2.7900 _33=1.00001 _43=-0.15 (aspect 1.778)
camera: pos 91.3 11.1 236.4 | proj _11=1.5797 _22=2.8084 _33=1.00001 _43=-0.15 (aspect 1.778)
camera: pos 91.3 11.1 236.4 | proj _11=1.5900 _22=2.8266 _33=1.00001 _43=-0.15 (aspect 1.778)
camera: pos 91.2 11.1 236.4 | proj _11=1.6005 _22=2.8454 _33=1.00001 _43=-0.15 (aspect 1.778)
HITCH frame 11187: 52.6 ms = present 0.4 + our-present 0.0 + draws 16.2 + other-hooks 0.0 + game/bridge 36.1 | draws 2907 | new shaders 0 textures 0
HITCH frame 11193: 51.7 ms = present 28.4 + our-present 0.0 + draws 16.6 + other-hooks 0.0 + game/bridge 6.7 | draws 2907 | new shaders 0 textures 0
HITCH frame 11385: 53.3 ms = present 0.6 + our-present 0.0 + draws 18.4 + other-hooks 0.0 + game/bridge 34.4 | draws 2916 | new shaders 0 textures 0
HITCH frame 11391: 46.9 ms = present 22.5 + our-present 0.0 + draws 16.5 + other-hooks 0.0 + game/bridge 7.9 | draws 2916 | new shaders 0 textures 0
frame 11400 | draws 1962/frame | FFP converted 518/frame (26.4%)
    not converted: screen-space 63  skinned 0  ortho 0  vertex-format 7  untextured 932  instanced 0  mirrored 0  other-camera 190  no camera 0  other 0 (per frame)
    prepasses hidden: sampler-less 932/frame, stipple-with-no-colour 188/frame (these used to convert WHITE) | post/composite quads marked 63/frame
    constant-colour materials (no diffuse map, albedo from the shader's own constant) 40/frame | HUD quads demoted to UI 0/frame | back-buffer clears 1/frame | sky draws 52/frame | UI-pass draws converted 0/frame
    instancing: 569 converted from the instance stream/frame, 0 refused/frame (largest single draw 1 instances, 0.9 buffer writes snooped/frame)
    SKINNING: 67 skinned/frame, 9 refused/frame, 0 exact duplicates dropped/frame | 58 meshes decoded, 58 cached, 0 cache flushes
    ALBEDO stage 0 taken raw (no shader reflection) 0/frame
    ALBEDO: constant-only 40/frame, tinted fallback 0/frame, genuinely blank 0/frame (of 40 rank-0 draws/frame)
    ALBEDO WHITE (previously uncounted): named-but-not-bound 0/frame, render-target exclusion left nothing 0/frame | colourless passes now hidden 11/frame
    SKIPPED entirely 0/frame (mode 3) | demoted to UI overlay 0/frame | no-albedo materials left to Remix 40/frame
    MARKED with the marker texture 1384/frame (refused as unsafe 0/frame, 3525 SetTexture calls/frame, marker created)
    albedo: moved off stage 0 121/frame, blanked 40/frame, restored from mesh cache 124/frame (3943 meshes cached) | RT textures known 55 | lights 38.1/frame (24 shaders)
    camera 90.5 11.1 236.5 | distinct cameras this frame 1 (max 1) | transform writes 366/frame | redundant state calls dropped 10848/frame
    world matrix changes 364/frame | objTM used without a fresh upload 0/frame | uv matrix writes 6/frame (last scale 0.00098, 0.00098)
    TIMING: frame 18.9 ms avg (53 fps), worst 53 ms | shim 8.99 ms avg (47.7% of frame), worst 23.7 ms
    TIMING tail: 6 frames >=33 ms, 0 >=100 ms in this window of 600 | inside real Present 3.32 ms avg, worst 28.4 ms | our other hooks 0.00 ms avg
    converted -> target 14D8EAD0 1280x720 fmt=34 : 15 draws/frame
    converted -> target 14D985D8 1280x720 fmt=113 : 490 draws/frame
    converted -> target 14D8F0A0 1280x720 fmt=113 : 4 draws/frame
    converted -> target 14D8EDB8 1280x720 fmt=21 : 0 draws/frame
    converted -> target 039BD008 1280x720 fmt=22 : 0 draws/frame
HITCH frame 11773: 136.7 ms = present 0.6 + our-present 0.0 + draws 16.6 + other-hooks 0.0 + game/bridge 119.5 | draws 2876 | new shaders 0 textures 0
frame 12000 | draws 2009/frame | FFP converted 536/frame (26.7%)
    not converted: screen-space 62  skinned 0  ortho 0  vertex-format 9  untextured 947  instanced 0  mirrored 0  other-camera 197  no camera 0  other 0 (per frame)
    prepasses hidden: sampler-less 947/frame, stipple-with-no-colour 191/frame (these used to convert WHITE) | post/composite quads marked 62/frame
    constant-colour materials (no diffuse map, albedo from the shader's own constant) 39/frame | HUD quads demoted to UI 0/frame | back-buffer clears 1/frame | sky draws 52/frame | UI-pass draws converted 0/frame
    instancing: 587 converted from the instance stream/frame, 0 refused/frame (largest single draw 1 instances, 0.9 buffer writes snooped/frame)
    SKINNING: 72 skinned/frame, 11 refused/frame, 0 exact duplicates dropped/frame | 59 meshes decoded, 59 cached, 0 cache flushes
    ALBEDO stage 0 taken raw (no shader reflection) 0/frame
    ALBEDO: constant-only 39/frame, tinted fallback 0/frame, genuinely blank 0/frame (of 39 rank-0 draws/frame)
    ALBEDO WHITE (previously uncounted): named-but-not-bound 0/frame, render-target exclusion left nothing 0/frame | colourless passes now hidden 14/frame
    SKIPPED entirely 0/frame (mode 3) | demoted to UI overlay 0/frame | no-albedo materials left to Remix 39/frame
    MARKED with the marker texture 1411/frame (refused as unsafe 0/frame, 3569 SetTexture calls/frame, marker created)
    albedo: moved off stage 0 125/frame, blanked 39/frame, restored from mesh cache 132/frame (3958 meshes cached) | RT textures known 55 | lights 37.0/frame (24 shaders)
    camera 90.5 11.1 236.5 | distinct cameras this frame 1 (max 1) | transform writes 376/frame | redundant state calls dropped 11229/frame
    world matrix changes 374/frame | objTM used without a fresh upload 0/frame | uv matrix writes 7/frame (last scale 0.00098, 0.00098)
    TIMING: frame 19.2 ms avg (52 fps), worst 137 ms | shim 9.40 ms avg (49.1% of frame), worst 24.5 ms
    TIMING tail: 6 frames >=33 ms, 1 >=100 ms in this window of 600 | inside real Present 3.17 ms avg, worst 5.2 ms | our other hooks 0.00 ms avg
    converted -> target 14D8EAD0 1280x720 fmt=34 : 16 draws/frame
    converted -> target 14D985D8 1280x720 fmt=113 : 505 draws/frame
    converted -> target 14D8F0A0 1280x720 fmt=113 : 4 draws/frame
    converted -> target 14D8EDB8 1280x720 fmt=21 : 0 draws/frame
    converted -> target 039BD008 1280x720 fmt=22 : 0 draws/frame
camera: pos 81.8 11.0 239.6 | proj _11=1.5892 _22=2.8251 _33=1.00001 _43=-0.15 (aspect 1.778)
camera: pos 81.3 10.9 239.0 | proj _11=1.5764 _22=2.8024 _33=1.00001 _43=-0.15 (aspect 1.778)
camera: pos 81.0 10.9 238.5 | proj _11=1.5638 _22=2.7800 _33=1.00001 _43=-0.15 (aspect 1.778)
camera: pos 80.8 10.7 238.1 | proj _11=1.5519 _22=2.7589 _33=1.00001 _43=-0.15 (aspect 1.778)
camera: pos 80.8 10.2 237.6 | proj _11=1.5401 _22=2.7379 _33=1.00001 _43=-0.15 (aspect 1.778)
camera: pos 80.8 9.7 237.1 | proj _11=1.5279 _22=2.7162 _33=1.00001 _43=-0.15 (aspect 1.778)
camera: pos 80.9 9.1 236.5 | proj _11=1.5148 _22=2.6929 _33=1.00001 _43=-0.15 (aspect 1.778)
camera: pos 81.0 8.5 235.9 | proj _11=1.5023 _22=2.6706 _33=1.00001 _43=-0.15 (aspect 1.778)
camera: pos 81.6 8.3 234.6 | proj _11=1.4890 _22=2.6471 _33=1.00001 _43=-0.15 (aspect 1.778)
camera: pos 82.1 8.2 233.5 | proj _11=1.4753 _22=2.6228 _33=1.00001 _43=-0.15 (aspect 1.778)
camera: pos 82.1 8.2 232.7 | proj _11=1.4636 _22=2.6019 _33=1.00001 _43=-0.15 (aspect 1.778)
camera: pos 81.7 8.3 231.6 | proj _11=1.4510 _22=2.5794 _33=1.00001 _43=-0.15 (aspect 1.778)
camera: pos 81.2 8.3 230.5 | proj _11=1.4408 _22=2.5614 _33=1.00001 _43=-0.15 (aspect 1.778)
camera: pos 80.6 8.4 229.4 | proj _11=1.4307 _22=2.5433 _33=1.00001 _43=-0.15 (aspect 1.778)
camera: pos 79.9 8.7 226.5 | proj _11=1.4201 _22=2.5246 _33=1.00001 _43=-0.15 (aspect 1.778)
camera: pos 82.0 9.0 224.0 | proj _11=1.4067 _22=2.5008 _33=1.00001 _43=-0.15 (aspect 1.778)
camera: pos 84.2 9.1 223.1 | proj _11=1.3942 _22=2.4786 _33=1.00001 _43=-0.15 (aspect 1.778)
camera: pos 86.1 9.2 223.1 | proj _11=1.3830 _22=2.4586 _33=1.00001 _43=-0.15 (aspect 1.778)
camera: pos 88.3 9.3 223.9 | proj _11=1.3989 _22=2.4868 _33=1.00001 _43=-0.15 (aspect 1.778)
camera: pos 88.4 9.3 224.0 | proj _11=1.4097 _22=2.5061 _33=1.00001 _43=-0.15 (aspect 1.778)
camera: pos 88.5 9.3 224.1 | proj _11=1.4206 _22=2.5255 _33=1.00001 _43=-0.15 (aspect 1.778)
camera: pos 88.6 9.3 224.2 | proj _11=1.4394 _22=2.5589 _33=1.00001 _43=-0.15 (aspect 1.778)
camera: pos 88.7 9.3 224.3 | proj _11=1.4595 _22=2.5947 _33=1.00001 _43=-0.15 (aspect 1.778)
camera: pos 88.8 9.3 224.4 | proj _11=1.4707 _22=2.6146 _33=1.00001 _43=-0.15 (aspect 1.778)
camera: pos 88.8 9.3 224.5 | proj _11=1.4914 _22=2.6513 _33=1.00001 _43=-0.15 (aspect 1.778)
camera: pos 88.9 9.3 224.5 | proj _11=1.5118 _22=2.6876 _33=1.00001 _43=-0.15 (aspect 1.778)
camera: pos 88.8 9.4 224.5 | proj _11=1.5225 _22=2.7065 _33=1.00001 _43=-0.15 (aspect 1.778)
camera: pos 88.7 9.4 224.4 | proj _11=1.5331 _22=2.7255 _33=1.00001 _43=-0.15 (aspect 1.778)
camera: pos 88.5 9.4 224.3 | proj _11=1.5439 _22=2.7447 _33=1.00001 _43=-0.15 (aspect 1.778)
frame 12600 | draws 2055/frame | FFP converted 554/frame (26.9%)
    not converted: screen-space 62  skinned 0  ortho 0  vertex-format 11  untextured 963  instanced 0  mirrored 0  other-camera 205  no camera 0  other 0 (per frame)
    prepasses hidden: sampler-less 963/frame, stipple-with-no-colour 193/frame (these used to convert WHITE) | post/composite quads marked 62/frame
    constant-colour materials (no diffuse map, albedo from the shader's own constant) 39/frame | HUD quads demoted to UI 0/frame | back-buffer clears 1/frame | sky draws 52/frame | UI-pass draws converted 0/frame
    instancing: 606 converted from the instance stream/frame, 0 refused/frame (largest single draw 1 instances, 0.9 buffer writes snooped/frame)
    SKINNING: 75 skinned/frame, 13 refused/frame, 0 exact duplicates dropped/frame | 61 meshes decoded, 61 cached, 0 cache flushes
    ALBEDO stage 0 taken raw (no shader reflection) 0/frame
    ALBEDO: constant-only 39/frame, tinted fallback 0/frame, genuinely blank 0/frame (of 39 rank-0 draws/frame)
    ALBEDO WHITE (previously uncounted): named-but-not-bound 0/frame, render-target exclusion left nothing 0/frame | colourless passes now hidden 16/frame
    SKIPPED entirely 0/frame (mode 3) | demoted to UI overlay 0/frame | no-albedo materials left to Remix 39/frame
    MARKED with the marker texture 1439/frame (refused as unsafe 0/frame, 3617 SetTexture calls/frame, marker created)
    albedo: moved off stage 0 129/frame, blanked 39/frame, restored from mesh cache 140/frame (4034 meshes cached) | RT textures known 55 | lights 36.1/frame (24 shaders)
    camera 88.5 9.4 224.3 | distinct cameras this frame 1 (max 1) | transform writes 386/frame | redundant state calls dropped 11595/frame
    world matrix changes 384/frame | objTM used without a fresh upload 0/frame | uv matrix writes 8/frame (last scale 0.00098, 0.00098)
    TIMING: frame 19.4 ms avg (52 fps), worst 34 ms | shim 9.74 ms avg (50.2% of frame), worst 23.7 ms
    TIMING tail: 2 frames >=33 ms, 0 >=100 ms in this window of 600 | inside real Present 3.04 ms avg, worst 5.7 ms | our other hooks 0.00 ms avg
    converted -> target 14D8EAD0 1280x720 fmt=34 : 17 draws/frame
    converted -> target 14D985D8 1280x720 fmt=113 : 520 draws/frame
    converted -> target 14D8F0A0 1280x720 fmt=113 : 4 draws/frame
    converted -> target 14D8EDB8 1280x720 fmt=21 : 0 draws/frame
    converted -> target 039BD008 1280x720 fmt=22 : 0 draws/frame
camera: pos 88.2 9.4 224.2 | proj _11=1.5550 _22=2.7644 _33=1.00001 _43=-0.15 (aspect 1.778)
camera: pos 87.7 9.4 224.1 | proj _11=1.5662 _22=2.7844 _33=1.00001 _43=-0.15 (aspect 1.778)
camera: pos 87.1 9.4 224.0 | proj _11=1.5782 _22=2.8056 _33=1.00001 _43=-0.15 (aspect 1.778)
camera: pos 86.4 9.5 224.1 | proj _11=1.5895 _22=2.8258 _33=1.00001 _43=-0.15 (aspect 1.778)
camera: pos 85.5 9.6 224.2 | proj _11=1.6011 _22=2.8463 _33=1.00001 _43=-0.15 (aspect 1.778)
HITCH frame 12752: 40.1 ms = present 0.2 + our-present 0.0 + draws 27.6 + other-hooks 0.0 + game/bridge 12.2 | draws 4749 | new shaders 0 textures 0
HITCH frame 12831: 40.1 ms = present 0.2 + our-present 0.0 + draws 23.1 + other-hooks 0.0 + game/bridge 16.8 | draws 4716 | new shaders 0 textures 0
HITCH frame 12855: 52.0 ms = present 0.6 + our-present 0.0 + draws 32.2 + other-hooks 0.0 + game/bridge 19.2 | draws 4711 | new shaders 0 textures 0
HITCH frame 12856: 43.5 ms = present 0.2 + our-present 0.0 + draws 27.1 + other-hooks 0.0 + game/bridge 16.1 | draws 4711 | new shaders 0 textures 0
HITCH frame 12883: 41.0 ms = present 0.2 + our-present 0.0 + draws 28.6 + other-hooks 0.0 + game/bridge 12.2 | draws 4704 | new shaders 0 textures 0
HITCH frame 12893: 40.7 ms = present 0.2 + our-present 0.0 + draws 25.5 + other-hooks 0.0 + game/bridge 15.0 | draws 4698 | new shaders 0 textures 0
HITCH frame 12897: 40.9 ms = present 0.2 + our-present 0.0 + draws 26.6 + other-hooks 0.0 + game/bridge 14.1 | draws 4698 | new shaders 0 textures 0
HITCH frame 12901: 43.5 ms = present 0.3 + our-present 0.0 + draws 27.5 + other-hooks 0.0 + game/bridge 15.8 | draws 4698 | new shaders 0 textures 0
HITCH frame 12903: 40.1 ms = present 0.3 + our-present 0.0 + draws 25.4 + other-hooks 0.0 + game/bridge 14.5 | draws 4695 | new shaders 0 textures 0
HITCH frame 12906: 40.6 ms = present 0.2 + our-present 0.0 + draws 25.2 + other-hooks 0.0 + game/bridge 15.2 | draws 4695 | new shaders 0 textures 0
HITCH frame 12907: 40.6 ms = present 0.3 + our-present 0.0 + draws 25.7 + other-hooks 0.0 + game/bridge 14.5 | draws 4695 | new shaders 0 textures 0
HITCH frame 12909: 43.5 ms = present 0.2 + our-present 0.0 + draws 28.6 + other-hooks 0.0 + game/bridge 14.7 | draws 4695 | new shaders 0 textures 0
HITCH frame 12910: 40.8 ms = present 0.3 + our-present 0.0 + draws 26.3 + other-hooks 0.0 + game/bridge 14.1 | draws 4695 | new shaders 0 textures 0
HITCH frame 12911: 40.3 ms = present 0.3 + our-present 0.0 + draws 26.2 + other-hooks 0.0 + game/bridge 13.8 | draws 4695 | new shaders 0 textures 0
HITCH frame 12912: 40.6 ms = present 0.3 + our-present 0.0 + draws 26.2 + other-hooks 0.0 + game/bridge 14.0 | draws 4695 | new shaders 0 textures 0
HITCH frame 12913: 42.0 ms = present 0.2 + our-present 0.0 + draws 25.7 + other-hooks 0.0 + game/bridge 16.1 | draws 4695 | new shaders 0 textures 0
HITCH frame 12916: 40.1 ms = present 0.3 + our-present 0.0 + draws 25.5 + other-hooks 0.0 + game/bridge 14.4 | draws 4695 | new shaders 0 textures 0
HITCH frame 12920: 40.2 ms = present 0.6 + our-present 0.0 + draws 26.5 + other-hooks 0.0 + game/bridge 13.2 | draws 4700 | new shaders 0 textures 0
HITCH frame 12921: 40.2 ms = present 0.3 + our-present 0.0 + draws 25.8 + other-hooks 0.0 + game/bridge 14.1 | draws 4700 | new shaders 0 textures 0
HITCH frame 12924: 40.0 ms = present 0.4 + our-present 0.0 + draws 25.4 + other-hooks 0.0 + game/bridge 14.3 | draws 4700 | new shaders 0 textures 0
HITCH frame 12925: 43.4 ms = present 0.3 + our-present 0.0 + draws 27.6 + other-hooks 0.0 + game/bridge 15.4 | draws 4717 | new shaders 0 textures 0
HITCH frame 12926: 41.9 ms = present 0.3 + our-present 0.1 + draws 28.1 + other-hooks 0.0 + game/bridge 13.5 | draws 4717 | new shaders 0 textures 0
HITCH frame 12927: 42.8 ms = present 0.2 + our-present 0.0 + draws 28.0 + other-hooks 0.0 + game/bridge 14.5 | draws 4720 | new shaders 0 textures 0
HITCH frame 12933: 41.6 ms = present 0.4 + our-present 0.0 + draws 26.2 + other-hooks 0.0 + game/bridge 15.0 | draws 4720 | new shaders 0 textures 0
HITCH frame 12937: 40.8 ms = present 0.2 + our-present 0.0 + draws 26.3 + other-hooks 0.0 + game/bridge 14.3 | draws 4717 | new shaders 0 textures 0
HITCH frame 12938: 41.3 ms = present 0.3 + our-present 0.0 + draws 26.0 + other-hooks 0.0 + game/bridge 14.9 | draws 4717 | new shaders 0 textures 0
HITCH frame 12939: 40.0 ms = present 0.3 + our-present 0.1 + draws 24.4 + other-hooks 0.0 + game/bridge 15.2 | draws 4717 | new shaders 0 textures 0
HITCH frame 12940: 40.4 ms = present 0.4 + our-present 0.0 + draws 25.7 + other-hooks 0.0 + game/bridge 14.2 | draws 4717 | new shaders 0 textures 0
HITCH frame 12941: 42.5 ms = present 0.5 + our-present 0.1 + draws 27.5 + other-hooks 0.0 + game/bridge 14.4 | draws 4720 | new shaders 0 textures 0
HITCH frame 12942: 43.8 ms = present 0.2 + our-present 0.0 + draws 27.8 + other-hooks 0.0 + game/bridge 15.7 | draws 4725 | new shaders 0 textures 0
HITCH frame 12943: 53.2 ms = present 0.3 + our-present 0.0 + draws 35.7 + other-hooks 0.0 + game/bridge 17.2 | draws 4720 | new shaders 0 textures 0
HITCH frame 12944: 57.5 ms = present 0.6 + our-present 0.1 + draws 36.8 + other-hooks 0.0 + game/bridge 19.9 | draws 4720 | new shaders 0 textures 0
frame 13200 | draws 2166/frame | FFP converted 593/frame (27.4%)
    not converted: screen-space 61  skinned 0  ortho 0  vertex-format 11  untextured 1011  instanced 0  mirrored 0  other-camera 221  no camera 0  other 0 (per frame)
    prepasses hidden: sampler-less 1011/frame, stipple-with-no-colour 199/frame (these used to convert WHITE) | post/composite quads marked 61/frame
    constant-colour materials (no diffuse map, albedo from the shader's own constant) 43/frame | HUD quads demoted to UI 0/frame | back-buffer clears 1/frame | sky draws 52/frame | UI-pass draws converted 0/frame
    instancing: 645 converted from the instance stream/frame, 0 refused/frame (largest single draw 1 instances, 0.9 buffer writes snooped/frame)
    SKINNING: 79 skinned/frame, 21 refused/frame, 0 exact duplicates dropped/frame | 65 meshes decoded, 65 cached, 0 cache flushes
    ALBEDO stage 0 taken raw (no shader reflection) 0/frame
    ALBEDO: constant-only 43/frame, tinted fallback 0/frame, genuinely blank 0/frame (of 43 rank-0 draws/frame)
    ALBEDO WHITE (previously uncounted): named-but-not-bound 0/frame, render-target exclusion left nothing 0/frame | colourless passes now hidden 18/frame
    SKIPPED entirely 0/frame (mode 3) | demoted to UI overlay 0/frame | no-albedo materials left to Remix 43/frame
    MARKED with the marker texture 1511/frame (refused as unsafe 0/frame, 3752 SetTexture calls/frame, marker created)
    albedo: moved off stage 0 135/frame, blanked 43/frame, restored from mesh cache 151/frame (4086 meshes cached) | RT textures known 55 | lights 35.2/frame (24 shaders)
    camera 91.5 8.5 227.1 | distinct cameras this frame 1 (max 1) | transform writes 409/frame | redundant state calls dropped 12408/frame
    world matrix changes 407/frame | objTM used without a fresh upload 0/frame | uv matrix writes 11/frame (last scale 0.00098, 0.00098)
    TIMING: frame 20.2 ms avg (50 fps), worst 103 ms | shim 10.34 ms avg (51.3% of frame), worst 65.9 ms
    TIMING tail: 438 frames >=33 ms, 1 >=100 ms in this window of 600 | inside real Present 2.92 ms avg, worst 4.7 ms | our other hooks 0.00 ms avg
    converted -> target 14D8EAD0 1280x720 fmt=34 : 18 draws/frame
    converted -> target 14D985D8 1280x720 fmt=113 : 548 draws/frame
    converted -> target 14D8F0A0 1280x720 fmt=113 : 4 draws/frame
    converted -> target 14D8EDB8 1280x720 fmt=21 : 0 draws/frame
    converted -> target 039BD008 1280x720 fmt=22 : 0 draws/frame
mesh albedo cache full at 4096 entries - no longer growing
frame 13800 | draws 2282/frame | FFP converted 632/frame (27.7%)
    not converted: screen-space 60  skinned 0  ortho 0  vertex-format 11  untextured 1064  instanced 0  mirrored 0  other-camera 237  no camera 0  other 0 (per frame)
    prepasses hidden: sampler-less 1064/frame, stipple-with-no-colour 205/frame (these used to convert WHITE) | post/composite quads marked 60/frame
    constant-colour materials (no diffuse map, albedo from the shader's own constant) 46/frame | HUD quads demoted to UI 0/frame | back-buffer clears 1/frame | sky draws 51/frame | UI-pass draws converted 0/frame
    instancing: 683 converted from the instance stream/frame, 0 refused/frame (largest single draw 1 instances, 0.9 buffer writes snooped/frame)
    SKINNING: 83 skinned/frame, 30 refused/frame, 0 exact duplicates dropped/frame | 65 meshes decoded, 65 cached, 0 cache flushes
    ALBEDO stage 0 taken raw (no shader reflection) 0/frame
    ALBEDO: constant-only 46/frame, tinted fallback 0/frame, genuinely blank 0/frame (of 46 rank-0 draws/frame)
    ALBEDO WHITE (previously uncounted): named-but-not-bound 0/frame, render-target exclusion left nothing 0/frame | colourless passes now hidden 20/frame
    SKIPPED entirely 0/frame (mode 3) | demoted to UI overlay 0/frame | no-albedo materials left to Remix 46/frame
    MARKED with the marker texture 1587/frame (refused as unsafe 0/frame, 3898 SetTexture calls/frame, marker created)
    albedo: moved off stage 0 142/frame, blanked 46/frame, restored from mesh cache 161/frame (4096 meshes cached) | RT textures known 55 | lights 34.4/frame (24 shaders)
    camera 91.5 8.5 227.1 | distinct cameras this frame 1 (max 1) | transform writes 433/frame | redundant state calls dropped 13243/frame
    world matrix changes 431/frame | objTM used without a fresh upload 0/frame | uv matrix writes 14/frame (last scale 0.00098, 0.00098)
    TIMING: frame 21.2 ms avg (47 fps), worst 103 ms | shim 11.10 ms avg (52.4% of frame), worst 72.2 ms
    TIMING tail: 600 frames >=33 ms, 1 >=100 ms in this window of 600 | inside real Present 2.81 ms avg, worst 5.7 ms | our other hooks 0.00 ms avg
    converted -> target 14D8EAD0 1280x720 fmt=34 : 20 draws/frame
    converted -> target 14D985D8 1280x720 fmt=113 : 577 draws/frame
    converted -> target 14D8F0A0 1280x720 fmt=113 : 5 draws/frame
    converted -> target 14D8EDB8 1280x720 fmt=21 : 0 draws/frame
    converted -> target 039BD008 1280x720 fmt=22 : 0 draws/frame
camera: pos 87.6 9.3 224.2 | proj _11=1.5874 _22=2.8220 _33=1.00001 _43=-0.15 (aspect 1.778)
camera: pos 87.6 9.3 224.2 | proj _11=1.5309 _22=2.7215 _33=1.00001 _43=-0.15 (aspect 1.778)
camera: pos 87.6 9.3 224.2 | proj _11=1.4485 _22=2.5750 _33=1.00001 _43=-0.15 (aspect 1.778)
camera: pos 87.6 9.3 224.2 | proj _11=1.3778 _22=2.4493 _33=1.00001 _43=-0.15 (aspect 1.778)
camera: pos 87.6 9.3 224.2 | proj _11=1.3276 _22=2.3601 _33=1.00001 _43=-0.15 (aspect 1.778)
camera: pos 87.6 9.3 224.2 | proj _11=1.3028 _22=2.3161 _33=1.00001 _43=-0.15 (aspect 1.778)
frame 14400 | draws 2386/frame | FFP converted 668/frame (28.0%)
    not converted: screen-space 60  skinned 0  ortho 0  vertex-format 10  untextured 1111  instanced 0  mirrored 0  other-camera 253  no camera 0  other 0 (per frame)
    prepasses hidden: sampler-less 1111/frame, stipple-with-no-colour 210/frame (these used to convert WHITE) | post/composite quads marked 60/frame
    constant-colour materials (no diffuse map, albedo from the shader's own constant) 49/frame | HUD quads demoted to UI 0/frame | back-buffer clears 1/frame | sky draws 51/frame | UI-pass draws converted 0/frame
    instancing: 720 converted from the instance stream/frame, 0 refused/frame (largest single draw 1 instances, 0.9 buffer writes snooped/frame)
    SKINNING: 87 skinned/frame, 38 refused/frame, 0 exact duplicates dropped/frame | 65 meshes decoded, 65 cached, 0 cache flushes
    ALBEDO stage 0 taken raw (no shader reflection) 0/frame
    ALBEDO: constant-only 49/frame, tinted fallback 0/frame, genuinely blank 0/frame (of 49 rank-0 draws/frame)
    ALBEDO WHITE (previously uncounted): named-but-not-bound 0/frame, render-target exclusion left nothing 0/frame | colourless passes now hidden 22/frame
    SKIPPED entirely 0/frame (mode 3) | demoted to UI overlay 0/frame | no-albedo materials left to Remix 49/frame
    MARKED with the marker texture 1656/frame (refused as unsafe 0/frame, 4027 SetTexture calls/frame, marker created)
    albedo: moved off stage 0 147/frame, blanked 49/frame, restored from mesh cache 171/frame (4096 meshes cached) | RT textures known 55 | lights 33.6/frame (24 shaders)
    camera 87.6 9.3 224.2 | distinct cameras this frame 1 (max 1) | transform writes 455/frame | redundant state calls dropped 13996/frame
    world matrix changes 453/frame | objTM used without a fresh upload 0/frame | uv matrix writes 16/frame (last scale 0.00098, 0.00098)
    TIMING: frame 21.8 ms avg (46 fps), worst 53 ms | shim 11.62 ms avg (53.2% of frame), worst 35.9 ms
    TIMING tail: 560 frames >=33 ms, 0 >=100 ms in this window of 600 | inside real Present 2.71 ms avg, worst 7.8 ms | our other hooks 0.00 ms avg
    converted -> target 14D8EAD0 1280x720 fmt=34 : 22 draws/frame
    converted -> target 14D985D8 1280x720 fmt=113 : 603 draws/frame
    converted -> target 14D8F0A0 1280x720 fmt=113 : 5 draws/frame
    converted -> target 14D8EDB8 1280x720 fmt=21 : 0 draws/frame
    converted -> target 039BD008 1280x720 fmt=22 : 0 draws/frame
camera: pos 87.6 9.3 224.2 | proj _11=1.3230 _22=2.3519 _33=1.00001 _43=-0.15 (aspect 1.778)
camera: pos 87.6 9.3 224.2 | proj _11=1.3525 _22=2.4044 _33=1.00001 _43=-0.15 (aspect 1.778)
camera: pos 87.6 9.3 224.2 | proj _11=1.3957 _22=2.4812 _33=1.00001 _43=-0.15 (aspect 1.778)
camera: pos 87.6 9.3 224.2 | proj _11=1.4556 _22=2.5876 _33=1.00001 _43=-0.15 (aspect 1.778)
camera: pos 87.6 9.3 224.2 | proj _11=1.5112 _22=2.6865 _33=1.00001 _43=-0.15 (aspect 1.778)
camera: pos 87.6 9.3 224.2 | proj _11=1.5612 _22=2.7753 _33=1.00001 _43=-0.15 (aspect 1.778)
camera: pos 87.6 9.3 224.2 | proj _11=1.5917 _22=2.8297 _33=1.00001 _43=-0.15 (aspect 1.778)
camera: pos 87.6 9.3 224.2 | proj _11=1.6071 _22=2.8571 _33=1.00001 _43=-0.15 (aspect 1.778)
camera: pos 87.6 9.3 224.2 | proj _11=1.5952 _22=2.8359 _33=1.00001 _43=-0.15 (aspect 1.778)
camera: pos 87.6 9.3 224.2 | proj _11=1.5679 _22=2.7873 _33=1.00001 _43=-0.15 (aspect 1.778)
camera: pos 87.6 9.3 224.2 | proj _11=1.5294 _22=2.7188 _33=1.00001 _43=-0.15 (aspect 1.778)
camera: pos 87.6 9.3 224.2 | proj _11=1.4809 _22=2.6327 _33=1.00001 _43=-0.15 (aspect 1.778)
camera: pos 87.6 9.3 224.2 | proj _11=1.4178 _22=2.5205 _33=1.00001 _43=-0.15 (aspect 1.778)
camera: pos 87.6 9.3 224.2 | proj _11=1.3672 _22=2.4305 _33=1.00001 _43=-0.15 (aspect 1.778)
camera: pos 87.6 9.3 224.2 | proj _11=1.3322 _22=2.3683 _33=1.00001 _43=-0.15 (aspect 1.778)
camera: pos 87.6 9.3 224.2 | proj _11=1.3091 _22=2.3272 _33=1.00001 _43=-0.15 (aspect 1.778)
frame 15000 | draws 2430/frame | FFP converted 688/frame (28.3%)
    not converted: screen-space 59  skinned 0  ortho 0  vertex-format 10  untextured 1133  instanced 0  mirrored 0  other-camera 254  no camera 0  other 0 (per frame)
    prepasses hidden: sampler-less 1133/frame, stipple-with-no-colour 213/frame (these used to convert WHITE) | post/composite quads marked 59/frame
    constant-colour materials (no diffuse map, albedo from the shader's own constant) 50/frame | HUD quads demoted to UI 0/frame | back-buffer clears 1/frame | sky draws 50/frame | UI-pass draws converted 0/frame
    instancing: 731 converted from the instance stream/frame, 0 refused/frame (largest single draw 1 instances, 0.9 buffer writes snooped/frame)
    SKINNING: 89 skinned/frame, 42 refused/frame, 0 exact duplicates dropped/frame | 65 meshes decoded, 65 cached, 0 cache flushes
    ALBEDO stage 0 taken raw (no shader reflection) 0/frame
    ALBEDO: constant-only 50/frame, tinted fallback 0/frame, genuinely blank 0/frame (of 50 rank-0 draws/frame)
    ALBEDO WHITE (previously uncounted): named-but-not-bound 0/frame, render-target exclusion left nothing 0/frame | colourless passes now hidden 24/frame
    SKIPPED entirely 0/frame (mode 3) | demoted to UI overlay 0/frame | no-albedo materials left to Remix 50/frame
    MARKED with the marker texture 1682/frame (refused as unsafe 0/frame, 4070 SetTexture calls/frame, marker created)
    albedo: moved off stage 0 151/frame, blanked 50/frame, restored from mesh cache 177/frame (4096 meshes cached) | RT textures known 55 | lights 32.6/frame (24 shaders)
    camera 87.6 9.3 224.2 | distinct cameras this frame 1 (max 1) | transform writes 467/frame | redundant state calls dropped 14401/frame
    world matrix changes 465/frame | objTM used without a fresh upload 0/frame | uv matrix writes 17/frame (last scale 0.00098, 0.00098)
    TIMING: frame 22.1 ms avg (45 fps), worst 222 ms | shim 11.95 ms avg (54.0% of frame), worst 66.6 ms
    TIMING tail: 132 frames >=33 ms, 2 >=100 ms in this window of 600 | inside real Present 2.61 ms avg, worst 5.1 ms | our other hooks 0.00 ms avg
    converted -> target 14D8EAD0 1280x720 fmt=34 : 23 draws/frame
    converted -> target 14D985D8 1280x720 fmt=113 : 617 draws/frame
    converted -> target 14D8F0A0 1280x720 fmt=113 : 6 draws/frame
    converted -> target 14D8EDB8 1280x720 fmt=21 : 0 draws/frame
    converted -> target 039BD008 1280x720 fmt=22 : 0 draws/frame
camera: pos 87.6 9.3 224.2 | proj _11=1.3200 _22=2.3466 _33=1.00001 _43=-0.15 (aspect 1.778)
camera: pos 87.6 9.3 224.2 | proj _11=1.3454 _22=2.3918 _33=1.00001 _43=-0.15 (aspect 1.778)
camera: pos 87.6 9.3 224.2 | proj _11=1.3823 _22=2.4574 _33=1.00001 _43=-0.15 (aspect 1.778)
camera: pos 87.6 9.3 224.2 | proj _11=1.4408 _22=2.5614 _33=1.00001 _43=-0.15 (aspect 1.778)
camera: pos 87.6 9.3 224.2 | proj _11=1.4999 _22=2.6664 _33=1.00001 _43=-0.15 (aspect 1.778)
camera: pos 87.6 9.3 224.2 | proj _11=1.5470 _22=2.7501 _33=1.00001 _43=-0.15 (aspect 1.778)
camera: pos 87.6 9.3 224.2 | proj _11=1.5833 _22=2.8148 _33=1.00001 _43=-0.15 (aspect 1.778)
camera: pos 87.6 9.3 224.2 | proj _11=1.6034 _22=2.8505 _33=1.00001 _43=-0.15 (aspect 1.778)
frame 15600 | draws 2460/frame | FFP converted 701/frame (28.5%)
    not converted: screen-space 58  skinned 0  ortho 0  vertex-format 10  untextured 1148  instanced 0  mirrored 0  other-camera 253  no camera 0  other 0 (per frame)
    prepasses hidden: sampler-less 1148/frame, stipple-with-no-colour 215/frame (these used to convert WHITE) | post/composite quads marked 58/frame
    constant-colour materials (no diffuse map, albedo from the shader's own constant) 51/frame | HUD quads demoted to UI 0/frame | back-buffer clears 1/frame | sky draws 49/frame | UI-pass draws converted 0/frame
    instancing: 736 converted from the instance stream/frame, 0 refused/frame (largest single draw 1 instances, 0.9 buffer writes snooped/frame)
    SKINNING: 91 skinned/frame, 45 refused/frame, 0 exact duplicates dropped/frame | 65 meshes decoded, 65 cached, 0 cache flushes
    ALBEDO stage 0 taken raw (no shader reflection) 0/frame
    ALBEDO: constant-only 51/frame, tinted fallback 0/frame, genuinely blank 0/frame (of 51 rank-0 draws/frame)
    ALBEDO WHITE (previously uncounted): named-but-not-bound 0/frame, render-target exclusion left nothing 0/frame | colourless passes now hidden 26/frame
    SKIPPED entirely 0/frame (mode 3) | demoted to UI overlay 0/frame | no-albedo materials left to Remix 51/frame
    MARKED with the marker texture 1699/frame (refused as unsafe 0/frame, 4094 SetTexture calls/frame, marker created)
    albedo: moved off stage 0 153/frame, blanked 51/frame, restored from mesh cache 181/frame (4096 meshes cached) | RT textures known 110 | lights 31.6/frame (24 shaders)
    camera 87.5 10.8 224.0 | distinct cameras this frame 1 (max 1) | transform writes 475/frame | redundant state calls dropped 14689/frame
    world matrix changes 473/frame | objTM used without a fresh upload 0/frame | uv matrix writes 18/frame (last scale 0.00098, 0.00098)
    TIMING: frame 22.3 ms avg (45 fps), worst 203 ms | shim 12.20 ms avg (54.6% of frame), worst 23.1 ms
    TIMING tail: 15 frames >=33 ms, 1 >=100 ms in this window of 600 | inside real Present 2.53 ms avg, worst 68.9 ms | our other hooks 0.00 ms avg
    converted -> target 14D8EAD0 1280x720 fmt=34 : 22 draws/frame
    converted -> target 14D985D8 1280x720 fmt=113 : 599 draws/frame
    converted -> target 14D8F0A0 1280x720 fmt=113 : 6 draws/frame
    converted -> target 14D8EDB8 1280x720 fmt=21 : 0 draws/frame
    converted -> target 039BD008 1280x720 fmt=22 : 0 draws/frame
    converted -> target 50EE7EB0 2560x1440 fmt=34 : 1 draws/frame
    converted -> target 50EEAA48 2560x1440 fmt=113 : 27 draws/frame
    converted -> target 50EE6678 2560x1440 fmt=113 : 1 draws/frame
    converted -> target 50EE6770 2560x1440 fmt=21 : 0 draws/frame
camera: pos 87.6 10.8 224.1 | proj _11=1.5930 _22=2.8320 _33=1.00001 _43=-0.15 (aspect 1.778)
camera: pos 87.6 10.8 224.1 | proj _11=1.5613 _22=2.7755 _33=1.00001 _43=-0.15 (aspect 1.778)
camera: pos 87.6 10.8 224.1 | proj _11=1.5126 _22=2.6890 _33=1.00001 _43=-0.15 (aspect 1.778)
camera: pos 87.6 10.8 224.1 | proj _11=1.4511 _22=2.5797 _33=1.00001 _43=-0.15 (aspect 1.778)
camera: pos 87.6 10.8 224.1 | proj _11=1.3838 _22=2.4600 _33=1.00001 _43=-0.15 (aspect 1.778)
camera: pos 87.6 10.8 224.1 | proj _11=1.3401 _22=2.3823 _33=1.00001 _43=-0.15 (aspect 1.778)
camera: pos 87.6 10.8 224.1 | proj _11=1.3114 _22=2.3313 _33=1.00001 _43=-0.15 (aspect 1.778)
camera: pos 87.6 10.8 224.1 | proj _11=1.2999 _22=2.3108 _33=1.00001 _43=-0.15 (aspect 1.778)
camera: pos 87.6 10.8 224.1 | proj _11=1.3412 _22=2.3843 _33=1.00001 _43=-0.15 (aspect 1.778)
camera: pos 87.6 10.8 224.1 | proj _11=1.4008 _22=2.4903 _33=1.00001 _43=-0.15 (aspect 1.778)
camera: pos 87.6 10.8 224.1 | proj _11=1.4678 _22=2.6094 _33=1.00001 _43=-0.15 (aspect 1.778)
camera: pos 87.6 10.8 224.1 | proj _11=1.5299 _22=2.7197 _33=1.00001 _43=-0.15 (aspect 1.778)
camera: pos 87.6 10.8 224.1 | proj _11=1.5729 _22=2.7962 _33=1.00001 _43=-0.15 (aspect 1.778)
camera: pos 87.6 10.8 224.1 | proj _11=1.6008 _22=2.8458 _33=1.00001 _43=-0.15 (aspect 1.778)
camera: pos 96.6 10.5 221.4 | proj _11=1.5866 _22=2.8206 _33=1.00001 _43=-0.15 (aspect 1.778)
camera: pos 96.9 10.5 221.8 | proj _11=1.5733 _22=2.7969 _33=1.00001 _43=-0.15 (aspect 1.778)
camera: pos 97.8 10.4 222.2 | proj _11=1.5597 _22=2.7728 _33=1.00001 _43=-0.15 (aspect 1.778)
camera: pos 98.9 10.7 222.8 | proj _11=1.5465 _22=2.7493 _33=1.00001 _43=-0.15 (aspect 1.778)
camera: pos 99.3 10.8 223.4 | proj _11=1.5317 _22=2.7230 _33=1.00001 _43=-0.15 (aspect 1.778)
camera: pos 99.3 10.9 223.9 | proj _11=1.5185 _22=2.6995 _33=1.00001 _43=-0.15 (aspect 1.778)
camera: pos 99.2 10.9 224.5 | proj _11=1.5050 _22=2.6754 _33=1.00001 _43=-0.15 (aspect 1.778)
camera: pos 99.1 10.9 225.0 | proj _11=1.4923 _22=2.6529 _33=1.00001 _43=-0.15 (aspect 1.778)
camera: pos 99.0 10.9 225.7 | proj _11=1.4793 _22=2.6298 _33=1.00001 _43=-0.15 (aspect 1.778)
camera: pos 99.0 10.8 225.9 | proj _11=1.4687 _22=2.6110 _33=1.00001 _43=-0.15 (aspect 1.778)
camera: pos 98.9 10.8 226.5 | proj _11=1.4563 _22=2.5889 _33=1.00001 _43=-0.15 (aspect 1.778)
camera: pos 98.8 10.8 227.0 | proj _11=1.4438 _22=2.5668 _33=1.00001 _43=-0.15 (aspect 1.778)
camera: pos 98.7 10.8 227.6 | proj _11=1.4279 _22=2.5384 _33=1.00001 _43=-0.15 (aspect 1.778)
camera: pos 98.6 10.8 228.1 | proj _11=1.4172 _22=2.5194 _33=1.00001 _43=-0.15 (aspect 1.778)
camera: pos 98.6 10.9 228.4 | proj _11=1.4058 _22=2.4991 _33=1.00001 _43=-0.15 (aspect 1.778)
camera: pos 98.5 10.9 228.9 | proj _11=1.3941 _22=2.4783 _33=1.00001 _43=-0.15 (aspect 1.778)
camera: pos 98.4 10.9 229.4 | proj _11=1.3826 _22=2.4578 _33=1.00001 _43=-0.15 (aspect 1.778)
camera: pos 98.2 10.9 229.9 | proj _11=1.3713 _22=2.4379 _33=1.00001 _43=-0.15 (aspect 1.778)
camera: pos 98.0 10.7 230.4 | proj _11=1.3604 _22=2.4184 _33=1.00001 _43=-0.15 (aspect 1.778)
camera: pos 97.9 10.7 230.9 | proj _11=1.3490 _22=2.3982 _33=1.00001 _43=-0.15 (aspect 1.778)
camera: pos 97.8 10.7 231.4 | proj _11=1.3381 _22=2.3788 _33=1.00001 _43=-0.15 (aspect 1.778)
camera: pos 97.7 10.7 231.9 | proj _11=1.3277 _22=2.3603 _33=1.00001 _43=-0.15 (aspect 1.778)
camera: pos 97.5 10.7 232.4 | proj _11=1.3174 _22=2.3420 _33=1.00001 _43=-0.15 (aspect 1.778)
camera: pos 97.3 10.7 232.9 | proj _11=1.3067 _22=2.3230 _33=1.00001 _43=-0.15 (aspect 1.778)
frame 16200 | draws 2521/frame | FFP converted 723/frame (28.7%)
    not converted: screen-space 59  skinned 0  ortho 0  vertex-format 11  untextured 1169  instanced 0  mirrored 0  other-camera 260  no camera 0  other 0 (per frame)
    prepasses hidden: sampler-less 1169/frame, stipple-with-no-colour 222/frame (these used to convert WHITE) | post/composite quads marked 59/frame
    constant-colour materials (no diffuse map, albedo from the shader's own constant) 50/frame | HUD quads demoted to UI 0/frame | back-buffer clears 1/frame | sky draws 49/frame | UI-pass draws converted 0/frame
    instancing: 759 converted from the instance stream/frame, 0 refused/frame (largest single draw 1 instances, 0.9 buffer writes snooped/frame)
    SKINNING: 93 skinned/frame, 46 refused/frame, 0 exact duplicates dropped/frame | 73 meshes decoded, 73 cached, 0 cache flushes
    ALBEDO stage 0 taken raw (no shader reflection) 0/frame
    ALBEDO: constant-only 50/frame, tinted fallback 0/frame, genuinely blank 0/frame (of 50 rank-0 draws/frame)
    ALBEDO WHITE (previously uncounted): named-but-not-bound 0/frame, render-target exclusion left nothing 0/frame | colourless passes now hidden 28/frame
    SKIPPED entirely 0/frame (mode 3) | demoted to UI overlay 0/frame | no-albedo materials left to Remix 50/frame
    MARKED with the marker texture 1738/frame (refused as unsafe 0/frame, 4181 SetTexture calls/frame, marker created)
    albedo: moved off stage 0 162/frame, blanked 50/frame, restored from mesh cache 187/frame (4096 meshes cached) | RT textures known 110 | lights 32.3/frame (24 shaders)
    camera 97.0 10.5 2.6 | distinct cameras this frame 1 (max 1) | transform writes 490/frame | redundant state calls dropped 15149/frame
    world matrix changes 488/frame | objTM used without a fresh upload 0/frame | uv matrix writes 19/frame (last scale 0.00098, 0.00098)
    TIMING: frame 22.6 ms avg (44 fps), worst 83 ms | shim 12.39 ms avg (54.8% of frame), worst 26.6 ms
    TIMING tail: 45 frames >=33 ms, 0 >=100 ms in this window of 600 | inside real Present 2.45 ms avg, worst 22.6 ms | our other hooks 0.00 ms avg
    converted -> target 14D8EAD0 1280x720 fmt=34 : 21 draws/frame
    converted -> target 14D985D8 1280x720 fmt=113 : 577 draws/frame
    converted -> target 14D8F0A0 1280x720 fmt=113 : 6 draws/frame
    converted -> target 14D8EDB8 1280x720 fmt=21 : 0 draws/frame
    converted -> target 039BD008 1280x720 fmt=22 : 0 draws/frame
    converted -> target 50EE7EB0 2560x1440 fmt=34 : 3 draws/frame
    converted -> target 50EEAA48 2560x1440 fmt=113 : 69 draws/frame
    converted -> target 50EE6678 2560x1440 fmt=113 : 1 draws/frame
    converted -> target 50EE6770 2560x1440 fmt=21 : 0 draws/frame
camera: pos 96.9 10.8 3.1 | proj _11=1.3271 _22=2.3592 _33=1.00001 _43=-0.15 (aspect 1.778)
camera: pos 96.9 10.8 3.1 | proj _11=1.3431 _22=2.3877 _33=1.00001 _43=-0.15 (aspect 1.778)
camera: pos 96.9 10.9 3.2 | proj _11=1.3559 _22=2.4105 _33=1.00001 _43=-0.15 (aspect 1.778)
camera: pos 96.9 11.0 3.2 | proj _11=1.3717 _22=2.4385 _33=1.00001 _43=-0.15 (aspect 1.778)
camera: pos 96.9 11.1 3.3 | proj _11=1.3873 _22=2.4663 _33=1.00001 _43=-0.15 (aspect 1.778)
camera: pos 96.9 11.1 3.3 | proj _11=1.4038 _22=2.4955 _33=1.00001 _43=-0.15 (aspect 1.778)
camera: pos 96.9 11.1 3.4 | proj _11=1.4190 _22=2.5226 _33=1.00001 _43=-0.15 (aspect 1.778)
camera: pos 96.9 11.1 3.4 | proj _11=1.4345 _22=2.5503 _33=1.00001 _43=-0.15 (aspect 1.778)
camera: pos 96.9 11.1 3.5 | proj _11=1.4514 _22=2.5802 _33=1.00001 _43=-0.15 (aspect 1.778)
camera: pos 96.9 11.1 3.5 | proj _11=1.4683 _22=2.6103 _33=1.00001 _43=-0.15 (aspect 1.778)
camera: pos 96.9 11.1 3.5 | proj _11=1.4851 _22=2.6402 _33=1.00001 _43=-0.15 (aspect 1.778)
camera: pos 96.9 11.1 3.4 | proj _11=1.5011 _22=2.6686 _33=1.00001 _43=-0.15 (aspect 1.778)
camera: pos 96.9 11.2 3.3 | proj _11=1.5187 _22=2.6999 _33=1.00001 _43=-0.15 (aspect 1.778)
camera: pos 96.9 11.2 3.3 | proj _11=1.5365 _22=2.7315 _33=1.00001 _43=-0.15 (aspect 1.778)
camera: pos 96.9 11.2 3.2 | proj _11=1.5544 _22=2.7633 _33=1.00001 _43=-0.15 (aspect 1.778)
camera: pos 96.9 11.2 3.2 | proj _11=1.5723 _22=2.7952 _33=1.00001 _43=-0.15 (aspect 1.778)
camera: pos 96.9 11.2 3.1 | proj _11=1.5902 _22=2.8271 _33=1.00001 _43=-0.15 (aspect 1.778)
camera: pos 96.9 11.2 3.0 | proj _11=1.6085 _22=2.8594 _33=1.00001 _43=-0.15 (aspect 1.778)
frame 16800 | draws 2566/frame | FFP converted 738/frame (28.7%)
    not converted: screen-space 60  skinned 0  ortho 0  vertex-format 11  untextured 1192  instanced 0  mirrored 0  other-camera 262  no camera 0  other 0 (per frame)
    prepasses hidden: sampler-less 1192/frame, stipple-with-no-colour 225/frame (these used to convert WHITE) | post/composite quads marked 60/frame
    constant-colour materials (no diffuse map, albedo from the shader's own constant) 54/frame | HUD quads demoted to UI 0/frame | back-buffer clears 1/frame | sky draws 51/frame | UI-pass draws converted 0/frame
    instancing: 774 converted from the instance stream/frame, 0 refused/frame (largest single draw 1 instances, 0.9 buffer writes snooped/frame)
    SKINNING: 92 skinned/frame, 46 refused/frame, 0 exact duplicates dropped/frame | 75 meshes decoded, 75 cached, 0 cache flushes
    ALBEDO stage 0 taken raw (no shader reflection) 0/frame
    ALBEDO: constant-only 54/frame, tinted fallback 0/frame, genuinely blank 0/frame (of 54 rank-0 draws/frame)
    ALBEDO WHITE (previously uncounted): named-but-not-bound 0/frame, render-target exclusion left nothing 0/frame | colourless passes now hidden 29/frame
    SKIPPED entirely 0/frame (mode 3) | demoted to UI overlay 0/frame | no-albedo materials left to Remix 54/frame
    MARKED with the marker texture 1767/frame (refused as unsafe 0/frame, 4248 SetTexture calls/frame, marker created)
    albedo: moved off stage 0 165/frame, blanked 54/frame, restored from mesh cache 190/frame (4096 meshes cached) | RT textures known 110 | lights 32.9/frame (24 shaders)
    camera 95.3 152.2 62.6 | distinct cameras this frame 1 (max 1) | transform writes 499/frame | redundant state calls dropped 15452/frame
    world matrix changes 497/frame | objTM used without a fresh upload 0/frame | uv matrix writes 19/frame (last scale 0.00098, 0.00098)
    TIMING: frame 22.7 ms avg (44 fps), worst 61 ms | shim 12.38 ms avg (54.5% of frame), worst 19.4 ms
    TIMING tail: 6 frames >=33 ms, 0 >=100 ms in this window of 600 | inside real Present 2.37 ms avg, worst 17.4 ms | our other hooks 0.00 ms avg
    converted -> target 14D8EAD0 1280x720 fmt=34 : 20 draws/frame
    converted -> target 14D985D8 1280x720 fmt=113 : 557 draws/frame
    converted -> target 14D8F0A0 1280x720 fmt=113 : 5 draws/frame
    converted -> target 14D8EDB8 1280x720 fmt=21 : 0 draws/frame
    converted -> target 039BD008 1280x720 fmt=22 : 0 draws/frame
    converted -> target 50EE7EB0 2560x1440 fmt=34 : 4 draws/frame
    converted -> target 50EEAA48 2560x1440 fmt=113 : 104 draws/frame
    converted -> target 50EE6678 2560x1440 fmt=113 : 1 draws/frame
    converted -> target 50EE6770 2560x1440 fmt=21 : 0 draws/frame
camera: pos 88.4 149.0 40.3 | proj _11=1.5971 _22=2.8393 _33=1.00001 _43=-0.15 (aspect 1.778)
camera: pos 88.4 149.0 40.3 | proj _11=1.5801 _22=2.8090 _33=1.00001 _43=-0.15 (aspect 1.778)
camera: pos 88.4 149.0 40.3 | proj _11=1.5503 _22=2.7561 _33=1.00001 _43=-0.15 (aspect 1.778)
camera: pos 88.4 149.0 40.3 | proj _11=1.5064 _22=2.6780 _33=1.00001 _43=-0.15 (aspect 1.778)
camera: pos 88.4 149.0 40.3 | proj _11=1.4424 _22=2.5643 _33=1.00001 _43=-0.15 (aspect 1.778)
camera: pos 88.4 149.0 40.3 | proj _11=1.3925 _22=2.4755 _33=1.00001 _43=-0.15 (aspect 1.778)
camera: pos 88.4 149.0 40.3 | proj _11=1.3527 _22=2.4047 _33=1.00001 _43=-0.15 (aspect 1.778)
camera: pos 88.4 149.0 40.3 | proj _11=1.3192 _22=2.3452 _33=1.00001 _43=-0.15 (aspect 1.778)
camera: pos 88.4 149.0 40.3 | proj _11=1.3021 _22=2.3149 _33=1.00001 _43=-0.15 (aspect 1.778)
frame 17400 | draws 2632/frame | FFP converted 755/frame (28.7%)
    not converted: screen-space 60  skinned 0  ortho 0  vertex-format 10  untextured 1228  instanced 0  mirrored 0  other-camera 272  no camera 0  other 0 (per frame)
    prepasses hidden: sampler-less 1228/frame, stipple-with-no-colour 225/frame (these used to convert WHITE) | post/composite quads marked 60/frame
    constant-colour materials (no diffuse map, albedo from the shader's own constant) 60/frame | HUD quads demoted to UI 0/frame | back-buffer clears 1/frame | sky draws 53/frame | UI-pass draws converted 0/frame
    instancing: 802 converted from the instance stream/frame, 0 refused/frame (largest single draw 1 instances, 0.9 buffer writes snooped/frame)
    SKINNING: 92 skinned/frame, 45 refused/frame, 0 exact duplicates dropped/frame | 75 meshes decoded, 75 cached, 0 cache flushes
    ALBEDO stage 0 taken raw (no shader reflection) 0/frame
    ALBEDO: constant-only 60/frame, tinted fallback 0/frame, genuinely blank 0/frame (of 60 rank-0 draws/frame)
    ALBEDO WHITE (previously uncounted): named-but-not-bound 0/frame, render-target exclusion left nothing 0/frame | colourless passes now hidden 28/frame
    SKIPPED entirely 0/frame (mode 3) | demoted to UI overlay 0/frame | no-albedo materials left to Remix 60/frame
    MARKED with the marker texture 1813/frame (refused as unsafe 0/frame, 4351 SetTexture calls/frame, marker created)
    albedo: moved off stage 0 164/frame, blanked 60/frame, restored from mesh cache 194/frame (4096 meshes cached) | RT textures known 110 | lights 33.6/frame (24 shaders)
    camera 88.4 149.0 40.3 | distinct cameras this frame 1 (max 1) | transform writes 512/frame | redundant state calls dropped 15811/frame
    world matrix changes 511/frame | objTM used without a fresh upload 0/frame | uv matrix writes 19/frame (last scale 0.00098, 0.00098)
    TIMING: frame 22.9 ms avg (44 fps), worst 77 ms | shim 12.43 ms avg (54.3% of frame), worst 20.7 ms
    TIMING tail: 12 frames >=33 ms, 0 >=100 ms in this window of 600 | inside real Present 2.30 ms avg, worst 42.2 ms | our other hooks 0.00 ms avg
    converted -> target 14D8EAD0 1280x720 fmt=34 : 20 draws/frame
    converted -> target 14D985D8 1280x720 fmt=113 : 537 draws/frame
    converted -> target 14D8F0A0 1280x720 fmt=113 : 5 draws/frame
    converted -> target 14D8EDB8 1280x720 fmt=21 : 0 draws/frame
    converted -> target 039BD008 1280x720 fmt=22 : 0 draws/frame
    converted -> target 50EE7EB0 2560x1440 fmt=34 : 5 draws/frame
    converted -> target 50EEAA48 2560x1440 fmt=113 : 141 draws/frame
    converted -> target 50EE6678 2560x1440 fmt=113 : 2 draws/frame
    converted -> target 50EE6770 2560x1440 fmt=21 : 0 draws/frame
camera: pos 88.4 149.0 40.3 | proj _11=1.3169 _22=2.3412 _33=1.00001 _43=-0.15 (aspect 1.778)
camera: pos 88.4 149.0 40.3 | proj _11=1.3383 _22=2.3792 _33=1.00001 _43=-0.15 (aspect 1.778)
camera: pos 88.4 149.0 40.3 | proj _11=1.3743 _22=2.4431 _33=1.00001 _43=-0.15 (aspect 1.778)
camera: pos 88.4 149.0 40.3 | proj _11=1.4235 _22=2.5306 _33=1.00001 _43=-0.15 (aspect 1.778)
camera: pos 88.4 149.0 40.3 | proj _11=1.4844 _22=2.6389 _33=1.00001 _43=-0.15 (aspect 1.778)
camera: pos 88.4 149.0 40.3 | proj _11=1.5362 _22=2.7310 _33=1.00001 _43=-0.15 (aspect 1.778)
camera: pos 88.4 149.0 40.3 | proj _11=1.5710 _22=2.7929 _33=1.00001 _43=-0.15 (aspect 1.778)
camera: pos 88.4 149.0 40.3 | proj _11=1.5966 _22=2.8383 _33=1.00001 _43=-0.15 (aspect 1.778)
camera: pos 88.4 149.0 40.3 | proj _11=1.6081 _22=2.8589 _33=1.00001 _43=-0.15 (aspect 1.778)
camera: pos 92.5 147.4 26.9 | proj _11=1.5971 _22=2.8392 _33=1.00001 _43=-0.15 (aspect 1.778)
camera: pos 92.3 147.4 26.8 | proj _11=1.5847 _22=2.8172 _33=1.00001 _43=-0.15 (aspect 1.778)
camera: pos 92.4 147.3 26.5 | proj _11=1.5733 _22=2.7970 _33=1.00001 _43=-0.15 (aspect 1.778)
camera: pos 92.5 147.1 26.3 | proj _11=1.5611 _22=2.7752 _33=1.00001 _43=-0.15 (aspect 1.778)
camera: pos 93.0 147.0 26.2 | proj _11=1.5497 _22=2.7550 _33=1.00001 _43=-0.15 (aspect 1.778)
camera: pos 93.5 147.1 26.0 | proj _11=1.5377 _22=2.7337 _33=1.00001 _43=-0.15 (aspect 1.778)
camera: pos 94.0 147.0 25.8 | proj _11=1.5261 _22=2.7131 _33=1.00001 _43=-0.15 (aspect 1.778)
camera: pos 94.4 146.9 25.5 | proj _11=1.5139 _22=2.6914 _33=1.00001 _43=-0.15 (aspect 1.778)
camera: pos 94.7 147.0 25.3 | proj _11=1.5028 _22=2.6716 _33=1.00001 _43=-0.15 (aspect 1.778)
camera: pos 94.9 147.0 25.1 | proj _11=1.4913 _22=2.6511 _33=1.00001 _43=-0.15 (aspect 1.778)
camera: pos 95.0 147.0 24.9 | proj _11=1.4795 _22=2.6302 _33=1.00001 _43=-0.15 (aspect 1.778)
camera: pos 95.1 147.0 24.7 | proj _11=1.4927 _22=2.6536 _33=1.00001 _43=-0.15 (aspect 1.778)
camera: pos 95.1 147.0 24.7 | proj _11=1.5062 _22=2.6776 _33=1.00001 _43=-0.15 (aspect 1.778)
camera: pos 95.1 147.1 24.6 | proj _11=1.5193 _22=2.7010 _33=1.00001 _43=-0.15 (aspect 1.778)
camera: pos 94.6 147.2 24.2 | proj _11=1.5086 _22=2.6819 _33=1.00001 _43=-0.15 (aspect 1.778)
camera: pos 94.6 147.3 23.6 | proj _11=1.4952 _22=2.6581 _33=1.00001 _43=-0.15 (aspect 1.778)
camera: pos 94.4 147.3 23.0 | proj _11=1.4821 _22=2.6348 _33=1.00001 _43=-0.15 (aspect 1.778)
camera: pos 94.4 147.1 22.4 | proj _11=1.4691 _22=2.6117 _33=1.00001 _43=-0.15 (aspect 1.778)
camera: pos 94.5 146.5 21.7 | proj _11=1.4557 _22=2.5879 _33=1.00001 _43=-0.15 (aspect 1.778)
camera: pos 94.5 145.9 21.1 | proj _11=1.4435 _22=2.5661 _33=1.00001 _43=-0.15 (aspect 1.778)
camera: pos 94.9 145.9 20.5 | proj _11=1.4307 _22=2.5434 _33=1.00001 _43=-0.15 (aspect 1.778)
camera: pos 95.0 145.9 19.9 | proj _11=1.4184 _22=2.5215 _33=1.00001 _43=-0.15 (aspect 1.778)
camera: pos 95.1 145.9 19.2 | proj _11=1.4063 _22=2.5000 _33=1.00001 _43=-0.15 (aspect 1.778)
camera: pos 95.1 145.9 18.6 | proj _11=1.3942 _22=2.4785 _33=1.00001 _43=-0.15 (aspect 1.778)
camera: pos 95.2 145.9 17.9 | proj _11=1.3826 _22=2.4579 _33=1.00001 _43=-0.15 (aspect 1.778)
camera: pos 95.2 145.9 17.2 | proj _11=1.3696 _22=2.4348 _33=1.00001 _43=-0.15 (aspect 1.778)
camera: pos 95.3 146.0 16.5 | proj _11=1.3578 _22=2.4138 _33=1.00001 _43=-0.15 (aspect 1.778)
camera: pos 95.2 146.2 15.7 | proj _11=1.3462 _22=2.3932 _33=1.00001 _43=-0.15 (aspect 1.778)
camera: pos 95.2 146.6 15.2 | proj _11=1.3351 _22=2.3734 _33=1.00001 _43=-0.15 (aspect 1.778)
camera: pos 95.3 147.0 14.7 | proj _11=1.3240 _22=2.3537 _33=1.00001 _43=-0.15 (aspect 1.778)
camera: pos 95.3 147.3 14.3 | proj _11=1.3129 _22=2.3340 _33=1.00001 _43=-0.15 (aspect 1.778)
camera: pos 95.4 147.7 13.9 | proj _11=1.3020 _22=2.3146 _33=1.00001 _43=-0.15 (aspect 1.778)
frame 18000 | draws 2661/frame | FFP converted 763/frame (28.7%)
    not converted: screen-space 61  skinned 0  ortho 0  vertex-format 10  untextured 1245  instanced 0  mirrored 0  other-camera 276  no camera 0  other 0 (per frame)
    prepasses hidden: sampler-less 1245/frame, stipple-with-no-colour 225/frame (these used to convert WHITE) | post/composite quads marked 61/frame
    constant-colour materials (no diffuse map, albedo from the shader's own constant) 65/frame | HUD quads demoted to UI 0/frame | back-buffer clears 1/frame | sky draws 55/frame | UI-pass draws converted 0/frame
    instancing: 816 converted from the instance stream/frame, 0 refused/frame (largest single draw 1 instances, 0.9 buffer writes snooped/frame)
    SKINNING: 91 skinned/frame, 43 refused/frame, 0 exact duplicates dropped/frame | 75 meshes decoded, 75 cached, 0 cache flushes
    ALBEDO stage 0 taken raw (no shader reflection) 0/frame
    ALBEDO: constant-only 65/frame, tinted fallback 0/frame, genuinely blank 0/frame (of 65 rank-0 draws/frame)
    ALBEDO WHITE (previously uncounted): named-but-not-bound 0/frame, render-target exclusion left nothing 0/frame | colourless passes now hidden 27/frame
    SKIPPED entirely 0/frame (mode 3) | demoted to UI overlay 0/frame | no-albedo materials left to Remix 65/frame
    MARKED with the marker texture 1833/frame (refused as unsafe 0/frame, 4394 SetTexture calls/frame, marker created)
    albedo: moved off stage 0 163/frame, blanked 65/frame, restored from mesh cache 196/frame (4096 meshes cached) | RT textures known 110 | lights 33.8/frame (24 shaders)
    camera 95.7 148.4 12.4 | distinct cameras this frame 1 (max 1) | transform writes 518/frame | redundant state calls dropped 15976/frame
    world matrix changes 516/frame | objTM used without a fresh upload 0/frame | uv matrix writes 19/frame (last scale 0.00098, 0.00098)
    TIMING: frame 23.0 ms avg (43 fps), worst 36 ms | shim 12.40 ms avg (53.9% of frame), worst 17.5 ms
    TIMING tail: 1 frames >=33 ms, 0 >=100 ms in this window of 600 | inside real Present 2.23 ms avg, worst 4.5 ms | our other hooks 0.00 ms avg
    converted -> target 14D8EAD0 1280x720 fmt=34 : 19 draws/frame
    converted -> target 14D985D8 1280x720 fmt=113 : 519 draws/frame
    converted -> target 14D8F0A0 1280x720 fmt=113 : 5 draws/frame
    converted -> target 14D8EDB8 1280x720 fmt=21 : 0 draws/frame
    converted -> target 039BD008 1280x720 fmt=22 : 0 draws/frame
    converted -> target 50EE7EB0 2560x1440 fmt=34 : 6 draws/frame
    converted -> target 50EEAA48 2560x1440 fmt=113 : 168 draws/frame
    converted -> target 50EE6678 2560x1440 fmt=113 : 2 draws/frame
    converted -> target 50EE6770 2560x1440 fmt=21 : 0 draws/frame
camera: pos 120.3 140.4 242.0 | proj _11=1.2887 _22=2.2909 _33=1.00001 _43=-0.15 (aspect 1.778)
camera: pos 120.9 139.1 241.6 | proj _11=1.2726 _22=2.2623 _33=1.00001 _43=-0.15 (aspect 1.778)
camera: pos 121.2 138.3 241.3 | proj _11=1.2550 _22=2.2310 _33=1.00001 _43=-0.15 (aspect 1.778)
camera: pos 121.4 137.5 241.1 | proj _11=1.2371 _22=2.1993 _33=1.00001 _43=-0.15 (aspect 1.778)
camera: pos 121.7 136.7 240.9 | proj _11=1.2200 _22=2.1688 _33=1.00001 _43=-0.15 (aspect 1.778)
camera: pos 121.9 135.8 240.7 | proj _11=1.2027 _22=2.1381 _33=1.00001 _43=-0.15 (aspect 1.778)
camera: pos 122.1 134.9 240.5 | proj _11=1.1861 _22=2.1086 _33=1.00001 _43=-0.15 (aspect 1.778)
camera: pos 122.4 134.0 240.3 | proj _11=1.1692 _22=2.0785 _33=1.00001 _43=-0.15 (aspect 1.778)
camera: pos 122.6 133.1 240.1 | proj _11=1.1531 _22=2.0499 _33=1.00001 _43=-0.15 (aspect 1.778)
camera: pos 122.8 132.1 240.0 | proj _11=1.1370 _22=2.0212 _33=1.00001 _43=-0.15 (aspect 1.778)
camera: pos 122.9 131.6 239.9 | proj _11=1.1206 _22=1.9921 _33=1.00001 _43=-0.15 (aspect 1.778)
camera: pos 123.0 131.2 239.8 | proj _11=1.1056 _22=1.9655 _33=1.00001 _43=-0.15 (aspect 1.778)
camera: pos 123.1 130.7 239.7 | proj _11=1.0909 _22=1.9393 _33=1.00001 _43=-0.15 (aspect 1.778)
camera: pos 123.2 130.2 239.7 | proj _11=1.0760 _22=1.9128 _33=1.00001 _43=-0.15 (aspect 1.778)
camera: pos 123.2 129.7 239.6 | proj _11=1.0624 _22=1.8887 _33=1.00001 _43=-0.15 (aspect 1.778)
camera: pos 123.3 129.2 239.5 | proj _11=1.0498 _22=1.8663 _33=1.00001 _43=-0.15 (aspect 1.778)
camera: pos 123.4 128.7 239.5 | proj _11=1.0374 _22=1.8442 _33=1.00001 _43=-0.15 (aspect 1.778)
camera: pos 123.5 128.2 239.4 | proj _11=1.0251 _22=1.8223 _33=1.00001 _43=-0.15 (aspect 1.778)
camera: pos 123.5 127.7 239.3 | proj _11=1.0137 _22=1.8021 _33=1.00001 _43=-0.15 (aspect 1.778)
camera: pos 123.6 127.1 239.3 | proj _11=1.0024 _22=1.7821 _33=1.00001 _43=-0.15 (aspect 1.778)
camera: pos 123.7 126.6 239.2 | proj _11=0.9911 _22=1.7619 _33=1.00001 _43=-0.15 (aspect 1.778)
camera: pos 123.7 126.0 239.2 | proj _11=0.9804 _22=1.7428 _33=1.00001 _43=-0.15 (aspect 1.778)
camera: pos 123.8 125.5 239.1 | proj _11=0.9701 _22=1.7247 _33=1.00001 _43=-0.15 (aspect 1.778)
camera: pos 123.8 124.9 239.0 | proj _11=0.9601 _22=1.7068 _33=1.00001 _43=-0.15 (aspect 1.778)
camera: pos 123.9 124.3 239.0 | proj _11=0.9498 _22=1.6885 _33=1.00001 _43=-0.15 (aspect 1.778)
camera: pos 124.0 123.2 238.8 | proj _11=0.9305 _22=1.6542 _33=1.00001 _43=-0.15 (aspect 1.778)
camera: pos 124.1 122.0 238.6 | proj _11=0.9128 _22=1.6228 _33=1.00001 _43=-0.15 (aspect 1.778)
camera: pos 124.2 120.8 238.5 | proj _11=0.8950 _22=1.5910 _33=1.00001 _43=-0.15 (aspect 1.778)
camera: pos 124.3 119.6 238.3 | proj _11=0.8843 _22=1.5720 _33=1.00001 _43=-0.15 (aspect 1.778)
camera: pos 124.5 116.2 238.0 | proj _11=0.8741 _22=1.5539 _33=1.00001 _43=-0.15 (aspect 1.778)
camera: pos 124.6 110.6 237.7 | proj _11=0.8640 _22=1.5360 _33=1.00001 _43=-0.15 (aspect 1.778)
camera: pos 123.4 97.7 237.1 | proj _11=0.8539 _22=1.5180 _33=1.00001 _43=-0.15 (aspect 1.778)
camera: pos 114.0 66.2 235.8 | proj _11=0.8437 _22=1.4999 _33=1.00001 _43=-0.15 (aspect 1.778)
camera: pos 113.3 64.8 235.8 | proj _11=0.8319 _22=1.4789 _33=1.00001 _43=-0.15 (aspect 1.778)
camera: pos 112.7 63.6 235.9 | proj _11=0.8190 _22=1.4560 _33=1.00001 _43=-0.15 (aspect 1.778)
camera: pos 112.1 62.5 235.9 | proj _11=0.8059 _22=1.4326 _33=1.00001 _43=-0.15 (aspect 1.778)
camera: pos 111.4 61.5 236.0 | proj _11=0.7935 _22=1.4106 _33=1.00001 _43=-0.15 (aspect 1.778)
camera: pos 110.7 60.6 236.1 | proj _11=0.7818 _22=1.3898 _33=1.00001 _43=-0.15 (aspect 1.778)
camera: pos 110.1 59.7 236.1 | proj _11=0.7701 _22=1.3691 _33=1.00001 _43=-0.15 (aspect 1.778)
camera: pos 109.5 58.9 236.2 | proj _11=0.7587 _22=1.3488 _33=1.00001 _43=-0.15 (aspect 1.778)
camera: pos 108.8 58.2 236.2 | proj _11=0.7474 _22=1.3287 _33=1.00001 _43=-0.15 (aspect 1.778)
camera: pos 108.1 57.4 236.3 | proj _11=0.7358 _22=1.3081 _33=1.00001 _43=-0.15 (aspect 1.778)
camera: pos 107.5 56.6 236.3 | proj _11=0.7237 _22=1.2865 _33=1.00001 _43=-0.15 (aspect 1.778)
camera: pos 106.7 55.8 236.4 | proj _11=0.7115 _22=1.2648 _33=1.00001 _43=-0.15 (aspect 1.778)
camera: pos 106.2 54.8 236.6 | proj _11=0.6989 _22=1.2425 _33=1.00001 _43=-0.15 (aspect 1.778)
camera: pos 105.7 53.9 236.7 | proj _11=0.6865 _22=1.2203 _33=1.00001 _43=-0.15 (aspect 1.778)
camera: pos 105.2 53.0 236.8 | proj _11=0.6744 _22=1.1989 _33=1.00001 _43=-0.15 (aspect 1.778)
camera: pos 104.5 52.3 236.9 | proj _11=0.6623 _22=1.1774 _33=1.00001 _43=-0.15 (aspect 1.778)
camera: pos 103.9 51.6 236.9 | proj _11=0.6521 _22=1.1593 _33=1.00001 _43=-0.15 (aspect 1.778)
camera: pos 93.3 38.7 235.8 | proj _11=0.6630 _22=1.1787 _33=1.00001 _43=-0.15 (aspect 1.778)
camera: pos 92.4 37.5 235.7 | proj _11=0.6771 _22=1.2037 _33=1.00001 _43=-0.15 (aspect 1.778)
camera: pos 91.4 36.5 235.5 | proj _11=0.6887 _22=1.2243 _33=1.00001 _43=-0.15 (aspect 1.778)
camera: pos 90.4 35.4 235.4 | proj _11=0.6988 _22=1.2423 _33=1.00001 _43=-0.15 (aspect 1.778)
camera: pos 89.1 34.0 235.2 | proj _11=0.7102 _22=1.2626 _33=1.00001 _43=-0.15 (aspect 1.778)
camera: pos 87.6 32.3 234.9 | proj _11=0.7209 _22=1.2816 _33=1.00001 _43=-0.15 (aspect 1.778)
camera: pos 84.8 29.3 234.5 | proj _11=0.7096 _22=1.2615 _33=1.00001 _43=-0.15 (aspect 1.778)
camera: pos 83.9 28.3 234.4 | proj _11=0.6988 _22=1.2422 _33=1.00001 _43=-0.15 (aspect 1.778)
camera: pos 82.5 26.9 234.3 | proj _11=0.6867 _22=1.2208 _33=1.00001 _43=-0.15 (aspect 1.778)
camera: pos 80.7 24.9 234.2 | proj _11=0.6758 _22=1.2013 _33=1.00001 _43=-0.15 (aspect 1.778)
camera: pos 77.7 21.4 234.1 | proj _11=0.6650 _22=1.1822 _33=1.00001 _43=-0.15 (aspect 1.778)
camera: pos 73.4 12.3 233.9 | proj _11=0.6549 _22=1.1643 _33=1.00001 _43=-0.15 (aspect 1.778)
camera: pos 73.2 11.7 233.9 | proj _11=0.7501 _22=1.3334 _33=1.00001 _43=-0.15 (aspect 1.778)
camera: pos 73.1 11.6 233.5 | proj _11=0.7833 _22=1.3926 _33=1.00001 _43=-0.15 (aspect 1.778)
camera: pos 73.0 11.5 233.4 | proj _11=0.8192 _22=1.4564 _33=1.00001 _43=-0.15 (aspect 1.778)
camera: pos 72.9 11.4 233.3 | proj _11=0.8577 _22=1.5247 _33=1.00001 _43=-0.15 (aspect 1.778)
camera: pos 72.8 11.2 233.1 | proj _11=0.8970 _22=1.5946 _33=1.00001 _43=-0.15 (aspect 1.778)
camera: pos 72.7 11.1 233.0 | proj _11=0.9356 _22=1.6633 _33=1.00001 _43=-0.15 (aspect 1.778)
camera: pos 72.6 11.0 232.9 | proj _11=0.9764 _22=1.7358 _33=1.00001 _43=-0.15 (aspect 1.778)
camera: pos 72.5 10.8 232.8 | proj _11=1.0174 _22=1.8087 _33=1.00001 _43=-0.15 (aspect 1.778)
camera: pos 72.4 10.7 232.7 | proj _11=1.0629 _22=1.8896 _33=1.00001 _43=-0.15 (aspect 1.778)
camera: pos 72.3 10.6 232.5 | proj _11=1.1112 _22=1.9755 _33=1.00001 _43=-0.15 (aspect 1.778)
camera: pos 72.2 10.4 232.4 | proj _11=1.1628 _22=2.0672 _33=1.00001 _43=-0.15 (aspect 1.778)
camera: pos 72.1 10.2 232.2 | proj _11=1.2200 _22=2.1688 _33=1.00001 _43=-0.15 (aspect 1.778)
camera: pos 72.0 10.0 232.0 | proj _11=1.2802 _22=2.2758 _33=1.00001 _43=-0.15 (aspect 1.778)
camera: pos 72.0 9.9 231.8 | proj _11=1.3481 _22=2.3966 _33=1.00001 _43=-0.15 (aspect 1.778)
camera: pos 71.9 9.7 231.6 | proj _11=1.4173 _22=2.5197 _33=1.00001 _43=-0.15 (aspect 1.778)
camera: pos 71.9 9.6 231.4 | proj _11=1.4922 _22=2.6528 _33=1.00001 _43=-0.15 (aspect 1.778)
camera: pos 71.8 9.5 231.3 | proj _11=1.5757 _22=2.8012 _33=1.00001 _43=-0.15 (aspect 1.778)
camera: pos 71.8 9.5 231.3 | proj _11=1.6085 _22=2.8594 _33=1.00001 _43=-0.15 (aspect 1.778)
camera: pos 68.3 8.7 231.0 | proj _11=1.5945 _22=2.8346 _33=1.00001 _43=-0.15 (aspect 1.778)
camera: pos 68.1 8.7 231.3 | proj _11=1.5811 _22=2.8108 _33=1.00001 _43=-0.15 (aspect 1.778)
camera: pos 67.8 8.7 231.7 | proj _11=1.5674 _22=2.7865 _33=1.00001 _43=-0.15 (aspect 1.778)
camera: pos 67.5 8.7 232.1 | proj _11=1.5541 _22=2.7627 _33=1.00001 _43=-0.15 (aspect 1.778)
camera: pos 67.2 8.5 232.6 | proj _11=1.5412 _22=2.7399 _33=1.00001 _43=-0.15 (aspect 1.778)
camera: pos 66.9 8.5 232.8 | proj _11=1.5289 _22=2.7180 _33=1.00001 _43=-0.15 (aspect 1.778)
camera: pos 66.6 8.6 233.2 | proj _11=1.5162 _22=2.6953 _33=1.00001 _43=-0.15 (aspect 1.778)
camera: pos 66.3 8.5 233.5 | proj _11=1.5023 _22=2.6707 _33=1.00001 _43=-0.15 (aspect 1.778)
camera: pos 66.0 8.6 234.0 | proj _11=1.4905 _22=2.6497 _33=1.00001 _43=-0.15 (aspect 1.778)
camera: pos 65.7 8.6 234.4 | proj _11=1.4785 _22=2.6284 _33=1.00001 _43=-0.15 (aspect 1.778)
camera: pos 65.4 8.6 234.9 | proj _11=1.4660 _22=2.6062 _33=1.00001 _43=-0.15 (aspect 1.778)
camera: pos 65.1 8.7 235.3 | proj _11=1.4547 _22=2.5860 _33=1.00001 _43=-0.15 (aspect 1.778)
camera: pos 64.7 8.7 235.8 | proj _11=1.4430 _22=2.5652 _33=1.00001 _43=-0.15 (aspect 1.778)
camera: pos 64.4 8.7 236.2 | proj _11=1.4317 _22=2.5451 _33=1.00001 _43=-0.15 (aspect 1.778)
camera: pos 64.1 8.7 236.6 | proj _11=1.4199 _22=2.5243 _33=1.00001 _43=-0.15 (aspect 1.778)
camera: pos 63.7 8.7 237.0 | proj _11=1.4084 _22=2.5038 _33=1.00001 _43=-0.15 (aspect 1.778)
camera: pos 63.4 8.7 237.4 | proj _11=1.3973 _22=2.4840 _33=1.00001 _43=-0.15 (aspect 1.778)
camera: pos 62.0 9.0 237.8 | proj _11=1.3861 _22=2.4641 _33=1.00001 _43=-0.15 (aspect 1.778)
camera: pos 61.6 9.0 238.2 | proj _11=1.3743 _22=2.4432 _33=1.00001 _43=-0.15 (aspect 1.778)
camera: pos 61.8 8.9 238.5 | proj _11=1.3629 _22=2.4230 _33=1.00001 _43=-0.15 (aspect 1.778)
camera: pos 61.4 8.8 238.9 | proj _11=1.3516 _22=2.4028 _33=1.00001 _43=-0.15 (aspect 1.778)
camera: pos 60.5 8.8 239.3 | proj _11=1.3409 _22=2.3838 _33=1.00001 _43=-0.15 (aspect 1.778)
camera: pos 59.7 8.9 239.7 | proj _11=1.3301 _22=2.3645 _33=1.00001 _43=-0.15 (aspect 1.778)
camera: pos 59.6 8.8 240.0 | proj _11=1.3199 _22=2.3464 _33=1.00001 _43=-0.15 (aspect 1.778)
camera: pos 59.9 8.5 240.4 | proj _11=1.3050 _22=2.3199 _33=1.00001 _43=-0.15 (aspect 1.778)
camera: pos 58.9 8.4 242.0 | proj _11=1.3274 _22=2.3598 _33=1.00001 _43=-0.15 (aspect 1.778)
camera: pos 58.9 8.3 242.1 | proj _11=1.3425 _22=2.3867 _33=1.00001 _43=-0.15 (aspect 1.778)
camera: pos 58.8 8.3 242.2 | proj _11=1.3588 _22=2.4157 _33=1.00001 _43=-0.15 (aspect 1.778)
camera: pos 58.8 8.3 242.3 | proj _11=1.3778 _22=2.4493 _33=1.00001 _43=-0.15 (aspect 1.778)
camera: pos 58.7 8.3 242.4 | proj _11=1.3947 _22=2.4793 _33=1.00001 _43=-0.15 (aspect 1.778)
camera: pos 58.7 8.3 242.5 | proj _11=1.4112 _22=2.5088 _33=1.00001 _43=-0.15 (aspect 1.778)
camera: pos 58.6 8.3 242.6 | proj _11=1.4277 _22=2.5381 _33=1.00001 _43=-0.15 (aspect 1.778)
camera: pos 58.5 8.3 242.7 | proj _11=1.4447 _22=2.5682 _33=1.00001 _43=-0.15 (aspect 1.778)
camera: pos 58.4 8.3 242.8 | proj _11=1.4620 _22=2.5990 _33=1.00001 _43=-0.15 (aspect 1.778)
camera: pos 58.3 8.3 242.9 | proj _11=1.4796 _22=2.6303 _33=1.00001 _43=-0.15 (aspect 1.778)
camera: pos 58.2 8.3 243.0 | proj _11=1.4970 _22=2.6612 _33=1.00001 _43=-0.15 (aspect 1.778)
camera: pos 58.1 8.3 243.1 | proj _11=1.5135 _22=2.6907 _33=1.00001 _43=-0.15 (aspect 1.778)
camera: pos 58.0 8.3 243.2 | proj _11=1.5313 _22=2.7222 _33=1.00001 _43=-0.15 (aspect 1.778)
camera: pos 57.9 8.3 243.3 | proj _11=1.5496 _22=2.7549 _33=1.00001 _43=-0.15 (aspect 1.778)
camera: pos 57.8 8.3 243.4 | proj _11=1.5679 _22=2.7873 _33=1.00001 _43=-0.15 (aspect 1.778)
camera: pos 57.8 8.3 243.5 | proj _11=1.5867 _22=2.8208 _33=1.00001 _43=-0.15 (aspect 1.778)
camera: pos 57.7 8.3 243.7 | proj _11=1.6050 _22=2.8533 _33=1.00001 _43=-0.15 (aspect 1.778)
frame 18600 | draws 2689/frame | FFP converted 774/frame (28.8%)
    not converted: screen-space 60  skinned 0  ortho 0  vertex-format 10  untextured 1253  instanced 0  mirrored 0  other-camera 281  no camera 0  other 0 (per frame)
    prepasses hidden: sampler-less 1253/frame, stipple-with-no-colour 227/frame (these used to convert WHITE) | post/composite quads marked 60/frame
    constant-colour materials (no diffuse map, albedo from the shader's own constant) 65/frame | HUD quads demoted to UI 0/frame | back-buffer clears 1/frame | sky draws 55/frame | UI-pass draws converted 0/frame
    instancing: 829 converted from the instance stream/frame, 0 refused/frame (largest single draw 1 instances, 0.9 buffer writes snooped/frame)
    SKINNING: 92 skinned/frame, 44 refused/frame, 0 exact duplicates dropped/frame | 92 meshes decoded, 92 cached, 0 cache flushes
    ALBEDO stage 0 taken raw (no shader reflection) 0/frame
    ALBEDO: constant-only 65/frame, tinted fallback 0/frame, genuinely blank 0/frame (of 65 rank-0 draws/frame)
    ALBEDO WHITE (previously uncounted): named-but-not-bound 0/frame, render-target exclusion left nothing 0/frame | colourless passes now hidden 29/frame
    SKIPPED entirely 0/frame (mode 3) | demoted to UI overlay 0/frame | no-albedo materials left to Remix 65/frame
    MARKED with the marker texture 1850/frame (refused as unsafe 0/frame, 4420 SetTexture calls/frame, marker created)
    albedo: moved off stage 0 167/frame, blanked 65/frame, restored from mesh cache 200/frame (4096 meshes cached) | RT textures known 110 | lights 33.1/frame (24 shaders)
    camera 56.2 8.3 246.7 | distinct cameras this frame 1 (max 1) | transform writes 525/frame | redundant state calls dropped 16209/frame
    world matrix changes 523/frame | objTM used without a fresh upload 0/frame | uv matrix writes 19/frame (last scale 0.00098, 0.00098)
    TIMING: frame 23.1 ms avg (43 fps), worst 52 ms | shim 12.49 ms avg (54.0% of frame), worst 28.8 ms
    TIMING tail: 44 frames >=33 ms, 0 >=100 ms in this window of 600 | inside real Present 2.17 ms avg, worst 18.5 ms | our other hooks 0.00 ms avg
    converted -> target 14D8EAD0 1280x720 fmt=34 : 18 draws/frame
    converted -> target 14D985D8 1280x720 fmt=113 : 503 draws/frame
    converted -> target 14D8F0A0 1280x720 fmt=113 : 5 draws/frame
    converted -> target 14D8EDB8 1280x720 fmt=21 : 0 draws/frame
    converted -> target 039BD008 1280x720 fmt=22 : 0 draws/frame
    converted -> target 50EE7EB0 2560x1440 fmt=34 : 7 draws/frame
    converted -> target 50EEAA48 2560x1440 fmt=113 : 195 draws/frame
    converted -> target 50EE6678 2560x1440 fmt=113 : 2 draws/frame
    converted -> target 50EE6770 2560x1440 fmt=21 : 0 draws/frame
camera: pos 40.9 8.3 242.6 | proj _11=1.5908 _22=2.8281 _33=1.00001 _43=-0.15 (aspect 1.778)
camera: pos 41.0 8.3 242.1 | proj _11=1.5768 _22=2.8032 _33=1.00001 _43=-0.15 (aspect 1.778)
camera: pos 41.1 8.3 241.6 | proj _11=1.5626 _22=2.7780 _33=1.00001 _43=-0.15 (aspect 1.778)
camera: pos 41.1 8.3 241.2 | proj _11=1.5485 _22=2.7528 _33=1.00001 _43=-0.15 (aspect 1.778)
camera: pos 41.2 8.3 240.7 | proj _11=1.5347 _22=2.7283 _33=1.00001 _43=-0.15 (aspect 1.778)
camera: pos 41.2 8.3 240.4 | proj _11=1.5213 _22=2.7045 _33=1.00001 _43=-0.15 (aspect 1.778)
camera: pos 41.0 8.3 240.2 | proj _11=1.5080 _22=2.6808 _33=1.00001 _43=-0.15 (aspect 1.778)
camera: pos 40.8 8.3 240.5 | proj _11=1.4977 _22=2.6625 _33=1.00001 _43=-0.15 (aspect 1.778)
camera: pos 41.1 8.3 241.1 | proj _11=1.4821 _22=2.6348 _33=1.00001 _43=-0.15 (aspect 1.778)
camera: pos 42.0 8.3 242.2 | proj _11=1.4677 _22=2.6092 _33=1.00001 _43=-0.15 (aspect 1.778)
camera: pos 43.1 8.4 242.1 | proj _11=1.4551 _22=2.5868 _33=1.00001 _43=-0.15 (aspect 1.778)
camera: pos 43.7 8.6 241.5 | proj _11=1.4408 _22=2.5613 _33=1.00001 _43=-0.15 (aspect 1.778)
camera: pos 44.1 8.6 240.9 | proj _11=1.4301 _22=2.5423 _33=1.00001 _43=-0.15 (aspect 1.778)
camera: pos 44.5 8.7 240.3 | proj _11=1.4188 _22=2.5222 _33=1.00001 _43=-0.15 (aspect 1.778)
camera: pos 44.8 8.7 239.7 | proj _11=1.4072 _22=2.5017 _33=1.00001 _43=-0.15 (aspect 1.778)
camera: pos 45.0 8.8 239.1 | proj _11=1.3967 _22=2.4830 _33=1.00001 _43=-0.15 (aspect 1.778)
camera: pos 45.1 9.0 238.6 | proj _11=1.3867 _22=2.4651 _33=1.00001 _43=-0.15 (aspect 1.778)
camera: pos 45.1 9.1 238.0 | proj _11=1.3764 _22=2.4469 _33=1.00001 _43=-0.15 (aspect 1.778)
camera: pos 45.0 9.3 237.6 | proj _11=1.3662 _22=2.4288 _33=1.00001 _43=-0.15 (aspect 1.778)
camera: pos 44.9 9.4 237.1 | proj _11=1.3561 _22=2.4108 _33=1.00001 _43=-0.15 (aspect 1.778)
camera: pos 44.5 9.5 236.5 | proj _11=1.3420 _22=2.3857 _33=1.00001 _43=-0.15 (aspect 1.778)
camera: pos 44.2 9.5 236.2 | proj _11=1.3317 _22=2.3674 _33=1.00001 _43=-0.15 (aspect 1.778)
camera: pos 43.8 9.7 235.8 | proj _11=1.3212 _22=2.3488 _33=1.00001 _43=-0.15 (aspect 1.778)
camera: pos 43.4 9.8 235.3 | proj _11=1.3071 _22=2.3237 _33=1.00001 _43=-0.15 (aspect 1.778)
camera: pos 23.9 8.3 212.3 | proj _11=1.3208 _22=2.3480 _33=1.00001 _43=-0.15 (aspect 1.778)
camera: pos 23.8 8.3 212.2 | proj _11=1.3324 _22=2.3686 _33=1.00001 _43=-0.15 (aspect 1.778)
camera: pos 23.7 8.3 212.1 | proj _11=1.3438 _22=2.3889 _33=1.00001 _43=-0.15 (aspect 1.778)
camera: pos 23.7 8.3 212.0 | proj _11=1.3572 _22=2.4127 _33=1.00001 _43=-0.15 (aspect 1.778)
camera: pos 23.7 8.3 211.9 | proj _11=1.3690 _22=2.4338 _33=1.00001 _43=-0.15 (aspect 1.778)
camera: pos 23.6 8.3 211.8 | proj _11=1.3817 _22=2.4563 _33=1.00001 _43=-0.15 (aspect 1.778)
camera: pos 23.6 8.3 211.8 | proj _11=1.3959 _22=2.4816 _33=1.00001 _43=-0.15 (aspect 1.778)
camera: pos 23.6 8.3 211.7 | proj _11=1.4089 _22=2.5046 _33=1.00001 _43=-0.15 (aspect 1.778)
camera: pos 23.5 8.3 211.6 | proj _11=1.4208 _22=2.5258 _33=1.00001 _43=-0.15 (aspect 1.778)
camera: pos 23.5 8.3 211.6 | proj _11=1.4343 _22=2.5498 _33=1.00001 _43=-0.15 (aspect 1.778)
camera: pos 23.5 8.3 211.5 | proj _11=1.4476 _22=2.5735 _33=1.00001 _43=-0.15 (aspect 1.778)
camera: pos 23.5 8.3 211.5 | proj _11=1.4614 _22=2.5980 _33=1.00001 _43=-0.15 (aspect 1.778)
camera: pos 23.4 8.3 211.5 | proj _11=1.4744 _22=2.6211 _33=1.00001 _43=-0.15 (aspect 1.778)
camera: pos 23.4 8.3 211.5 | proj _11=1.4874 _22=2.6442 _33=1.00001 _43=-0.15 (aspect 1.778)
camera: pos 23.4 8.3 211.5 | proj _11=1.5011 _22=2.6685 _33=1.00001 _43=-0.15 (aspect 1.778)
camera: pos 23.4 8.3 211.4 | proj _11=1.5150 _22=2.6933 _33=1.00001 _43=-0.15 (aspect 1.778)
camera: pos 23.4 8.3 211.4 | proj _11=1.5283 _22=2.7169 _33=1.00001 _43=-0.15 (aspect 1.778)
camera: pos 23.3 8.3 211.4 | proj _11=1.5434 _22=2.7437 _33=1.00001 _43=-0.15 (aspect 1.778)
camera: pos 23.3 8.3 211.4 | proj _11=1.5580 _22=2.7696 _33=1.00001 _43=-0.15 (aspect 1.778)
camera: pos 23.3 8.3 211.4 | proj _11=1.5747 _22=2.7994 _33=1.00001 _43=-0.15 (aspect 1.778)
camera: pos 23.3 8.3 211.4 | proj _11=1.5874 _22=2.8220 _33=1.00001 _43=-0.15 (aspect 1.778)
camera: pos 23.3 8.3 211.3 | proj _11=1.6032 _22=2.8500 _33=1.00001 _43=-0.15 (aspect 1.778)
camera: pos 22.4 8.2 214.7 | proj _11=1.5929 _22=2.8318 _33=1.00001 _43=-0.15 (aspect 1.778)
camera: pos 22.3 8.2 215.0 | proj _11=1.5817 _22=2.8119 _33=1.00001 _43=-0.15 (aspect 1.778)
camera: pos 22.2 8.2 215.5 | proj _11=1.5677 _22=2.7870 _33=1.00001 _43=-0.15 (aspect 1.778)
camera: pos 22.1 8.2 215.9 | proj _11=1.5565 _22=2.7671 _33=1.00001 _43=-0.15 (aspect 1.778)
camera: pos 21.9 8.3 216.5 | proj _11=1.5409 _22=2.7394 _33=1.00001 _43=-0.15 (aspect 1.778)
camera: pos 21.7 8.3 217.3 | proj _11=1.5275 _22=2.7156 _33=1.00001 _43=-0.15 (aspect 1.778)
camera: pos 21.5 8.4 217.8 | proj _11=1.5173 _22=2.6974 _33=1.00001 _43=-0.15 (aspect 1.778)
camera: pos 21.2 8.4 218.6 | proj _11=1.5073 _22=2.6795 _33=1.00001 _43=-0.15 (aspect 1.778)
camera: pos 21.0 8.4 219.4 | proj _11=1.4961 _22=2.6598 _33=1.00001 _43=-0.15 (aspect 1.778)
camera: pos 20.8 8.4 220.0 | proj _11=1.4837 _22=2.6377 _33=1.00001 _43=-0.15 (aspect 1.778)
camera: pos 20.6 8.5 220.6 | proj _11=1.4712 _22=2.6154 _33=1.00001 _43=-0.15 (aspect 1.778)
camera: pos 20.5 8.6 221.0 | proj _11=1.4590 _22=2.5938 _33=1.00001 _43=-0.15 (aspect 1.778)
camera: pos 20.3 8.7 221.4 | proj _11=1.4474 _22=2.5731 _33=1.00001 _43=-0.15 (aspect 1.778)
camera: pos 20.2 8.8 221.7 | proj _11=1.4365 _22=2.5536 _33=1.00001 _43=-0.15 (aspect 1.778)
camera: pos 20.0 9.0 222.1 | proj _11=1.4247 _22=2.5327 _33=1.00001 _43=-0.15 (aspect 1.778)
camera: pos 19.9 9.1 222.5 | proj _11=1.4140 _22=2.5137 _33=1.00001 _43=-0.15 (aspect 1.778)
camera: pos 19.7 9.2 222.9 | proj _11=1.4028 _22=2.4938 _33=1.00001 _43=-0.15 (aspect 1.778)
camera: pos 19.6 9.3 223.3 | proj _11=1.3921 _22=2.4748 _33=1.00001 _43=-0.15 (aspect 1.778)
camera: pos 19.4 9.4 223.6 | proj _11=1.3817 _22=2.4564 _33=1.00001 _43=-0.15 (aspect 1.778)
camera: pos 19.2 9.4 224.0 | proj _11=1.3708 _22=2.4370 _33=1.00001 _43=-0.15 (aspect 1.778)
camera: pos 19.1 9.5 224.4 | proj _11=1.3602 _22=2.4181 _33=1.00001 _43=-0.15 (aspect 1.778)
camera: pos 18.9 9.6 224.8 | proj _11=1.3496 _22=2.3993 _33=1.00001 _43=-0.15 (aspect 1.778)
camera: pos 18.8 9.6 225.1 | proj _11=1.3396 _22=2.3814 _33=1.00001 _43=-0.15 (aspect 1.778)
camera: pos 18.6 9.7 225.5 | proj _11=1.3293 _22=2.3631 _33=1.00001 _43=-0.15 (aspect 1.778)
camera: pos 18.3 9.8 226.0 | proj _11=1.3145 _22=2.3369 _33=1.00001 _43=-0.15 (aspect 1.778)
camera: pos 18.1 9.8 226.6 | proj _11=1.2998 _22=2.3107 _33=1.00001 _43=-0.15 (aspect 1.778)
frame 19200 | draws 2665/frame | FFP converted 768/frame (28.8%)
    not converted: screen-space 59  skinned 0  ortho 0  vertex-format 11  untextured 1239  instanced 0  mirrored 0  other-camera 279  no camera 0  other 0 (per frame)
    prepasses hidden: sampler-less 1239/frame, stipple-with-no-colour 224/frame (these used to convert WHITE) | post/composite quads marked 59/frame
    constant-colour materials (no diffuse map, albedo from the shader's own constant) 64/frame | HUD quads demoted to UI 0/frame | back-buffer clears 1/frame | sky draws 54/frame | UI-pass draws converted 0/frame
    instancing: 824 converted from the instance stream/frame, 0 refused/frame (largest single draw 1 instances, 0.9 buffer writes snooped/frame)
    SKINNING: 92 skinned/frame, 44 refused/frame, 0 exact duplicates dropped/frame | 92 meshes decoded, 92 cached, 0 cache flushes
    ALBEDO stage 0 taken raw (no shader reflection) 0/frame
    ALBEDO: constant-only 64/frame, tinted fallback 0/frame, genuinely blank 0/frame (of 64 rank-0 draws/frame)
    ALBEDO WHITE (previously uncounted): named-but-not-bound 0/frame, render-target exclusion left nothing 0/frame | colourless passes now hidden 29/frame
    SKIPPED entirely 0/frame (mode 3) | demoted to UI overlay 0/frame | no-albedo materials left to Remix 64/frame
    MARKED with the marker texture 1831/frame (refused as unsafe 0/frame, 4374 SetTexture calls/frame, marker created)
    albedo: moved off stage 0 166/frame, blanked 64/frame, restored from mesh cache 199/frame (4096 meshes cached) | RT textures known 110 | lights 32.3/frame (24 shaders)
    camera 7.0 10.1 232.7 | distinct cameras this frame 1 (max 1) | transform writes 520/frame | redundant state calls dropped 16093/frame
    world matrix changes 518/frame | objTM used without a fresh upload 0/frame | uv matrix writes 19/frame (last scale 0.00098, 0.00098)
    TIMING: frame 23.2 ms avg (43 fps), worst 63 ms | shim 12.46 ms avg (53.8% of frame), worst 22.2 ms
    TIMING tail: 12 frames >=33 ms, 0 >=100 ms in this window of 600 | inside real Present 2.11 ms avg, worst 39.5 ms | our other hooks 0.00 ms avg
    converted -> target 14D8EAD0 1280x720 fmt=34 : 18 draws/frame
    converted -> target 14D985D8 1280x720 fmt=113 : 487 draws/frame
    converted -> target 14D8F0A0 1280x720 fmt=113 : 5 draws/frame
    converted -> target 14D8EDB8 1280x720 fmt=21 : 0 draws/frame
    converted -> target 039BD008 1280x720 fmt=22 : 0 draws/frame
    converted -> target 50EE7EB0 2560x1440 fmt=34 : 7 draws/frame
    converted -> target 50EEAA48 2560x1440 fmt=113 : 206 draws/frame
    converted -> target 50EE6678 2560x1440 fmt=113 : 2 draws/frame
    converted -> target 50EE6770 2560x1440 fmt=21 : 0 draws/frame
camera: pos -17.6 10.8 220.1 | proj _11=1.3126 _22=2.3334 _33=1.00001 _43=-0.15 (aspect 1.778)
camera: pos -17.6 10.8 220.1 | proj _11=1.3267 _22=2.3586 _33=1.00001 _43=-0.15 (aspect 1.778)
camera: pos -17.6 10.8 220.0 | proj _11=1.3404 _22=2.3829 _33=1.00001 _43=-0.15 (aspect 1.778)
camera: pos -17.5 10.8 220.0 | proj _11=1.3536 _22=2.4064 _33=1.00001 _43=-0.15 (aspect 1.778)
camera: pos -17.5 10.8 219.9 | proj _11=1.3681 _22=2.4321 _33=1.00001 _43=-0.15 (aspect 1.778)
camera: pos -17.5 10.8 219.9 | proj _11=1.3827 _22=2.4580 _33=1.00001 _43=-0.15 (aspect 1.778)
camera: pos -17.4 10.8 219.8 | proj _11=1.3967 _22=2.4829 _33=1.00001 _43=-0.15 (aspect 1.778)
camera: pos -17.5 10.8 219.7 | proj _11=1.4106 _22=2.5078 _33=1.00001 _43=-0.15 (aspect 1.778)
camera: pos -17.8 10.7 219.5 | proj _11=1.4259 _22=2.5348 _33=1.00001 _43=-0.15 (aspect 1.778)
camera: pos -18.0 10.6 219.3 | proj _11=1.4411 _22=2.5619 _33=1.00001 _43=-0.15 (aspect 1.778)
camera: pos -18.2 10.6 219.1 | proj _11=1.4555 _22=2.5874 _33=1.00001 _43=-0.15 (aspect 1.778)
camera: pos -18.4 10.6 218.8 | proj _11=1.4717 _22=2.6163 _33=1.00001 _43=-0.15 (aspect 1.778)
camera: pos -18.7 10.5 218.5 | proj _11=1.4878 _22=2.6449 _33=1.00001 _43=-0.15 (aspect 1.778)
camera: pos -18.8 10.5 218.2 | proj _11=1.5052 _22=2.6758 _33=1.00001 _43=-0.15 (aspect 1.778)
camera: pos -19.0 10.4 217.9 | proj _11=1.5221 _22=2.7059 _33=1.00001 _43=-0.15 (aspect 1.778)
camera: pos -19.1 10.4 217.6 | proj _11=1.5387 _22=2.7355 _33=1.00001 _43=-0.15 (aspect 1.778)
camera: pos -19.3 10.4 217.4 | proj _11=1.5578 _22=2.7693 _33=1.00001 _43=-0.15 (aspect 1.778)
camera: pos -19.5 10.4 217.2 | proj _11=1.5762 _22=2.8020 _33=1.00001 _43=-0.15 (aspect 1.778)
camera: pos -19.6 10.3 216.9 | proj _11=1.5947 _22=2.8349 _33=1.00001 _43=-0.15 (aspect 1.778)
camera: pos -19.7 10.3 216.6 | proj _11=1.6085 _22=2.8594 _33=1.00001 _43=-0.15 (aspect 1.778)
camera: pos -14.1 8.1 207.7 | proj _11=1.5983 _22=2.8414 _33=1.00001 _43=-0.15 (aspect 1.778)
camera: pos -14.0 8.1 207.4 | proj _11=1.5872 _22=2.8217 _33=1.00001 _43=-0.15 (aspect 1.778)
camera: pos -14.0 8.1 207.1 | proj _11=1.5767 _22=2.8030 _33=1.00001 _43=-0.15 (aspect 1.778)
camera: pos -14.0 8.0 206.9 | proj _11=1.5664 _22=2.7846 _33=1.00001 _43=-0.15 (aspect 1.778)
camera: pos -13.9 8.0 206.8 | proj _11=1.5555 _22=2.7652 _33=1.00001 _43=-0.15 (aspect 1.778)
camera: pos -14.0 8.0 206.8 | proj _11=1.5453 _22=2.7472 _33=1.00001 _43=-0.15 (aspect 1.778)
camera: pos -14.0 8.1 206.6 | proj _11=1.5353 _22=2.7293 _33=1.00001 _43=-0.15 (aspect 1.778)
camera: pos -13.9 8.2 206.3 | proj _11=1.5252 _22=2.7113 _33=1.00001 _43=-0.15 (aspect 1.778)
camera: pos -14.0 8.3 205.7 | proj _11=1.5100 _22=2.6844 _33=1.00001 _43=-0.15 (aspect 1.778)
camera: pos -14.1 8.5 205.2 | proj _11=1.4956 _22=2.6587 _33=1.00001 _43=-0.15 (aspect 1.778)
camera: pos -14.4 8.6 204.7 | proj _11=1.4807 _22=2.6322 _33=1.00001 _43=-0.15 (aspect 1.778)
camera: pos -14.6 8.7 204.3 | proj _11=1.4660 _22=2.6062 _33=1.00001 _43=-0.15 (aspect 1.778)
camera: pos -14.8 8.9 203.8 | proj _11=1.4520 _22=2.5813 _33=1.00001 _43=-0.15 (aspect 1.778)
camera: pos -14.8 9.1 203.2 | proj _11=1.4372 _22=2.5550 _33=1.00001 _43=-0.15 (aspect 1.778)
camera: pos -14.7 9.3 202.8 | proj _11=1.4270 _22=2.5368 _33=1.00001 _43=-0.15 (aspect 1.778)
camera: pos -14.7 9.5 202.2 | proj _11=1.4137 _22=2.5132 _33=1.00001 _43=-0.15 (aspect 1.778)
camera: pos -14.6 9.7 201.6 | proj _11=1.4005 _22=2.4897 _33=1.00001 _43=-0.15 (aspect 1.778)
camera: pos -14.6 9.9 201.1 | proj _11=1.3874 _22=2.4665 _33=1.00001 _43=-0.15 (aspect 1.778)
camera: pos -14.6 10.0 200.5 | proj _11=1.3750 _22=2.4445 _33=1.00001 _43=-0.15 (aspect 1.778)
camera: pos -14.8 10.2 200.0 | proj _11=1.3623 _22=2.4219 _33=1.00001 _43=-0.15 (aspect 1.778)
camera: pos -15.0 10.3 199.5 | proj _11=1.3508 _22=2.4013 _33=1.00001 _43=-0.15 (aspect 1.778)
camera: pos -15.1 10.4 199.0 | proj _11=1.3391 _22=2.3806 _33=1.00001 _43=-0.15 (aspect 1.778)
camera: pos -15.1 10.6 198.4 | proj _11=1.3274 _22=2.3598 _33=1.00001 _43=-0.15 (aspect 1.778)
camera: pos -15.1 10.6 197.8 | proj _11=1.3157 _22=2.3390 _33=1.00001 _43=-0.15 (aspect 1.778)
camera: pos -15.0 10.7 197.2 | proj _11=1.3044 _22=2.3188 _33=1.00001 _43=-0.15 (aspect 1.778)
frame 19800 | draws 2689/frame | FFP converted 776/frame (28.9%)
    not converted: screen-space 59  skinned 0  ortho 0  vertex-format 11  untextured 1243  instanced 0  mirrored 0  other-camera 289  no camera 0  other 0 (per frame)
    prepasses hidden: sampler-less 1243/frame, stipple-with-no-colour 226/frame (these used to convert WHITE) | post/composite quads marked 59/frame
    constant-colour materials (no diffuse map, albedo from the shader's own constant) 65/frame | HUD quads demoted to UI 0/frame | back-buffer clears 1/frame | sky draws 54/frame | UI-pass draws converted 0/frame
    instancing: 840 converted from the instance stream/frame, 0 refused/frame (largest single draw 1 instances, 0.9 buffer writes snooped/frame)
    SKINNING: 93 skinned/frame, 45 refused/frame, 0 exact duplicates dropped/frame | 92 meshes decoded, 92 cached, 0 cache flushes
    ALBEDO stage 0 taken raw (no shader reflection) 0/frame
    ALBEDO: constant-only 65/frame, tinted fallback 0/frame, genuinely blank 0/frame (of 65 rank-0 draws/frame)
    ALBEDO WHITE (previously uncounted): named-but-not-bound 0/frame, render-target exclusion left nothing 0/frame | colourless passes now hidden 30/frame
    SKIPPED entirely 0/frame (mode 3) | demoted to UI overlay 0/frame | no-albedo materials left to Remix 65/frame
    MARKED with the marker texture 1848/frame (refused as unsafe 0/frame, 4402 SetTexture calls/frame, marker created)
    albedo: moved off stage 0 169/frame, blanked 65/frame, restored from mesh cache 201/frame (4096 meshes cached) | RT textures known 110 | lights 31.7/frame (24 shaders)
    camera -14.1 10.3 178.0 | distinct cameras this frame 1 (max 1) | transform writes 525/frame | redundant state calls dropped 16258/frame
    world matrix changes 523/frame | objTM used without a fresh upload 0/frame | uv matrix writes 20/frame (last scale 0.00098, 0.00098)
    TIMING: frame 23.3 ms avg (43 fps), worst 70 ms | shim 12.51 ms avg (53.7% of frame), worst 27.0 ms
    TIMING tail: 126 frames >=33 ms, 0 >=100 ms in this window of 600 | inside real Present 2.06 ms avg, worst 39.0 ms | our other hooks 0.00 ms avg
    converted -> target 14D8EAD0 1280x720 fmt=34 : 17 draws/frame
    converted -> target 14D985D8 1280x720 fmt=113 : 472 draws/frame
    converted -> target 14D8F0A0 1280x720 fmt=113 : 5 draws/frame
    converted -> target 14D8EDB8 1280x720 fmt=21 : 0 draws/frame
    converted -> target 039BD008 1280x720 fmt=22 : 0 draws/frame
    converted -> target 50EE7EB0 2560x1440 fmt=34 : 8 draws/frame
    converted -> target 50EEAA48 2560x1440 fmt=113 : 227 draws/frame
    converted -> target 50EE6678 2560x1440 fmt=113 : 2 draws/frame
    converted -> target 50EE6770 2560x1440 fmt=21 : 0 draws/frame
camera: pos -14.2 11.9 166.3 | proj _11=1.3234 _22=2.3527 _33=1.00001 _43=-0.15 (aspect 1.778)
camera: pos -14.0 11.9 166.3 | proj _11=1.3350 _22=2.3733 _33=1.00001 _43=-0.15 (aspect 1.778)
camera: pos -14.1 11.9 166.3 | proj _11=1.3468 _22=2.3942 _33=1.00001 _43=-0.15 (aspect 1.778)
camera: pos -14.1 11.9 166.4 | proj _11=1.3591 _22=2.4161 _33=1.00001 _43=-0.15 (aspect 1.778)
camera: pos -13.9 12.0 166.4 | proj _11=1.3704 _22=2.4362 _33=1.00001 _43=-0.15 (aspect 1.778)
camera: pos -13.7 12.1 166.4 | proj _11=1.3836 _22=2.4597 _33=1.00001 _43=-0.15 (aspect 1.778)
camera: pos -13.6 12.1 166.4 | proj _11=1.3961 _22=2.4820 _33=1.00001 _43=-0.15 (aspect 1.778)
camera: pos -13.4 12.1 166.4 | proj _11=1.4083 _22=2.5036 _33=1.00001 _43=-0.15 (aspect 1.778)
camera: pos -13.3 12.1 166.4 | proj _11=1.4219 _22=2.5279 _33=1.00001 _43=-0.15 (aspect 1.778)
camera: pos -13.1 12.1 166.4 | proj _11=1.4353 _22=2.5515 _33=1.00001 _43=-0.15 (aspect 1.778)
camera: pos -13.0 12.1 166.4 | proj _11=1.4480 _22=2.5742 _33=1.00001 _43=-0.15 (aspect 1.778)
camera: pos -12.9 12.0 166.4 | proj _11=1.4625 _22=2.5999 _33=1.00001 _43=-0.15 (aspect 1.778)
camera: pos -12.8 12.0 166.4 | proj _11=1.4764 _22=2.6247 _33=1.00001 _43=-0.15 (aspect 1.778)
camera: pos -12.6 12.0 166.5 | proj _11=1.4899 _22=2.6486 _33=1.00001 _43=-0.15 (aspect 1.778)
camera: pos -12.5 12.0 166.5 | proj _11=1.5046 _22=2.6749 _33=1.00001 _43=-0.15 (aspect 1.778)
camera: pos -12.4 11.9 166.5 | proj _11=1.5194 _22=2.7012 _33=1.00001 _43=-0.15 (aspect 1.778)
camera: pos -12.3 11.9 166.5 | proj _11=1.5340 _22=2.7271 _33=1.00001 _43=-0.15 (aspect 1.778)
camera: pos -12.3 12.0 166.6 | proj _11=1.5502 _22=2.7559 _33=1.00001 _43=-0.15 (aspect 1.778)
camera: pos -12.2 12.0 166.6 | proj _11=1.5660 _22=2.7839 _33=1.00001 _43=-0.15 (aspect 1.778)
camera: pos -12.2 12.0 166.7 | proj _11=1.5808 _22=2.8103 _33=1.00001 _43=-0.15 (aspect 1.778)
camera: pos -12.3 12.0 166.6 | proj _11=1.5971 _22=2.8393 _33=1.00001 _43=-0.15 (aspect 1.778)
camera: pos -12.2 12.1 166.5 | proj _11=1.6085 _22=2.8594 _33=1.00001 _43=-0.15 (aspect 1.778)
camera: pos -16.4 10.8 165.7 | proj _11=1.5980 _22=2.8409 _33=1.00001 _43=-0.15 (aspect 1.778)
camera: pos -16.1 10.7 165.4 | proj _11=1.5870 _22=2.8213 _33=1.00001 _43=-0.15 (aspect 1.778)
camera: pos -15.9 10.5 165.1 | proj _11=1.5764 _22=2.8024 _33=1.00001 _43=-0.15 (aspect 1.778)
camera: pos -15.7 10.4 164.8 | proj _11=1.5660 _22=2.7840 _33=1.00001 _43=-0.15 (aspect 1.778)
camera: pos -15.5 10.3 164.4 | proj _11=1.5556 _22=2.7655 _33=1.00001 _43=-0.15 (aspect 1.778)
camera: pos -15.4 10.2 164.0 | proj _11=1.5454 _22=2.7473 _33=1.00001 _43=-0.15 (aspect 1.778)
camera: pos -15.3 10.2 163.6 | proj _11=1.5352 _22=2.7293 _33=1.00001 _43=-0.15 (aspect 1.778)
camera: pos -15.2 10.1 163.2 | proj _11=1.5234 _22=2.7083 _33=1.00001 _43=-0.15 (aspect 1.778)
camera: pos -15.1 10.0 162.6 | proj _11=1.5079 _22=2.6807 _33=1.00001 _43=-0.15 (aspect 1.778)
camera: pos -15.0 9.9 162.0 | proj _11=1.4935 _22=2.6551 _33=1.00001 _43=-0.15 (aspect 1.778)
camera: pos -14.9 9.7 161.4 | proj _11=1.4788 _22=2.6289 _33=1.00001 _43=-0.15 (aspect 1.778)
camera: pos -14.9 9.5 161.0 | proj _11=1.4687 _22=2.6110 _33=1.00001 _43=-0.15 (aspect 1.778)
camera: pos -15.1 9.1 160.3 | proj _11=1.4540 _22=2.5849 _33=1.00001 _43=-0.15 (aspect 1.778)
camera: pos -15.3 8.9 159.7 | proj _11=1.4406 _22=2.5611 _33=1.00001 _43=-0.15 (aspect 1.778)
camera: pos -15.6 8.7 159.0 | proj _11=1.4267 _22=2.5364 _33=1.00001 _43=-0.15 (aspect 1.778)
camera: pos -16.2 8.6 158.3 | proj _11=1.4130 _22=2.5120 _33=1.00001 _43=-0.15 (aspect 1.778)
camera: pos -16.6 8.5 157.6 | proj _11=1.3992 _22=2.4874 _33=1.00001 _43=-0.15 (aspect 1.778)
camera: pos -16.9 8.5 157.0 | proj _11=1.3855 _22=2.4630 _33=1.00001 _43=-0.15 (aspect 1.778)
camera: pos -17.2 8.5 156.4 | proj _11=1.3721 _22=2.4392 _33=1.00001 _43=-0.15 (aspect 1.778)
camera: pos -17.6 8.4 155.7 | proj _11=1.3591 _22=2.4162 _33=1.00001 _43=-0.15 (aspect 1.778)
camera: pos -17.7 8.5 154.2 | proj _11=1.3461 _22=2.3930 _33=1.00001 _43=-0.15 (aspect 1.778)
camera: pos -17.7 8.6 153.1 | proj _11=1.3333 _22=2.3703 _33=1.00001 _43=-0.15 (aspect 1.778)
camera: pos -17.7 8.6 152.6 | proj _11=1.3215 _22=2.3493 _33=1.00001 _43=-0.15 (aspect 1.778)
camera: pos -17.7 8.4 152.4 | proj _11=1.3096 _22=2.3282 _33=1.00001 _43=-0.15 (aspect 1.778)
camera: pos -17.4 8.3 152.1 | proj _11=1.2991 _22=2.3095 _33=1.00001 _43=-0.15 (aspect 1.778)
camera: pos -14.8 10.9 137.9 | proj _11=1.3171 _22=2.3414 _33=1.00001 _43=-0.15 (aspect 1.778)
camera: pos -14.8 10.9 137.8 | proj _11=1.3285 _22=2.3618 _33=1.00001 _43=-0.15 (aspect 1.778)
camera: pos -14.8 10.8 137.6 | proj _11=1.3443 _22=2.3899 _33=1.00001 _43=-0.15 (aspect 1.778)
camera: pos -14.8 10.7 137.4 | proj _11=1.3610 _22=2.4195 _33=1.00001 _43=-0.15 (aspect 1.778)
camera: pos -14.8 10.5 137.2 | proj _11=1.3796 _22=2.4525 _33=1.00001 _43=-0.15 (aspect 1.778)
camera: pos -14.7 10.4 137.0 | proj _11=1.3983 _22=2.4858 _33=1.00001 _43=-0.15 (aspect 1.778)
camera: pos -14.7 10.2 136.6 | proj _11=1.4283 _22=2.5391 _33=1.00001 _43=-0.15 (aspect 1.778)
camera: pos -14.7 10.0 136.3 | proj _11=1.4616 _22=2.5983 _33=1.00001 _43=-0.15 (aspect 1.778)
camera: pos -14.7 9.9 136.0 | proj _11=1.4931 _22=2.6543 _33=1.00001 _43=-0.15 (aspect 1.778)
camera: pos -14.4 9.7 135.6 | proj _11=1.5213 _22=2.7046 _33=1.00001 _43=-0.15 (aspect 1.778)
camera: pos -14.1 9.6 135.3 | proj _11=1.5470 _22=2.7502 _33=1.00001 _43=-0.15 (aspect 1.778)
camera: pos -13.7 9.5 134.9 | proj _11=1.5716 _22=2.7939 _33=1.00001 _43=-0.15 (aspect 1.778)
camera: pos -13.3 9.4 134.6 | proj _11=1.5908 _22=2.8280 _33=1.00001 _43=-0.15 (aspect 1.778)
camera: pos -12.9 9.3 134.3 | proj _11=1.6061 _22=2.8552 _33=1.00001 _43=-0.15 (aspect 1.778)
camera: pos -12.5 9.3 134.1 | proj _11=1.6195 _22=2.8790 _33=1.00001 _43=-0.15 (aspect 1.778)
camera: pos -11.7 9.2 133.6 | proj _11=1.6367 _22=2.9097 _33=1.00001 _43=-0.15 (aspect 1.778)
camera: pos -11.0 9.2 133.2 | proj _11=1.6481 _22=2.9299 _33=1.00001 _43=-0.15 (aspect 1.778)
camera: pos -10.8 9.2 132.8 | proj _11=1.6590 _22=2.9493 _33=1.00001 _43=-0.15 (aspect 1.778)
camera: pos -11.8 9.3 131.4 | proj _11=1.6695 _22=2.9679 _33=1.00001 _43=-0.15 (aspect 1.778)
camera: pos -13.2 9.4 129.2 | proj _11=1.6803 _22=2.9872 _33=1.00001 _43=-0.15 (aspect 1.778)
camera: pos -13.5 9.5 127.3 | proj _11=1.6925 _22=3.0088 _33=1.00001 _43=-0.15 (aspect 1.778)
camera: pos -12.7 9.5 125.7 | proj _11=1.7075 _22=3.0355 _33=1.00001 _43=-0.15 (aspect 1.778)
camera: pos -11.9 9.5 124.9 | proj _11=1.7218 _22=3.0609 _33=1.00001 _43=-0.15 (aspect 1.778)
camera: pos -11.6 9.5 124.7 | proj _11=1.7356 _22=3.0854 _33=1.00001 _43=-0.15 (aspect 1.778)
camera: pos -11.5 9.5 124.7 | proj _11=1.7461 _22=3.1040 _33=1.00001 _43=-0.15 (aspect 1.778)
camera: pos -11.6 9.6 124.8 | proj _11=1.7575 _22=3.1244 _33=1.00001 _43=-0.15 (aspect 1.778)
camera: pos -11.6 9.6 125.0 | proj _11=1.7693 _22=3.1454 _33=1.00001 _43=-0.15 (aspect 1.778)
camera: pos -11.6 9.6 125.0 | proj _11=1.7817 _22=3.1673 _33=1.00001 _43=-0.15 (aspect 1.778)
camera: pos -11.6 9.6 125.0 | proj _11=1.7938 _22=3.1889 _33=1.00001 _43=-0.15 (aspect 1.778)
camera: pos -11.5 9.6 124.9 | proj _11=1.8061 _22=3.2108 _33=1.00001 _43=-0.15 (aspect 1.778)
camera: pos -11.6 9.8 124.6 | proj _11=1.7878 _22=3.1783 _33=1.00001 _43=-0.15 (aspect 1.778)
camera: pos -11.6 9.9 124.4 | proj _11=1.7766 _22=3.1584 _33=1.00001 _43=-0.15 (aspect 1.778)
camera: pos -11.7 10.0 124.2 | proj _11=1.7624 _22=3.1332 _33=1.00001 _43=-0.15 (aspect 1.778)
camera: pos -11.8 10.1 123.9 | proj _11=1.7459 _22=3.1038 _33=1.00001 _43=-0.15 (aspect 1.778)
camera: pos -11.9 10.3 123.6 | proj _11=1.7246 _22=3.0660 _33=1.00001 _43=-0.15 (aspect 1.778)
camera: pos -12.0 10.5 123.2 | proj _11=1.7014 _22=3.0246 _33=1.00001 _43=-0.15 (aspect 1.778)
camera: pos -12.1 10.7 122.8 | proj _11=1.6747 _22=2.9772 _33=1.00001 _43=-0.15 (aspect 1.778)
camera: pos -12.1 10.9 122.3 | proj _11=1.6456 _22=2.9255 _33=1.00001 _43=-0.15 (aspect 1.778)
camera: pos -12.1 11.1 121.9 | proj _11=1.6170 _22=2.8747 _33=1.00001 _43=-0.15 (aspect 1.778)
camera: pos -12.0 11.2 121.5 | proj _11=1.5926 _22=2.8312 _33=1.00001 _43=-0.15 (aspect 1.778)
camera: pos -11.9 11.3 121.1 | proj _11=1.5683 _22=2.7880 _33=1.00001 _43=-0.15 (aspect 1.778)
camera: pos -11.6 11.5 120.8 | proj _11=1.5473 _22=2.7507 _33=1.00001 _43=-0.15 (aspect 1.778)
camera: pos -11.3 11.5 120.5 | proj _11=1.5271 _22=2.7149 _33=1.00001 _43=-0.15 (aspect 1.778)
camera: pos -10.9 11.6 120.4 | proj _11=1.5114 _22=2.6868 _33=1.00001 _43=-0.15 (aspect 1.778)
camera: pos -10.4 11.7 120.3 | proj _11=1.4965 _22=2.6603 _33=1.00001 _43=-0.15 (aspect 1.778)
camera: pos -9.8 11.7 120.4 | proj _11=1.4838 _22=2.6379 _33=1.00001 _43=-0.15 (aspect 1.778)
camera: pos -9.3 11.7 120.6 | proj _11=1.4735 _22=2.6195 _33=1.00001 _43=-0.15 (aspect 1.778)
camera: pos -8.3 11.7 121.3 | proj _11=1.4615 _22=2.5982 _33=1.00001 _43=-0.15 (aspect 1.778)
camera: pos -7.7 11.6 122.2 | proj _11=1.4464 _22=2.5714 _33=1.00001 _43=-0.15 (aspect 1.778)
camera: pos -7.5 11.6 123.0 | proj _11=1.4310 _22=2.5439 _33=1.00001 _43=-0.15 (aspect 1.778)
camera: pos -7.6 11.5 123.8 | proj _11=1.4169 _22=2.5189 _33=1.00001 _43=-0.15 (aspect 1.778)
camera: pos -7.8 11.5 124.4 | proj _11=1.4022 _22=2.4927 _33=1.00001 _43=-0.15 (aspect 1.778)
camera: pos -8.3 11.4 125.0 | proj _11=1.3856 _22=2.4632 _33=1.00001 _43=-0.15 (aspect 1.778)
camera: pos -8.9 11.4 125.5 | proj _11=1.3683 _22=2.4324 _33=1.00001 _43=-0.15 (aspect 1.778)
camera: pos -9.3 11.3 125.7 | proj _11=1.4376 _22=2.5557 _33=1.00001 _43=-0.15 (aspect 1.778)
camera: pos -9.8 11.2 126.1 | proj _11=1.4257 _22=2.5346 _33=1.00001 _43=-0.15 (aspect 1.778)
camera: pos -12.5 11.2 126.7 | proj _11=1.4146 _22=2.5148 _33=1.00001 _43=-0.15 (aspect 1.778)
camera: pos -13.3 11.3 126.8 | proj _11=1.4014 _22=2.4913 _33=1.00001 _43=-0.15 (aspect 1.778)
camera: pos -14.5 11.3 126.8 | proj _11=1.3863 _22=2.4644 _33=1.00001 _43=-0.15 (aspect 1.778)
camera: pos -15.3 11.3 126.8 | proj _11=1.3739 _22=2.4425 _33=1.00001 _43=-0.15 (aspect 1.778)
camera: pos -16.0 11.3 126.8 | proj _11=1.3620 _22=2.4213 _33=1.00001 _43=-0.15 (aspect 1.778)
camera: pos -16.9 11.3 126.8 | proj _11=1.5649 _22=2.7819 _33=1.00001 _43=-0.15 (aspect 1.778)
camera: pos -17.0 11.3 127.1 | proj _11=1.5796 _22=2.8081 _33=1.00001 _43=-0.15 (aspect 1.778)
camera: pos -17.2 11.3 127.4 | proj _11=1.5929 _22=2.8318 _33=1.00001 _43=-0.15 (aspect 1.778)
camera: pos -17.7 11.3 128.0 | proj _11=1.5810 _22=2.8106 _33=1.00001 _43=-0.15 (aspect 1.778)
camera: pos -17.9 11.3 128.4 | proj _11=1.5640 _22=2.7803 _33=1.00001 _43=-0.15 (aspect 1.778)
camera: pos -18.2 11.4 128.7 | proj _11=1.5757 _22=2.8012 _33=1.00001 _43=-0.15 (aspect 1.778)
camera: pos -18.4 11.4 128.9 | proj _11=1.5877 _22=2.8225 _33=1.00001 _43=-0.15 (aspect 1.778)
camera: pos -18.4 11.4 129.0 | proj _11=1.6019 _22=2.8477 _33=1.00001 _43=-0.15 (aspect 1.778)
camera: pos -18.5 11.3 128.9 | proj _11=1.5898 _22=2.8262 _33=1.00001 _43=-0.15 (aspect 1.778)
camera: pos -18.5 11.3 128.9 | proj _11=1.6016 _22=2.8472 _33=1.00001 _43=-0.15 (aspect 1.778)
camera: pos -18.3 11.2 128.9 | proj _11=1.5858 _22=2.8191 _33=1.00001 _43=-0.15 (aspect 1.778)
camera: pos -18.1 10.9 128.9 | proj _11=1.5721 _22=2.7948 _33=1.00001 _43=-0.15 (aspect 1.778)
camera: pos -17.7 10.6 128.7 | proj _11=1.5556 _22=2.7655 _33=1.00001 _43=-0.15 (aspect 1.778)
camera: pos -17.5 10.5 128.7 | proj _11=1.5396 _22=2.7370 _33=1.00001 _43=-0.15 (aspect 1.778)
camera: pos -17.2 10.4 128.6 | proj _11=1.5278 _22=2.7161 _33=1.00001 _43=-0.15 (aspect 1.778)
camera: pos -16.9 10.3 128.5 | proj _11=1.5159 _22=2.6948 _33=1.00001 _43=-0.15 (aspect 1.778)
camera: pos -16.4 10.2 128.4 | proj _11=1.5021 _22=2.6703 _33=1.00001 _43=-0.15 (aspect 1.778)
camera: pos -15.6 10.1 128.2 | proj _11=1.5282 _22=2.7168 _33=1.00001 _43=-0.15 (aspect 1.778)
camera: pos -15.5 10.0 128.1 | proj _11=1.5494 _22=2.7545 _33=1.00001 _43=-0.15 (aspect 1.778)
camera: pos -15.4 10.0 128.0 | proj _11=1.5773 _22=2.8041 _33=1.00001 _43=-0.15 (aspect 1.778)
camera: pos -15.4 10.0 128.0 | proj _11=1.6017 _22=2.8474 _33=1.00001 _43=-0.15 (aspect 1.778)
camera: pos -15.4 10.0 128.0 | proj _11=1.5888 _22=2.8245 _33=1.00001 _43=-0.15 (aspect 1.778)
camera: pos -15.6 10.0 128.1 | proj _11=1.5694 _22=2.7899 _33=1.00001 _43=-0.15 (aspect 1.778)
camera: pos -15.7 10.0 128.1 | proj _11=1.5584 _22=2.7704 _33=1.00001 _43=-0.15 (aspect 1.778)
camera: pos -15.8 10.0 128.2 | proj _11=1.5468 _22=2.7498 _33=1.00001 _43=-0.15 (aspect 1.778)
camera: pos -15.9 10.0 128.2 | proj _11=1.5365 _22=2.7315 _33=1.00001 _43=-0.15 (aspect 1.778)
camera: pos -16.1 10.0 128.1 | proj _11=1.5257 _22=2.7124 _33=1.00001 _43=-0.15 (aspect 1.778)
camera: pos -16.2 10.0 128.1 | proj _11=1.5129 _22=2.6896 _33=1.00001 _43=-0.15 (aspect 1.778)
camera: pos -16.4 10.0 128.0 | proj _11=1.5029 _22=2.6717 _33=1.00001 _43=-0.15 (aspect 1.778)
camera: pos -16.7 10.0 127.6 | proj _11=1.4819 _22=2.6344 _33=1.00001 _43=-0.15 (aspect 1.778)
camera: pos -17.1 10.3 126.6 | proj _11=1.4676 _22=2.6090 _33=1.00001 _43=-0.15 (aspect 1.778)
frame 20400 | draws 2676/frame | FFP converted 772/frame (28.8%)
    not converted: screen-space 58  skinned 0  ortho 0  vertex-format 11  untextured 1232  instanced 0  mirrored 0  other-camera 294  no camera 0  other 0 (per frame)
    prepasses hidden: sampler-less 1232/frame, stipple-with-no-colour 225/frame (these used to convert WHITE) | post/composite quads marked 58/frame
    constant-colour materials (no diffuse map, albedo from the shader's own constant) 64/frame | HUD quads demoted to UI 0/frame | back-buffer clears 1/frame | sky draws 53/frame | UI-pass draws converted 0/frame
    instancing: 840 converted from the instance stream/frame, 0 refused/frame (largest single draw 1 instances, 0.9 buffer writes snooped/frame)
    SKINNING: 92 skinned/frame, 45 refused/frame, 0 exact duplicates dropped/frame | 94 meshes decoded, 94 cached, 0 cache flushes
    ALBEDO stage 0 taken raw (no shader reflection) 0/frame
    ALBEDO: constant-only 64/frame, tinted fallback 0/frame, genuinely blank 0/frame (of 64 rank-0 draws/frame)
    ALBEDO WHITE (previously uncounted): named-but-not-bound 0/frame, render-target exclusion left nothing 0/frame | colourless passes now hidden 31/frame
    SKIPPED entirely 0/frame (mode 3) | demoted to UI overlay 0/frame | no-albedo materials left to Remix 64/frame
    MARKED with the marker texture 1840/frame (refused as unsafe 0/frame, 4378 SetTexture calls/frame, marker created)
    albedo: moved off stage 0 169/frame, blanked 64/frame, restored from mesh cache 199/frame (4096 meshes cached) | RT textures known 110 | lights 31.0/frame (24 shaders)
    camera -17.1 10.3 126.6 | distinct cameras this frame 1 (max 1) | transform writes 521/frame | redundant state calls dropped 16168/frame
    world matrix changes 519/frame | objTM used without a fresh upload 0/frame | uv matrix writes 20/frame (last scale 0.00098, 0.00098)
    TIMING: frame 23.3 ms avg (43 fps), worst 46 ms | shim 12.45 ms avg (53.4% of frame), worst 27.4 ms
    TIMING tail: 75 frames >=33 ms, 0 >=100 ms in this window of 600 | inside real Present 2.01 ms avg, worst 20.8 ms | our other hooks 0.00 ms avg
    converted -> target 14D8EAD0 1280x720 fmt=34 : 17 draws/frame
    converted -> target 14D985D8 1280x720 fmt=113 : 458 draws/frame
    converted -> target 14D8F0A0 1280x720 fmt=113 : 4 draws/frame
    converted -> target 14D8EDB8 1280x720 fmt=21 : 0 draws/frame
    converted -> target 039BD008 1280x720 fmt=22 : 0 draws/frame
    converted -> target 50EE7EB0 2560x1440 fmt=34 : 9 draws/frame
    converted -> target 50EEAA48 2560x1440 fmt=113 : 236 draws/frame
    converted -> target 50EE6678 2560x1440 fmt=113 : 2 draws/frame
    converted -> target 50EE6770 2560x1440 fmt=21 : 0 draws/frame
camera: pos -17.8 10.9 124.4 | proj _11=1.4544 _22=2.5855 _33=1.00001 _43=-0.15 (aspect 1.778)
camera: pos -19.0 11.4 121.7 | proj _11=1.4431 _22=2.5655 _33=1.00001 _43=-0.15 (aspect 1.778)
camera: pos -21.7 11.8 119.2 | proj _11=1.4330 _22=2.5475 _33=1.00001 _43=-0.15 (aspect 1.778)
camera: pos -23.7 12.0 118.4 | proj _11=1.4230 _22=2.5297 _33=1.00001 _43=-0.15 (aspect 1.778)
camera: pos -26.4 12.1 118.0 | proj _11=1.4103 _22=2.5071 _33=1.00001 _43=-0.15 (aspect 1.778)
camera: pos -29.0 12.2 118.3 | proj _11=1.3967 _22=2.4830 _33=1.00001 _43=-0.15 (aspect 1.778)
camera: pos -32.9 12.1 119.4 | proj _11=1.3852 _22=2.4625 _33=1.00001 _43=-0.15 (aspect 1.778)
camera: pos -34.8 12.1 119.7 | proj _11=1.3747 _22=2.4439 _33=1.00001 _43=-0.15 (aspect 1.778)
camera: pos -35.7 12.1 119.8 | proj _11=1.3638 _22=2.4245 _33=1.00001 _43=-0.15 (aspect 1.778)
camera: pos -36.3 12.1 119.8 | proj _11=1.3535 _22=2.4062 _33=1.00001 _43=-0.15 (aspect 1.778)
camera: pos -36.9 12.0 119.9 | proj _11=1.3665 _22=2.4293 _33=1.00001 _43=-0.15 (aspect 1.778)
camera: pos -37.5 12.0 119.9 | proj _11=1.3780 _22=2.4497 _33=1.00001 _43=-0.15 (aspect 1.778)
camera: pos -38.1 12.0 119.9 | proj _11=1.3893 _22=2.4698 _33=1.00001 _43=-0.15 (aspect 1.778)
camera: pos -38.5 12.0 119.9 | proj _11=1.4043 _22=2.4965 _33=1.00001 _43=-0.15 (aspect 1.778)
camera: pos -38.8 12.0 120.0 | proj _11=1.4149 _22=2.5153 _33=1.00001 _43=-0.15 (aspect 1.778)
camera: pos -39.0 12.0 120.0 | proj _11=1.4252 _22=2.5337 _33=1.00001 _43=-0.15 (aspect 1.778)
camera: pos -41.4 11.6 121.6 | proj _11=1.4142 _22=2.5141 _33=1.00001 _43=-0.15 (aspect 1.778)
camera: pos -42.8 11.6 122.9 | proj _11=1.3963 _22=2.4823 _33=1.00001 _43=-0.15 (aspect 1.778)
camera: pos -44.1 11.5 123.4 | proj _11=1.4075 _22=2.5023 _33=1.00001 _43=-0.15 (aspect 1.778)
camera: pos -44.4 11.5 123.5 | proj _11=1.4230 _22=2.5297 _33=1.00001 _43=-0.15 (aspect 1.778)
camera: pos -44.5 11.6 123.5 | proj _11=1.4386 _22=2.5575 _33=1.00001 _43=-0.15 (aspect 1.778)
camera: pos -44.6 11.6 123.4 | proj _11=1.4554 _22=2.5874 _33=1.00001 _43=-0.15 (aspect 1.778)
camera: pos -44.7 11.6 123.4 | proj _11=1.4724 _22=2.6175 _33=1.00001 _43=-0.15 (aspect 1.778)
camera: pos -44.8 11.6 123.4 | proj _11=1.4886 _22=2.6464 _33=1.00001 _43=-0.15 (aspect 1.778)
camera: pos -44.9 11.7 123.4 | proj _11=1.5063 _22=2.6778 _33=1.00001 _43=-0.15 (aspect 1.778)
camera: pos -44.9 11.7 123.3 | proj _11=1.5253 _22=2.7116 _33=1.00001 _43=-0.15 (aspect 1.778)
camera: pos -44.8 11.7 123.2 | proj _11=1.5442 _22=2.7452 _33=1.00001 _43=-0.15 (aspect 1.778)
camera: pos -44.7 11.7 123.0 | proj _11=1.5637 _22=2.7798 _33=1.00001 _43=-0.15 (aspect 1.778)
camera: pos -44.6 11.7 122.8 | proj _11=1.5824 _22=2.8131 _33=1.00001 _43=-0.15 (aspect 1.778)
camera: pos -44.2 11.7 122.4 | proj _11=1.6004 _22=2.8450 _33=1.00001 _43=-0.15 (aspect 1.778)
camera: pos -36.3 10.7 133.3 | proj _11=1.5836 _22=2.8153 _33=1.00001 _43=-0.15 (aspect 1.778)
camera: pos -37.2 10.7 133.7 | proj _11=1.5733 _22=2.7969 _33=1.00001 _43=-0.15 (aspect 1.778)
camera: pos -38.0 10.6 133.9 | proj _11=1.5628 _22=2.7783 _33=1.00001 _43=-0.15 (aspect 1.778)
camera: pos -38.5 10.6 134.0 | proj _11=1.5511 _22=2.7574 _33=1.00001 _43=-0.15 (aspect 1.778)
camera: pos -38.6 10.6 134.1 | proj _11=1.5387 _22=2.7354 _33=1.00001 _43=-0.15 (aspect 1.778)
camera: pos -38.8 10.6 134.1 | proj _11=1.5268 _22=2.7142 _33=1.00001 _43=-0.15 (aspect 1.778)
camera: pos -38.9 10.6 134.2 | proj _11=1.5148 _22=2.6928 _33=1.00001 _43=-0.15 (aspect 1.778)
camera: pos -39.1 10.6 134.3 | proj _11=1.5022 _22=2.6706 _33=1.00001 _43=-0.15 (aspect 1.778)
camera: pos -39.3 10.6 134.3 | proj _11=1.4911 _22=2.6507 _33=1.00001 _43=-0.15 (aspect 1.778)
camera: pos -39.5 10.6 134.4 | proj _11=1.4800 _22=2.6311 _33=1.00001 _43=-0.15 (aspect 1.778)
camera: pos -39.8 10.6 134.5 | proj _11=1.4684 _22=2.6105 _33=1.00001 _43=-0.15 (aspect 1.778)
camera: pos -40.0 10.6 134.6 | proj _11=1.4563 _22=2.5890 _33=1.00001 _43=-0.15 (aspect 1.778)
camera: pos -40.2 10.6 134.6 | proj _11=1.4459 _22=2.5704 _33=1.00001 _43=-0.15 (aspect 1.778)
camera: pos -40.1 10.6 134.3 | proj _11=1.4318 _22=2.5455 _33=1.00001 _43=-0.15 (aspect 1.778)
camera: pos -40.3 10.6 134.1 | proj _11=1.4216 _22=2.5272 _33=1.00001 _43=-0.15 (aspect 1.778)
camera: pos -41.0 10.6 133.9 | proj _11=1.4098 _22=2.5063 _33=1.00001 _43=-0.15 (aspect 1.778)
camera: pos -41.7 10.6 133.8 | proj _11=1.3988 _22=2.4866 _33=1.00001 _43=-0.15 (aspect 1.778)
camera: pos -42.5 10.6 133.5 | proj _11=1.3886 _22=2.4686 _33=1.00001 _43=-0.15 (aspect 1.778)
camera: pos -43.5 10.7 133.0 | proj _11=1.3733 _22=2.4413 _33=1.00001 _43=-0.15 (aspect 1.778)
camera: pos -44.6 10.7 132.3 | proj _11=1.3617 _22=2.4207 _33=1.00001 _43=-0.15 (aspect 1.778)
camera: pos -45.6 10.7 131.4 | proj _11=1.3490 _22=2.3982 _33=1.00001 _43=-0.15 (aspect 1.778)
camera: pos -46.5 10.7 130.2 | proj _11=1.3362 _22=2.3755 _33=1.00001 _43=-0.15 (aspect 1.778)
camera: pos -46.9 10.5 129.4 | proj _11=1.3203 _22=2.3472 _33=1.00001 _43=-0.15 (aspect 1.778)
camera: pos -47.4 10.4 128.5 | proj _11=1.3057 _22=2.3212 _33=1.00001 _43=-0.15 (aspect 1.778)
camera: pos -48.4 10.3 126.8 | proj _11=1.3167 _22=2.3408 _33=1.00001 _43=-0.15 (aspect 1.778)
camera: pos -48.7 10.3 126.3 | proj _11=1.3290 _22=2.3626 _33=1.00001 _43=-0.15 (aspect 1.778)
camera: pos -49.4 10.3 125.3 | proj _11=1.3184 _22=2.3437 _33=1.00001 _43=-0.15 (aspect 1.778)
camera: pos -50.0 10.3 124.6 | proj _11=1.3084 _22=2.3259 _33=1.00001 _43=-0.15 (aspect 1.778)
camera: pos -50.9 10.3 123.5 | proj _11=1.2934 _22=2.2994 _33=1.00001 _43=-0.15 (aspect 1.778)
camera: pos -51.8 10.3 122.3 | proj _11=1.2791 _22=2.2738 _33=1.00001 _43=-0.15 (aspect 1.778)
camera: pos -52.7 10.3 121.2 | proj _11=1.2653 _22=2.2493 _33=1.00001 _43=-0.15 (aspect 1.778)
camera: pos -53.6 10.4 120.0 | proj _11=1.2522 _22=2.2261 _33=1.00001 _43=-0.15 (aspect 1.778)
camera: pos -54.6 10.5 118.7 | proj _11=1.2390 _22=2.2027 _33=1.00001 _43=-0.15 (aspect 1.778)
camera: pos -55.6 10.6 117.3 | proj _11=1.2266 _22=2.1805 _33=1.00001 _43=-0.15 (aspect 1.778)
camera: pos -56.6 10.7 116.0 | proj _11=1.2153 _22=2.1605 _33=1.00001 _43=-0.15 (aspect 1.778)
camera: pos -60.5 11.5 111.1 | proj _11=1.2024 _22=2.1376 _33=1.00001 _43=-0.15 (aspect 1.778)
camera: pos -61.7 11.9 109.7 | proj _11=1.1916 _22=2.1184 _33=1.00001 _43=-0.15 (aspect 1.778)
camera: pos -65.7 12.3 107.3 | proj _11=1.4689 _22=2.6114 _33=1.00001 _43=-0.15 (aspect 1.778)
camera: pos -65.8 12.4 107.2 | proj _11=1.5120 _22=2.6880 _33=1.00001 _43=-0.15 (aspect 1.778)
camera: pos -65.7 12.4 107.1 | proj _11=1.5580 _22=2.7698 _33=1.00001 _43=-0.15 (aspect 1.778)
camera: pos -65.8 12.4 107.1 | proj _11=1.5839 _22=2.8157 _33=1.00001 _43=-0.15 (aspect 1.778)
camera: pos -66.0 12.9 107.1 | proj _11=1.5711 _22=2.7929 _33=1.00001 _43=-0.15 (aspect 1.778)
camera: pos -66.2 13.2 106.9 | proj _11=1.5876 _22=2.8224 _33=1.00001 _43=-0.15 (aspect 1.778)
camera: pos -65.8 13.7 103.4 | proj _11=1.5736 _22=2.7974 _33=1.00001 _43=-0.15 (aspect 1.778)
camera: pos -65.7 13.7 103.4 | proj _11=1.5579 _22=2.7695 _33=1.00001 _43=-0.15 (aspect 1.778)
camera: pos -65.6 13.7 103.4 | proj _11=1.5459 _22=2.7482 _33=1.00001 _43=-0.15 (aspect 1.778)
camera: pos -65.4 13.7 103.5 | proj _11=1.5338 _22=2.7266 _33=1.00001 _43=-0.15 (aspect 1.778)
camera: pos -65.1 13.5 104.0 | proj _11=1.5224 _22=2.7064 _33=1.00001 _43=-0.15 (aspect 1.778)
camera: pos -64.7 13.4 104.5 | proj _11=1.5062 _22=2.6776 _33=1.00001 _43=-0.15 (aspect 1.778)
camera: pos -64.5 13.3 104.7 | proj _11=1.4908 _22=2.6503 _33=1.00001 _43=-0.15 (aspect 1.778)
camera: pos -64.3 13.3 104.8 | proj _11=1.4768 _22=2.6253 _33=1.00001 _43=-0.15 (aspect 1.778)
camera: pos -64.0 13.3 104.9 | proj _11=1.4642 _22=2.6030 _33=1.00001 _43=-0.15 (aspect 1.778)
camera: pos -63.7 13.3 105.1 | proj _11=1.4528 _22=2.5827 _33=1.00001 _43=-0.15 (aspect 1.778)
camera: pos -63.3 13.2 105.5 | proj _11=1.4408 _22=2.5613 _33=1.00001 _43=-0.15 (aspect 1.778)
camera: pos -63.0 13.1 105.8 | proj _11=1.4290 _22=2.5404 _33=1.00001 _43=-0.15 (aspect 1.778)
camera: pos -62.6 13.0 106.1 | proj _11=1.4168 _22=2.5187 _33=1.00001 _43=-0.15 (aspect 1.778)
camera: pos -62.2 13.0 106.3 | proj _11=1.4065 _22=2.5004 _33=1.00001 _43=-0.15 (aspect 1.778)
camera: pos -60.7 13.0 106.9 | proj _11=1.3960 _22=2.4818 _33=1.00001 _43=-0.15 (aspect 1.778)
camera: pos -59.6 12.9 107.3 | proj _11=1.3842 _22=2.4608 _33=1.00001 _43=-0.15 (aspect 1.778)
camera: pos -58.3 12.8 108.2 | proj _11=1.3980 _22=2.4853 _33=1.00001 _43=-0.15 (aspect 1.778)
camera: pos -57.9 12.6 108.7 | proj _11=1.4137 _22=2.5132 _33=1.00001 _43=-0.15 (aspect 1.778)
camera: pos -57.7 12.6 108.8 | proj _11=1.4318 _22=2.5454 _33=1.00001 _43=-0.15 (aspect 1.778)
camera: pos -57.5 12.6 108.9 | proj _11=1.4459 _22=2.5704 _33=1.00001 _43=-0.15 (aspect 1.778)
camera: pos -57.4 12.6 109.0 | proj _11=1.4625 _22=2.5999 _33=1.00001 _43=-0.15 (aspect 1.778)
camera: pos -57.3 12.5 109.1 | proj _11=1.4765 _22=2.6249 _33=1.00001 _43=-0.15 (aspect 1.778)
camera: pos -57.2 12.5 109.2 | proj _11=1.4940 _22=2.6559 _33=1.00001 _43=-0.15 (aspect 1.778)
camera: pos -57.1 12.5 109.3 | proj _11=1.5102 _22=2.6847 _33=1.00001 _43=-0.15 (aspect 1.778)
camera: pos -57.1 12.5 109.4 | proj _11=1.5259 _22=2.7126 _33=1.00001 _43=-0.15 (aspect 1.778)
camera: pos -57.0 12.4 109.5 | proj _11=1.5429 _22=2.7429 _33=1.00001 _43=-0.15 (aspect 1.778)
camera: pos -57.0 12.4 109.6 | proj _11=1.5591 _22=2.7717 _33=1.00001 _43=-0.15 (aspect 1.778)
camera: pos -57.1 12.3 109.7 | proj _11=1.5724 _22=2.7954 _33=1.00001 _43=-0.15 (aspect 1.778)
camera: pos -57.2 12.3 109.9 | proj _11=1.5880 _22=2.8231 _33=1.00001 _43=-0.15 (aspect 1.778)
camera: pos -58.2 11.9 111.1 | proj _11=1.5732 _22=2.7968 _33=1.00001 _43=-0.15 (aspect 1.778)
camera: pos -59.1 11.6 111.8 | proj _11=1.5584 _22=2.7704 _33=1.00001 _43=-0.15 (aspect 1.778)
camera: pos -60.4 11.4 112.3 | proj _11=1.5408 _22=2.7392 _33=1.00001 _43=-0.15 (aspect 1.778)
camera: pos -61.8 11.1 112.5 | proj _11=1.5250 _22=2.7111 _33=1.00001 _43=-0.15 (aspect 1.778)
camera: pos -63.5 10.8 112.4 | proj _11=1.5038 _22=2.6733 _33=1.00001 _43=-0.15 (aspect 1.778)
camera: pos -64.3 10.7 112.1 | proj _11=1.4859 _22=2.6415 _33=1.00001 _43=-0.15 (aspect 1.778)
camera: pos -64.8 10.6 111.7 | proj _11=1.4677 _22=2.6091 _33=1.00001 _43=-0.15 (aspect 1.778)
camera: pos -65.1 10.6 111.3 | proj _11=1.4556 _22=2.5878 _33=1.00001 _43=-0.15 (aspect 1.778)
camera: pos -65.4 10.6 110.6 | proj _11=1.4449 _22=2.5687 _33=1.00001 _43=-0.15 (aspect 1.778)
camera: pos -65.6 10.6 109.9 | proj _11=1.4321 _22=2.5458 _33=1.00001 _43=-0.15 (aspect 1.778)
camera: pos -65.7 10.6 109.3 | proj _11=1.4212 _22=2.5266 _33=1.00001 _43=-0.15 (aspect 1.778)
camera: pos -65.7 10.6 108.7 | proj _11=1.4111 _22=2.5085 _33=1.00001 _43=-0.15 (aspect 1.778)
camera: pos -65.7 10.5 107.7 | proj _11=1.3962 _22=2.4821 _33=1.00001 _43=-0.15 (aspect 1.778)
camera: pos -65.5 10.5 106.7 | proj _11=1.3821 _22=2.4570 _33=1.00001 _43=-0.15 (aspect 1.778)
camera: pos -65.3 10.4 105.6 | proj _11=1.3697 _22=2.4350 _33=1.00001 _43=-0.15 (aspect 1.778)
camera: pos -65.1 10.4 104.5 | proj _11=1.3585 _22=2.4151 _33=1.00001 _43=-0.15 (aspect 1.778)
camera: pos -65.0 10.3 103.8 | proj _11=1.3454 _22=2.3917 _33=1.00001 _43=-0.15 (aspect 1.778)
camera: pos -64.8 10.3 103.0 | proj _11=1.3305 _22=2.3653 _33=1.00001 _43=-0.15 (aspect 1.778)
camera: pos -64.6 10.3 102.2 | proj _11=1.3170 _22=2.3413 _33=1.00001 _43=-0.15 (aspect 1.778)
camera: pos -64.3 10.3 101.3 | proj _11=1.3039 _22=2.3180 _33=1.00001 _43=-0.15 (aspect 1.778)
camera: pos -64.1 10.3 100.4 | proj _11=1.2912 _22=2.2953 _33=1.00001 _43=-0.15 (aspect 1.778)
camera: pos -63.8 10.3 99.4 | proj _11=1.2778 _22=2.2716 _33=1.00001 _43=-0.15 (aspect 1.778)
camera: pos -62.5 10.3 96.0 | proj _11=1.2643 _22=2.2476 _33=1.00001 _43=-0.15 (aspect 1.778)
camera: pos -59.4 10.4 88.3 | proj _11=1.2540 _22=2.2292 _33=1.00001 _43=-0.15 (aspect 1.778)
camera: pos -58.9 10.4 86.5 | proj _11=1.2396 _22=2.2036 _33=1.00001 _43=-0.15 (aspect 1.778)
camera: pos -58.6 10.4 85.3 | proj _11=1.2292 _22=2.1852 _33=1.00001 _43=-0.15 (aspect 1.778)
camera: pos -58.2 10.4 83.4 | proj _11=1.2151 _22=2.1601 _33=1.00001 _43=-0.15 (aspect 1.778)
camera: pos -57.8 10.4 81.3 | proj _11=1.2014 _22=2.1358 _33=1.00001 _43=-0.15 (aspect 1.778)
camera: pos -57.5 10.4 79.1 | proj _11=1.1878 _22=2.1116 _33=1.00001 _43=-0.15 (aspect 1.778)
camera: pos -57.1 10.3 76.7 | proj _11=1.1749 _22=2.0887 _33=1.00001 _43=-0.15 (aspect 1.778)
camera: pos -56.8 10.3 74.3 | proj _11=1.1645 _22=2.0701 _33=1.00001 _43=-0.15 (aspect 1.778)
camera: pos -55.5 10.4 67.3 | proj _11=1.1519 _22=2.0477 _33=1.00001 _43=-0.15 (aspect 1.778)
camera: pos -53.0 10.5 55.1 | proj _11=1.1409 _22=2.0281 _33=1.00001 _43=-0.15 (aspect 1.778)
camera: pos -52.6 10.5 51.6 | proj _11=1.1290 _22=2.0071 _33=1.00001 _43=-0.15 (aspect 1.778)
camera: pos -50.3 10.4 41.4 | proj _11=1.1171 _22=1.9860 _33=1.00001 _43=-0.15 (aspect 1.778)
camera: pos -49.1 10.4 37.3 | proj _11=1.1047 _22=1.9639 _33=1.00001 _43=-0.15 (aspect 1.778)
camera: pos -45.8 10.4 22.7 | proj _11=1.0929 _22=1.9428 _33=1.00001 _43=-0.15 (aspect 1.778)
camera: pos -45.7 10.4 17.8 | proj _11=1.0798 _22=1.9197 _33=1.00001 _43=-0.15 (aspect 1.778)
camera: pos -45.7 10.3 5.3 | proj _11=1.0676 _22=1.8979 _33=1.00001 _43=-0.15 (aspect 1.778)
camera: pos -45.1 10.3 255.9 | proj _11=1.0554 _22=1.8762 _33=1.00001 _43=-0.15 (aspect 1.778)
camera: pos -43.9 10.3 243.7 | proj _11=1.0444 _22=1.8567 _33=1.00001 _43=-0.15 (aspect 1.778)
camera: pos -43.9 10.2 237.1 | proj _11=1.0312 _22=1.8332 _33=1.00001 _43=-0.15 (aspect 1.778)
camera: pos -43.3 10.2 223.2 | proj _11=1.0202 _22=1.8137 _33=1.00001 _43=-0.15 (aspect 1.778)
camera: pos -41.5 10.5 202.6 | proj _11=1.0101 _22=1.7957 _33=1.00001 _43=-0.15 (aspect 1.778)
camera: pos -38.5 11.5 179.8 | proj _11=0.9996 _22=1.7769 _33=1.00001 _43=-0.15 (aspect 1.778)
camera: pos -36.3 12.0 165.4 | proj _11=0.9881 _22=1.7566 _33=1.00001 _43=-0.15 (aspect 1.778)
camera: pos -33.7 12.2 152.4 | proj _11=0.9775 _22=1.7377 _33=1.00001 _43=-0.15 (aspect 1.778)
camera: pos -32.3 12.0 143.1 | proj _11=0.9876 _22=1.7557 _33=1.00001 _43=-0.15 (aspect 1.778)
camera: pos -32.2 12.0 141.2 | proj _11=0.9775 _22=1.7377 _33=1.00001 _43=-0.15 (aspect 1.778)
camera: pos -41.6 14.3 216.0 | proj _11=1.0926 _22=1.9424 _33=1.00001 _43=-0.15 (aspect 1.778)
frame 21000 | draws 2737/frame | FFP converted 794/frame (29.0%)
    not converted: screen-space 58  skinned 0  ortho 0  vertex-format 11  untextured 1260  instanced 0  mirrored 0  other-camera 298  no camera 0  other 0 (per frame)
    prepasses hidden: sampler-less 1260/frame, stipple-with-no-colour 229/frame (these used to convert WHITE) | post/composite quads marked 58/frame
    constant-colour materials (no diffuse map, albedo from the shader's own constant) 68/frame | HUD quads demoted to UI 0/frame | back-buffer clears 1/frame | sky draws 54/frame | UI-pass draws converted 0/frame
    instancing: 861 converted from the instance stream/frame, 0 refused/frame (largest single draw 1 instances, 0.9 buffer writes snooped/frame)
    SKINNING: 94 skinned/frame, 47 refused/frame, 0 exact duplicates dropped/frame | 107 meshes decoded, 107 cached, 0 cache flushes
    ALBEDO stage 0 taken raw (no shader reflection) 0/frame
    ALBEDO: constant-only 68/frame, tinted fallback 0/frame, genuinely blank 0/frame (of 68 rank-0 draws/frame)
    ALBEDO WHITE (previously uncounted): named-but-not-bound 0/frame, render-target exclusion left nothing 0/frame | colourless passes now hidden 33/frame
    SKIPPED entirely 0/frame (mode 3) | demoted to UI overlay 0/frame | no-albedo materials left to Remix 68/frame
    MARKED with the marker texture 1878/frame (refused as unsafe 0/frame, 4449 SetTexture calls/frame, marker created)
    albedo: moved off stage 0 173/frame, blanked 68/frame, restored from mesh cache 201/frame (4096 meshes cached) | RT textures known 110 | lights 30.5/frame (24 shaders)
    camera -41.6 14.3 216.0 | distinct cameras this frame 1 (max 1) | transform writes 534/frame | redundant state calls dropped 16638/frame
    world matrix changes 533/frame | objTM used without a fresh upload 0/frame | uv matrix writes 20/frame (last scale 0.00098, 0.00098)
    TIMING: frame 23.7 ms avg (42 fps), worst 70 ms | shim 12.64 ms avg (53.3% of frame), worst 30.6 ms
    TIMING tail: 337 frames >=33 ms, 0 >=100 ms in this window of 600 | inside real Present 1.96 ms avg, worst 7.3 ms | our other hooks 0.00 ms avg
    converted -> target 14D8EAD0 1280x720 fmt=34 : 16 draws/frame
    converted -> target 14D985D8 1280x720 fmt=113 : 445 draws/frame
    converted -> target 14D8F0A0 1280x720 fmt=113 : 4 draws/frame
    converted -> target 14D8EDB8 1280x720 fmt=21 : 0 draws/frame
    converted -> target 039BD008 1280x720 fmt=22 : 0 draws/frame
    converted -> target 50EE7EB0 2560x1440 fmt=34 : 10 draws/frame
    converted -> target 50EEAA48 2560x1440 fmt=113 : 268 draws/frame
    converted -> target 50EE6678 2560x1440 fmt=113 : 3 draws/frame
    converted -> target 50EE6770 2560x1440 fmt=21 : 0 draws/frame
camera: pos -42.0 14.2 214.1 | proj _11=1.1223 _22=1.9952 _33=1.00001 _43=-0.15 (aspect 1.778)
camera: pos -42.2 14.2 210.6 | proj _11=1.1329 _22=2.0140 _33=1.00001 _43=-0.15 (aspect 1.778)
camera: pos -42.1 14.2 208.9 | proj _11=1.1435 _22=2.0328 _33=1.00001 _43=-0.15 (aspect 1.778)
camera: pos -29.9 14.1 182.1 | proj _11=1.1543 _22=2.0521 _33=1.00001 _43=-0.15 (aspect 1.778)
camera: pos -30.3 14.1 168.2 | proj _11=1.1428 _22=2.0315 _33=1.00001 _43=-0.15 (aspect 1.778)
camera: pos -32.7 14.2 162.1 | proj _11=1.1320 _22=2.0124 _33=1.00001 _43=-0.15 (aspect 1.778)
camera: pos -34.6 14.3 158.5 | proj _11=1.1202 _22=1.9914 _33=1.00001 _43=-0.15 (aspect 1.778)
camera: pos -44.1 14.2 144.8 | proj _11=1.1314 _22=2.0113 _33=1.00001 _43=-0.15 (aspect 1.778)
camera: pos -47.2 14.1 141.1 | proj _11=1.1596 _22=2.0615 _33=1.00001 _43=-0.15 (aspect 1.778)
camera: pos -47.8 14.1 140.3 | proj _11=1.1791 _22=2.0962 _33=1.00001 _43=-0.15 (aspect 1.778)
camera: pos -48.2 14.1 139.5 | proj _11=1.1979 _22=2.1295 _33=1.00001 _43=-0.15 (aspect 1.778)
camera: pos -48.6 14.1 138.7 | proj _11=1.2156 _22=2.1611 _33=1.00001 _43=-0.15 (aspect 1.778)
camera: pos -48.9 14.1 138.0 | proj _11=1.2288 _22=2.1844 _33=1.00001 _43=-0.15 (aspect 1.778)
camera: pos -49.1 14.1 137.3 | proj _11=1.2412 _22=2.2065 _33=1.00001 _43=-0.15 (aspect 1.778)
camera: pos -49.3 14.1 136.6 | proj _11=1.2524 _22=2.2264 _33=1.00001 _43=-0.15 (aspect 1.778)
camera: pos -49.6 14.1 135.2 | proj _11=1.2750 _22=2.2666 _33=1.00001 _43=-0.15 (aspect 1.778)
camera: pos -49.6 14.2 134.6 | proj _11=1.2857 _22=2.2856 _33=1.00001 _43=-0.15 (aspect 1.778)
camera: pos -49.2 14.1 131.6 | proj _11=1.3395 _22=2.3813 _33=1.00001 _43=-0.15 (aspect 1.778)
camera: pos -48.4 13.9 129.4 | proj _11=1.3270 _22=2.3591 _33=1.00001 _43=-0.15 (aspect 1.778)
camera: pos -45.1 14.2 123.3 | proj _11=1.3140 _22=2.3360 _33=1.00001 _43=-0.15 (aspect 1.778)
camera: pos -43.1 14.3 119.2 | proj _11=1.3001 _22=2.3113 _33=1.00001 _43=-0.15 (aspect 1.778)
camera: pos -42.4 14.3 117.4 | proj _11=1.2797 _22=2.2750 _33=1.00001 _43=-0.15 (aspect 1.778)
camera: pos -42.1 14.3 116.1 | proj _11=1.2658 _22=2.2502 _33=1.00001 _43=-0.15 (aspect 1.778)
camera: pos -42.1 14.3 109.9 | proj _11=1.2520 _22=2.2257 _33=1.00001 _43=-0.15 (aspect 1.778)
camera: pos -42.5 14.3 108.6 | proj _11=1.2355 _22=2.1964 _33=1.00001 _43=-0.15 (aspect 1.778)
camera: pos -43.0 14.3 107.0 | proj _11=1.2189 _22=2.1669 _33=1.00001 _43=-0.15 (aspect 1.778)
camera: pos -44.2 14.3 101.9 | proj _11=1.2086 _22=2.1486 _33=1.00001 _43=-0.15 (aspect 1.778)
camera: pos -44.6 14.3 99.6 | proj _11=1.1949 _22=2.1243 _33=1.00001 _43=-0.15 (aspect 1.778)
camera: pos -44.9 14.3 96.9 | proj _11=1.1831 _22=2.1033 _33=1.00001 _43=-0.15 (aspect 1.778)
camera: pos -44.5 14.3 90.5 | proj _11=1.1700 _22=2.0800 _33=1.00001 _43=-0.15 (aspect 1.778)
camera: pos -42.1 14.3 74.4 | proj _11=1.1572 _22=2.0572 _33=1.00001 _43=-0.15 (aspect 1.778)
camera: pos -42.6 14.3 68.9 | proj _11=1.1468 _22=2.0388 _33=1.00001 _43=-0.15 (aspect 1.778)
camera: pos -43.2 14.3 65.2 | proj _11=1.1348 _22=2.0173 _33=1.00001 _43=-0.15 (aspect 1.778)
camera: pos -43.9 14.3 61.6 | proj _11=1.1232 _22=1.9967 _33=1.00001 _43=-0.15 (aspect 1.778)
camera: pos -46.0 14.2 47.7 | proj _11=1.1129 _22=1.9784 _33=1.00001 _43=-0.15 (aspect 1.778)
camera: pos -45.5 14.2 40.5 | proj _11=1.1018 _22=1.9588 _33=1.00001 _43=-0.15 (aspect 1.778)
camera: pos -44.5 14.2 36.0 | proj _11=1.0897 _22=1.9372 _33=1.00001 _43=-0.15 (aspect 1.778)
camera: pos -43.2 14.2 31.5 | proj _11=1.0777 _22=1.9158 _33=1.00001 _43=-0.15 (aspect 1.778)
camera: pos -40.3 14.2 19.9 | proj _11=1.0667 _22=1.8964 _33=1.00001 _43=-0.15 (aspect 1.778)
camera: pos -39.6 14.3 14.8 | proj _11=1.0565 _22=1.8782 _33=1.00001 _43=-0.15 (aspect 1.778)
camera: pos -39.0 14.3 9.0 | proj _11=1.0458 _22=1.8592 _33=1.00001 _43=-0.15 (aspect 1.778)
camera: pos -35.1 14.4 242.0 | proj _11=1.0335 _22=1.8373 _33=1.00001 _43=-0.15 (aspect 1.778)
camera: pos -31.7 14.3 228.1 | proj _11=1.0231 _22=1.8189 _33=1.00001 _43=-0.15 (aspect 1.778)
camera: pos -22.2 14.3 199.5 | proj _11=1.0131 _22=1.8011 _33=1.00001 _43=-0.15 (aspect 1.778)
camera: pos -13.0 14.7 174.8 | proj _11=1.0350 _22=1.8400 _33=1.00001 _43=-0.15 (aspect 1.778)
camera: pos -12.0 14.7 172.8 | proj _11=1.0479 _22=1.8629 _33=1.00001 _43=-0.15 (aspect 1.778)
camera: pos -9.8 14.7 169.3 | proj _11=1.2310 _22=2.1885 _33=1.00001 _43=-0.15 (aspect 1.778)
camera: pos -6.9 15.1 166.0 | proj _11=1.2415 _22=2.2071 _33=1.00001 _43=-0.15 (aspect 1.778)
camera: pos -4.0 14.4 162.9 | proj _11=1.2294 _22=2.1855 _33=1.00001 _43=-0.15 (aspect 1.778)
camera: pos -3.6 14.2 162.4 | proj _11=1.2752 _22=2.2670 _33=1.00001 _43=-0.15 (aspect 1.778)
camera: pos -3.2 14.0 161.9 | proj _11=1.2869 _22=2.2877 _33=1.00001 _43=-0.15 (aspect 1.778)
camera: pos -1.8 13.7 160.5 | proj _11=1.2753 _22=2.2671 _33=1.00001 _43=-0.15 (aspect 1.778)
camera: pos -1.0 13.7 159.6 | proj _11=1.3170 _22=2.3414 _33=1.00001 _43=-0.15 (aspect 1.778)
camera: pos 2.9 14.0 155.7 | proj _11=1.3275 _22=2.3600 _33=1.00001 _43=-0.15 (aspect 1.778)
camera: pos 3.8 14.1 154.9 | proj _11=1.3396 _22=2.3814 _33=1.00001 _43=-0.15 (aspect 1.778)
camera: pos 5.2 14.1 153.8 | proj _11=1.3544 _22=2.4078 _33=1.00001 _43=-0.15 (aspect 1.778)
camera: pos 5.8 14.1 153.4 | proj _11=1.3651 _22=2.4268 _33=1.00001 _43=-0.15 (aspect 1.778)
camera: pos 6.1 14.1 153.3 | proj _11=1.3548 _22=2.4085 _33=1.00001 _43=-0.15 (aspect 1.778)
camera: pos 7.0 14.0 152.8 | proj _11=1.3419 _22=2.3855 _33=1.00001 _43=-0.15 (aspect 1.778)
camera: pos 9.1 14.1 152.1 | proj _11=1.3528 _22=2.4050 _33=1.00001 _43=-0.15 (aspect 1.778)
camera: pos 10.2 14.1 151.9 | proj _11=1.3390 _22=2.3803 _33=1.00001 _43=-0.15 (aspect 1.778)
camera: pos 10.9 14.1 151.9 | proj _11=1.3268 _22=2.3587 _33=1.00001 _43=-0.15 (aspect 1.778)
camera: pos 11.5 14.1 151.9 | proj _11=1.3145 _22=2.3368 _33=1.00001 _43=-0.15 (aspect 1.778)
camera: pos 12.3 14.1 151.9 | proj _11=1.3027 _22=2.3158 _33=1.00001 _43=-0.15 (aspect 1.778)
camera: pos 13.0 14.1 152.0 | proj _11=1.2921 _22=2.2970 _33=1.00001 _43=-0.15 (aspect 1.778)
camera: pos 13.8 14.1 152.1 | proj _11=1.2819 _22=2.2789 _33=1.00001 _43=-0.15 (aspect 1.778)
camera: pos 16.8 14.0 152.8 | proj _11=1.2695 _22=2.2568 _33=1.00001 _43=-0.15 (aspect 1.778)
camera: pos 18.1 14.0 153.2 | proj _11=1.2572 _22=2.2350 _33=1.00001 _43=-0.15 (aspect 1.778)
camera: pos 24.1 14.1 155.5 | proj _11=1.2677 _22=2.2536 _33=1.00001 _43=-0.15 (aspect 1.778)
camera: pos 28.5 14.1 156.7 | proj _11=1.2780 _22=2.2720 _33=1.00001 _43=-0.15 (aspect 1.778)
camera: pos 33.4 14.1 156.8 | proj _11=1.2922 _22=2.2971 _33=1.00001 _43=-0.15 (aspect 1.778)
camera: pos 36.0 14.1 156.1 | proj _11=1.2788 _22=2.2733 _33=1.00001 _43=-0.15 (aspect 1.778)
camera: pos 37.9 14.1 155.3 | proj _11=1.2920 _22=2.2969 _33=1.00001 _43=-0.15 (aspect 1.778)
camera: pos 44.1 14.2 151.9 | proj _11=1.2809 _22=2.2771 _33=1.00001 _43=-0.15 (aspect 1.778)
camera: pos 52.3 14.2 144.6 | proj _11=1.2960 _22=2.3040 _33=1.00001 _43=-0.15 (aspect 1.778)
camera: pos 56.5 14.2 143.6 | proj _11=1.3076 _22=2.3245 _33=1.00001 _43=-0.15 (aspect 1.778)
camera: pos 62.2 14.1 143.6 | proj _11=1.3234 _22=2.3527 _33=1.00001 _43=-0.15 (aspect 1.778)
camera: pos 63.5 14.0 143.9 | proj _11=1.3336 _22=2.3708 _33=1.00001 _43=-0.15 (aspect 1.778)
camera: pos 64.0 14.0 143.9 | proj _11=1.3457 _22=2.3924 _33=1.00001 _43=-0.15 (aspect 1.778)
camera: pos 64.9 14.0 144.2 | proj _11=1.3563 _22=2.4112 _33=1.00001 _43=-0.15 (aspect 1.778)
camera: pos 65.7 13.9 144.5 | proj _11=1.3696 _22=2.4349 _33=1.00001 _43=-0.15 (aspect 1.778)
camera: pos 66.4 14.0 144.8 | proj _11=1.3908 _22=2.4725 _33=1.00001 _43=-0.15 (aspect 1.778)
camera: pos 66.7 14.0 145.0 | proj _11=1.4075 _22=2.5021 _33=1.00001 _43=-0.15 (aspect 1.778)
camera: pos 67.0 14.0 145.1 | proj _11=1.4214 _22=2.5268 _33=1.00001 _43=-0.15 (aspect 1.778)
camera: pos 67.2 14.0 145.3 | proj _11=1.4355 _22=2.5520 _33=1.00001 _43=-0.15 (aspect 1.778)
camera: pos 67.5 14.0 145.4 | proj _11=1.4493 _22=2.5765 _33=1.00001 _43=-0.15 (aspect 1.778)
camera: pos 67.7 14.0 145.6 | proj _11=1.4617 _22=2.5985 _33=1.00001 _43=-0.15 (aspect 1.778)
camera: pos 68.0 14.1 145.9 | proj _11=1.4802 _22=2.6315 _33=1.00001 _43=-0.15 (aspect 1.778)
camera: pos 68.4 14.1 146.2 | proj _11=1.4916 _22=2.6517 _33=1.00001 _43=-0.15 (aspect 1.778)
camera: pos 69.1 14.2 147.8 | proj _11=1.4809 _22=2.6327 _33=1.00001 _43=-0.15 (aspect 1.778)
camera: pos 68.0 13.8 149.0 | proj _11=1.4658 _22=2.6058 _33=1.00001 _43=-0.15 (aspect 1.778)
camera: pos 67.6 13.9 150.3 | proj _11=1.4552 _22=2.5870 _33=1.00001 _43=-0.15 (aspect 1.778)
camera: pos 66.6 14.2 151.7 | proj _11=1.4666 _22=2.6072 _33=1.00001 _43=-0.15 (aspect 1.778)
camera: pos 65.3 14.3 152.9 | proj _11=1.4551 _22=2.5867 _33=1.00001 _43=-0.15 (aspect 1.778)
camera: pos 65.1 14.2 153.1 | proj _11=1.4450 _22=2.5689 _33=1.00001 _43=-0.15 (aspect 1.778)
camera: pos 64.8 14.2 153.2 | proj _11=1.4347 _22=2.5506 _33=1.00001 _43=-0.15 (aspect 1.778)
camera: pos 64.3 14.2 153.5 | proj _11=1.4150 _22=2.5155 _33=1.00001 _43=-0.15 (aspect 1.778)
camera: pos 63.6 14.3 153.9 | proj _11=1.3967 _22=2.4829 _33=1.00001 _43=-0.15 (aspect 1.778)
camera: pos 63.1 14.8 155.4 | proj _11=1.3782 _22=2.4501 _33=1.00001 _43=-0.15 (aspect 1.778)
camera: pos 62.1 15.2 157.5 | proj _11=1.3591 _22=2.4161 _33=1.00001 _43=-0.15 (aspect 1.778)
camera: pos 61.5 15.3 158.2 | proj _11=1.3458 _22=2.3925 _33=1.00001 _43=-0.15 (aspect 1.778)
frame 21600 | draws 2785/frame | FFP converted 814/frame (29.2%)
    not converted: screen-space 57  skinned 0  ortho 0  vertex-format 12  untextured 1278  instanced 0  mirrored 0  other-camera 301  no camera 0  other 0 (per frame)
    prepasses hidden: sampler-less 1278/frame, stipple-with-no-colour 232/frame (these used to convert WHITE) | post/composite quads marked 57/frame
    constant-colour materials (no diffuse map, albedo from the shader's own constant) 70/frame | HUD quads demoted to UI 0/frame | back-buffer clears 1/frame | sky draws 55/frame | UI-pass draws converted 0/frame
    instancing: 878 converted from the instance stream/frame, 0 refused/frame (largest single draw 1 instances, 0.9 buffer writes snooped/frame)
    SKINNING: 95 skinned/frame, 49 refused/frame, 0 exact duplicates dropped/frame | 117 meshes decoded, 117 cached, 0 cache flushes
    ALBEDO stage 0 taken raw (no shader reflection) 0/frame
    ALBEDO: constant-only 70/frame, tinted fallback 0/frame, genuinely blank 0/frame (of 70 rank-0 draws/frame)
    ALBEDO WHITE (previously uncounted): named-but-not-bound 0/frame, render-target exclusion left nothing 0/frame | colourless passes now hidden 35/frame
    SKIPPED entirely 0/frame (mode 3) | demoted to UI overlay 0/frame | no-albedo materials left to Remix 70/frame
    MARKED with the marker texture 1904/frame (refused as unsafe 0/frame, 4495 SetTexture calls/frame, marker created)
    albedo: moved off stage 0 178/frame, blanked 70/frame, restored from mesh cache 200/frame (4096 meshes cached) | RT textures known 110 | lights 29.9/frame (24 shaders)
    camera 61.5 15.3 158.2 | distinct cameras this frame 1 (max 1) | transform writes 546/frame | redundant state calls dropped 17060/frame
    world matrix changes 544/frame | objTM used without a fresh upload 0/frame | uv matrix writes 21/frame (last scale 0.00098, 0.00098)
    TIMING: frame 24.0 ms avg (42 fps), worst 87 ms | shim 12.78 ms avg (53.3% of frame), worst 30.6 ms
    TIMING tail: 311 frames >=33 ms, 0 >=100 ms in this window of 600 | inside real Present 1.92 ms avg, worst 41.9 ms | our other hooks 0.00 ms avg
    converted -> target 14D8EAD0 1280x720 fmt=34 : 16 draws/frame
    converted -> target 14D985D8 1280x720 fmt=113 : 433 draws/frame
    converted -> target 14D8F0A0 1280x720 fmt=113 : 4 draws/frame
    converted -> target 14D8EDB8 1280x720 fmt=21 : 0 draws/frame
    converted -> target 039BD008 1280x720 fmt=22 : 0 draws/frame
    converted -> target 50EE7EB0 2560x1440 fmt=34 : 12 draws/frame
    converted -> target 50EEAA48 2560x1440 fmt=113 : 296 draws/frame
    converted -> target 50EE6678 2560x1440 fmt=113 : 4 draws/frame
    converted -> target 50EE6770 2560x1440 fmt=21 : 0 draws/frame
camera: pos 60.8 15.3 158.7 | proj _11=1.3326 _22=2.3690 _33=1.00001 _43=-0.15 (aspect 1.778)
camera: pos 60.2 15.3 159.0 | proj _11=1.3218 _22=2.3498 _33=1.00001 _43=-0.15 (aspect 1.778)
camera: pos 59.5 15.2 159.3 | proj _11=1.3111 _22=2.3309 _33=1.00001 _43=-0.15 (aspect 1.778)
camera: pos 58.8 15.1 159.5 | proj _11=1.3002 _22=2.3114 _33=1.00001 _43=-0.15 (aspect 1.778)
camera: pos 57.2 15.0 160.2 | proj _11=1.2812 _22=2.2777 _33=1.00001 _43=-0.15 (aspect 1.778)
camera: pos 54.5 15.0 161.0 | proj _11=1.2927 _22=2.2981 _33=1.00001 _43=-0.15 (aspect 1.778)
camera: pos 53.1 15.0 161.5 | proj _11=1.2788 _22=2.2733 _33=1.00001 _43=-0.15 (aspect 1.778)
camera: pos 51.8 14.9 161.9 | proj _11=1.2656 _22=2.2499 _33=1.00001 _43=-0.15 (aspect 1.778)
camera: pos 50.5 14.6 162.4 | proj _11=1.2545 _22=2.2302 _33=1.00001 _43=-0.15 (aspect 1.778)
camera: pos 49.1 14.5 162.8 | proj _11=1.2422 _22=2.2084 _33=1.00001 _43=-0.15 (aspect 1.778)
camera: pos 43.6 15.0 164.8 | proj _11=1.2301 _22=2.1868 _33=1.00001 _43=-0.15 (aspect 1.778)
camera: pos 41.9 15.0 165.3 | proj _11=1.2171 _22=2.1637 _33=1.00001 _43=-0.15 (aspect 1.778)
camera: pos 39.5 15.0 165.7 | proj _11=1.2021 _22=2.1371 _33=1.00001 _43=-0.15 (aspect 1.778)
camera: pos 37.1 15.0 166.1 | proj _11=1.1875 _22=2.1111 _33=1.00001 _43=-0.15 (aspect 1.778)
camera: pos 32.2 14.9 165.3 | proj _11=1.1742 _22=2.0875 _33=1.00001 _43=-0.15 (aspect 1.778)
camera: pos 28.8 14.8 164.5 | proj _11=1.1626 _22=2.0668 _33=1.00001 _43=-0.15 (aspect 1.778)
camera: pos 26.0 14.8 164.9 | proj _11=1.1524 _22=2.0486 _33=1.00001 _43=-0.15 (aspect 1.778)
camera: pos 9.1 13.7 157.8 | proj _11=1.1414 _22=2.0292 _33=1.00001 _43=-0.15 (aspect 1.778)
camera: pos 7.0 13.9 158.3 | proj _11=1.1298 _22=2.0085 _33=1.00001 _43=-0.15 (aspect 1.778)
camera: pos 5.7 14.4 160.8 | proj _11=1.1772 _22=2.0928 _33=1.00001 _43=-0.15 (aspect 1.778)
camera: pos 5.0 14.4 160.7 | proj _11=1.2323 _22=2.1908 _33=1.00001 _43=-0.15 (aspect 1.778)
camera: pos 3.3 14.4 160.4 | proj _11=1.2427 _22=2.2092 _33=1.00001 _43=-0.15 (aspect 1.778)
camera: pos 1.2 14.6 161.7 | proj _11=1.2635 _22=2.2462 _33=1.00001 _43=-0.15 (aspect 1.778)
camera: pos 0.2 14.7 162.8 | proj _11=1.2754 _22=2.2673 _33=1.00001 _43=-0.15 (aspect 1.778)
camera: pos -0.4 14.7 163.0 | proj _11=1.2860 _22=2.2861 _33=1.00001 _43=-0.15 (aspect 1.778)
camera: pos -0.8 14.7 163.0 | proj _11=1.2989 _22=2.3091 _33=1.00001 _43=-0.15 (aspect 1.778)
camera: pos -2.4 14.8 163.7 | proj _11=1.3116 _22=2.3318 _33=1.00001 _43=-0.15 (aspect 1.778)
camera: pos -6.7 14.9 165.8 | proj _11=1.3274 _22=2.3598 _33=1.00001 _43=-0.15 (aspect 1.778)
camera: pos -9.2 15.3 166.3 | proj _11=1.3397 _22=2.3817 _33=1.00001 _43=-0.15 (aspect 1.778)
camera: pos -11.4 15.5 165.3 | proj _11=1.3267 _22=2.3586 _33=1.00001 _43=-0.15 (aspect 1.778)
camera: pos -12.6 15.4 163.8 | proj _11=1.3374 _22=2.3775 _33=1.00001 _43=-0.15 (aspect 1.778)
camera: pos -13.5 15.4 162.4 | proj _11=1.3492 _22=2.3986 _33=1.00001 _43=-0.15 (aspect 1.778)
camera: pos -14.7 15.3 161.2 | proj _11=1.3600 _22=2.4178 _33=1.00001 _43=-0.15 (aspect 1.778)
camera: pos -15.1 15.4 160.4 | proj _11=1.3727 _22=2.4404 _33=1.00001 _43=-0.15 (aspect 1.778)
camera: pos -15.2 15.4 159.2 | proj _11=1.3953 _22=2.4805 _33=1.00001 _43=-0.15 (aspect 1.778)
camera: pos -15.1 15.4 158.5 | proj _11=1.4071 _22=2.5014 _33=1.00001 _43=-0.15 (aspect 1.778)
camera: pos -15.1 14.3 155.0 | proj _11=1.4193 _22=2.5232 _33=1.00001 _43=-0.15 (aspect 1.778)
camera: pos -14.3 14.3 154.4 | proj _11=1.4081 _22=2.5033 _33=1.00001 _43=-0.15 (aspect 1.778)
camera: pos -13.7 14.3 154.0 | proj _11=1.3975 _22=2.4845 _33=1.00001 _43=-0.15 (aspect 1.778)
camera: pos -13.1 14.3 153.5 | proj _11=1.3837 _22=2.4599 _33=1.00001 _43=-0.15 (aspect 1.778)
camera: pos -12.9 14.2 153.2 | proj _11=1.3721 _22=2.4392 _33=1.00001 _43=-0.15 (aspect 1.778)
camera: pos -11.9 14.2 152.2 | proj _11=1.3610 _22=2.4194 _33=1.00001 _43=-0.15 (aspect 1.778)
camera: pos -10.4 14.6 148.9 | proj _11=1.3494 _22=2.3989 _33=1.00001 _43=-0.15 (aspect 1.778)
camera: pos -7.8 15.3 147.4 | proj _11=1.3288 _22=2.3623 _33=1.00001 _43=-0.15 (aspect 1.778)
camera: pos -6.7 15.3 146.3 | proj _11=1.3111 _22=2.3307 _33=1.00001 _43=-0.15 (aspect 1.778)
camera: pos -6.1 15.4 145.2 | proj _11=1.3005 _22=2.3119 _33=1.00001 _43=-0.15 (aspect 1.778)
camera: pos -5.0 15.4 141.2 | proj _11=1.2889 _22=2.2913 _33=1.00001 _43=-0.15 (aspect 1.778)
camera: pos -5.1 15.1 140.1 | proj _11=1.2769 _22=2.2700 _33=1.00001 _43=-0.15 (aspect 1.778)
camera: pos -6.0 14.2 136.5 | proj _11=1.2639 _22=2.2469 _33=1.00001 _43=-0.15 (aspect 1.778)
camera: pos -5.5 14.3 131.7 | proj _11=1.2503 _22=2.2226 _33=1.00001 _43=-0.15 (aspect 1.778)
camera: pos -5.1 14.3 129.8 | proj _11=1.2370 _22=2.1990 _33=1.00001 _43=-0.15 (aspect 1.778)
camera: pos -4.6 14.4 127.3 | proj _11=1.2230 _22=2.1742 _33=1.00001 _43=-0.15 (aspect 1.778)
camera: pos -4.1 14.4 123.4 | proj _11=1.2114 _22=2.1536 _33=1.00001 _43=-0.15 (aspect 1.778)
camera: pos -3.9 14.3 121.1 | proj _11=1.1989 _22=2.1314 _33=1.00001 _43=-0.15 (aspect 1.778)
camera: pos -3.8 14.3 118.7 | proj _11=1.1865 _22=2.1094 _33=1.00001 _43=-0.15 (aspect 1.778)
camera: pos -3.7 14.3 115.5 | proj _11=1.1730 _22=2.0853 _33=1.00001 _43=-0.15 (aspect 1.778)
camera: pos -3.6 14.3 112.4 | proj _11=1.1625 _22=2.0666 _33=1.00001 _43=-0.15 (aspect 1.778)
camera: pos -3.1 14.2 103.5 | proj _11=1.1513 _22=2.0468 _33=1.00001 _43=-0.15 (aspect 1.778)
camera: pos -2.6 14.3 97.0 | proj _11=1.1413 _22=2.0289 _33=1.00001 _43=-0.15 (aspect 1.778)
camera: pos -2.4 14.3 93.5 | proj _11=1.1303 _22=2.0094 _33=1.00001 _43=-0.15 (aspect 1.778)
camera: pos -2.1 14.3 88.8 | proj _11=1.1192 _22=1.9896 _33=1.00001 _43=-0.15 (aspect 1.778)
camera: pos -1.9 14.4 83.6 | proj _11=1.1075 _22=1.9688 _33=1.00001 _43=-0.15 (aspect 1.778)
camera: pos -1.7 14.4 78.4 | proj _11=1.0973 _22=1.9508 _33=1.00001 _43=-0.15 (aspect 1.778)
camera: pos -1.6 14.4 71.6 | proj _11=1.0869 _22=1.9323 _33=1.00001 _43=-0.15 (aspect 1.778)
camera: pos -1.1 14.5 65.9 | proj _11=1.0761 _22=1.9131 _33=1.00001 _43=-0.15 (aspect 1.778)
camera: pos -0.8 14.5 59.7 | proj _11=1.0645 _22=1.8924 _33=1.00001 _43=-0.15 (aspect 1.778)
camera: pos -1.0 14.5 53.1 | proj _11=1.0534 _22=1.8727 _33=1.00001 _43=-0.15 (aspect 1.778)
camera: pos -1.4 14.4 46.1 | proj _11=1.0421 _22=1.8527 _33=1.00001 _43=-0.15 (aspect 1.778)
camera: pos -1.7 14.4 38.6 | proj _11=1.0310 _22=1.8329 _33=1.00001 _43=-0.15 (aspect 1.778)
camera: pos -1.8 14.4 31.1 | proj _11=1.0209 _22=1.8149 _33=1.00001 _43=-0.15 (aspect 1.778)
camera: pos -1.9 14.4 23.2 | proj _11=1.0109 _22=1.7970 _33=1.00001 _43=-0.15 (aspect 1.778)
camera: pos -2.0 14.3 14.0 | proj _11=1.0005 _22=1.7785 _33=1.00001 _43=-0.15 (aspect 1.778)
camera: pos -2.3 14.3 -5.0 | proj _11=0.9902 _22=1.7603 _33=1.00001 _43=-0.15 (aspect 1.778)
camera: pos -2.8 14.3 -16.4 | proj _11=0.9801 _22=1.7424 _33=1.00001 _43=-0.15 (aspect 1.778)
camera: pos 5.4 14.2 -101.3 | proj _11=0.9904 _22=1.7606 _33=1.00001 _43=-0.15 (aspect 1.778)
camera: pos 5.4 14.2 -101.6 | proj _11=1.0081 _22=1.7921 _33=1.00001 _43=-0.15 (aspect 1.778)
camera: pos 5.5 14.2 -101.9 | proj _11=1.0228 _22=1.8183 _33=1.00001 _43=-0.15 (aspect 1.778)
camera: pos 5.6 14.2 -102.5 | proj _11=1.0433 _22=1.8548 _33=1.00001 _43=-0.15 (aspect 1.778)
camera: pos 5.8 14.3 -103.4 | proj _11=1.0692 _22=1.9008 _33=1.00001 _43=-0.15 (aspect 1.778)
camera: pos 6.0 14.3 -104.6 | proj _11=1.1010 _22=1.9573 _33=1.00001 _43=-0.15 (aspect 1.778)
camera: pos 6.2 14.3 -106.2 | proj _11=1.1394 _22=2.0255 _33=1.00001 _43=-0.15 (aspect 1.778)
camera: pos 6.2 14.3 -106.0 | proj _11=1.2991 _22=2.3095 _33=1.00001 _43=-0.15 (aspect 1.778)
camera: pos 6.7 14.2 -120.2 | proj _11=1.6085 _22=2.8594 _33=1.00001 _43=-0.15 (aspect 1.778)
camera: pos 111.0 14.1 52.4 | proj _11=1.1394 _22=2.0255 _33=1.00001 _43=-0.15 (aspect 1.778)
camera: pos 111.0 14.1 52.4 | proj _11=1.6085 _22=2.8594 _33=1.00001 _43=-0.15 (aspect 1.778)
frame 22200 | draws 2855/frame | FFP converted 842/frame (29.5%)
    not converted: screen-space 58  skinned 0  ortho 0  vertex-format 12  untextured 1307  instanced 0  mirrored 0  other-camera 307  no camera 0  other 0 (per frame)
    prepasses hidden: sampler-less 1307/frame, stipple-with-no-colour 237/frame (these used to convert WHITE) | post/composite quads marked 57/frame
    constant-colour materials (no diffuse map, albedo from the shader's own constant) 71/frame | HUD quads demoted to UI 0/frame | back-buffer clears 1/frame | sky draws 55/frame | UI-pass draws converted 0/frame
    instancing: 902 converted from the instance stream/frame, 0 refused/frame (largest single draw 1 instances, 0.9 buffer writes snooped/frame)
    SKINNING: 96 skinned/frame, 53 refused/frame, 0 exact duplicates dropped/frame | 126 meshes decoded, 126 cached, 0 cache flushes
    ALBEDO stage 0 taken raw (no shader reflection) 0/frame
    ALBEDO: constant-only 71/frame, tinted fallback 0/frame, genuinely blank 0/frame (of 72 rank-0 draws/frame)
    ALBEDO WHITE (previously uncounted): named-but-not-bound 0/frame, render-target exclusion left nothing 0/frame | colourless passes now hidden 37/frame
    SKIPPED entirely 0/frame (mode 3) | demoted to UI overlay 0/frame | no-albedo materials left to Remix 72/frame
    MARKED with the marker texture 1945/frame (refused as unsafe 0/frame, 4576 SetTexture calls/frame, marker created)
    albedo: moved off stage 0 184/frame, blanked 71/frame, restored from mesh cache 200/frame (4096 meshes cached) | RT textures known 110 | lights 29.7/frame (24 shaders)
    camera 111.0 14.1 52.4 | distinct cameras this frame 1 (max 1) | transform writes 563/frame | redundant state calls dropped 17635/frame
    world matrix changes 561/frame | objTM used without a fresh upload 0/frame | uv matrix writes 22/frame (last scale 0.00098, 0.00098)
    TIMING: frame 24.5 ms avg (41 fps), worst 103 ms | shim 12.96 ms avg (53.0% of frame), worst 31.9 ms
    TIMING tail: 544 frames >=33 ms, 1 >=100 ms in this window of 600 | inside real Present 1.88 ms avg, worst 31.2 ms | our other hooks 0.00 ms avg
    converted -> target 14D8EAD0 1280x720 fmt=34 : 15 draws/frame
    converted -> target 14D985D8 1280x720 fmt=113 : 421 draws/frame
    converted -> target 14D8F0A0 1280x720 fmt=113 : 4 draws/frame
    converted -> target 14D8EDB8 1280x720 fmt=21 : 0 draws/frame
    converted -> target 039BD008 1280x720 fmt=22 : 0 draws/frame
    converted -> target 50EE7EB0 2560x1440 fmt=34 : 14 draws/frame
    converted -> target 50EEAA48 2560x1440 fmt=113 : 329 draws/frame
    converted -> target 50EE6678 2560x1440 fmt=113 : 4 draws/frame
    converted -> target 50EE6770 2560x1440 fmt=21 : 0 draws/frame
frame 22800 | draws 2916/frame | FFP converted 867/frame (29.7%)
    not converted: screen-space 58  skinned 0  ortho 0  vertex-format 12  untextured 1332  instanced 0  mirrored 0  other-camera 312  no camera 0  other 0 (per frame)
    prepasses hidden: sampler-less 1332/frame, stipple-with-no-colour 240/frame (these used to convert WHITE) | post/composite quads marked 58/frame
    constant-colour materials (no diffuse map, albedo from the shader's own constant) 73/frame | HUD quads demoted to UI 0/frame | back-buffer clears 1/frame | sky draws 56/frame | UI-pass draws converted 0/frame
    instancing: 930 converted from the instance stream/frame, 0 refused/frame (largest single draw 1 instances, 0.9 buffer writes snooped/frame)
    SKINNING: 97 skinned/frame, 53 refused/frame, 0 exact duplicates dropped/frame | 128 meshes decoded, 128 cached, 0 cache flushes
    ALBEDO stage 0 taken raw (no shader reflection) 0/frame
    ALBEDO: constant-only 73/frame, tinted fallback 0/frame, genuinely blank 0/frame (of 73 rank-0 draws/frame)
    ALBEDO WHITE (previously uncounted): named-but-not-bound 0/frame, render-target exclusion left nothing 0/frame | colourless passes now hidden 39/frame
    SKIPPED entirely 0/frame (mode 3) | demoted to UI overlay 0/frame | no-albedo materials left to Remix 73/frame
    MARKED with the marker texture 1981/frame (refused as unsafe 0/frame, 4652 SetTexture calls/frame, marker created)
    albedo: moved off stage 0 188/frame, blanked 73/frame, restored from mesh cache 202/frame (4096 meshes cached) | RT textures known 110 | lights 30.0/frame (24 shaders)
    camera 134.0 15.5 59.9 | distinct cameras this frame 1 (max 1) | transform writes 581/frame | redundant state calls dropped 18173/frame
    world matrix changes 579/frame | objTM used without a fresh upload 0/frame | uv matrix writes 22/frame (last scale 0.00098, 0.00098)
    TIMING: frame 24.7 ms avg (40 fps), worst 102 ms | shim 13.15 ms avg (53.2% of frame), worst 35.7 ms
    TIMING tail: 337 frames >=33 ms, 1 >=100 ms in this window of 600 | inside real Present 1.85 ms avg, worst 45.0 ms | our other hooks 0.00 ms avg
    converted -> target 14D8EAD0 1280x720 fmt=34 : 15 draws/frame
    converted -> target 14D985D8 1280x720 fmt=113 : 410 draws/frame
    converted -> target 14D8F0A0 1280x720 fmt=113 : 4 draws/frame
    converted -> target 14D8EDB8 1280x720 fmt=21 : 0 draws/frame
    converted -> target 039BD008 1280x720 fmt=22 : 0 draws/frame
    converted -> target 50EE7EB0 2560x1440 fmt=34 : 16 draws/frame
    converted -> target 50EEAA48 2560x1440 fmt=113 : 364 draws/frame
    converted -> target 50EE6678 2560x1440 fmt=113 : 5 draws/frame
    converted -> target 50EE6770 2560x1440 fmt=21 : 0 draws/frame
camera: pos 132.3 14.6 62.9 | proj _11=1.5904 _22=2.8273 _33=1.00001 _43=-0.15 (aspect 1.778)
camera: pos 132.8 14.6 62.6 | proj _11=1.5730 _22=2.7964 _33=1.00001 _43=-0.15 (aspect 1.778)
camera: pos 133.2 14.6 62.1 | proj _11=1.5557 _22=2.7656 _33=1.00001 _43=-0.15 (aspect 1.778)
camera: pos 133.6 14.6 61.5 | proj _11=1.5385 _22=2.7350 _33=1.00001 _43=-0.15 (aspect 1.778)
camera: pos 134.2 14.5 61.1 | proj _11=1.5213 _22=2.7045 _33=1.00001 _43=-0.15 (aspect 1.778)
camera: pos 135.1 14.2 60.7 | proj _11=1.5042 _22=2.6741 _33=1.00001 _43=-0.15 (aspect 1.778)
camera: pos 136.2 13.7 60.2 | proj _11=1.4873 _22=2.6440 _33=1.00001 _43=-0.15 (aspect 1.778)
camera: pos 136.6 13.4 59.6 | proj _11=1.4719 _22=2.6166 _33=1.00001 _43=-0.15 (aspect 1.778)
camera: pos 136.9 13.2 58.9 | proj _11=1.4566 _22=2.5895 _33=1.00001 _43=-0.15 (aspect 1.778)
camera: pos 136.9 13.1 58.2 | proj _11=1.4416 _22=2.5628 _33=1.00001 _43=-0.15 (aspect 1.778)
camera: pos 136.8 13.1 57.6 | proj _11=1.4267 _22=2.5363 _33=1.00001 _43=-0.15 (aspect 1.778)
camera: pos 136.5 13.2 57.0 | proj _11=1.4109 _22=2.5082 _33=1.00001 _43=-0.15 (aspect 1.778)
camera: pos 136.2 13.2 56.4 | proj _11=1.3948 _22=2.4795 _33=1.00001 _43=-0.15 (aspect 1.778)
camera: pos 136.1 13.2 55.8 | proj _11=1.3796 _22=2.4527 _33=1.00001 _43=-0.15 (aspect 1.778)
camera: pos 136.2 13.2 55.1 | proj _11=1.3651 _22=2.4267 _33=1.00001 _43=-0.15 (aspect 1.778)
camera: pos 136.0 13.2 54.4 | proj _11=1.3504 _22=2.4006 _33=1.00001 _43=-0.15 (aspect 1.778)
camera: pos 135.7 13.2 53.9 | proj _11=1.3364 _22=2.3758 _33=1.00001 _43=-0.15 (aspect 1.778)
camera: pos 135.5 13.2 53.4 | proj _11=1.3227 _22=2.3513 _33=1.00001 _43=-0.15 (aspect 1.778)
camera: pos 135.3 13.2 52.7 | proj _11=1.3089 _22=2.3269 _33=1.00001 _43=-0.15 (aspect 1.778)
camera: pos 138.6 15.7 -3.4 | proj _11=1.3222 _22=2.3506 _33=1.00001 _43=-0.15 (aspect 1.778)
camera: pos 138.7 15.7 -3.5 | proj _11=1.3416 _22=2.3849 _33=1.00001 _43=-0.15 (aspect 1.778)
camera: pos 138.7 15.8 -3.7 | proj _11=1.3658 _22=2.4280 _33=1.00001 _43=-0.15 (aspect 1.778)
camera: pos 138.8 15.8 -3.8 | proj _11=1.3899 _22=2.4709 _33=1.00001 _43=-0.15 (aspect 1.778)
camera: pos 138.8 15.8 -4.0 | proj _11=1.4150 _22=2.5156 _33=1.00001 _43=-0.15 (aspect 1.778)
camera: pos 138.8 15.8 -4.1 | proj _11=1.4378 _22=2.5561 _33=1.00001 _43=-0.15 (aspect 1.778)
camera: pos 138.9 15.8 -4.3 | proj _11=1.4626 _22=2.6002 _33=1.00001 _43=-0.15 (aspect 1.778)
camera: pos 138.9 15.8 -4.4 | proj _11=1.4883 _22=2.6457 _33=1.00001 _43=-0.15 (aspect 1.778)
camera: pos 138.9 15.9 -4.6 | proj _11=1.5152 _22=2.6936 _33=1.00001 _43=-0.15 (aspect 1.778)
camera: pos 138.9 15.9 -4.8 | proj _11=1.5423 _22=2.7418 _33=1.00001 _43=-0.15 (aspect 1.778)
camera: pos 139.0 15.9 -5.1 | proj _11=1.5698 _22=2.7907 _33=1.00001 _43=-0.15 (aspect 1.778)
camera: pos 139.0 16.0 -5.3 | proj _11=1.6005 _22=2.8452 _33=1.00001 _43=-0.15 (aspect 1.778)
frame 23400 | draws 3015/frame | FFP converted 905/frame (30.0%)
    not converted: screen-space 59  skinned 0  ortho 0  vertex-format 12  untextured 1378  instanced 0  mirrored 0  other-camera 316  no camera 0  other 0 (per frame)
    prepasses hidden: sampler-less 1378/frame, stipple-with-no-colour 246/frame (these used to convert WHITE) | post/composite quads marked 58/frame
    constant-colour materials (no diffuse map, albedo from the shader's own constant) 75/frame | HUD quads demoted to UI 0/frame | back-buffer clears 1/frame | sky draws 57/frame | UI-pass draws converted 0/frame
    instancing: 963 converted from the instance stream/frame, 0 refused/frame (largest single draw 1 instances, 0.9 buffer writes snooped/frame)
    SKINNING: 99 skinned/frame, 56 refused/frame, 0 exact duplicates dropped/frame | 130 meshes decoded, 130 cached, 0 cache flushes
    ALBEDO stage 0 taken raw (no shader reflection) 0/frame
    ALBEDO: constant-only 75/frame, tinted fallback 0/frame, genuinely blank 0/frame (of 75 rank-0 draws/frame)
    ALBEDO WHITE (previously uncounted): named-but-not-bound 0/frame, render-target exclusion left nothing 0/frame | colourless passes now hidden 42/frame
    SKIPPED entirely 0/frame (mode 3) | demoted to UI overlay 0/frame | no-albedo materials left to Remix 75/frame
    MARKED with the marker texture 2040/frame (refused as unsafe 0/frame, 4782 SetTexture calls/frame, marker created)
    albedo: moved off stage 0 195/frame, blanked 75/frame, restored from mesh cache 204/frame (4096 meshes cached) | RT textures known 110 | lights 30.9/frame (24 shaders)
    camera 142.5 15.7 -5.3 | distinct cameras this frame 1 (max 1) | transform writes 606/frame | redundant state calls dropped 18963/frame
    world matrix changes 604/frame | objTM used without a fresh upload 0/frame | uv matrix writes 23/frame (last scale 0.00098, 0.00098)
    TIMING: frame 25.1 ms avg (40 fps), worst 87 ms | shim 13.38 ms avg (53.4% of frame), worst 33.9 ms
    TIMING tail: 511 frames >=33 ms, 0 >=100 ms in this window of 600 | inside real Present 1.81 ms avg, worst 10.6 ms | our other hooks 0.00 ms avg
    converted -> target 14D8EAD0 1280x720 fmt=34 : 15 draws/frame
    converted -> target 14D985D8 1280x720 fmt=113 : 400 draws/frame
    converted -> target 14D8F0A0 1280x720 fmt=113 : 4 draws/frame
    converted -> target 14D8EDB8 1280x720 fmt=21 : 0 draws/frame
    converted -> target 039BD008 1280x720 fmt=22 : 0 draws/frame
    converted -> target 50EE7EB0 2560x1440 fmt=34 : 18 draws/frame
    converted -> target 50EEAA48 2560x1440 fmt=113 : 407 draws/frame
    converted -> target 50EE6678 2560x1440 fmt=113 : 5 draws/frame
    converted -> target 50EE6770 2560x1440 fmt=21 : 0 draws/frame
camera: pos 142.9 15.6 -8.9 | proj _11=1.5901 _22=2.8267 _33=1.00001 _43=-0.15 (aspect 1.778)
camera: pos 142.9 15.6 -9.2 | proj _11=1.5798 _22=2.8084 _33=1.00001 _43=-0.15 (aspect 1.778)
camera: pos 142.9 15.6 -9.8 | proj _11=1.5612 _22=2.7753 _33=1.00001 _43=-0.15 (aspect 1.778)
camera: pos 142.9 15.5 -10.3 | proj _11=1.5447 _22=2.7462 _33=1.00001 _43=-0.15 (aspect 1.778)
camera: pos 142.9 15.5 -10.7 | proj _11=1.5293 _22=2.7187 _33=1.00001 _43=-0.15 (aspect 1.778)
camera: pos 142.9 15.5 -11.3 | proj _11=1.5132 _22=2.6901 _33=1.00001 _43=-0.15 (aspect 1.778)
camera: pos 142.9 15.5 -11.7 | proj _11=1.4986 _22=2.6641 _33=1.00001 _43=-0.15 (aspect 1.778)
camera: pos 142.9 15.5 -12.3 | proj _11=1.4832 _22=2.6368 _33=1.00001 _43=-0.15 (aspect 1.778)
camera: pos 142.9 15.5 -12.8 | proj _11=1.4676 _22=2.6090 _33=1.00001 _43=-0.15 (aspect 1.778)
camera: pos 142.9 15.4 -13.3 | proj _11=1.4524 _22=2.5820 _33=1.00001 _43=-0.15 (aspect 1.778)
camera: pos 142.9 15.4 -13.9 | proj _11=1.4371 _22=2.5547 _33=1.00001 _43=-0.15 (aspect 1.778)
camera: pos 142.9 15.4 -14.4 | proj _11=1.4217 _22=2.5274 _33=1.00001 _43=-0.15 (aspect 1.778)
camera: pos 142.9 15.4 -15.0 | proj _11=1.4067 _22=2.5007 _33=1.00001 _43=-0.15 (aspect 1.778)
camera: pos 142.9 15.4 -15.5 | proj _11=1.3920 _22=2.4747 _33=1.00001 _43=-0.15 (aspect 1.778)
camera: pos 142.9 15.3 -16.0 | proj _11=1.3778 _22=2.4494 _33=1.00001 _43=-0.15 (aspect 1.778)
camera: pos 142.9 15.3 -16.6 | proj _11=1.3631 _22=2.4232 _33=1.00001 _43=-0.15 (aspect 1.778)
camera: pos 142.9 15.3 -17.2 | proj _11=1.3482 _22=2.3968 _33=1.00001 _43=-0.15 (aspect 1.778)
camera: pos 142.9 15.3 -17.7 | proj _11=1.3336 _22=2.3708 _33=1.00001 _43=-0.15 (aspect 1.778)
camera: pos 142.9 15.3 -18.4 | proj _11=1.3189 _22=2.3447 _33=1.00001 _43=-0.15 (aspect 1.778)
camera: pos 142.8 15.2 -18.9 | proj _11=1.3038 _22=2.3178 _33=1.00001 _43=-0.15 (aspect 1.778)
frame 24000 | draws 3049/frame | FFP converted 920/frame (30.2%)
    not converted: screen-space 59  skinned 0  ortho 0  vertex-format 12  untextured 1394  instanced 0  mirrored 0  other-camera 315  no camera 0  other 0 (per frame)
    prepasses hidden: sampler-less 1394/frame, stipple-with-no-colour 249/frame (these used to convert WHITE) | post/composite quads marked 59/frame
    constant-colour materials (no diffuse map, albedo from the shader's own constant) 76/frame | HUD quads demoted to UI 0/frame | back-buffer clears 1/frame | sky draws 57/frame | UI-pass draws converted 0/frame
    instancing: 974 converted from the instance stream/frame, 0 refused/frame (largest single draw 1 instances, 0.9 buffer writes snooped/frame)
    SKINNING: 100 skinned/frame, 57 refused/frame, 0 exact duplicates dropped/frame | 136 meshes decoded, 136 cached, 0 cache flushes
    ALBEDO stage 0 taken raw (no shader reflection) 0/frame
    ALBEDO: constant-only 76/frame, tinted fallback 0/frame, genuinely blank 0/frame (of 76 rank-0 draws/frame)
    ALBEDO WHITE (previously uncounted): named-but-not-bound 0/frame, render-target exclusion left nothing 0/frame | colourless passes now hidden 43/frame
    SKIPPED entirely 0/frame (mode 3) | demoted to UI overlay 0/frame | no-albedo materials left to Remix 76/frame
    MARKED with the marker texture 2059/frame (refused as unsafe 0/frame, 4822 SetTexture calls/frame, marker created)
    albedo: moved off stage 0 198/frame, blanked 76/frame, restored from mesh cache 203/frame (4096 meshes cached) | RT textures known 110 | lights 31.0/frame (24 shaders)
    camera 206.0 23.1 -61.8 | distinct cameras this frame 1 (max 1) | transform writes 615/frame | redundant state calls dropped 19277/frame
    world matrix changes 614/frame | objTM used without a fresh upload 0/frame | uv matrix writes 23/frame (last scale 0.00098, 0.00098)
    TIMING: frame 25.2 ms avg (40 fps), worst 85 ms | shim 13.48 ms avg (53.4% of frame), worst 32.6 ms
    TIMING tail: 303 frames >=33 ms, 0 >=100 ms in this window of 600 | inside real Present 1.77 ms avg, worst 63.1 ms | our other hooks 0.00 ms avg
    converted -> target 14D8EAD0 1280x720 fmt=34 : 14 draws/frame
    converted -> target 14D985D8 1280x720 fmt=113 : 390 draws/frame
    converted -> target 14D8F0A0 1280x720 fmt=113 : 4 draws/frame
    converted -> target 14D8EDB8 1280x720 fmt=21 : 0 draws/frame
    converted -> target 039BD008 1280x720 fmt=22 : 0 draws/frame
    converted -> target 50EE7EB0 2560x1440 fmt=34 : 20 draws/frame
    converted -> target 50EEAA48 2560x1440 fmt=113 : 430 draws/frame
    converted -> target 50EE6678 2560x1440 fmt=113 : 5 draws/frame
    converted -> target 50EE6770 2560x1440 fmt=21 : 0 draws/frame
instanced draw declaration #1 (instances=10000) streams: 0 stride=8  1 stride=28  2 stride=0  3 stride=0
    stream=0 offset= 0 type=float2   usage=TEXCOORD     index=0
    stream=1 offset= 0 type=float3   usage=POSITION     index=0
    stream=1 offset=12 type=float3   usage=POSITION     index=1
    stream=1 offset=24 type=float1   usage=TEXCOORD     index=1
instanced draw declaration #2 (instances=10000) streams: 0 stride=8  1 stride=28  2 stride=0  3 stride=0
    stream=0 offset= 0 type=float2   usage=TEXCOORD     index=0
    stream=1 offset= 0 type=float3   usage=POSITION     index=0
    stream=1 offset=12 type=float3   usage=POSITION     index=1
    stream=1 offset=24 type=float1   usage=TEXCOORD     index=1
instanced draw declaration #3 (instances=10000) streams: 0 stride=8  1 stride=28  2 stride=0  3 stride=0
    stream=0 offset= 0 type=float2   usage=TEXCOORD     index=0
    stream=1 offset= 0 type=float3   usage=POSITION     index=0
    stream=1 offset=12 type=float3   usage=POSITION     index=1
    stream=1 offset=24 type=float1   usage=TEXCOORD     index=1
camera: pos 6.6 36.3 -84.6 | proj _11=1.2790 _22=2.2737 _33=1.00001 _43=-0.15 (aspect 1.778)
camera: pos 6.7 36.3 -84.7 | proj _11=1.2618 _22=2.2431 _33=1.00001 _43=-0.15 (aspect 1.778)
camera: pos 6.9 36.3 -85.2 | proj _11=1.2462 _22=2.2155 _33=1.00001 _43=-0.15 (aspect 1.778)
camera: pos 7.1 36.4 -85.5 | proj _11=1.1982 _22=2.1301 _33=1.00001 _43=-0.15 (aspect 1.778)
camera: pos 7.3 36.5 -85.8 | proj _11=1.1535 _22=2.0505 _33=1.00001 _43=-0.15 (aspect 1.778)
camera: pos 7.4 36.5 -86.1 | proj _11=1.1124 _22=1.9775 _33=1.00001 _43=-0.15 (aspect 1.778)
camera: pos 7.5 36.6 -86.4 | proj _11=1.0749 _22=1.9110 _33=1.00001 _43=-0.15 (aspect 1.778)
camera: pos 7.6 36.7 -86.7 | proj _11=1.0382 _22=1.8456 _33=1.00001 _43=-0.15 (aspect 1.778)
camera: pos 7.7 36.8 -86.9 | proj _11=1.0042 _22=1.7852 _33=1.00001 _43=-0.15 (aspect 1.778)
camera: pos 7.9 36.9 -87.2 | proj _11=0.9718 _22=1.7276 _33=1.00001 _43=-0.15 (aspect 1.778)
camera: pos 8.0 36.8 -87.5 | proj _11=0.9411 _22=1.6729 _33=1.00001 _43=-0.15 (aspect 1.778)
camera: pos 8.1 36.7 -87.8 | proj _11=0.9120 _22=1.6212 _33=1.00001 _43=-0.15 (aspect 1.778)
camera: pos 8.3 36.6 -88.1 | proj _11=0.8844 _22=1.5722 _33=1.00001 _43=-0.15 (aspect 1.778)
camera: pos 8.4 36.4 -88.3 | proj _11=0.8581 _22=1.5254 _33=1.00001 _43=-0.15 (aspect 1.778)
camera: pos 8.5 36.1 -88.6 | proj _11=0.8330 _22=1.4808 _33=1.00001 _43=-0.15 (aspect 1.778)
camera: pos 8.5 35.6 -88.9 | proj _11=0.8089 _22=1.4381 _33=1.00001 _43=-0.15 (aspect 1.778)
camera: pos 8.5 35.2 -89.2 | proj _11=0.7859 _22=1.3971 _33=1.00001 _43=-0.15 (aspect 1.778)
camera: pos 8.6 34.9 -89.4 | proj _11=0.7637 _22=1.3577 _33=1.00001 _43=-0.15 (aspect 1.778)
camera: pos 8.7 34.4 -89.7 | proj _11=0.7424 _22=1.3198 _33=1.00001 _43=-0.15 (aspect 1.778)
camera: pos 8.8 33.9 -89.9 | proj _11=0.7218 _22=1.2832 _33=1.00001 _43=-0.15 (aspect 1.778)
camera: pos 8.9 33.4 -90.2 | proj _11=0.7019 _22=1.2478 _33=1.00001 _43=-0.15 (aspect 1.778)
camera: pos 9.0 32.9 -90.4 | proj _11=0.6826 _22=1.2135 _33=1.00001 _43=-0.15 (aspect 1.778)
camera: pos 9.2 32.4 -90.6 | proj _11=0.6639 _22=1.1803 _33=1.00001 _43=-0.15 (aspect 1.778)
camera: pos 13.6 24.0 -93.8 | proj _11=0.6538 _22=1.1622 _33=1.00001 _43=-0.15 (aspect 1.778)
camera: pos 17.5 15.0 -95.9 | proj _11=0.7501 _22=1.3334 _33=1.00001 _43=-0.15 (aspect 1.778)
camera: pos 18.0 14.9 -95.5 | proj _11=0.8043 _22=1.4299 _33=1.00001 _43=-0.15 (aspect 1.778)
camera: pos 18.3 14.8 -95.4 | proj _11=0.8628 _22=1.5339 _33=1.00001 _43=-0.15 (aspect 1.778)
camera: pos 18.6 14.8 -95.3 | proj _11=0.9262 _22=1.6466 _33=1.00001 _43=-0.15 (aspect 1.778)
camera: pos 18.9 14.7 -95.2 | proj _11=0.9953 _22=1.7695 _33=1.00001 _43=-0.15 (aspect 1.778)
camera: pos 19.1 14.9 -95.3 | proj _11=1.0712 _22=1.9043 _33=1.00001 _43=-0.15 (aspect 1.778)
camera: pos 19.4 14.9 -95.3 | proj _11=1.1550 _22=2.0532 _33=1.00001 _43=-0.15 (aspect 1.778)
camera: pos 19.6 14.9 -95.2 | proj _11=1.2483 _22=2.2191 _33=1.00001 _43=-0.15 (aspect 1.778)
camera: pos 19.7 14.8 -95.1 | proj _11=1.3531 _22=2.4055 _33=1.00001 _43=-0.15 (aspect 1.778)
camera: pos 19.9 14.8 -95.0 | proj _11=1.4720 _22=2.6169 _33=1.00001 _43=-0.15 (aspect 1.778)
camera: pos 20.0 14.8 -95.1 | proj _11=1.6085 _22=2.8594 _33=1.00001 _43=-0.15 (aspect 1.778)
camera: pos 23.3 13.3 -98.4 | proj _11=1.5963 _22=2.8379 _33=1.00001 _43=-0.15 (aspect 1.778)
camera: pos 23.6 13.3 -98.7 | proj _11=1.5843 _22=2.8165 _33=1.00001 _43=-0.15 (aspect 1.778)
camera: pos 23.9 13.3 -99.1 | proj _11=1.5725 _22=2.7955 _33=1.00001 _43=-0.15 (aspect 1.778)
camera: pos 24.2 13.3 -99.4 | proj _11=1.5608 _22=2.7747 _33=1.00001 _43=-0.15 (aspect 1.778)
camera: pos 24.4 13.4 -99.7 | proj _11=1.5492 _22=2.7541 _33=1.00001 _43=-0.15 (aspect 1.778)
camera: pos 24.7 13.3 -100.0 | proj _11=1.5378 _22=2.7338 _33=1.00001 _43=-0.15 (aspect 1.778)
camera: pos 25.0 13.3 -100.3 | proj _11=1.5265 _22=2.7138 _33=1.00001 _43=-0.15 (aspect 1.778)
camera: pos 25.3 13.3 -100.7 | proj _11=1.5154 _22=2.6939 _33=1.00001 _43=-0.15 (aspect 1.778)
camera: pos 25.6 13.4 -100.9 | proj _11=1.5044 _22=2.6744 _33=1.00001 _43=-0.15 (aspect 1.778)
camera: pos 25.9 13.5 -101.1 | proj _11=1.4935 _22=2.6550 _33=1.00001 _43=-0.15 (aspect 1.778)
camera: pos 26.1 13.5 -101.4 | proj _11=1.4827 _22=2.6358 _33=1.00001 _43=-0.15 (aspect 1.778)
camera: pos 26.4 13.6 -101.7 | proj _11=1.4720 _22=2.6169 _33=1.00001 _43=-0.15 (aspect 1.778)
camera: pos 26.7 13.6 -101.9 | proj _11=1.4615 _22=2.5982 _33=1.00001 _43=-0.15 (aspect 1.778)
camera: pos 27.1 13.6 -102.1 | proj _11=1.4511 _22=2.5797 _33=1.00001 _43=-0.15 (aspect 1.778)
camera: pos 27.5 13.6 -102.2 | proj _11=1.4408 _22=2.5614 _33=1.00001 _43=-0.15 (aspect 1.778)
camera: pos 27.9 13.7 -102.3 | proj _11=1.4306 _22=2.5433 _33=1.00001 _43=-0.15 (aspect 1.778)
camera: pos 28.4 13.7 -102.3 | proj _11=1.4206 _22=2.5254 _33=1.00001 _43=-0.15 (aspect 1.778)
camera: pos 29.2 13.7 -102.5 | proj _11=1.4008 _22=2.4902 _33=1.00001 _43=-0.15 (aspect 1.778)
camera: pos 30.1 13.7 -102.6 | proj _11=1.3814 _22=2.4558 _33=1.00001 _43=-0.15 (aspect 1.778)
camera: pos 31.0 13.7 -102.8 | proj _11=1.3624 _22=2.4221 _33=1.00001 _43=-0.15 (aspect 1.778)
camera: pos 31.7 13.7 -103.2 | proj _11=1.3439 _22=2.3891 _33=1.00001 _43=-0.15 (aspect 1.778)
camera: pos 32.3 13.7 -103.8 | proj _11=1.3257 _22=2.3567 _33=1.00001 _43=-0.15 (aspect 1.778)
camera: pos 32.8 13.7 -104.4 | proj _11=1.3079 _22=2.3251 _33=1.00001 _43=-0.15 (aspect 1.778)
camera: pos 49.5 13.2 -115.2 | proj _11=1.3257 _22=2.3567 _33=1.00001 _43=-0.15 (aspect 1.778)
camera: pos 49.4 13.1 -115.2 | proj _11=1.3531 _22=2.4055 _33=1.00001 _43=-0.15 (aspect 1.778)
camera: pos 49.3 13.1 -115.2 | proj _11=1.3814 _22=2.4558 _33=1.00001 _43=-0.15 (aspect 1.778)
camera: pos 49.2 13.1 -115.2 | proj _11=1.4106 _22=2.5077 _33=1.00001 _43=-0.15 (aspect 1.778)
camera: pos 49.1 13.1 -115.2 | proj _11=1.4408 _22=2.5614 _33=1.00001 _43=-0.15 (aspect 1.778)
camera: pos 48.9 13.0 -115.1 | proj _11=1.4720 _22=2.6169 _33=1.00001 _43=-0.15 (aspect 1.778)
camera: pos 48.8 13.0 -115.1 | proj _11=1.5044 _22=2.6744 _33=1.00001 _43=-0.15 (aspect 1.778)
camera: pos 48.7 13.0 -115.1 | proj _11=1.5378 _22=2.7338 _33=1.00001 _43=-0.15 (aspect 1.778)
camera: pos 48.6 13.0 -115.1 | proj _11=1.5725 _22=2.7955 _33=1.00001 _43=-0.15 (aspect 1.778)
camera: pos 48.4 12.9 -115.1 | proj _11=1.6085 _22=2.8594 _33=1.00001 _43=-0.15 (aspect 1.778)
frame 24600 | draws 3154/frame | FFP converted 953/frame (30.2%)
    not converted: screen-space 59  skinned 0  ortho 2  vertex-format 12  untextured 1448  instanced 0  mirrored 0  other-camera 322  no camera 0  other 0 (per frame)
    prepasses hidden: sampler-less 1448/frame, stipple-with-no-colour 255/frame (these used to convert WHITE) | post/composite quads marked 59/frame
    constant-colour materials (no diffuse map, albedo from the shader's own constant) 79/frame | HUD quads demoted to UI 0/frame | back-buffer clears 1/frame | sky draws 58/frame | UI-pass draws converted 0/frame
    instancing: 1011 converted from the instance stream/frame, 0 refused/frame (largest single draw 10000 instances, 0.9 buffer writes snooped/frame)
    SKINNING: 100 skinned/frame, 57 refused/frame, 0 exact duplicates dropped/frame | 143 meshes decoded, 143 cached, 0 cache flushes
    ALBEDO stage 0 taken raw (no shader reflection) 0/frame
    ALBEDO: constant-only 79/frame, tinted fallback 0/frame, genuinely blank 0/frame (of 79 rank-0 draws/frame)
    ALBEDO WHITE (previously uncounted): named-but-not-bound 0/frame, render-target exclusion left nothing 0/frame | colourless passes now hidden 45/frame
    SKIPPED entirely 0/frame (mode 3) | demoted to UI overlay 0/frame | no-albedo materials left to Remix 79/frame
    MARKED with the marker texture 2129/frame (refused as unsafe 2/frame, 4961 SetTexture calls/frame, marker created)
    albedo: moved off stage 0 204/frame, blanked 79/frame, restored from mesh cache 203/frame (4096 meshes cached) | RT textures known 110 | lights 30.9/frame (24 shaders)
    camera 58.2 13.8 -103.0 | distinct cameras this frame 1 (max 1) | transform writes 638/frame | redundant state calls dropped 19973/frame
    world matrix changes 637/frame | objTM used without a fresh upload 0/frame | uv matrix writes 23/frame (last scale 0.00098, 0.00098)
    TIMING: frame 25.9 ms avg (39 fps), worst 75 ms | shim 13.66 ms avg (52.8% of frame), worst 32.0 ms
    TIMING tail: 565 frames >=33 ms, 0 >=100 ms in this window of 600 | inside real Present 1.73 ms avg, worst 5.0 ms | our other hooks 0.00 ms avg
    converted -> target 14D8EAD0 1280x720 fmt=34 : 14 draws/frame
    converted -> target 14D985D8 1280x720 fmt=113 : 380 draws/frame
    converted -> target 14D8F0A0 1280x720 fmt=113 : 4 draws/frame
    converted -> target 14D8EDB8 1280x720 fmt=21 : 0 draws/frame
    converted -> target 039BD008 1280x720 fmt=22 : 0 draws/frame
    converted -> target 50EE7EB0 2560x1440 fmt=34 : 22 draws/frame
    converted -> target 50EEAA48 2560x1440 fmt=113 : 471 draws/frame
    converted -> target 50EE6678 2560x1440 fmt=113 : 6 draws/frame
    converted -> target 50EE6770 2560x1440 fmt=21 : 0 draws/frame
camera: pos 59.9 14.4 -105.5 | proj _11=1.5963 _22=2.8379 _33=1.00001 _43=-0.15 (aspect 1.778)
camera: pos 60.0 14.4 -106.1 | proj _11=1.5843 _22=2.8165 _33=1.00001 _43=-0.15 (aspect 1.778)
camera: pos 60.0 14.4 -106.7 | proj _11=1.5729 _22=2.7962 _33=1.00001 _43=-0.15 (aspect 1.778)
camera: pos 60.1 14.5 -107.7 | proj _11=1.5618 _22=2.7765 _33=1.00001 _43=-0.15 (aspect 1.778)
camera: pos 59.9 14.5 -108.4 | proj _11=1.5502 _22=2.7559 _33=1.00001 _43=-0.15 (aspect 1.778)
camera: pos 59.5 14.5 -108.6 | proj _11=1.5389 _22=2.7357 _33=1.00001 _43=-0.15 (aspect 1.778)
camera: pos 59.1 14.5 -108.8 | proj _11=1.5276 _22=2.7157 _33=1.00001 _43=-0.15 (aspect 1.778)
camera: pos 58.7 14.5 -108.9 | proj _11=1.5164 _22=2.6958 _33=1.00001 _43=-0.15 (aspect 1.778)
camera: pos 58.3 14.5 -109.1 | proj _11=1.5057 _22=2.6767 _33=1.00001 _43=-0.15 (aspect 1.778)
camera: pos 57.9 14.5 -109.3 | proj _11=1.4948 _22=2.6573 _33=1.00001 _43=-0.15 (aspect 1.778)
camera: pos 57.5 14.4 -109.5 | proj _11=1.4840 _22=2.6382 _33=1.00001 _43=-0.15 (aspect 1.778)
camera: pos 57.1 14.4 -109.7 | proj _11=1.4733 _22=2.6192 _33=1.00001 _43=-0.15 (aspect 1.778)
camera: pos 56.7 14.4 -110.0 | proj _11=1.4628 _22=2.6005 _33=1.00001 _43=-0.15 (aspect 1.778)
camera: pos 56.3 14.4 -110.2 | proj _11=1.4527 _22=2.5826 _33=1.00001 _43=-0.15 (aspect 1.778)
camera: pos 56.0 14.4 -110.4 | proj _11=1.4424 _22=2.5642 _33=1.00001 _43=-0.15 (aspect 1.778)
camera: pos 55.6 14.4 -110.5 | proj _11=1.4322 _22=2.5461 _33=1.00001 _43=-0.15 (aspect 1.778)
camera: pos 55.2 14.6 -110.5 | proj _11=1.4221 _22=2.5282 _33=1.00001 _43=-0.15 (aspect 1.778)
camera: pos 54.5 14.7 -110.3 | proj _11=1.4023 _22=2.4929 _33=1.00001 _43=-0.15 (aspect 1.778)
camera: pos 53.8 14.7 -109.6 | proj _11=1.3829 _22=2.4584 _33=1.00001 _43=-0.15 (aspect 1.778)
camera: pos 53.3 14.9 -108.9 | proj _11=1.3662 _22=2.4287 _33=1.00001 _43=-0.15 (aspect 1.778)
camera: pos 52.7 14.7 -108.2 | proj _11=1.3496 _22=2.3993 _33=1.00001 _43=-0.15 (aspect 1.778)
camera: pos 52.5 14.7 -108.1 | proj _11=1.3330 _22=2.3697 _33=1.00001 _43=-0.15 (aspect 1.778)
camera: pos 52.2 14.7 -107.7 | proj _11=1.3472 _22=2.3951 _33=1.00001 _43=-0.15 (aspect 1.778)
camera: pos 52.3 14.7 -107.6 | proj _11=1.3726 _22=2.4401 _33=1.00001 _43=-0.15 (aspect 1.778)
camera: pos 52.3 14.7 -107.5 | proj _11=1.3965 _22=2.4827 _33=1.00001 _43=-0.15 (aspect 1.778)
camera: pos 52.4 14.8 -107.5 | proj _11=1.4206 _22=2.5254 _33=1.00001 _43=-0.15 (aspect 1.778)
camera: pos 52.4 14.8 -107.4 | proj _11=1.4469 _22=2.5723 _33=1.00001 _43=-0.15 (aspect 1.778)
camera: pos 52.5 14.8 -107.4 | proj _11=1.4715 _22=2.6159 _33=1.00001 _43=-0.15 (aspect 1.778)
camera: pos 52.6 14.8 -107.3 | proj _11=1.4983 _22=2.6636 _33=1.00001 _43=-0.15 (aspect 1.778)
camera: pos 52.7 14.8 -107.3 | proj _11=1.5268 _22=2.7142 _33=1.00001 _43=-0.15 (aspect 1.778)
camera: pos 52.8 14.8 -107.2 | proj _11=1.5548 _22=2.7641 _33=1.00001 _43=-0.15 (aspect 1.778)
camera: pos 52.9 14.8 -107.2 | proj _11=1.5844 _22=2.8167 _33=1.00001 _43=-0.15 (aspect 1.778)
camera: pos 52.9 14.8 -107.2 | proj _11=1.6085 _22=2.8594 _33=1.00001 _43=-0.15 (aspect 1.778)
camera: pos 41.2 12.4 -110.1 | proj _11=1.5887 _22=2.8243 _33=1.00001 _43=-0.15 (aspect 1.778)
camera: pos 40.9 12.3 -110.4 | proj _11=1.5768 _22=2.8031 _33=1.00001 _43=-0.15 (aspect 1.778)
camera: pos 41.3 12.3 -110.7 | proj _11=1.5650 _22=2.7823 _33=1.00001 _43=-0.15 (aspect 1.778)
camera: pos 41.8 12.3 -111.1 | proj _11=1.5534 _22=2.7616 _33=1.00001 _43=-0.15 (aspect 1.778)
camera: pos 42.0 12.3 -111.4 | proj _11=1.5420 _22=2.7412 _33=1.00001 _43=-0.15 (aspect 1.778)
camera: pos 42.5 12.3 -111.9 | proj _11=1.5306 _22=2.7211 _33=1.00001 _43=-0.15 (aspect 1.778)
camera: pos 42.8 12.3 -112.3 | proj _11=1.5194 _22=2.7012 _33=1.00001 _43=-0.15 (aspect 1.778)
camera: pos 43.0 12.3 -112.7 | proj _11=1.5084 _22=2.6815 _33=1.00001 _43=-0.15 (aspect 1.778)
camera: pos 43.2 12.3 -113.2 | proj _11=1.4974 _22=2.6620 _33=1.00001 _43=-0.15 (aspect 1.778)
camera: pos 43.4 12.3 -113.7 | proj _11=1.4866 _22=2.6428 _33=1.00001 _43=-0.15 (aspect 1.778)
camera: pos 43.5 12.3 -114.1 | proj _11=1.4759 _22=2.6238 _33=1.00001 _43=-0.15 (aspect 1.778)
camera: pos 43.5 12.3 -114.5 | proj _11=1.4659 _22=2.6060 _33=1.00001 _43=-0.15 (aspect 1.778)
camera: pos 43.6 12.3 -115.2 | proj _11=1.4483 _22=2.5748 _33=1.00001 _43=-0.15 (aspect 1.778)
camera: pos 43.7 12.3 -115.8 | proj _11=1.4313 _22=2.5444 _33=1.00001 _43=-0.15 (aspect 1.778)
camera: pos 43.8 12.3 -116.5 | proj _11=1.4140 _22=2.5137 _33=1.00001 _43=-0.15 (aspect 1.778)
camera: pos 44.2 12.3 -117.1 | proj _11=1.3976 _22=2.4845 _33=1.00001 _43=-0.15 (aspect 1.778)
camera: pos 44.3 12.3 -117.8 | proj _11=1.3805 _22=2.4542 _33=1.00001 _43=-0.15 (aspect 1.778)
camera: pos 44.4 12.3 -118.6 | proj _11=1.3631 _22=2.4233 _33=1.00001 _43=-0.15 (aspect 1.778)
camera: pos 44.5 12.3 -119.4 | proj _11=1.3452 _22=2.3914 _33=1.00001 _43=-0.15 (aspect 1.778)
camera: pos 44.7 12.3 -120.1 | proj _11=1.3275 _22=2.3600 _33=1.00001 _43=-0.15 (aspect 1.778)
camera: pos 45.2 12.3 -120.7 | proj _11=1.3097 _22=2.3282 _33=1.00001 _43=-0.15 (aspect 1.778)
camera: pos 45.6 12.3 -121.2 | proj _11=1.2991 _22=2.3095 _33=1.00001 _43=-0.15 (aspect 1.778)
frame 25200 | draws 3197/frame | FFP converted 966/frame (30.2%)
    not converted: screen-space 59  skinned 0  ortho 4  vertex-format 12  untextured 1477  instanced 0  mirrored 0  other-camera 321  no camera 0  other 0 (per frame)
    prepasses hidden: sampler-less 1477/frame, stipple-with-no-colour 255/frame (these used to convert WHITE) | post/composite quads marked 58/frame
    constant-colour materials (no diffuse map, albedo from the shader's own constant) 79/frame | HUD quads demoted to UI 0/frame | back-buffer clears 1/frame | sky draws 58/frame | UI-pass draws converted 0/frame
    instancing: 1022 converted from the instance stream/frame, 0 refused/frame (largest single draw 10000 instances, 0.9 buffer writes snooped/frame)
    SKINNING: 100 skinned/frame, 57 refused/frame, 0 exact duplicates dropped/frame | 146 meshes decoded, 146 cached, 0 cache flushes
    ALBEDO stage 0 taken raw (no shader reflection) 0/frame
    ALBEDO: constant-only 79/frame, tinted fallback 0/frame, genuinely blank 0/frame (of 79 rank-0 draws/frame)
    ALBEDO WHITE (previously uncounted): named-but-not-bound 0/frame, render-target exclusion left nothing 0/frame | colourless passes now hidden 46/frame
    SKIPPED entirely 0/frame (mode 3) | demoted to UI overlay 0/frame | no-albedo materials left to Remix 79/frame
    MARKED with the marker texture 2157/frame (refused as unsafe 4/frame, 5013 SetTexture calls/frame, marker created)
    albedo: moved off stage 0 206/frame, blanked 79/frame, restored from mesh cache 203/frame (4096 meshes cached) | RT textures known 110 | lights 30.4/frame (24 shaders)
    camera 39.7 14.9 -97.0 | distinct cameras this frame 1 (max 1) | transform writes 647/frame | redundant state calls dropped 20245/frame
    world matrix changes 645/frame | objTM used without a fresh upload 0/frame | uv matrix writes 23/frame (last scale 0.00098, 0.00098)
    TIMING: frame 26.3 ms avg (38 fps), worst 102 ms | shim 13.69 ms avg (52.1% of frame), worst 29.0 ms
    TIMING tail: 408 frames >=33 ms, 1 >=100 ms in this window of 600 | inside real Present 1.70 ms avg, worst 22.3 ms | our other hooks 0.00 ms avg
    converted -> target 14D8EAD0 1280x720 fmt=34 : 14 draws/frame
    converted -> target 14D985D8 1280x720 fmt=113 : 371 draws/frame
    converted -> target 14D8F0A0 1280x720 fmt=113 : 4 draws/frame
    converted -> target 14D8EDB8 1280x720 fmt=21 : 0 draws/frame
    converted -> target 039BD008 1280x720 fmt=22 : 0 draws/frame
    converted -> target 50EE7EB0 2560x1440 fmt=34 : 23 draws/frame
    converted -> target 50EEAA48 2560x1440 fmt=113 : 491 draws/frame
    converted -> target 50EE6678 2560x1440 fmt=113 : 6 draws/frame
    converted -> target 50EE6770 2560x1440 fmt=21 : 0 draws/frame
camera: pos 11.7 12.3 -101.8 | proj _11=1.3127 _22=2.3337 _33=1.00001 _43=-0.15 (aspect 1.778)
camera: pos 11.6 12.3 -101.8 | proj _11=1.3270 _22=2.3591 _33=1.00001 _43=-0.15 (aspect 1.778)
camera: pos 11.4 12.3 -101.7 | proj _11=1.3424 _22=2.3864 _33=1.00001 _43=-0.15 (aspect 1.778)
camera: pos 11.3 12.3 -101.7 | proj _11=1.3578 _22=2.4138 _33=1.00001 _43=-0.15 (aspect 1.778)
camera: pos 11.2 12.3 -101.7 | proj _11=1.3731 _22=2.4410 _33=1.00001 _43=-0.15 (aspect 1.778)
camera: pos 11.2 12.3 -101.7 | proj _11=1.3881 _22=2.4678 _33=1.00001 _43=-0.15 (aspect 1.778)
camera: pos 11.1 12.3 -101.6 | proj _11=1.4068 _22=2.5010 _33=1.00001 _43=-0.15 (aspect 1.778)
camera: pos 11.0 12.3 -101.6 | proj _11=1.4229 _22=2.5295 _33=1.00001 _43=-0.15 (aspect 1.778)
camera: pos 11.0 12.3 -101.6 | proj _11=1.4400 _22=2.5599 _33=1.00001 _43=-0.15 (aspect 1.778)
camera: pos 10.9 12.3 -101.6 | proj _11=1.4572 _22=2.5904 _33=1.00001 _43=-0.15 (aspect 1.778)
camera: pos 10.8 12.3 -101.6 | proj _11=1.4744 _22=2.6211 _33=1.00001 _43=-0.15 (aspect 1.778)
camera: pos 10.8 12.3 -101.6 | proj _11=1.4925 _22=2.6533 _33=1.00001 _43=-0.15 (aspect 1.778)
camera: pos 10.8 12.3 -101.6 | proj _11=1.5098 _22=2.6840 _33=1.00001 _43=-0.15 (aspect 1.778)
camera: pos 10.7 12.3 -101.6 | proj _11=1.5282 _22=2.7167 _33=1.00001 _43=-0.15 (aspect 1.778)
camera: pos 10.7 12.3 -101.6 | proj _11=1.5470 _22=2.7502 _33=1.00001 _43=-0.15 (aspect 1.778)
camera: pos 10.7 12.3 -101.6 | proj _11=1.5666 _22=2.7850 _33=1.00001 _43=-0.15 (aspect 1.778)
camera: pos 10.6 12.3 -101.5 | proj _11=1.5853 _22=2.8183 _33=1.00001 _43=-0.15 (aspect 1.778)
camera: pos 10.5 12.3 -101.5 | proj _11=1.6063 _22=2.8557 _33=1.00001 _43=-0.15 (aspect 1.778)
camera: pos 6.4 13.4 -101.5 | proj _11=1.5869 _22=2.8211 _33=1.00001 _43=-0.15 (aspect 1.778)
camera: pos 6.8 13.7 -101.6 | proj _11=1.5763 _22=2.8023 _33=1.00001 _43=-0.15 (aspect 1.778)
camera: pos 7.2 14.0 -101.7 | proj _11=1.5661 _22=2.7841 _33=1.00001 _43=-0.15 (aspect 1.778)
camera: pos 7.9 14.4 -102.2 | proj _11=1.5465 _22=2.7493 _33=1.00001 _43=-0.15 (aspect 1.778)
camera: pos 8.2 14.4 -102.8 | proj _11=1.5280 _22=2.7163 _33=1.00001 _43=-0.15 (aspect 1.778)
camera: pos 8.6 14.4 -103.4 | proj _11=1.5103 _22=2.6849 _33=1.00001 _43=-0.15 (aspect 1.778)
camera: pos 8.9 14.4 -104.1 | proj _11=1.4916 _22=2.6517 _33=1.00001 _43=-0.15 (aspect 1.778)
camera: pos 9.1 14.4 -104.6 | proj _11=1.4747 _22=2.6216 _33=1.00001 _43=-0.15 (aspect 1.778)
camera: pos 9.2 14.6 -105.1 | proj _11=1.4582 _22=2.5923 _33=1.00001 _43=-0.15 (aspect 1.778)
camera: pos 9.2 14.4 -105.7 | proj _11=1.4413 _22=2.5623 _33=1.00001 _43=-0.15 (aspect 1.778)
camera: pos 9.3 14.4 -106.3 | proj _11=1.4249 _22=2.5332 _33=1.00001 _43=-0.15 (aspect 1.778)
camera: pos 9.8 14.4 -106.8 | proj _11=1.4077 _22=2.5026 _33=1.00001 _43=-0.15 (aspect 1.778)
camera: pos 10.5 14.5 -107.1 | proj _11=1.3884 _22=2.4683 _33=1.00001 _43=-0.15 (aspect 1.778)
camera: pos 11.3 14.5 -107.3 | proj _11=1.3734 _22=2.4415 _33=1.00001 _43=-0.15 (aspect 1.778)
camera: pos 12.0 14.5 -107.6 | proj _11=1.3580 _22=2.4142 _33=1.00001 _43=-0.15 (aspect 1.778)
camera: pos 12.7 14.5 -107.9 | proj _11=1.3415 _22=2.3849 _33=1.00001 _43=-0.15 (aspect 1.778)
camera: pos 13.5 14.5 -108.2 | proj _11=1.3252 _22=2.3558 _33=1.00001 _43=-0.15 (aspect 1.778)
camera: pos 14.0 14.6 -108.5 | proj _11=1.3105 _22=2.3297 _33=1.00001 _43=-0.15 (aspect 1.778)
camera: pos 14.8 14.6 -108.8 | proj _11=1.2991 _22=2.3095 _33=1.00001 _43=-0.15 (aspect 1.778)
camera: pos 20.1 14.6 -115.6 | proj _11=1.3218 _22=2.3498 _33=1.00001 _43=-0.15 (aspect 1.778)
camera: pos 20.2 14.6 -115.7 | proj _11=1.3443 _22=2.3899 _33=1.00001 _43=-0.15 (aspect 1.778)
camera: pos 20.2 14.7 -115.9 | proj _11=1.3671 _22=2.4304 _33=1.00001 _43=-0.15 (aspect 1.778)
camera: pos 20.1 14.7 -115.9 | proj _11=1.3959 _22=2.4815 _33=1.00001 _43=-0.15 (aspect 1.778)
camera: pos 20.0 14.7 -116.0 | proj _11=1.4190 _22=2.5226 _33=1.00001 _43=-0.15 (aspect 1.778)
camera: pos 19.9 14.7 -116.0 | proj _11=1.4425 _22=2.5643 _33=1.00001 _43=-0.15 (aspect 1.778)
camera: pos 19.9 14.7 -116.1 | proj _11=1.4672 _22=2.6083 _33=1.00001 _43=-0.15 (aspect 1.778)
camera: pos 19.8 14.7 -116.2 | proj _11=1.4927 _22=2.6536 _33=1.00001 _43=-0.15 (aspect 1.778)
camera: pos 19.8 14.7 -116.3 | proj _11=1.5200 _22=2.7022 _33=1.00001 _43=-0.15 (aspect 1.778)
camera: pos 19.8 14.7 -116.4 | proj _11=1.5440 _22=2.7449 _33=1.00001 _43=-0.15 (aspect 1.778)
camera: pos 19.8 14.7 -116.5 | proj _11=1.5689 _22=2.7892 _33=1.00001 _43=-0.15 (aspect 1.778)
camera: pos 19.9 14.8 -116.5 | proj _11=1.5986 _22=2.8420 _33=1.00001 _43=-0.15 (aspect 1.778)
frame 25800 | draws 3200/frame | FFP converted 965/frame (30.2%)
    not converted: screen-space 59  skinned 0  ortho 5  vertex-format 12  untextured 1486  instanced 0  mirrored 0  other-camera 317  no camera 0  other 0 (per frame)
    prepasses hidden: sampler-less 1486/frame, stipple-with-no-colour 254/frame (these used to convert WHITE) | post/composite quads marked 58/frame
    constant-colour materials (no diffuse map, albedo from the shader's own constant) 79/frame | HUD quads demoted to UI 0/frame | back-buffer clears 1/frame | sky draws 57/frame | UI-pass draws converted 0/frame
    instancing: 1019 converted from the instance stream/frame, 0 refused/frame (largest single draw 10000 instances, 0.9 buffer writes snooped/frame)
    SKINNING: 99 skinned/frame, 57 refused/frame, 0 exact duplicates dropped/frame | 150 meshes decoded, 150 cached, 0 cache flushes
    ALBEDO stage 0 taken raw (no shader reflection) 0/frame
    ALBEDO: constant-only 79/frame, tinted fallback 0/frame, genuinely blank 0/frame (of 79 rank-0 draws/frame)
    ALBEDO WHITE (previously uncounted): named-but-not-bound 0/frame, render-target exclusion left nothing 0/frame | colourless passes now hidden 46/frame
    SKIPPED entirely 0/frame (mode 3) | demoted to UI overlay 0/frame | no-albedo materials left to Remix 79/frame
    MARKED with the marker texture 2161/frame (refused as unsafe 5/frame, 5018 SetTexture calls/frame, marker created)
    albedo: moved off stage 0 205/frame, blanked 79/frame, restored from mesh cache 201/frame (4096 meshes cached) | RT textures known 110 | lights 30.2/frame (24 shaders)
    camera 21.2 14.7 -126.0 | distinct cameras this frame 1 (max 1) | transform writes 646/frame | redundant state calls dropped 20218/frame
    world matrix changes 644/frame | objTM used without a fresh upload 0/frame | uv matrix writes 23/frame (last scale 0.00098, 0.00098)
    TIMING: frame 26.5 ms avg (38 fps), worst 60 ms | shim 13.63 ms avg (51.5% of frame), worst 23.4 ms
    TIMING tail: 263 frames >=33 ms, 0 >=100 ms in this window of 600 | inside real Present 1.67 ms avg, worst 14.8 ms | our other hooks 0.00 ms avg
    converted -> target 14D8EAD0 1280x720 fmt=34 : 13 draws/frame
    converted -> target 14D985D8 1280x720 fmt=113 : 362 draws/frame
    converted -> target 14D8F0A0 1280x720 fmt=113 : 3 draws/frame
    converted -> target 14D8EDB8 1280x720 fmt=21 : 0 draws/frame
    converted -> target 039BD008 1280x720 fmt=22 : 0 draws/frame
    converted -> target 50EE7EB0 2560x1440 fmt=34 : 23 draws/frame
    converted -> target 50EEAA48 2560x1440 fmt=113 : 499 draws/frame
    converted -> target 50EE6678 2560x1440 fmt=113 : 6 draws/frame
    converted -> target 50EE6770 2560x1440 fmt=21 : 0 draws/frame
camera: pos 20.4 14.0 -126.0 | proj _11=1.5848 _22=2.8174 _33=1.00001 _43=-0.15 (aspect 1.778)
camera: pos 20.4 14.0 -126.0 | proj _11=1.5746 _22=2.7992 _33=1.00001 _43=-0.15 (aspect 1.778)
camera: pos 20.4 14.0 -126.0 | proj _11=1.5635 _22=2.7795 _33=1.00001 _43=-0.15 (aspect 1.778)
camera: pos 20.3 13.9 -126.0 | proj _11=1.5528 _22=2.7605 _33=1.00001 _43=-0.15 (aspect 1.778)
camera: pos 20.2 14.0 -126.0 | proj _11=1.5419 _22=2.7411 _33=1.00001 _43=-0.15 (aspect 1.778)
camera: pos 20.0 14.0 -126.0 | proj _11=1.5313 _22=2.7222 _33=1.00001 _43=-0.15 (aspect 1.778)
camera: pos 20.0 14.1 -125.7 | proj _11=1.5204 _22=2.7029 _33=1.00001 _43=-0.15 (aspect 1.778)
camera: pos 20.0 14.2 -125.3 | proj _11=1.5101 _22=2.6846 _33=1.00001 _43=-0.15 (aspect 1.778)
camera: pos 20.1 14.3 -124.8 | proj _11=1.4996 _22=2.6659 _33=1.00001 _43=-0.15 (aspect 1.778)
camera: pos 20.2 14.3 -124.4 | proj _11=1.4890 _22=2.6470 _33=1.00001 _43=-0.15 (aspect 1.778)
camera: pos 20.3 14.3 -124.0 | proj _11=1.4788 _22=2.6289 _33=1.00001 _43=-0.15 (aspect 1.778)
camera: pos 20.3 14.2 -123.6 | proj _11=1.4682 _22=2.6100 _33=1.00001 _43=-0.15 (aspect 1.778)
camera: pos 20.4 14.2 -123.1 | proj _11=1.4577 _22=2.5914 _33=1.00001 _43=-0.15 (aspect 1.778)
camera: pos 20.5 14.2 -122.8 | proj _11=1.4476 _22=2.5735 _33=1.00001 _43=-0.15 (aspect 1.778)
camera: pos 20.7 14.1 -122.1 | proj _11=1.4284 _22=2.5394 _33=1.00001 _43=-0.15 (aspect 1.778)
camera: pos 20.6 14.2 -121.4 | proj _11=1.4094 _22=2.5056 _33=1.00001 _43=-0.15 (aspect 1.778)
camera: pos 20.1 14.2 -120.5 | proj _11=1.3904 _22=2.4718 _33=1.00001 _43=-0.15 (aspect 1.778)
camera: pos 19.6 14.3 -119.4 | proj _11=1.3717 _22=2.4385 _33=1.00001 _43=-0.15 (aspect 1.778)
camera: pos 19.8 14.4 -118.7 | proj _11=1.3529 _22=2.4051 _33=1.00001 _43=-0.15 (aspect 1.778)
camera: pos 20.5 14.3 -118.7 | proj _11=1.3345 _22=2.3725 _33=1.00001 _43=-0.15 (aspect 1.778)
camera: pos 21.0 14.4 -118.3 | proj _11=1.3165 _22=2.3405 _33=1.00001 _43=-0.15 (aspect 1.778)
camera: pos 21.8 14.5 -117.9 | proj _11=1.2991 _22=2.3095 _33=1.00001 _43=-0.15 (aspect 1.778)
frame 26400 | draws 3245/frame | FFP converted 977/frame (30.1%)
    not converted: screen-space 59  skinned 0  ortho 6  vertex-format 12  untextured 1513  instanced 0  mirrored 0  other-camera 319  no camera 0  other 0 (per frame)
    prepasses hidden: sampler-less 1513/frame, stipple-with-no-colour 255/frame (these used to convert WHITE) | post/composite quads marked 58/frame
    constant-colour materials (no diffuse map, albedo from the shader's own constant) 79/frame | HUD quads demoted to UI 0/frame | back-buffer clears 1/frame | sky draws 57/frame | UI-pass draws converted 0/frame
    instancing: 1031 converted from the instance stream/frame, 0 refused/frame (largest single draw 10000 instances, 0.9 buffer writes snooped/frame)
    SKINNING: 100 skinned/frame, 57 refused/frame, 0 exact duplicates dropped/frame | 156 meshes decoded, 156 cached, 0 cache flushes
    ALBEDO stage 0 taken raw (no shader reflection) 0/frame
    ALBEDO: constant-only 79/frame, tinted fallback 0/frame, genuinely blank 0/frame (of 79 rank-0 draws/frame)
    ALBEDO WHITE (previously uncounted): named-but-not-bound 0/frame, render-target exclusion left nothing 0/frame | colourless passes now hidden 47/frame
    SKIPPED entirely 0/frame (mode 3) | demoted to UI overlay 0/frame | no-albedo materials left to Remix 79/frame
    MARKED with the marker texture 2192/frame (refused as unsafe 6/frame, 5085 SetTexture calls/frame, marker created)
    albedo: moved off stage 0 206/frame, blanked 79/frame, restored from mesh cache 200/frame (4096 meshes cached) | RT textures known 110 | lights 30.5/frame (24 shaders)
    camera 86.7 14.9 -98.5 | distinct cameras this frame 1 (max 1) | transform writes 653/frame | redundant state calls dropped 20461/frame
    world matrix changes 651/frame | objTM used without a fresh upload 0/frame | uv matrix writes 23/frame (last scale 0.00098, 0.00098)
    TIMING: frame 26.9 ms avg (37 fps), worst 128 ms | shim 13.70 ms avg (51.0% of frame), worst 28.8 ms
    TIMING tail: 427 frames >=33 ms, 1 >=100 ms in this window of 600 | inside real Present 1.63 ms avg, worst 3.6 ms | our other hooks 0.00 ms avg
    converted -> target 14D8EAD0 1280x720 fmt=34 : 13 draws/frame
    converted -> target 14D985D8 1280x720 fmt=113 : 354 draws/frame
    converted -> target 14D8F0A0 1280x720 fmt=113 : 3 draws/frame
    converted -> target 14D8EDB8 1280x720 fmt=21 : 0 draws/frame
    converted -> target 039BD008 1280x720 fmt=22 : 0 draws/frame
    converted -> target 50EE7EB0 2560x1440 fmt=34 : 24 draws/frame
    converted -> target 50EEAA48 2560x1440 fmt=113 : 517 draws/frame
    converted -> target 50EE6678 2560x1440 fmt=113 : 7 draws/frame
    converted -> target 50EE6770 2560x1440 fmt=21 : 0 draws/frame
camera: pos 84.3 15.8 -92.2 | proj _11=1.3234 _22=2.3527 _33=1.00001 _43=-0.15 (aspect 1.778)
camera: pos 83.9 15.9 -92.2 | proj _11=1.3489 _22=2.3981 _33=1.00001 _43=-0.15 (aspect 1.778)
camera: pos 83.6 16.0 -92.2 | proj _11=1.3752 _22=2.4447 _33=1.00001 _43=-0.15 (aspect 1.778)
camera: pos 83.2 16.1 -92.2 | proj _11=1.4016 _22=2.4917 _33=1.00001 _43=-0.15 (aspect 1.778)
camera: pos 82.8 16.2 -92.1 | proj _11=1.4291 _22=2.5406 _33=1.00001 _43=-0.15 (aspect 1.778)
camera: pos 82.4 16.3 -92.1 | proj _11=1.4599 _22=2.5954 _33=1.00001 _43=-0.15 (aspect 1.778)
camera: pos 81.9 16.4 -92.0 | proj _11=1.4918 _22=2.6521 _33=1.00001 _43=-0.15 (aspect 1.778)
camera: pos 81.3 16.5 -91.9 | proj _11=1.5248 _22=2.7108 _33=1.00001 _43=-0.15 (aspect 1.778)
camera: pos 80.7 16.6 -91.7 | proj _11=1.5553 _22=2.7648 _33=1.00001 _43=-0.15 (aspect 1.778)
camera: pos 79.9 16.7 -91.5 | proj _11=1.5847 _22=2.8172 _33=1.00001 _43=-0.15 (aspect 1.778)
camera: pos 79.2 16.8 -91.3 | proj _11=1.6085 _22=2.8594 _33=1.00001 _43=-0.15 (aspect 1.778)
frame 27000 | draws 3243/frame | FFP converted 970/frame (29.9%)
    not converted: screen-space 59  skinned 0  ortho 8  vertex-format 12  untextured 1522  instanced 0  mirrored 0  other-camera 317  no camera 0  other 0 (per frame)
    prepasses hidden: sampler-less 1522/frame, stipple-with-no-colour 253/frame (these used to convert WHITE) | post/composite quads marked 58/frame
    constant-colour materials (no diffuse map, albedo from the shader's own constant) 78/frame | HUD quads demoted to UI 0/frame | back-buffer clears 1/frame | sky draws 57/frame | UI-pass draws converted 0/frame
    instancing: 1024 converted from the instance stream/frame, 0 refused/frame (largest single draw 10000 instances, 0.9 buffer writes snooped/frame)
    SKINNING: 99 skinned/frame, 56 refused/frame, 0 exact duplicates dropped/frame | 160 meshes decoded, 160 cached, 0 cache flushes
    ALBEDO stage 0 taken raw (no shader reflection) 0/frame
    ALBEDO: constant-only 78/frame, tinted fallback 0/frame, genuinely blank 0/frame (of 78 rank-0 draws/frame)
    ALBEDO WHITE (previously uncounted): named-but-not-bound 0/frame, render-target exclusion left nothing 0/frame | colourless passes now hidden 47/frame
    SKIPPED entirely 0/frame (mode 3) | demoted to UI overlay 0/frame | no-albedo materials left to Remix 78/frame
    MARKED with the marker texture 2196/frame (refused as unsafe 8/frame, 5090 SetTexture calls/frame, marker created)
    albedo: moved off stage 0 205/frame, blanked 78/frame, restored from mesh cache 197/frame (4096 meshes cached) | RT textures known 110 | lights 30.1/frame (24 shaders)
    camera 83.9 16.8 -101.2 | distinct cameras this frame 1 (max 1) | transform writes 648/frame | redundant state calls dropped 20322/frame
    world matrix changes 646/frame | objTM used without a fresh upload 0/frame | uv matrix writes 23/frame (last scale 0.00098, 0.00098)
    TIMING: frame 27.1 ms avg (37 fps), worst 112 ms | shim 13.65 ms avg (50.4% of frame), worst 26.4 ms
    TIMING tail: 183 frames >=33 ms, 1 >=100 ms in this window of 600 | inside real Present 1.60 ms avg, worst 37.5 ms | our other hooks 0.00 ms avg
    converted -> target 14D8EAD0 1280x720 fmt=34 : 13 draws/frame
    converted -> target 14D985D8 1280x720 fmt=113 : 346 draws/frame
    converted -> target 14D8F0A0 1280x720 fmt=113 : 3 draws/frame
    converted -> target 14D8EDB8 1280x720 fmt=21 : 0 draws/frame
    converted -> target 039BD008 1280x720 fmt=22 : 0 draws/frame
    converted -> target 50EE7EB0 2560x1440 fmt=34 : 25 draws/frame
    converted -> target 50EEAA48 2560x1440 fmt=113 : 519 draws/frame
    converted -> target 50EE6678 2560x1440 fmt=113 : 7 draws/frame
    converted -> target 50EE6770 2560x1440 fmt=21 : 0 draws/frame
frame 27600 | draws 3239/frame | FFP converted 963/frame (29.7%)
    not converted: screen-space 58  skinned 0  ortho 10  vertex-format 12  untextured 1530  instanced 0  mirrored 0  other-camera 313  no camera 0  other 0 (per frame)
    prepasses hidden: sampler-less 1530/frame, stipple-with-no-colour 251/frame (these used to convert WHITE) | post/composite quads marked 58/frame
    constant-colour materials (no diffuse map, albedo from the shader's own constant) 77/frame | HUD quads demoted to UI 0/frame | back-buffer clears 0/frame | sky draws 56/frame | UI-pass draws converted 0/frame
    instancing: 1016 converted from the instance stream/frame, 0 refused/frame (largest single draw 10000 instances, 0.9 buffer writes snooped/frame)
    SKINNING: 99 skinned/frame, 56 refused/frame, 0 exact duplicates dropped/frame | 161 meshes decoded, 161 cached, 0 cache flushes
    ALBEDO stage 0 taken raw (no shader reflection) 0/frame
    ALBEDO: constant-only 77/frame, tinted fallback 0/frame, genuinely blank 0/frame (of 77 rank-0 draws/frame)
    ALBEDO WHITE (previously uncounted): named-but-not-bound 0/frame, render-target exclusion left nothing 0/frame | colourless passes now hidden 46/frame
    SKIPPED entirely 0/frame (mode 3) | demoted to UI overlay 0/frame | no-albedo materials left to Remix 77/frame
    MARKED with the marker texture 2198/frame (refused as unsafe 10/frame, 5091 SetTexture calls/frame, marker created)
    albedo: moved off stage 0 204/frame, blanked 77/frame, restored from mesh cache 194/frame (4096 meshes cached) | RT textures known 110 | lights 29.8/frame (24 shaders)
    camera 84.6 17.1 -91.1 | distinct cameras this frame 1 (max 1) | transform writes 643/frame | redundant state calls dropped 20180/frame
    world matrix changes 641/frame | objTM used without a fresh upload 0/frame | uv matrix writes 23/frame (last scale 0.00098, 0.00098)
    TIMING: frame 27.2 ms avg (37 fps), worst 71 ms | shim 13.60 ms avg (50.1% of frame), worst 33.9 ms
    TIMING tail: 175 frames >=33 ms, 0 >=100 ms in this window of 600 | inside real Present 1.57 ms avg, worst 9.2 ms | our other hooks 0.00 ms avg
    converted -> target 14D8EAD0 1280x720 fmt=34 : 12 draws/frame
    converted -> target 14D985D8 1280x720 fmt=113 : 339 draws/frame
    converted -> target 14D8F0A0 1280x720 fmt=113 : 3 draws/frame
    converted -> target 14D8EDB8 1280x720 fmt=21 : 0 draws/frame
    converted -> target 039BD008 1280x720 fmt=22 : 0 draws/frame
    converted -> target 50EE7EB0 2560x1440 fmt=34 : 25 draws/frame
    converted -> target 50EEAA48 2560x1440 fmt=113 : 521 draws/frame
    converted -> target 50EE6678 2560x1440 fmt=113 : 7 draws/frame
    converted -> target 50EE6770 2560x1440 fmt=21 : 0 draws/frame
camera: pos 91.5 14.3 -101.6 | proj _11=1.5926 _22=2.8312 _33=1.00001 _43=-0.15 (aspect 1.778)
camera: pos 91.1 14.2 -101.3 | proj _11=1.5754 _22=2.8006 _33=1.00001 _43=-0.15 (aspect 1.778)
camera: pos 90.7 14.2 -101.0 | proj _11=1.5610 _22=2.7751 _33=1.00001 _43=-0.15 (aspect 1.778)
camera: pos 90.3 14.2 -100.8 | proj _11=1.5461 _22=2.7485 _33=1.00001 _43=-0.15 (aspect 1.778)
camera: pos 89.8 14.2 -100.6 | proj _11=1.5317 _22=2.7229 _33=1.00001 _43=-0.15 (aspect 1.778)
camera: pos 89.2 14.2 -100.4 | proj _11=1.5175 _22=2.6977 _33=1.00001 _43=-0.15 (aspect 1.778)
camera: pos 88.7 14.2 -100.2 | proj _11=1.5027 _22=2.6714 _33=1.00001 _43=-0.15 (aspect 1.778)
camera: pos 88.2 14.1 -99.9 | proj _11=1.4884 _22=2.6460 _33=1.00001 _43=-0.15 (aspect 1.778)
camera: pos 87.7 14.1 -99.7 | proj _11=1.4746 _22=2.6215 _33=1.00001 _43=-0.15 (aspect 1.778)
camera: pos 87.2 14.1 -99.5 | proj _11=1.4609 _22=2.5971 _33=1.00001 _43=-0.15 (aspect 1.778)
camera: pos 86.6 14.1 -99.3 | proj _11=1.4471 _22=2.5726 _33=1.00001 _43=-0.15 (aspect 1.778)
camera: pos 86.4 14.1 -99.0 | proj _11=1.4335 _22=2.5484 _33=1.00001 _43=-0.15 (aspect 1.778)
camera: pos 86.5 14.0 -98.4 | proj _11=1.4204 _22=2.5252 _33=1.00001 _43=-0.15 (aspect 1.778)
camera: pos 87.3 13.9 -97.1 | proj _11=1.4068 _22=2.5009 _33=1.00001 _43=-0.15 (aspect 1.778)
camera: pos 87.7 13.7 -95.7 | proj _11=1.3929 _22=2.4762 _33=1.00001 _43=-0.15 (aspect 1.778)
camera: pos 87.4 13.5 -95.0 | proj _11=1.3779 _22=2.4496 _33=1.00001 _43=-0.15 (aspect 1.778)
camera: pos 86.7 13.5 -95.1 | proj _11=1.3625 _22=2.4222 _33=1.00001 _43=-0.15 (aspect 1.778)
frame 28200 | draws 3249/frame | FFP converted 969/frame (29.8%)
    not converted: screen-space 58  skinned 0  ortho 10  vertex-format 11  untextured 1533  instanced 0  mirrored 0  other-camera 313  no camera 0  other 0 (per frame)
    prepasses hidden: sampler-less 1533/frame, stipple-with-no-colour 252/frame (these used to convert WHITE) | post/composite quads marked 58/frame
    constant-colour materials (no diffuse map, albedo from the shader's own constant) 77/frame | HUD quads demoted to UI 1/frame | back-buffer clears 0/frame | sky draws 55/frame | UI-pass draws converted 0/frame
    instancing: 1020 converted from the instance stream/frame, 0 refused/frame (largest single draw 10000 instances, 0.9 buffer writes snooped/frame)
    SKINNING: 99 skinned/frame, 55 refused/frame, 0 exact duplicates dropped/frame | 165 meshes decoded, 165 cached, 0 cache flushes
    ALBEDO stage 0 taken raw (no shader reflection) 0/frame
    ALBEDO: constant-only 77/frame, tinted fallback 0/frame, genuinely blank 0/frame (of 77 rank-0 draws/frame)
    ALBEDO WHITE (previously uncounted): named-but-not-bound 0/frame, render-target exclusion left nothing 0/frame | colourless passes now hidden 47/frame
    SKIPPED entirely 0/frame (mode 3) | demoted to UI overlay 1/frame | no-albedo materials left to Remix 77/frame
    MARKED with the marker texture 2203/frame (refused as unsafe 10/frame, 5100 SetTexture calls/frame, marker created)
    albedo: moved off stage 0 205/frame, blanked 77/frame, restored from mesh cache 193/frame (4096 meshes cached) | RT textures known 110 | lights 29.7/frame (24 shaders)
    camera 86.4 13.5 -95.1 | distinct cameras this frame 1 (max 1) | transform writes 646/frame | redundant state calls dropped 20300/frame
    world matrix changes 644/frame | objTM used without a fresh upload 0/frame | uv matrix writes 23/frame (last scale 0.00098, 0.00098)
    TIMING: frame 27.2 ms avg (37 fps), worst 67 ms | shim 13.61 ms avg (50.0% of frame), worst 26.5 ms
    TIMING tail: 128 frames >=33 ms, 0 >=100 ms in this window of 600 | inside real Present 1.56 ms avg, worst 28.0 ms | our other hooks 0.00 ms avg
    converted -> target 14D8EAD0 1280x720 fmt=34 : 12 draws/frame
    converted -> target 14D985D8 1280x720 fmt=113 : 332 draws/frame
    converted -> target 14D8F0A0 1280x720 fmt=113 : 3 draws/frame
    converted -> target 14D8EDB8 1280x720 fmt=21 : 0 draws/frame
    converted -> target 039BD008 1280x720 fmt=22 : 0 draws/frame
    converted -> target 50EE7EB0 2560x1440 fmt=34 : 25 draws/frame
    converted -> target 50EEAA48 2560x1440 fmt=113 : 533 draws/frame
    converted -> target 50EE6678 2560x1440 fmt=113 : 8 draws/frame
    converted -> target 50EE6770 2560x1440 fmt=21 : 0 draws/frame
camera: pos 86.0 13.5 -95.0 | proj _11=1.3483 _22=2.3969 _33=1.00001 _43=-0.15 (aspect 1.778)
camera: pos 85.3 13.5 -94.9 | proj _11=1.3333 _22=2.3702 _33=1.00001 _43=-0.15 (aspect 1.778)
camera: pos 84.5 13.6 -94.9 | proj _11=1.3187 _22=2.3442 _33=1.00001 _43=-0.15 (aspect 1.778)
camera: pos 83.9 13.6 -94.8 | proj _11=1.3028 _22=2.3160 _33=1.00001 _43=-0.15 (aspect 1.778)
camera: pos 30.7 14.7 -95.8 | proj _11=1.3185 _22=2.3439 _33=1.00001 _43=-0.15 (aspect 1.778)
camera: pos 30.6 14.7 -95.8 | proj _11=1.3454 _22=2.3918 _33=1.00001 _43=-0.15 (aspect 1.778)
camera: pos 30.5 14.8 -95.9 | proj _11=1.3694 _22=2.4345 _33=1.00001 _43=-0.15 (aspect 1.778)
camera: pos 30.4 14.8 -95.9 | proj _11=1.3946 _22=2.4792 _33=1.00001 _43=-0.15 (aspect 1.778)
camera: pos 30.3 14.9 -95.9 | proj _11=1.4182 _22=2.5212 _33=1.00001 _43=-0.15 (aspect 1.778)
camera: pos 30.2 14.9 -95.9 | proj _11=1.4406 _22=2.5610 _33=1.00001 _43=-0.15 (aspect 1.778)
camera: pos 30.1 14.9 -95.9 | proj _11=1.4659 _22=2.6060 _33=1.00001 _43=-0.15 (aspect 1.778)
camera: pos 30.0 14.9 -95.9 | proj _11=1.4878 _22=2.6450 _33=1.00001 _43=-0.15 (aspect 1.778)
camera: pos 30.0 15.0 -95.8 | proj _11=1.5109 _22=2.6860 _33=1.00001 _43=-0.15 (aspect 1.778)
camera: pos 29.8 15.0 -95.8 | proj _11=1.5334 _22=2.7260 _33=1.00001 _43=-0.15 (aspect 1.778)
camera: pos 29.8 15.0 -95.8 | proj _11=1.5619 _22=2.7766 _33=1.00001 _43=-0.15 (aspect 1.778)
camera: pos 29.7 15.0 -95.7 | proj _11=1.5862 _22=2.8198 _33=1.00001 _43=-0.15 (aspect 1.778)
camera: pos 29.6 15.0 -95.7 | proj _11=1.6085 _22=2.8594 _33=1.00001 _43=-0.15 (aspect 1.778)
frame 28800 | draws 3277/frame | FFP converted 982/frame (30.0%)
    not converted: screen-space 59  skinned 0  ortho 9  vertex-format 12  untextured 1543  instanced 0  mirrored 0  other-camera 314  no camera 0  other 0 (per frame)
    prepasses hidden: sampler-less 1543/frame, stipple-with-no-colour 253/frame (these used to convert WHITE) | post/composite quads marked 58/frame
    constant-colour materials (no diffuse map, albedo from the shader's own constant) 77/frame | HUD quads demoted to UI 1/frame | back-buffer clears 0/frame | sky draws 56/frame | UI-pass draws converted 0/frame
    instancing: 1032 converted from the instance stream/frame, 0 refused/frame (largest single draw 10000 instances, 0.9 buffer writes snooped/frame)
    SKINNING: 100 skinned/frame, 55 refused/frame, 0 exact duplicates dropped/frame | 171 meshes decoded, 171 cached, 0 cache flushes
    ALBEDO stage 0 taken raw (no shader reflection) 0/frame
    ALBEDO: constant-only 77/frame, tinted fallback 0/frame, genuinely blank 0/frame (of 77 rank-0 draws/frame)
    ALBEDO WHITE (previously uncounted): named-but-not-bound 0/frame, render-target exclusion left nothing 0/frame | colourless passes now hidden 49/frame
    SKIPPED entirely 0/frame (mode 3) | demoted to UI overlay 1/frame | no-albedo materials left to Remix 77/frame
    MARKED with the marker texture 2216/frame (refused as unsafe 9/frame, 5134 SetTexture calls/frame, marker created)
    albedo: moved off stage 0 208/frame, blanked 77/frame, restored from mesh cache 194/frame (4096 meshes cached) | RT textures known 110 | lights 30.2/frame (24 shaders)
    camera 23.3 15.8 -102.9 | distinct cameras this frame 1 (max 1) | transform writes 655/frame | redundant state calls dropped 20586/frame
    world matrix changes 653/frame | objTM used without a fresh upload 0/frame | uv matrix writes 24/frame (last scale 0.00098, 0.00098)
    TIMING: frame 27.3 ms avg (37 fps), worst 54 ms | shim 13.74 ms avg (50.3% of frame), worst 34.1 ms
    TIMING tail: 218 frames >=33 ms, 0 >=100 ms in this window of 600 | inside real Present 1.53 ms avg, worst 22.3 ms | our other hooks 0.00 ms avg
    converted -> target 14D8EAD0 1280x720 fmt=34 : 12 draws/frame
    converted -> target 14D985D8 1280x720 fmt=113 : 325 draws/frame
    converted -> target 14D8F0A0 1280x720 fmt=113 : 3 draws/frame
    converted -> target 14D8EDB8 1280x720 fmt=21 : 0 draws/frame
    converted -> target 039BD008 1280x720 fmt=22 : 0 draws/frame
    converted -> target 50EE7EB0 2560x1440 fmt=34 : 26 draws/frame
    converted -> target 50EEAA48 2560x1440 fmt=113 : 552 draws/frame
    converted -> target 50EE6678 2560x1440 fmt=113 : 9 draws/frame
    converted -> target 50EE6770 2560x1440 fmt=21 : 0 draws/frame
frame 29400 | draws 3288/frame | FFP converted 989/frame (30.1%)
    not converted: screen-space 60  skinned 0  ortho 9  vertex-format 12  untextured 1545  instanced 0  mirrored 0  other-camera 315  no camera 0  other 0 (per frame)
    prepasses hidden: sampler-less 1545/frame, stipple-with-no-colour 253/frame (these used to convert WHITE) | post/composite quads marked 60/frame
    constant-colour materials (no diffuse map, albedo from the shader's own constant) 77/frame | HUD quads demoted to UI 1/frame | back-buffer clears 0/frame | sky draws 55/frame | UI-pass draws converted 0/frame
    instancing: 1038 converted from the instance stream/frame, 0 refused/frame (largest single draw 10000 instances, 0.9 buffer writes snooped/frame)
    SKINNING: 100 skinned/frame, 55 refused/frame, 0 exact duplicates dropped/frame | 173 meshes decoded, 173 cached, 0 cache flushes
    ALBEDO stage 0 taken raw (no shader reflection) 0/frame
    ALBEDO: constant-only 77/frame, tinted fallback 0/frame, genuinely blank 0/frame (of 77 rank-0 draws/frame)
    ALBEDO WHITE (previously uncounted): named-but-not-bound 0/frame, render-target exclusion left nothing 0/frame | colourless passes now hidden 49/frame
    SKIPPED entirely 0/frame (mode 3) | demoted to UI overlay 1/frame | no-albedo materials left to Remix 77/frame
    MARKED with the marker texture 2222/frame (refused as unsafe 9/frame, 5160 SetTexture calls/frame, marker created)
    albedo: moved off stage 0 209/frame, blanked 77/frame, restored from mesh cache 194/frame (4096 meshes cached) | RT textures known 110 | lights 31.4/frame (24 shaders)
    camera 23.0 13.6 -101.9 | distinct cameras this frame 1 (max 1) | transform writes 659/frame | redundant state calls dropped 20719/frame
    world matrix changes 657/frame | objTM used without a fresh upload 0/frame | uv matrix writes 24/frame (last scale 0.00098, 0.00098)
    TIMING: frame 27.3 ms avg (37 fps), worst 88 ms | shim 13.81 ms avg (50.5% of frame), worst 23.9 ms
    TIMING tail: 86 frames >=33 ms, 0 >=100 ms in this window of 600 | inside real Present 1.52 ms avg, worst 44.4 ms | our other hooks 0.00 ms avg
    converted -> target 14D8EAD0 1280x720 fmt=34 : 12 draws/frame
    converted -> target 14D985D8 1280x720 fmt=113 : 318 draws/frame
    converted -> target 14D8F0A0 1280x720 fmt=113 : 3 draws/frame
    converted -> target 14D8EDB8 1280x720 fmt=21 : 0 draws/frame
    converted -> target 039BD008 1280x720 fmt=22 : 0 draws/frame
    converted -> target 50EE7EB0 2560x1440 fmt=34 : 28 draws/frame
    converted -> target 50EEAA48 2560x1440 fmt=113 : 564 draws/frame
    converted -> target 50EE6678 2560x1440 fmt=113 : 9 draws/frame
    converted -> target 50EE6770 2560x1440 fmt=21 : 0 draws/frame
camera: pos 31.9 15.0 -90.9 | proj _11=1.5976 _22=2.8401 _33=1.00001 _43=-0.15 (aspect 1.778)
camera: pos 32.7 15.1 -91.4 | proj _11=1.5869 _22=2.8211 _33=1.00001 _43=-0.15 (aspect 1.778)
camera: pos 32.5 15.2 -91.4 | proj _11=1.5751 _22=2.8001 _33=1.00001 _43=-0.15 (aspect 1.778)
camera: pos 32.1 15.2 -91.7 | proj _11=1.5636 _22=2.7797 _33=1.00001 _43=-0.15 (aspect 1.778)
camera: pos 31.7 15.2 -91.9 | proj _11=1.5521 _22=2.7592 _33=1.00001 _43=-0.15 (aspect 1.778)
camera: pos 31.3 15.2 -92.0 | proj _11=1.5406 _22=2.7389 _33=1.00001 _43=-0.15 (aspect 1.778)
camera: pos 31.1 15.2 -92.2 | proj _11=1.5293 _22=2.7187 _33=1.00001 _43=-0.15 (aspect 1.778)
camera: pos 30.9 15.1 -92.5 | proj _11=1.5156 _22=2.6944 _33=1.00001 _43=-0.15 (aspect 1.778)
camera: pos 31.4 14.8 -93.3 | proj _11=1.5020 _22=2.6702 _33=1.00001 _43=-0.15 (aspect 1.778)
camera: pos 31.8 14.3 -94.3 | proj _11=1.4886 _22=2.6463 _33=1.00001 _43=-0.15 (aspect 1.778)
camera: pos 31.6 13.9 -94.8 | proj _11=1.4751 _22=2.6223 _33=1.00001 _43=-0.15 (aspect 1.778)
camera: pos 31.1 13.7 -95.0 | proj _11=1.4598 _22=2.5952 _33=1.00001 _43=-0.15 (aspect 1.778)
camera: pos 30.5 13.7 -95.3 | proj _11=1.4447 _22=2.5683 _33=1.00001 _43=-0.15 (aspect 1.778)
frame 30000 | draws 3286/frame | FFP converted 992/frame (30.2%)
    not converted: screen-space 60  skinned 0  ortho 9  vertex-format 12  untextured 1542  instanced 0  mirrored 0  other-camera 313  no camera 0  other 0 (per frame)
    prepasses hidden: sampler-less 1542/frame, stipple-with-no-colour 253/frame (these used to convert WHITE) | post/composite quads marked 59/frame
    constant-colour materials (no diffuse map, albedo from the shader's own constant) 77/frame | HUD quads demoted to UI 1/frame | back-buffer clears 0/frame | sky draws 55/frame | UI-pass draws converted 0/frame
    instancing: 1037 converted from the instance stream/frame, 0 refused/frame (largest single draw 10000 instances, 0.9 buffer writes snooped/frame)
    SKINNING: 100 skinned/frame, 55 refused/frame, 0 exact duplicates dropped/frame | 175 meshes decoded, 175 cached, 0 cache flushes
    ALBEDO stage 0 taken raw (no shader reflection) 0/frame
    ALBEDO: constant-only 77/frame, tinted fallback 0/frame, genuinely blank 0/frame (of 77 rank-0 draws/frame)
    ALBEDO WHITE (previously uncounted): named-but-not-bound 0/frame, render-target exclusion left nothing 0/frame | colourless passes now hidden 49/frame
    SKIPPED entirely 0/frame (mode 3) | demoted to UI overlay 1/frame | no-albedo materials left to Remix 77/frame
    MARKED with the marker texture 2217/frame (refused as unsafe 9/frame, 5147 SetTexture calls/frame, marker created)
    albedo: moved off stage 0 209/frame, blanked 77/frame, restored from mesh cache 193/frame (4096 meshes cached) | RT textures known 110 | lights 31.2/frame (24 shaders)
    camera 30.3 13.6 -95.6 | distinct cameras this frame 1 (max 1) | transform writes 660/frame | redundant state calls dropped 20787/frame
    world matrix changes 659/frame | objTM used without a fresh upload 0/frame | uv matrix writes 24/frame (last scale 0.00098, 0.00098)
    TIMING: frame 27.5 ms avg (36 fps), worst 71 ms | shim 13.85 ms avg (50.4% of frame), worst 32.6 ms
    TIMING tail: 256 frames >=33 ms, 0 >=100 ms in this window of 600 | inside real Present 1.49 ms avg, worst 20.4 ms | our other hooks 0.00 ms avg
    converted -> target 14D8EAD0 1280x720 fmt=34 : 11 draws/frame
    converted -> target 14D985D8 1280x720 fmt=113 : 312 draws/frame
    converted -> target 14D8F0A0 1280x720 fmt=113 : 3 draws/frame
    converted -> target 14D8EDB8 1280x720 fmt=21 : 0 draws/frame
    converted -> target 039BD008 1280x720 fmt=22 : 0 draws/frame
    converted -> target 50EE7EB0 2560x1440 fmt=34 : 28 draws/frame
    converted -> target 50EEAA48 2560x1440 fmt=113 : 573 draws/frame
    converted -> target 50EE6678 2560x1440 fmt=113 : 9 draws/frame
    converted -> target 50EE6770 2560x1440 fmt=21 : 0 draws/frame
camera: pos 30.1 13.5 -96.0 | proj _11=1.4296 _22=2.5414 _33=1.00001 _43=-0.15 (aspect 1.778)
camera: pos 29.6 13.4 -96.8 | proj _11=1.4147 _22=2.5150 _33=1.00001 _43=-0.15 (aspect 1.778)
camera: pos 29.0 13.2 -97.5 | proj _11=1.3990 _22=2.4871 _33=1.00001 _43=-0.15 (aspect 1.778)
camera: pos 28.3 13.2 -97.6 | proj _11=1.3816 _22=2.4562 _33=1.00001 _43=-0.15 (aspect 1.778)
camera: pos 27.5 13.2 -97.8 | proj _11=1.3656 _22=2.4277 _33=1.00001 _43=-0.15 (aspect 1.778)
camera: pos 26.7 13.0 -98.1 | proj _11=1.3494 _22=2.3990 _33=1.00001 _43=-0.15 (aspect 1.778)
camera: pos 25.9 12.6 -98.4 | proj _11=1.3340 _22=2.3716 _33=1.00001 _43=-0.15 (aspect 1.778)
camera: pos 25.2 12.6 -98.5 | proj _11=1.3186 _22=2.3441 _33=1.00001 _43=-0.15 (aspect 1.778)
camera: pos 24.4 12.6 -98.6 | proj _11=1.3038 _22=2.3178 _33=1.00001 _43=-0.15 (aspect 1.778)
frame 30600 | draws 3337/frame | FFP converted 1014/frame (30.4%)
    not converted: screen-space 60  skinned 0  ortho 9  vertex-format 12  untextured 1563  instanced 0  mirrored 0  other-camera 316  no camera 0  other 0 (per frame)
    prepasses hidden: sampler-less 1563/frame, stipple-with-no-colour 256/frame (these used to convert WHITE) | post/composite quads marked 60/frame
    constant-colour materials (no diffuse map, albedo from the shader's own constant) 79/frame | HUD quads demoted to UI 1/frame | back-buffer clears 0/frame | sky draws 56/frame | UI-pass draws converted 0/frame
    instancing: 1059 converted from the instance stream/frame, 0 refused/frame (largest single draw 10000 instances, 0.9 buffer writes snooped/frame)
    SKINNING: 101 skinned/frame, 55 refused/frame, 0 exact duplicates dropped/frame | 183 meshes decoded, 183 cached, 0 cache flushes
    ALBEDO stage 0 taken raw (no shader reflection) 0/frame
    ALBEDO: constant-only 79/frame, tinted fallback 0/frame, genuinely blank 0/frame (of 79 rank-0 draws/frame)
    ALBEDO WHITE (previously uncounted): named-but-not-bound 0/frame, render-target exclusion left nothing 0/frame | colourless passes now hidden 51/frame
    SKIPPED entirely 0/frame (mode 3) | demoted to UI overlay 1/frame | no-albedo materials left to Remix 79/frame
    MARKED with the marker texture 2245/frame (refused as unsafe 9/frame, 5205 SetTexture calls/frame, marker created)
    albedo: moved off stage 0 213/frame, blanked 79/frame, restored from mesh cache 195/frame (4096 meshes cached) | RT textures known 110 | lights 31.2/frame (24 shaders)
    camera 116.8 14.4 -105.0 | distinct cameras this frame 1 (max 1) | transform writes 677/frame | redundant state calls dropped 21256/frame
    world matrix changes 675/frame | objTM used without a fresh upload 0/frame | uv matrix writes 24/frame (last scale 0.00098, 0.00098)
    TIMING: frame 27.7 ms avg (36 fps), worst 66 ms | shim 14.00 ms avg (50.6% of frame), worst 33.9 ms
    TIMING tail: 466 frames >=33 ms, 0 >=100 ms in this window of 600 | inside real Present 1.47 ms avg, worst 24.6 ms | our other hooks 0.00 ms avg
    converted -> target 14D8EAD0 1280x720 fmt=34 : 11 draws/frame
    converted -> target 14D985D8 1280x720 fmt=113 : 306 draws/frame
    converted -> target 14D8F0A0 1280x720 fmt=113 : 3 draws/frame
    converted -> target 14D8EDB8 1280x720 fmt=21 : 0 draws/frame
    converted -> target 039BD008 1280x720 fmt=22 : 0 draws/frame
    converted -> target 50EE7EB0 2560x1440 fmt=34 : 29 draws/frame
    converted -> target 50EEAA48 2560x1440 fmt=113 : 600 draws/frame
    converted -> target 50EE6678 2560x1440 fmt=113 : 9 draws/frame
    converted -> target 50EE6770 2560x1440 fmt=21 : 0 draws/frame
camera: pos -10.9 15.2 -87.8 | proj _11=1.3287 _22=2.3620 _33=1.00001 _43=-0.15 (aspect 1.778)
camera: pos -10.9 15.2 -87.6 | proj _11=1.3438 _22=2.3890 _33=1.00001 _43=-0.15 (aspect 1.778)
camera: pos -10.8 15.2 -87.5 | proj _11=1.3718 _22=2.4388 _33=1.00001 _43=-0.15 (aspect 1.778)
camera: pos -10.8 15.2 -87.4 | proj _11=1.3888 _22=2.4689 _33=1.00001 _43=-0.15 (aspect 1.778)
camera: pos -10.8 15.2 -87.3 | proj _11=1.4043 _22=2.4966 _33=1.00001 _43=-0.15 (aspect 1.778)
camera: pos -10.8 15.2 -87.2 | proj _11=1.4222 _22=2.5283 _33=1.00001 _43=-0.15 (aspect 1.778)
camera: pos -10.8 15.3 -87.1 | proj _11=1.4382 _22=2.5567 _33=1.00001 _43=-0.15 (aspect 1.778)
camera: pos -10.8 15.3 -86.9 | proj _11=1.4568 _22=2.5898 _33=1.00001 _43=-0.15 (aspect 1.778)
camera: pos -10.8 15.3 -86.8 | proj _11=1.4886 _22=2.6463 _33=1.00001 _43=-0.15 (aspect 1.778)
camera: pos -10.8 15.3 -86.7 | proj _11=1.5054 _22=2.6762 _33=1.00001 _43=-0.15 (aspect 1.778)
camera: pos -10.7 15.3 -86.6 | proj _11=1.5241 _22=2.7095 _33=1.00001 _43=-0.15 (aspect 1.778)
camera: pos -10.7 15.4 -86.4 | proj _11=1.5422 _22=2.7416 _33=1.00001 _43=-0.15 (aspect 1.778)
camera: pos -10.7 15.4 -86.2 | proj _11=1.5640 _22=2.7804 _33=1.00001 _43=-0.15 (aspect 1.778)
camera: pos -10.6 15.4 -85.9 | proj _11=1.5828 _22=2.8138 _33=1.00001 _43=-0.15 (aspect 1.778)
camera: pos -10.6 15.4 -85.6 | proj _11=1.6035 _22=2.8506 _33=1.00001 _43=-0.15 (aspect 1.778)
frame 31200 | draws 3361/frame | FFP converted 1025/frame (30.5%)
    not converted: screen-space 60  skinned 0  ortho 9  vertex-format 12  untextured 1569  instanced 0  mirrored 0  other-camera 318  no camera 0  other 0 (per frame)
    prepasses hidden: sampler-less 1569/frame, stipple-with-no-colour 258/frame (these used to convert WHITE) | post/composite quads marked 59/frame
    constant-colour materials (no diffuse map, albedo from the shader's own constant) 79/frame | HUD quads demoted to UI 1/frame | back-buffer clears 0/frame | sky draws 56/frame | UI-pass draws converted 0/frame
    instancing: 1070 converted from the instance stream/frame, 0 refused/frame (largest single draw 10000 instances, 0.9 buffer writes snooped/frame)
    SKINNING: 102 skinned/frame, 56 refused/frame, 0 exact duplicates dropped/frame | 187 meshes decoded, 187 cached, 0 cache flushes
    ALBEDO stage 0 taken raw (no shader reflection) 0/frame
    ALBEDO: constant-only 79/frame, tinted fallback 0/frame, genuinely blank 0/frame (of 79 rank-0 draws/frame)
    ALBEDO WHITE (previously uncounted): named-but-not-bound 0/frame, render-target exclusion left nothing 0/frame | colourless passes now hidden 53/frame
    SKIPPED entirely 0/frame (mode 3) | demoted to UI overlay 1/frame | no-albedo materials left to Remix 79/frame
    MARKED with the marker texture 2258/frame (refused as unsafe 9/frame, 5228 SetTexture calls/frame, marker created)
    albedo: moved off stage 0 216/frame, blanked 79/frame, restored from mesh cache 195/frame (4096 meshes cached) | RT textures known 110 | lights 31.0/frame (24 shaders)
    camera -12.5 13.2 -85.2 | distinct cameras this frame 1 (max 1) | transform writes 685/frame | redundant state calls dropped 21488/frame
    world matrix changes 683/frame | objTM used without a fresh upload 0/frame | uv matrix writes 24/frame (last scale 0.00098, 0.00098)
    TIMING: frame 27.7 ms avg (36 fps), worst 75 ms | shim 14.09 ms avg (50.8% of frame), worst 29.9 ms
    TIMING tail: 169 frames >=33 ms, 0 >=100 ms in this window of 600 | inside real Present 1.45 ms avg, worst 34.2 ms | our other hooks 0.00 ms avg
    converted -> target 14D8EAD0 1280x720 fmt=34 : 11 draws/frame
    converted -> target 14D985D8 1280x720 fmt=113 : 300 draws/frame
    converted -> target 14D8F0A0 1280x720 fmt=113 : 3 draws/frame
    converted -> target 14D8EDB8 1280x720 fmt=21 : 0 draws/frame
    converted -> target 039BD008 1280x720 fmt=22 : 0 draws/frame
    converted -> target 50EE7EB0 2560x1440 fmt=34 : 30 draws/frame
    converted -> target 50EEAA48 2560x1440 fmt=113 : 616 draws/frame
    converted -> target 50EE6678 2560x1440 fmt=113 : 10 draws/frame
    converted -> target 50EE6770 2560x1440 fmt=21 : 0 draws/frame
camera: pos -13.9 13.3 -82.0 | proj _11=1.5890 _22=2.8249 _33=1.00001 _43=-0.15 (aspect 1.778)
camera: pos -14.3 13.3 -82.3 | proj _11=1.5758 _22=2.8014 _33=1.00001 _43=-0.15 (aspect 1.778)
camera: pos -14.7 13.3 -82.6 | proj _11=1.5633 _22=2.7792 _33=1.00001 _43=-0.15 (aspect 1.778)
camera: pos -15.1 13.3 -82.9 | proj _11=1.5506 _22=2.7565 _33=1.00001 _43=-0.15 (aspect 1.778)
camera: pos -15.4 13.3 -83.2 | proj _11=1.5380 _22=2.7342 _33=1.00001 _43=-0.15 (aspect 1.778)
camera: pos -15.8 13.3 -83.5 | proj _11=1.5260 _22=2.7129 _33=1.00001 _43=-0.15 (aspect 1.778)
camera: pos -16.2 13.3 -83.8 | proj _11=1.5136 _22=2.6907 _33=1.00001 _43=-0.15 (aspect 1.778)
camera: pos -16.6 13.3 -84.1 | proj _11=1.5015 _22=2.6694 _33=1.00001 _43=-0.15 (aspect 1.778)
camera: pos -17.0 13.3 -84.4 | proj _11=1.4894 _22=2.6479 _33=1.00001 _43=-0.15 (aspect 1.778)
camera: pos -17.4 13.3 -84.7 | proj _11=1.4775 _22=2.6265 _33=1.00001 _43=-0.15 (aspect 1.778)
camera: pos -17.8 13.3 -85.0 | proj _11=1.4658 _22=2.6059 _33=1.00001 _43=-0.15 (aspect 1.778)
camera: pos -18.1 13.3 -85.3 | proj _11=1.4542 _22=2.5853 _33=1.00001 _43=-0.15 (aspect 1.778)
camera: pos -18.6 13.3 -85.7 | proj _11=1.4428 _22=2.5649 _33=1.00001 _43=-0.15 (aspect 1.778)
camera: pos -19.0 13.3 -86.0 | proj _11=1.4285 _22=2.5395 _33=1.00001 _43=-0.15 (aspect 1.778)
camera: pos -19.4 13.4 -86.3 | proj _11=1.4175 _22=2.5199 _33=1.00001 _43=-0.15 (aspect 1.778)
camera: pos -19.8 13.4 -86.6 | proj _11=1.4064 _22=2.5002 _33=1.00001 _43=-0.15 (aspect 1.778)
camera: pos -20.1 13.6 -87.0 | proj _11=1.3954 _22=2.4807 _33=1.00001 _43=-0.15 (aspect 1.778)
camera: pos -20.4 13.7 -87.5 | proj _11=1.3833 _22=2.4592 _33=1.00001 _43=-0.15 (aspect 1.778)
camera: pos -20.9 13.8 -87.9 | proj _11=1.3708 _22=2.4369 _33=1.00001 _43=-0.15 (aspect 1.778)
camera: pos -21.2 13.9 -88.3 | proj _11=1.3587 _22=2.4155 _33=1.00001 _43=-0.15 (aspect 1.778)
camera: pos -21.6 14.0 -88.7 | proj _11=1.3476 _22=2.3957 _33=1.00001 _43=-0.15 (aspect 1.778)
camera: pos -22.0 14.0 -89.1 | proj _11=1.3362 _22=2.3754 _33=1.00001 _43=-0.15 (aspect 1.778)
camera: pos -22.5 14.1 -89.5 | proj _11=1.3251 _22=2.3557 _33=1.00001 _43=-0.15 (aspect 1.778)
camera: pos -22.9 14.1 -89.8 | proj _11=1.3146 _22=2.3369 _33=1.00001 _43=-0.15 (aspect 1.778)
camera: pos -23.3 14.1 -90.2 | proj _11=1.3036 _22=2.3175 _33=1.00001 _43=-0.15 (aspect 1.778)
camera: pos -53.0 15.7 -96.6 | proj _11=1.3258 _22=2.3569 _33=1.00001 _43=-0.15 (aspect 1.778)
camera: pos -52.9 15.8 -96.8 | proj _11=1.3419 _22=2.3855 _33=1.00001 _43=-0.15 (aspect 1.778)
camera: pos -52.8 15.8 -97.0 | proj _11=1.3563 _22=2.4111 _33=1.00001 _43=-0.15 (aspect 1.778)
camera: pos -52.7 15.8 -97.2 | proj _11=1.3701 _22=2.4356 _33=1.00001 _43=-0.15 (aspect 1.778)
camera: pos -52.5 15.8 -97.4 | proj _11=1.3860 _22=2.4640 _33=1.00001 _43=-0.15 (aspect 1.778)
camera: pos -52.4 15.8 -97.6 | proj _11=1.4013 _22=2.4912 _33=1.00001 _43=-0.15 (aspect 1.778)
camera: pos -52.2 15.9 -97.8 | proj _11=1.4171 _22=2.5192 _33=1.00001 _43=-0.15 (aspect 1.778)
camera: pos -52.0 15.9 -98.0 | proj _11=1.4320 _22=2.5456 _33=1.00001 _43=-0.15 (aspect 1.778)
camera: pos -51.6 15.9 -98.3 | proj _11=1.4474 _22=2.5730 _33=1.00001 _43=-0.15 (aspect 1.778)
camera: pos -51.3 16.0 -98.5 | proj _11=1.4702 _22=2.6137 _33=1.00001 _43=-0.15 (aspect 1.778)
camera: pos -50.8 16.0 -98.7 | proj _11=1.4863 _22=2.6423 _33=1.00001 _43=-0.15 (aspect 1.778)
camera: pos -50.5 16.1 -98.9 | proj _11=1.5102 _22=2.6848 _33=1.00001 _43=-0.15 (aspect 1.778)
camera: pos -50.2 16.1 -99.0 | proj _11=1.5268 _22=2.7142 _33=1.00001 _43=-0.15 (aspect 1.778)
camera: pos -49.8 16.1 -99.1 | proj _11=1.5432 _22=2.7433 _33=1.00001 _43=-0.15 (aspect 1.778)
camera: pos -49.5 16.2 -99.2 | proj _11=1.5644 _22=2.7811 _33=1.00001 _43=-0.15 (aspect 1.778)
camera: pos -49.2 16.2 -99.2 | proj _11=1.5818 _22=2.8120 _33=1.00001 _43=-0.15 (aspect 1.778)
camera: pos -49.0 16.2 -99.3 | proj _11=1.6031 _22=2.8500 _33=1.00001 _43=-0.15 (aspect 1.778)
camera: pos -57.1 15.7 -94.9 | proj _11=1.5884 _22=2.8237 _33=1.00001 _43=-0.15 (aspect 1.778)
camera: pos -57.6 15.7 -94.7 | proj _11=1.5714 _22=2.7935 _33=1.00001 _43=-0.15 (aspect 1.778)
camera: pos -58.1 15.7 -94.6 | proj _11=1.5544 _22=2.7634 _33=1.00001 _43=-0.15 (aspect 1.778)
camera: pos -58.4 15.5 -94.4 | proj _11=1.5759 _22=2.8015 _33=1.00001 _43=-0.15 (aspect 1.778)
camera: pos -58.6 15.3 -94.2 | proj _11=1.5932 _22=2.8323 _33=1.00001 _43=-0.15 (aspect 1.778)
camera: pos -58.9 15.1 -93.9 | proj _11=1.6165 _22=2.8737 _33=1.00001 _43=-0.15 (aspect 1.778)
camera: pos -59.3 14.9 -93.6 | proj _11=1.6457 _22=2.9256 _33=1.00001 _43=-0.15 (aspect 1.778)
camera: pos -59.8 14.5 -93.2 | proj _11=1.6861 _22=2.9975 _33=1.00001 _43=-0.15 (aspect 1.778)
camera: pos -60.3 14.2 -92.8 | proj _11=1.7241 _22=3.0651 _33=1.00001 _43=-0.15 (aspect 1.778)
camera: pos -60.8 14.0 -92.3 | proj _11=1.7557 _22=3.1211 _33=1.00001 _43=-0.15 (aspect 1.778)
camera: pos -61.1 13.8 -91.9 | proj _11=1.7820 _22=3.1679 _33=1.00001 _43=-0.15 (aspect 1.778)
camera: pos -61.5 13.7 -91.4 | proj _11=1.8037 _22=3.2065 _33=1.00001 _43=-0.15 (aspect 1.778)
camera: pos -61.8 13.6 -91.1 | proj _11=1.8176 _22=3.2312 _33=1.00001 _43=-0.15 (aspect 1.778)
camera: pos -65.5 13.2 -91.0 | proj _11=1.8072 _22=3.2128 _33=1.00001 _43=-0.15 (aspect 1.778)
camera: pos -65.6 13.3 -91.1 | proj _11=1.7891 _22=3.1806 _33=1.00001 _43=-0.15 (aspect 1.778)
camera: pos -65.6 13.2 -91.3 | proj _11=1.7639 _22=3.1358 _33=1.00001 _43=-0.15 (aspect 1.778)
camera: pos -65.9 13.7 -91.4 | proj _11=1.7328 _22=3.0804 _33=1.00001 _43=-0.15 (aspect 1.778)
camera: pos -66.1 14.0 -91.7 | proj _11=1.6918 _22=3.0075 _33=1.00001 _43=-0.15 (aspect 1.778)
camera: pos -66.3 14.2 -91.9 | proj _11=1.6629 _22=2.9561 _33=1.00001 _43=-0.15 (aspect 1.778)
camera: pos -66.5 14.4 -92.0 | proj _11=1.6412 _22=2.9176 _33=1.00001 _43=-0.15 (aspect 1.778)
camera: pos -66.7 14.5 -92.2 | proj _11=1.6260 _22=2.8907 _33=1.00001 _43=-0.15 (aspect 1.778)
camera: pos -66.8 14.7 -92.3 | proj _11=1.6157 _22=2.8723 _33=1.00001 _43=-0.15 (aspect 1.778)
camera: pos -67.3 14.9 -92.6 | proj _11=1.6019 _22=2.8477 _33=1.00001 _43=-0.15 (aspect 1.778)
camera: pos -67.8 14.9 -92.6 | proj _11=1.5874 _22=2.8220 _33=1.00001 _43=-0.15 (aspect 1.778)
camera: pos -68.2 14.9 -92.6 | proj _11=1.5746 _22=2.7992 _33=1.00001 _43=-0.15 (aspect 1.778)
camera: pos -68.6 14.9 -92.8 | proj _11=1.5621 _22=2.7769 _33=1.00001 _43=-0.15 (aspect 1.778)
camera: pos -69.2 15.0 -93.2 | proj _11=1.5452 _22=2.7469 _33=1.00001 _43=-0.15 (aspect 1.778)
camera: pos -69.5 15.1 -93.4 | proj _11=1.5349 _22=2.7287 _33=1.00001 _43=-0.15 (aspect 1.778)
camera: pos -69.7 15.1 -93.7 | proj _11=1.5244 _22=2.7100 _33=1.00001 _43=-0.15 (aspect 1.778)
camera: pos -70.0 15.1 -93.9 | proj _11=1.5136 _22=2.6907 _33=1.00001 _43=-0.15 (aspect 1.778)
camera: pos -70.3 15.2 -94.1 | proj _11=1.5026 _22=2.6712 _33=1.00001 _43=-0.15 (aspect 1.778)
camera: pos -70.6 15.2 -94.4 | proj _11=1.4918 _22=2.6520 _33=1.00001 _43=-0.15 (aspect 1.778)
camera: pos -70.9 15.3 -94.6 | proj _11=1.4810 _22=2.6329 _33=1.00001 _43=-0.15 (aspect 1.778)
camera: pos -71.1 15.2 -94.9 | proj _11=1.4704 _22=2.6140 _33=1.00001 _43=-0.15 (aspect 1.778)
camera: pos -71.2 15.1 -95.3 | proj _11=1.4599 _22=2.5953 _33=1.00001 _43=-0.15 (aspect 1.778)
camera: pos -71.4 15.1 -95.8 | proj _11=1.4495 _22=2.5768 _33=1.00001 _43=-0.15 (aspect 1.778)
camera: pos -71.5 15.0 -96.2 | proj _11=1.4392 _22=2.5586 _33=1.00001 _43=-0.15 (aspect 1.778)
camera: pos -71.9 15.1 -96.4 | proj _11=1.4291 _22=2.5405 _33=1.00001 _43=-0.15 (aspect 1.778)
camera: pos -72.2 15.1 -96.5 | proj _11=1.4190 _22=2.5227 _33=1.00001 _43=-0.15 (aspect 1.778)
camera: pos -72.9 15.2 -96.9 | proj _11=1.3993 _22=2.4875 _33=1.00001 _43=-0.15 (aspect 1.778)
camera: pos -73.4 15.3 -97.2 | proj _11=1.3817 _22=2.4562 _33=1.00001 _43=-0.15 (aspect 1.778)
camera: pos -73.8 15.6 -97.7 | proj _11=1.3682 _22=2.4324 _33=1.00001 _43=-0.15 (aspect 1.778)
camera: pos -74.5 16.1 -98.1 | proj _11=1.3545 _22=2.4079 _33=1.00001 _43=-0.15 (aspect 1.778)
camera: pos -75.4 16.8 -98.5 | proj _11=1.3380 _22=2.3787 _33=1.00001 _43=-0.15 (aspect 1.778)
camera: pos -75.9 17.1 -98.8 | proj _11=1.3256 _22=2.3565 _33=1.00001 _43=-0.15 (aspect 1.778)
camera: pos -76.8 17.7 -99.1 | proj _11=1.3154 _22=2.3384 _33=1.00001 _43=-0.15 (aspect 1.778)
camera: pos -77.6 18.1 -99.5 | proj _11=1.3041 _22=2.3184 _33=1.00001 _43=-0.15 (aspect 1.778)
frame 31800 | draws 3380/frame | FFP converted 1034/frame (30.6%)
    not converted: screen-space 60  skinned 0  ortho 9  vertex-format 12  untextured 1575  instanced 0  mirrored 0  other-camera 322  no camera 0  other 0 (per frame)
    prepasses hidden: sampler-less 1575/frame, stipple-with-no-colour 259/frame (these used to convert WHITE) | post/composite quads marked 59/frame
    constant-colour materials (no diffuse map, albedo from the shader's own constant) 80/frame | HUD quads demoted to UI 1/frame | back-buffer clears 0/frame | sky draws 56/frame | UI-pass draws converted 0/frame
    instancing: 1081 converted from the instance stream/frame, 0 refused/frame (largest single draw 10000 instances, 1.0 buffer writes snooped/frame)
    SKINNING: 103 skinned/frame, 56 refused/frame, 0 exact duplicates dropped/frame | 193 meshes decoded, 193 cached, 0 cache flushes
    ALBEDO stage 0 taken raw (no shader reflection) 0/frame
    ALBEDO: constant-only 80/frame, tinted fallback 0/frame, genuinely blank 0/frame (of 80 rank-0 draws/frame)
    ALBEDO WHITE (previously uncounted): named-but-not-bound 0/frame, render-target exclusion left nothing 0/frame | colourless passes now hidden 54/frame
    SKIPPED entirely 0/frame (mode 3) | demoted to UI overlay 1/frame | no-albedo materials left to Remix 80/frame
    MARKED with the marker texture 2268/frame (refused as unsafe 9/frame, 5243 SetTexture calls/frame, marker created)
    albedo: moved off stage 0 218/frame, blanked 80/frame, restored from mesh cache 195/frame (4096 meshes cached) | RT textures known 110 | lights 30.5/frame (24 shaders)
    camera -80.7 18.4 -100.0 | distinct cameras this frame 1 (max 1) | transform writes 691/frame | redundant state calls dropped 21672/frame
    world matrix changes 689/frame | objTM used without a fresh upload 0/frame | uv matrix writes 24/frame (last scale 0.00098, 0.00098)
    TIMING: frame 27.8 ms avg (36 fps), worst 75 ms | shim 14.18 ms avg (51.0% of frame), worst 36.6 ms
    TIMING tail: 241 frames >=33 ms, 0 >=100 ms in this window of 600 | inside real Present 1.43 ms avg, worst 32.8 ms | our other hooks 0.00 ms avg
    converted -> target 14D8EAD0 1280x720 fmt=34 : 11 draws/frame
    converted -> target 14D985D8 1280x720 fmt=113 : 294 draws/frame
    converted -> target 14D8F0A0 1280x720 fmt=113 : 3 draws/frame
    converted -> target 14D8EDB8 1280x720 fmt=21 : 0 draws/frame
    converted -> target 039BD008 1280x720 fmt=22 : 0 draws/frame
    converted -> target 50EE7EB0 2560x1440 fmt=34 : 31 draws/frame
    converted -> target 50EEAA48 2560x1440 fmt=113 : 630 draws/frame
    converted -> target 50EE6678 2560x1440 fmt=113 : 10 draws/frame
    converted -> target 50EE6770 2560x1440 fmt=21 : 0 draws/frame
camera: pos -95.3 18.4 -101.1 | proj _11=1.3169 _22=2.3411 _33=1.00001 _43=-0.15 (aspect 1.778)
camera: pos -95.4 18.5 -101.2 | proj _11=1.3362 _22=2.3754 _33=1.00001 _43=-0.15 (aspect 1.778)
camera: pos -95.4 18.5 -101.1 | proj _11=1.3464 _22=2.3935 _33=1.00001 _43=-0.15 (aspect 1.778)
camera: pos -95.3 18.3 -101.1 | proj _11=1.3668 _22=2.4299 _33=1.00001 _43=-0.15 (aspect 1.778)
camera: pos -95.2 18.3 -101.1 | proj _11=1.3771 _22=2.4481 _33=1.00001 _43=-0.15 (aspect 1.778)
camera: pos -95.6 16.8 -100.9 | proj _11=1.3670 _22=2.4301 _33=1.00001 _43=-0.15 (aspect 1.778)
camera: pos -96.8 14.5 -101.1 | proj _11=1.3553 _22=2.4094 _33=1.00001 _43=-0.15 (aspect 1.778)
camera: pos -98.4 14.1 -101.5 | proj _11=1.3450 _22=2.3910 _33=1.00001 _43=-0.15 (aspect 1.778)
camera: pos -100.3 14.1 -101.3 | proj _11=1.3334 _22=2.3704 _33=1.00001 _43=-0.15 (aspect 1.778)
camera: pos -102.9 13.9 -100.6 | proj _11=1.3225 _22=2.3511 _33=1.00001 _43=-0.15 (aspect 1.778)
camera: pos -105.1 14.0 -100.9 | proj _11=1.3123 _22=2.3330 _33=1.00001 _43=-0.15 (aspect 1.778)
camera: pos -107.6 13.8 -101.6 | proj _11=1.3023 _22=2.3152 _33=1.00001 _43=-0.15 (aspect 1.778)
frame 32400 | draws 3393/frame | FFP converted 1039/frame (30.6%)
    not converted: screen-space 59  skinned 0  ortho 8  vertex-format 12  untextured 1577  instanced 0  mirrored 0  other-camera 327  no camera 0  other 0 (per frame)
    prepasses hidden: sampler-less 1577/frame, stipple-with-no-colour 259/frame (these used to convert WHITE) | post/composite quads marked 58/frame
    constant-colour materials (no diffuse map, albedo from the shader's own constant) 80/frame | HUD quads demoted to UI 1/frame | back-buffer clears 0/frame | sky draws 56/frame | UI-pass draws converted 0/frame
    instancing: 1091 converted from the instance stream/frame, 0 refused/frame (largest single draw 10000 instances, 1.0 buffer writes snooped/frame)
    SKINNING: 104 skinned/frame, 55 refused/frame, 0 exact duplicates dropped/frame | 193 meshes decoded, 193 cached, 0 cache flushes
    ALBEDO stage 0 taken raw (no shader reflection) 0/frame
    ALBEDO: constant-only 80/frame, tinted fallback 0/frame, genuinely blank 0/frame (of 80 rank-0 draws/frame)
    ALBEDO WHITE (previously uncounted): named-but-not-bound 0/frame, render-target exclusion left nothing 0/frame | colourless passes now hidden 54/frame
    SKIPPED entirely 0/frame (mode 3) | demoted to UI overlay 1/frame | no-albedo materials left to Remix 80/frame
    MARKED with the marker texture 2276/frame (refused as unsafe 8/frame, 5253 SetTexture calls/frame, marker created)
    albedo: moved off stage 0 218/frame, blanked 80/frame, restored from mesh cache 194/frame (4096 meshes cached) | RT textures known 110 | lights 30.0/frame (24 shaders)
    camera -105.4 13.7 -141.9 | distinct cameras this frame 1 (max 1) | transform writes 696/frame | redundant state calls dropped 21776/frame
    world matrix changes 694/frame | objTM used without a fresh upload 0/frame | uv matrix writes 24/frame (last scale 0.00098, 0.00098)
    TIMING: frame 28.0 ms avg (36 fps), worst 63 ms | shim 14.26 ms avg (51.0% of frame), worst 28.4 ms
    TIMING tail: 241 frames >=33 ms, 0 >=100 ms in this window of 600 | inside real Present 1.41 ms avg, worst 32.3 ms | our other hooks 0.00 ms avg
    converted -> target 14D8EAD0 1280x720 fmt=34 : 11 draws/frame
    converted -> target 14D985D8 1280x720 fmt=113 : 289 draws/frame
    converted -> target 14D8F0A0 1280x720 fmt=113 : 3 draws/frame
    converted -> target 14D8EDB8 1280x720 fmt=21 : 0 draws/frame
    converted -> target 039BD008 1280x720 fmt=22 : 0 draws/frame
    converted -> target 50EE7EB0 2560x1440 fmt=34 : 31 draws/frame
    converted -> target 50EEAA48 2560x1440 fmt=113 : 640 draws/frame
    converted -> target 50EE6678 2560x1440 fmt=113 : 10 draws/frame
    converted -> target 50EE6770 2560x1440 fmt=21 : 0 draws/frame
