sr3-rtx loaded (pid 32668) - FFP conversion, ported from sr2-rtx-remix-proxy
settings: ffp=1 convertSkinned=0 hiddenPassMode=3 skipUntextured=1 screenSpaceAsUI=0 hideLightVolumes=1 skipMirrored=1
          rankAlbedo=1 excludeRTAlbedo=1 cacheMeshAlbedo=1 injectLights=1
CreateDevice hook installed
CreateDeviceEx hook installed
CreateDeviceEx -> hooking device (backbuffer 1280x720, aspect 1.778)
marker texture created: 4x4 A8R8G8B8 magenta at 03700EB8. Tag it in the Remix menu (Alt+X -> Game Setup) and put its hash in rtx.ignoreTextures.
light shader: directional (pos=c0 dir=c-1 color=c2 info=c-1 spot=c-1)
light shader: directional (pos=c0 dir=c-1 color=c2 info=c-1 spot=c-1)
light shader: directional (pos=c0 dir=c-1 color=c2 info=c-1 spot=c-1)
light shader: directional (pos=c0 dir=c-1 color=c2 info=c-1 spot=c-1)
light shader: directional (pos=c0 dir=c-1 color=c2 info=c-1 spot=c-1)
light shader: directional (pos=c0 dir=c-1 color=c2 info=c-1 spot=c-1)
vertex layout #1: elems=3 pos=float4@0(stream 0) uv=float2 normal=0 color=1 skinned=0 positionT=0
frame 60 | draws 0/frame | FFP converted 0/frame (0.0%)
    not converted: screen-space 0  skinned 0  ortho 0  vertex-format 0  untextured 0  instanced 0  mirrored 0  other-camera 0  no camera 0  other 0 (per frame)
    instancing: 0 converted from the instance stream/frame, 0 refused/frame (largest single draw 0 instances, 0.0 buffer writes snooped/frame)
    SKIPPED entirely 0/frame (mode 3) | demoted to UI overlay 0/frame | no-albedo materials left to Remix 0/frame
    MARKED with the marker texture 0/frame (refused as unsafe 0/frame, 0 SetTexture calls/frame, marker created)
    albedo: moved off stage 0 0/frame, blanked 0/frame, restored from mesh cache 0/frame (0 meshes cached) | RT textures known 55 | lights 0.0/frame (24 shaders)
    camera 0.0 0.0 0.0 | distinct cameras this frame 0 (max 0) | transform writes 0/frame | redundant state calls dropped 0/frame
    world matrix changes 0/frame | objTM used without a fresh upload 0/frame | uv matrix writes 0/frame (last scale 0.00000, 0.00000)
    TIMING: frame 22.2 ms avg (45 fps), worst 262 ms | shim 0.00 ms avg (0.0% of frame), worst 0.0 ms
frame 600 | draws 0/frame | FFP converted 0/frame (0.0%)
    not converted: screen-space 0  skinned 0  ortho 0  vertex-format 0  untextured 0  instanced 0  mirrored 0  other-camera 0  no camera 0  other 0 (per frame)
    instancing: 0 converted from the instance stream/frame, 0 refused/frame (largest single draw 0 instances, 0.0 buffer writes snooped/frame)
    SKIPPED entirely 0/frame (mode 3) | demoted to UI overlay 0/frame | no-albedo materials left to Remix 0/frame
    MARKED with the marker texture 0/frame (refused as unsafe 0/frame, 0 SetTexture calls/frame, marker created)
    albedo: moved off stage 0 0/frame, blanked 0/frame, restored from mesh cache 0/frame (0 meshes cached) | RT textures known 55 | lights 0.0/frame (24 shaders)
    camera 0.0 0.0 0.0 | distinct cameras this frame 0 (max 0) | transform writes 0/frame | redundant state calls dropped 0/frame
    world matrix changes 0/frame | objTM used without a fresh upload 0/frame | uv matrix writes 0/frame (last scale 0.00000, 0.00000)
    TIMING: frame 25.0 ms avg (40 fps), worst 47 ms | shim 0.00 ms avg (0.0% of frame), worst 0.0 ms
frame 1200 | draws 0/frame | FFP converted 0/frame (0.0%)
    not converted: screen-space 0  skinned 0  ortho 0  vertex-format 0  untextured 0  instanced 0  mirrored 0  other-camera 0  no camera 0  other 0 (per frame)
    instancing: 0 converted from the instance stream/frame, 0 refused/frame (largest single draw 0 instances, 0.0 buffer writes snooped/frame)
    SKIPPED entirely 0/frame (mode 3) | demoted to UI overlay 0/frame | no-albedo materials left to Remix 0/frame
    MARKED with the marker texture 0/frame (refused as unsafe 0/frame, 0 SetTexture calls/frame, marker created)
    albedo: moved off stage 0 0/frame, blanked 0/frame, restored from mesh cache 0/frame (0 meshes cached) | RT textures known 55 | lights 0.0/frame (24 shaders)
    camera 0.0 0.0 0.0 | distinct cameras this frame 0 (max 0) | transform writes 0/frame | redundant state calls dropped 0/frame
    world matrix changes 0/frame | objTM used without a fresh upload 0/frame | uv matrix writes 0/frame (last scale 0.00000, 0.00000)
    TIMING: frame 20.9 ms avg (48 fps), worst 81 ms | shim 0.00 ms avg (0.0% of frame), worst 0.0 ms
vertex layout #2: elems=2 pos=float4@0(stream 0) uv=float2 normal=0 color=0 skinned=0 positionT=0
stream freq #1: stream=0 setting=0x00000001 -> plain count=1
stream freq #2: stream=0 setting=0x00000001 -> plain count=1
stream freq #3: stream=0 setting=0x00000001 -> plain count=1
stream freq #4: stream=0 setting=0x00000001 -> plain count=1
stream freq #5: stream=0 setting=0x00000001 -> plain count=1
stream freq #6: stream=0 setting=0x00000001 -> plain count=1
stream freq #7: stream=0 setting=0x00000001 -> plain count=1
stream freq #8: stream=0 setting=0x00000001 -> plain count=1
vertex layout #3: elems=12 pos=float3@0(stream 0) uv=short2 normal=1 color=0 skinned=0 positionT=0
stream freq #9: stream=4 setting=0x80000001 -> INSTANCEDATA count=1
stream freq #10: stream=0 setting=0x40000001 -> INDEXEDDATA count=1
stream freq #11: stream=4 setting=0x80000001 -> INSTANCEDATA count=1
stream freq #12: stream=0 setting=0x40000001 -> INDEXEDDATA count=1
vertex layout #4: elems=12 pos=float3@0(stream 0) uv=short2 normal=1 color=0 skinned=0 positionT=0
vertex layout #5: elems=13 pos=float3@0(stream 0) uv=short2 normal=1 color=0 skinned=0 positionT=0
vertex layout #6: elems=11 pos=float3@0(stream 0) uv=short2 normal=1 color=0 skinned=0 positionT=0
vertex layout #7: elems=7 pos=float3@0(stream 0) uv=short2 normal=0 color=0 skinned=0 positionT=0
vertex layout #8: elems=8 pos=float3@0(stream 0) uv=? normal=1 color=1 skinned=0 positionT=0
vertex layout #9: elems=10 pos=float3@0(stream 0) uv=? normal=1 color=0 skinned=0 positionT=0
vertex layout #10: elems=13 pos=float3@0(stream 0) uv=short2 normal=1 color=0 skinned=0 positionT=0
vertex layout #11: elems=6 pos=float3@0(stream 0) uv=short2 normal=1 color=1 skinned=0 positionT=0
view handedness baseline: determinant 1.000 (positive)
camera: pos 96.3 147.7 36.1 | proj _11=1.6085 _22=2.8594 _33=1.00001 _43=-0.15 (aspect 1.778)
short2 UV range #1: u -5..1002  v 401..757  (verts=40 stride=32 off=20)
  depth-disabled draw #1087: verts=384   prims=192   zwrite=0 tex0=486CFE28 objTM=0 lightVolume=no ps='Diffuse_MapSampler' size=531.2x30.7x695.5 centre=(-189.4 28.4 -594.4) distFromCam=702.4
short2 UV range #2: u 273..1024  v -829..519  (verts=384 stride=32 off=20)
  depth-disabled draw #1088: verts=144   prims=72    zwrite=0 tex0=486D0988 objTM=0 lightVolume=no ps='Diffuse_MapSampler' size=43.8x46.1x27.1 centre=(54.5 43.2 -260.2) distFromCam=317.0
short2 UV range #3: u 226..1807  v -976..1490  (verts=144 stride=32 off=20)
  depth-disabled draw #1089: verts=176   prims=88    zwrite=0 tex0=486D1E88 objTM=0 lightVolume=no ps='' size=41.1x160.1x153.1 centre=(50.5 192.5 -153.2) distFromCam=199.9
  depth-disabled draw #1090: verts=1164  prims=582   zwrite=0 tex0=486D4A48 objTM=0 lightVolume=no ps='' size=139.2x254.3x559.8 centre=(101.1 141.4 -351.3) distFromCam=387.5
  depth-disabled draw #1091: verts=1124  prims=562   zwrite=0 tex0=486D0C28 objTM=0 lightVolume=no ps='' size=44.5x28.7x136.1 centre=(348.2 31.1 -288.1) distFromCam=426.8
  depth-disabled draw #1092: verts=116   prims=58    zwrite=0 tex0=486CFF08 objTM=0 lightVolume=no ps='' size=32.1x3.5x20.9 centre=(52.0 10.0 -260.2) distFromCam=329.8
vertex layout #12: elems=2 pos=float4@0(stream 0) uv=float4 normal=0 color=0 skinned=0 positionT=0
vertex layout #13: elems=15 pos=float3@0(stream 0) uv=short2 normal=1 color=0 skinned=1 positionT=0
vertex layout #14: elems=14 pos=float3@0(stream 0) uv=short2 normal=1 color=0 skinned=1 positionT=0
vertex layout #15: elems=6 pos=float3@0(stream 0) uv=? normal=0 color=0 skinned=0 positionT=0
  depth-disabled draw #1148: verts=8     prims=12    zwrite=0 tex0=4DA4D690 objTM=0 lightVolume=no ps='' size=1.0x1.0x1.0 centre=(0.0 0.0 0.0) distFromCam=180.0
  depth-disabled draw #1149: verts=8     prims=12    zwrite=0 tex0=4DA4D690 objTM=0 lightVolume=no ps='' size=1.0x1.0x1.0 centre=(0.0 0.0 0.0) distFromCam=180.0
  depth-disabled draw #1150: verts=8     prims=12    zwrite=0 tex0=4DA4D690 objTM=0 lightVolume=no ps='' size=1.0x1.0x1.0 centre=(0.0 0.0 0.0) distFromCam=180.0
  depth-disabled draw #1151: verts=8     prims=12    zwrite=0 tex0=4DA4D690 objTM=0 lightVolume=no ps='' size=1.0x1.0x1.0 centre=(0.0 0.0 0.0) distFromCam=180.0
  depth-disabled draw #1152: verts=8     prims=12    zwrite=0 tex0=4DA4D690 objTM=0 lightVolume=no ps='' size=1.0x1.0x1.0 centre=(0.0 0.0 0.0) distFromCam=180.0
  depth-disabled draw #1153: verts=8     prims=12    zwrite=0 tex0=4DA4D690 objTM=0 lightVolume=no ps='' size=1.0x1.0x1.0 centre=(0.0 0.0 0.0) distFromCam=180.0
  depth-disabled draw #1154: verts=8     prims=12    zwrite=0 tex0=4DA4D690 objTM=0 lightVolume=no ps='' size=1.0x1.0x1.0 centre=(0.0 0.0 0.0) distFromCam=180.0
  depth-disabled draw #1155: verts=8     prims=12    zwrite=0 tex0=4DA4D690 objTM=0 lightVolume=no ps='' size=1.0x1.0x1.0 centre=(0.0 0.0 0.0) distFromCam=180.0
  depth-disabled draw #1156: verts=8     prims=12    zwrite=0 tex0=4DA4D690 objTM=0 lightVolume=no ps='' size=1.0x1.0x1.0 centre=(0.0 0.0 0.0) distFromCam=180.0
  depth-disabled draw #1157: verts=8     prims=12    zwrite=0 tex0=4DA4D690 objTM=0 lightVolume=no ps='' size=1.0x1.0x1.0 centre=(0.0 0.0 0.0) distFromCam=180.0
  depth-disabled draw #1158: verts=8     prims=12    zwrite=0 tex0=4DA4D690 objTM=0 lightVolume=no ps='' size=1.0x1.0x1.0 centre=(0.0 0.0 0.0) distFromCam=180.0
  depth-disabled draw #1159: verts=8     prims=12    zwrite=0 tex0=4DA4D690 objTM=0 lightVolume=no ps='' size=1.0x1.0x1.0 centre=(0.0 0.0 0.0) distFromCam=180.0
  depth-disabled draw #1160: verts=8     prims=12    zwrite=0 tex0=4DA4D690 objTM=0 lightVolume=no ps='' size=1.0x1.0x1.0 centre=(0.0 0.0 0.0) distFromCam=180.0
  depth-disabled draw #1161: verts=8     prims=12    zwrite=0 tex0=4DA4D690 objTM=0 lightVolume=no ps='' size=1.0x1.0x1.0 centre=(0.0 0.0 0.0) distFromCam=180.0
  depth-disabled draw #1162: verts=8     prims=12    zwrite=0 tex0=4DA4D690 objTM=0 lightVolume=no ps='' size=1.0x1.0x1.0 centre=(0.0 0.0 0.0) distFromCam=180.0
  depth-disabled draw #1163: verts=8     prims=12    zwrite=0 tex0=4DA4D690 objTM=0 lightVolume=no ps='' size=1.0x1.0x1.0 centre=(0.0 0.0 0.0) distFromCam=180.0
  depth-disabled draw #1164: verts=8     prims=12    zwrite=0 tex0=4DA4D690 objTM=0 lightVolume=no ps='' size=1.0x1.0x1.0 centre=(0.0 0.0 0.0) distFromCam=180.0
  depth-disabled draw #1165: verts=8     prims=12    zwrite=0 tex0=4DA4D690 objTM=0 lightVolume=no ps='' size=1.0x1.0x1.0 centre=(0.0 0.0 0.0) distFromCam=180.0
  depth-disabled draw #1166: verts=8     prims=12    zwrite=0 tex0=4DA4D690 objTM=0 lightVolume=no ps='' size=1.0x1.0x1.0 centre=(0.0 0.0 0.0) distFromCam=180.0
  depth-disabled draw #1167: verts=8     prims=12    zwrite=0 tex0=4DA4D690 objTM=0 lightVolume=no ps='' size=1.0x1.0x1.0 centre=(0.0 0.0 0.0) distFromCam=180.0
  depth-disabled draw #1168: verts=8     prims=12    zwrite=0 tex0=4DA4D690 objTM=0 lightVolume=no ps='' size=1.0x1.0x1.0 centre=(0.0 0.0 0.0) distFromCam=180.0
  depth-disabled draw #1169: verts=8     prims=12    zwrite=0 tex0=4DA4D690 objTM=0 lightVolume=no ps='' size=1.0x1.0x1.0 centre=(0.0 0.0 0.0) distFromCam=180.0
  depth-disabled draw #1170: verts=8     prims=12    zwrite=0 tex0=4DA4D690 objTM=0 lightVolume=no ps='' size=1.0x1.0x1.0 centre=(0.0 0.0 0.0) distFromCam=180.0
  depth-disabled draw #1171: verts=8     prims=12    zwrite=0 tex0=4DA4D690 objTM=0 lightVolume=no ps='' size=1.0x1.0x1.0 centre=(0.0 0.0 0.0) distFromCam=180.0
  depth-disabled draw #1172: verts=8     prims=12    zwrite=0 tex0=4DA4D690 objTM=0 lightVolume=no ps='' size=1.0x1.0x1.0 centre=(0.0 0.0 0.0) distFromCam=180.0
  depth-disabled draw #1173: verts=8     prims=12    zwrite=0 tex0=4DA4D690 objTM=0 lightVolume=no ps='' size=1.0x1.0x1.0 centre=(0.0 0.0 0.0) distFromCam=180.0
  depth-disabled draw #1174: verts=8     prims=12    zwrite=0 tex0=4DA4D690 objTM=0 lightVolume=no ps='' size=1.0x1.0x1.0 centre=(0.0 0.0 0.0) distFromCam=180.0
  depth-disabled draw #1175: verts=8     prims=12    zwrite=0 tex0=4DA4D690 objTM=0 lightVolume=no ps='' size=1.0x1.0x1.0 centre=(0.0 0.0 0.0) distFromCam=180.0
  depth-disabled draw #1176: verts=8     prims=12    zwrite=0 tex0=4DA4D690 objTM=0 lightVolume=no ps='' size=1.0x1.0x1.0 centre=(0.0 0.0 0.0) distFromCam=180.0
  depth-disabled draw #1177: verts=8     prims=12    zwrite=0 tex0=4DA4D690 objTM=0 lightVolume=no ps='' size=1.0x1.0x1.0 centre=(0.0 0.0 0.0) distFromCam=180.0
  depth-disabled draw #1178: verts=8     prims=12    zwrite=0 tex0=4DA4D690 objTM=0 lightVolume=no ps='' size=1.0x1.0x1.0 centre=(0.0 0.0 0.0) distFromCam=180.0
  depth-disabled draw #1179: verts=8     prims=12    zwrite=0 tex0=4DA4D690 objTM=0 lightVolume=no ps='' size=1.0x1.0x1.0 centre=(0.0 0.0 0.0) distFromCam=180.0
  depth-disabled draw #1180: verts=8     prims=12    zwrite=0 tex0=4DA4D690 objTM=0 lightVolume=no ps='' size=1.0x1.0x1.0 centre=(0.0 0.0 0.0) distFromCam=180.0
  depth-disabled draw #1181: verts=8     prims=12    zwrite=0 tex0=4DA4D690 objTM=0 lightVolume=no ps='' size=1.0x1.0x1.0 centre=(0.0 0.0 0.0) distFromCam=180.0
vertex layout #16: elems=3 pos=float3@0(stream 0) uv=? normal=1 color=0 skinned=0 positionT=0
untextured material #1: first sampler is 'IR_Stipple_Pattern_2DSample'
short2 UV range #4: u 0..1023  v -330..1354  (verts=312 stride=24 off=16)
short2 UV range #5: u -765..1989  v -3962..5038  (verts=16 stride=20 off=16)
short2 UV range #6: u -5631..6655  v -9727..10751  (verts=830 stride=24 off=16)
short2 UV range #7: u 0..1024  v 0..1024  (verts=8 stride=24 off=16)
short2 UV range #8: u 0..1024  v 0..1024  (verts=8 stride=24 off=16)
short2 UV range #9: u 0..1024  v 0..1024  (verts=8 stride=24 off=16)
short2 UV range #10: u 0..1024  v 0..1024  (verts=8 stride=24 off=16)
short2 UV range #11: u 0..1023  v 0..1023  (verts=16 stride=24 off=16)
short2 UV range #12: u 0..1024  v 0..1024  (verts=8 stride=24 off=16)
vertex layout #17: elems=3 pos=float3@0(stream 0) uv=float2 normal=0 color=1 skinned=0 positionT=0
vertex layout #18: elems=1 pos=float3@0(stream 0) uv=? normal=0 color=0 skinned=0 positionT=0
vertex layout #19: elems=1 pos=short4n@0(stream 0) uv=? normal=0 color=0 skinned=0 positionT=0
vertex layout #20: elems=2 pos=short4n@0(stream 0) uv=short2n normal=0 color=0 skinned=0 positionT=0
vertex layout #21: elems=3 pos=float4@0(stream 0) uv=float4 normal=0 color=0 skinned=0 positionT=0
vertex layout #22: elems=11 pos=float3@0(stream 0) uv=? normal=1 color=0 skinned=0 positionT=0
vertex layout #23: elems=14 pos=float3@0(stream 0) uv=short2 normal=1 color=0 skinned=0 positionT=0
call-order trace (V/v=SetVertexShader with/without objTM, P=projTM c28, O=objTM c32, W=view c48, D=draw converted, x=draw skipped):
  DDDvmmmmOOPWvDDDOOVxxOVxOVxOVxxxOxxxOxxOVxOVxOVxVxOxOxOxOxOxOxOxOxOxOxOxOxOxOxOxOxOxOxOxOxOxOxOxOxOx
  OxOxOxOxOxOxOxOxOVxOVxOVxOOPWPvmmmmmmmmmmmmmmmmmmmmmmmmmmmmmmmmmmmmmmmmmmmmmmmmmmmmmmmmmmmmmmmmmmmmm
  mmmmmmmmmmmmmmmmmmmmmmmmmmmmmmmmmmmmmmmmmmmmmmmmmmmmmmmmmmmmmmmmmmmmmmmmmmmmmmmmmmmmmmmmmmmmmmmmmmmm
  mmmmmmmmmmmmmmmmmmmmmmmmmmmmmmmmmmmmmmmmmmmmmmmmmmmmmmmmmmmmmmmmmmmmmmmmmmmmmmmmmmmmmmmmmmmmmmmmmmmm
frame dump written to sr3-rtx-frame.log (3875 draws)
sky probe: 40 depth-disabled draws in a frame of 3875
untextured material #2: first sampler is 'Normal_MapSampler'
untextured material #3: first sampler is 'IR_GBuffer_DSF_DataSampler'
OUTLIER draw #1: max |world| = 50232 | verts=173 stride=20 elems=11 pos=float3@0 uv=? objTM=0 worldWritten=1
OUTLIER draw #2: max |world| = 50232 | verts=173 stride=20 elems=11 pos=float3@0 uv=? objTM=0 worldWritten=1
OUTLIER draw #3: max |world| = 50232 | verts=173 stride=20 elems=11 pos=float3@0 uv=? objTM=0 worldWritten=1
vertex layout #24: elems=7 pos=float3@0(stream 0) uv=float3 normal=0 color=1 skinned=0 positionT=0
OUTLIER draw #4: max |world| = 50232 | verts=173 stride=20 elems=11 pos=float3@0 uv=? objTM=0 worldWritten=1
OUTLIER draw #5: max |world| = 50232 | verts=173 stride=20 elems=11 pos=float3@0 uv=? objTM=0 worldWritten=1
OUTLIER draw #6: max |world| = 50232 | verts=173 stride=20 elems=11 pos=float3@0 uv=? objTM=0 worldWritten=1
OUTLIER draw #7: max |world| = 50232 | verts=173 stride=20 elems=11 pos=float3@0 uv=? objTM=0 worldWritten=1
OUTLIER draw #8: max |world| = 50232 | verts=173 stride=20 elems=11 pos=float3@0 uv=? objTM=0 worldWritten=1
OUTLIER draw #9: max |world| = 50232 | verts=173 stride=20 elems=11 pos=float3@0 uv=? objTM=0 worldWritten=1
OUTLIER draw #10: max |world| = 50232 | verts=173 stride=20 elems=11 pos=float3@0 uv=? objTM=0 worldWritten=1
OUTLIER draw #11: max |world| = 50232 | verts=173 stride=20 elems=11 pos=float3@0 uv=? objTM=0 worldWritten=1
OUTLIER draw #12: max |world| = 50232 | verts=173 stride=20 elems=11 pos=float3@0 uv=? objTM=0 worldWritten=1
OUTLIER draw #13: max |world| = 50232 | verts=173 stride=20 elems=11 pos=float3@0 uv=? objTM=0 worldWritten=1
OUTLIER draw #14: max |world| = 50232 | verts=173 stride=20 elems=11 pos=float3@0 uv=? objTM=0 worldWritten=1
OUTLIER draw #15: max |world| = 50232 | verts=173 stride=20 elems=11 pos=float3@0 uv=? objTM=0 worldWritten=1
OUTLIER draw #16: max |world| = 50232 | verts=173 stride=20 elems=11 pos=float3@0 uv=? objTM=0 worldWritten=1
OUTLIER draw #17: max |world| = 50232 | verts=173 stride=20 elems=11 pos=float3@0 uv=? objTM=0 worldWritten=1
OUTLIER draw #18: max |world| = 50232 | verts=173 stride=20 elems=11 pos=float3@0 uv=? objTM=0 worldWritten=1
OUTLIER draw #19: max |world| = 50232 | verts=173 stride=20 elems=11 pos=float3@0 uv=? objTM=0 worldWritten=1
OUTLIER draw #20: max |world| = 50232 | verts=173 stride=20 elems=11 pos=float3@0 uv=? objTM=0 worldWritten=1
untextured material #4: first sampler is 'Detail_Normal_MapSampler'
camera: pos 95.2 147.9 27.0 | proj _11=1.5963 _22=2.8379 _33=1.00001 _43=-0.15 (aspect 1.778)
camera: pos 95.3 147.7 26.6 | proj _11=1.5843 _22=2.8165 _33=1.00001 _43=-0.15 (aspect 1.778)
camera: pos 95.3 147.4 26.2 | proj _11=1.5728 _22=2.7961 _33=1.00001 _43=-0.15 (aspect 1.778)
camera: pos 95.3 147.0 25.8 | proj _11=1.5611 _22=2.7753 _33=1.00001 _43=-0.15 (aspect 1.778)
camera: pos 95.4 146.7 25.5 | proj _11=1.5496 _22=2.7547 _33=1.00001 _43=-0.15 (aspect 1.778)
camera: pos 95.4 146.7 25.1 | proj _11=1.5381 _22=2.7344 _33=1.00001 _43=-0.15 (aspect 1.778)
camera: pos 95.4 146.7 24.7 | proj _11=1.5268 _22=2.7143 _33=1.00001 _43=-0.15 (aspect 1.778)
camera: pos 95.4 146.7 24.3 | proj _11=1.5157 _22=2.6945 _33=1.00001 _43=-0.15 (aspect 1.778)
camera: pos 95.4 146.7 24.2 | proj _11=1.5047 _22=2.6749 _33=1.00001 _43=-0.15 (aspect 1.778)
camera: pos 95.3 146.7 24.1 | proj _11=1.4938 _22=2.6555 _33=1.00001 _43=-0.15 (aspect 1.778)
camera: pos 95.1 146.7 23.9 | proj _11=1.4830 _22=2.6364 _33=1.00001 _43=-0.15 (aspect 1.778)
camera: pos 95.0 146.7 23.7 | proj _11=1.4723 _22=2.6174 _33=1.00001 _43=-0.15 (aspect 1.778)
camera: pos 94.8 146.7 23.5 | proj _11=1.4618 _22=2.5987 _33=1.00001 _43=-0.15 (aspect 1.778)
camera: pos 94.8 146.9 23.4 | proj _11=1.4514 _22=2.5802 _33=1.00001 _43=-0.15 (aspect 1.778)
camera: pos 94.9 147.0 23.0 | proj _11=1.4313 _22=2.5445 _33=1.00001 _43=-0.15 (aspect 1.778)
camera: pos 94.9 147.1 22.7 | proj _11=1.4212 _22=2.5266 _33=1.00001 _43=-0.15 (aspect 1.778)
camera: pos 95.0 147.0 22.0 | proj _11=1.4014 _22=2.4914 _33=1.00001 _43=-0.15 (aspect 1.778)
camera: pos 95.0 146.8 21.3 | proj _11=1.3820 _22=2.4569 _33=1.00001 _43=-0.15 (aspect 1.778)
camera: pos 95.1 146.6 20.6 | proj _11=1.3635 _22=2.4240 _33=1.00001 _43=-0.15 (aspect 1.778)
camera: pos 95.2 146.2 19.9 | proj _11=1.3450 _22=2.3910 _33=1.00001 _43=-0.15 (aspect 1.778)
camera: pos 95.2 145.7 19.2 | proj _11=1.3268 _22=2.3586 _33=1.00001 _43=-0.15 (aspect 1.778)
camera: pos 95.3 145.5 18.4 | proj _11=1.3090 _22=2.3271 _33=1.00001 _43=-0.15 (aspect 1.778)
camera: pos 95.8 145.5 4.7 | proj _11=1.3257 _22=2.3567 _33=1.00001 _43=-0.15 (aspect 1.778)
camera: pos 95.8 145.2 4.1 | proj _11=1.3443 _22=2.3898 _33=1.00001 _43=-0.15 (aspect 1.778)
camera: pos 95.8 144.7 3.5 | proj _11=1.3622 _22=2.4216 _33=1.00001 _43=-0.15 (aspect 1.778)
camera: pos 95.8 144.4 2.9 | proj _11=1.3727 _22=2.4404 _33=1.00001 _43=-0.15 (aspect 1.778)
camera: pos 95.8 144.1 2.5 | proj _11=1.3840 _22=2.4604 _33=1.00001 _43=-0.15 (aspect 1.778)
camera: pos 95.8 143.8 2.0 | proj _11=1.3955 _22=2.4808 _33=1.00001 _43=-0.15 (aspect 1.778)
camera: pos 95.8 143.5 1.5 | proj _11=1.4068 _22=2.5010 _33=1.00001 _43=-0.15 (aspect 1.778)
camera: pos 95.7 143.3 1.2 | proj _11=1.4184 _22=2.5215 _33=1.00001 _43=-0.15 (aspect 1.778)
camera: pos 95.7 143.3 1.2 | proj _11=1.4304 _22=2.5429 _33=1.00001 _43=-0.15 (aspect 1.778)
camera: pos 95.8 143.3 1.3 | proj _11=1.4201 _22=2.5245 _33=1.00001 _43=-0.15 (aspect 1.778)
camera: pos 95.9 143.4 0.5 | proj _11=1.4089 _22=2.5046 _33=1.00001 _43=-0.15 (aspect 1.778)
camera: pos 95.9 143.4 255.7 | proj _11=1.3979 _22=2.4851 _33=1.00001 _43=-0.15 (aspect 1.778)
camera: pos 96.0 143.5 254.6 | proj _11=1.3862 _22=2.4643 _33=1.00001 _43=-0.15 (aspect 1.778)
camera: pos 96.0 143.6 253.5 | proj _11=1.3740 _22=2.4426 _33=1.00001 _43=-0.15 (aspect 1.778)
camera: pos 96.1 143.8 252.6 | proj _11=1.3639 _22=2.4246 _33=1.00001 _43=-0.15 (aspect 1.778)
camera: pos 96.1 143.8 251.7 | proj _11=1.3536 _22=2.4063 _33=1.00001 _43=-0.15 (aspect 1.778)
camera: pos 96.2 143.9 250.7 | proj _11=1.3436 _22=2.3885 _33=1.00001 _43=-0.15 (aspect 1.778)
camera: pos 96.3 144.1 249.7 | proj _11=1.3328 _22=2.3693 _33=1.00001 _43=-0.15 (aspect 1.778)
camera: pos 96.4 144.2 248.5 | proj _11=1.3198 _22=2.3462 _33=1.00001 _43=-0.15 (aspect 1.778)
camera: pos 96.4 144.4 247.3 | proj _11=1.3068 _22=2.3232 _33=1.00001 _43=-0.15 (aspect 1.778)
camera: pos 96.4 144.5 237.7 | proj _11=1.3199 _22=2.3465 _33=1.00001 _43=-0.15 (aspect 1.778)
camera: pos 96.4 144.5 237.7 | proj _11=1.3407 _22=2.3835 _33=1.00001 _43=-0.15 (aspect 1.778)
camera: pos 96.4 144.5 237.7 | proj _11=1.3625 _22=2.4222 _33=1.00001 _43=-0.15 (aspect 1.778)
camera: pos 96.4 144.5 237.7 | proj _11=1.3801 _22=2.4535 _33=1.00001 _43=-0.15 (aspect 1.778)
camera: pos 96.4 144.5 237.7 | proj _11=1.3966 _22=2.4829 _33=1.00001 _43=-0.15 (aspect 1.778)
camera: pos 96.4 144.6 237.7 | proj _11=1.4139 _22=2.5135 _33=1.00001 _43=-0.15 (aspect 1.778)
camera: pos 96.4 144.6 237.7 | proj _11=1.4328 _22=2.5471 _33=1.00001 _43=-0.15 (aspect 1.778)
camera: pos 96.4 144.6 237.7 | proj _11=1.4533 _22=2.5835 _33=1.00001 _43=-0.15 (aspect 1.778)
camera: pos 96.4 144.6 237.8 | proj _11=1.4760 _22=2.6239 _33=1.00001 _43=-0.15 (aspect 1.778)
camera: pos 96.4 144.6 237.8 | proj _11=1.5012 _22=2.6688 _33=1.00001 _43=-0.15 (aspect 1.778)
camera: pos 96.4 144.6 237.9 | proj _11=1.5269 _22=2.7145 _33=1.00001 _43=-0.15 (aspect 1.778)
camera: pos 96.4 144.7 237.9 | proj _11=1.5538 _22=2.7623 _33=1.00001 _43=-0.15 (aspect 1.778)
camera: pos 96.4 144.7 238.0 | proj _11=1.5858 _22=2.8191 _33=1.00001 _43=-0.15 (aspect 1.778)
camera: pos 96.4 144.7 238.1 | proj _11=1.6085 _22=2.8594 _33=1.00001 _43=-0.15 (aspect 1.778)
frame 1800 | draws 1061/frame | FFP converted 281/frame (26.5%)
    not converted: screen-space 7  skinned 43  ortho 0  vertex-format 2  untextured 554  instanced 0  mirrored 0  other-camera 97  no camera 0  other 76 (per frame)
    instancing: 360 converted from the instance stream/frame, 0 refused/frame (largest single draw 1 instances, 0.2 buffer writes snooped/frame)
    SKIPPED entirely 0/frame (mode 3) | demoted to UI overlay 0/frame | no-albedo materials left to Remix 82/frame
    MARKED with the marker texture 554/frame (refused as unsafe 173/frame, 1109 SetTexture calls/frame, marker created)
    albedo: moved off stage 0 46/frame, blanked 82/frame, restored from mesh cache 76/frame (804 meshes cached) | RT textures known 55 | lights 75.8/frame (24 shaders)
    camera 96.4 144.7 237.4 | distinct cameras this frame 1 (max 1) | transform writes 199/frame | redundant state calls dropped 5617/frame
    world matrix changes 198/frame | objTM used without a fresh upload 0/frame | uv matrix writes 4/frame (last scale 0.00098, 0.00098)
    TIMING: frame 26.9 ms avg (37 fps), worst 377 ms | shim 1.44 ms avg (5.3% of frame), worst 8.8 ms
    converted -> target 14E69DB0 1280x720 fmt=34 : 30 draws/frame
    converted -> target 14E746D8 1280x720 fmt=113 : 250 draws/frame
    converted -> target 14E69020 1280x720 fmt=113 : 1 draws/frame
    converted -> target 14E68E30 1280x720 fmt=21 : 0 draws/frame
camera: pos 96.4 144.7 236.5 | proj _11=1.5892 _22=2.8252 _33=1.00001 _43=-0.15 (aspect 1.778)
camera: pos 96.4 144.7 235.8 | proj _11=1.5700 _22=2.7910 _33=1.00001 _43=-0.15 (aspect 1.778)
camera: pos 96.3 144.7 235.1 | proj _11=1.5517 _22=2.7585 _33=1.00001 _43=-0.15 (aspect 1.778)
camera: pos 96.3 144.6 234.4 | proj _11=1.5333 _22=2.7259 _33=1.00001 _43=-0.15 (aspect 1.778)
camera: pos 96.3 144.6 233.6 | proj _11=1.5139 _22=2.6914 _33=1.00001 _43=-0.15 (aspect 1.778)
camera: pos 96.3 144.3 232.9 | proj _11=1.4960 _22=2.6595 _33=1.00001 _43=-0.15 (aspect 1.778)
camera: pos 96.3 143.7 232.2 | proj _11=1.4784 _22=2.6282 _33=1.00001 _43=-0.15 (aspect 1.778)
camera: pos 96.2 142.6 231.1 | proj _11=1.4884 _22=2.6461 _33=1.00001 _43=-0.15 (aspect 1.778)
camera: pos 96.1 141.1 229.0 | proj _11=1.5031 _22=2.6721 _33=1.00001 _43=-0.15 (aspect 1.778)
camera: pos 96.1 139.0 228.2 | proj _11=1.4695 _22=2.6125 _33=1.00001 _43=-0.15 (aspect 1.778)
camera: pos 96.1 138.5 227.8 | proj _11=1.4461 _22=2.5708 _33=1.00001 _43=-0.15 (aspect 1.778)
camera: pos 96.1 138.0 227.4 | proj _11=1.4243 _22=2.5321 _33=1.00001 _43=-0.15 (aspect 1.778)
camera: pos 96.1 137.5 227.1 | proj _11=1.4039 _22=2.4957 _33=1.00001 _43=-0.15 (aspect 1.778)
camera: pos 96.1 136.9 226.7 | proj _11=1.3851 _22=2.4623 _33=1.00001 _43=-0.15 (aspect 1.778)
camera: pos 96.1 136.4 226.3 | proj _11=1.3692 _22=2.4340 _33=1.00001 _43=-0.15 (aspect 1.778)
camera: pos 96.1 135.9 225.9 | proj _11=1.3547 _22=2.4082 _33=1.00001 _43=-0.15 (aspect 1.778)
camera: pos 96.1 135.3 225.5 | proj _11=1.3406 _22=2.3833 _33=1.00001 _43=-0.15 (aspect 1.778)
camera: pos 96.0 133.9 224.5 | proj _11=1.3213 _22=2.3489 _33=1.00001 _43=-0.15 (aspect 1.778)
camera: pos 96.0 133.3 224.0 | proj _11=1.3017 _22=2.3141 _33=1.00001 _43=-0.15 (aspect 1.778)
camera: pos 96.0 132.6 223.5 | proj _11=1.2893 _22=2.2921 _33=1.00001 _43=-0.15 (aspect 1.778)
camera: pos 95.9 131.9 223.1 | proj _11=1.2755 _22=2.2674 _33=1.00001 _43=-0.15 (aspect 1.778)
camera: pos 95.8 127.9 220.3 | proj _11=1.3078 _22=2.3249 _33=1.00001 _43=-0.15 (aspect 1.778)
camera: pos 95.8 127.2 219.8 | proj _11=1.3287 _22=2.3620 _33=1.00001 _43=-0.15 (aspect 1.778)
camera: pos 95.8 126.5 219.4 | proj _11=1.3480 _22=2.3964 _33=1.00001 _43=-0.15 (aspect 1.778)
camera: pos 95.7 125.7 218.9 | proj _11=1.3644 _22=2.4256 _33=1.00001 _43=-0.15 (aspect 1.778)
camera: pos 95.7 125.0 218.5 | proj _11=1.3775 _22=2.4488 _33=1.00001 _43=-0.15 (aspect 1.778)
camera: pos 95.7 124.3 218.1 | proj _11=1.3895 _22=2.4702 _33=1.00001 _43=-0.15 (aspect 1.778)
camera: pos 95.7 122.7 217.2 | proj _11=1.4066 _22=2.5006 _33=1.00001 _43=-0.15 (aspect 1.778)
camera: pos 95.6 121.0 216.3 | proj _11=1.4181 _22=2.5211 _33=1.00001 _43=-0.15 (aspect 1.778)
camera: pos 95.5 117.5 214.6 | proj _11=1.4065 _22=2.5004 _33=1.00001 _43=-0.15 (aspect 1.778)
camera: pos 95.5 115.7 213.8 | proj _11=1.3943 _22=2.4787 _33=1.00001 _43=-0.15 (aspect 1.778)
camera: pos 95.5 112.8 212.8 | proj _11=1.4082 _22=2.5034 _33=1.00001 _43=-0.15 (aspect 1.778)
camera: pos 95.4 112.0 212.5 | proj _11=1.4194 _22=2.5233 _33=1.00001 _43=-0.15 (aspect 1.778)
camera: pos 95.4 111.1 212.3 | proj _11=1.4304 _22=2.5428 _33=1.00001 _43=-0.15 (aspect 1.778)
camera: pos 95.4 109.3 211.8 | proj _11=1.4492 _22=2.5763 _33=1.00001 _43=-0.15 (aspect 1.778)
camera: pos 95.4 107.5 211.4 | proj _11=1.4664 _22=2.6068 _33=1.00001 _43=-0.15 (aspect 1.778)
camera: pos 95.4 106.5 211.2 | proj _11=1.4160 _22=2.5174 _33=1.00001 _43=-0.15 (aspect 1.778)
camera: pos 95.4 105.5 211.0 | proj _11=1.3716 _22=2.4384 _33=1.00001 _43=-0.15 (aspect 1.778)
untextured material #5: first sampler is 'Damage_Normal_MapSampler'
camera: pos 95.4 104.6 210.8 | proj _11=1.3342 _22=2.3718 _33=1.00001 _43=-0.15 (aspect 1.778)
camera: pos 95.4 103.6 210.7 | proj _11=1.3003 _22=2.3117 _33=1.00001 _43=-0.15 (aspect 1.778)
camera: pos 95.4 102.6 210.5 | proj _11=1.2700 _22=2.2577 _33=1.00001 _43=-0.15 (aspect 1.778)
camera: pos 95.4 101.6 210.3 | proj _11=1.2426 _22=2.2091 _33=1.00001 _43=-0.15 (aspect 1.778)
camera: pos 95.4 100.5 210.2 | proj _11=1.2174 _22=2.1643 _33=1.00001 _43=-0.15 (aspect 1.778)
camera: pos 95.4 99.5 210.0 | proj _11=1.1961 _22=2.1264 _33=1.00001 _43=-0.15 (aspect 1.778)
camera: pos 95.4 98.5 209.9 | proj _11=1.1771 _22=2.0926 _33=1.00001 _43=-0.15 (aspect 1.778)
camera: pos 95.4 97.4 209.8 | proj _11=1.1588 _22=2.0600 _33=1.00001 _43=-0.15 (aspect 1.778)
camera: pos 95.4 96.4 209.7 | proj _11=1.1428 _22=2.0316 _33=1.00001 _43=-0.15 (aspect 1.778)
camera: pos 95.4 95.3 209.5 | proj _11=1.1282 _22=2.0057 _33=1.00001 _43=-0.15 (aspect 1.778)
camera: pos 95.4 94.1 209.4 | proj _11=1.1136 _22=1.9796 _33=1.00001 _43=-0.15 (aspect 1.778)
camera: pos 95.4 93.1 209.3 | proj _11=1.1034 _22=1.9615 _33=1.00001 _43=-0.15 (aspect 1.778)
camera: pos 95.4 92.0 209.2 | proj _11=1.0929 _22=1.9428 _33=1.00001 _43=-0.15 (aspect 1.778)
camera: pos 95.4 90.8 209.1 | proj _11=1.0823 _22=1.9241 _33=1.00001 _43=-0.15 (aspect 1.778)
camera: pos 95.4 88.6 208.9 | proj _11=1.0653 _22=1.8938 _33=1.00001 _43=-0.15 (aspect 1.778)
camera: pos 95.4 86.2 208.8 | proj _11=1.0873 _22=1.9330 _33=1.00001 _43=-0.15 (aspect 1.778)
camera: pos 95.4 84.9 208.7 | proj _11=1.1198 _22=1.9908 _33=1.00001 _43=-0.15 (aspect 1.778)
camera: pos 95.4 83.5 208.6 | proj _11=1.1558 _22=2.0546 _33=1.00001 _43=-0.15 (aspect 1.778)
camera: pos 95.4 82.5 208.6 | proj _11=1.1784 _22=2.0948 _33=1.00001 _43=-0.15 (aspect 1.778)
camera: pos 95.4 81.5 208.5 | proj _11=1.2002 _22=2.1336 _33=1.00001 _43=-0.15 (aspect 1.778)
camera: pos 95.4 80.3 208.5 | proj _11=1.2240 _22=2.1759 _33=1.00001 _43=-0.15 (aspect 1.778)
camera: pos 95.4 79.1 208.4 | proj _11=1.2474 _22=2.2176 _33=1.00001 _43=-0.15 (aspect 1.778)
camera: pos 95.4 77.8 208.4 | proj _11=1.2710 _22=2.2595 _33=1.00001 _43=-0.15 (aspect 1.778)
camera: pos 95.4 76.6 208.4 | proj _11=1.2920 _22=2.2968 _33=1.00001 _43=-0.15 (aspect 1.778)
camera: pos 95.4 75.4 208.4 | proj _11=1.3114 _22=2.3313 _33=1.00001 _43=-0.15 (aspect 1.778)
camera: pos 95.4 74.2 208.4 | proj _11=1.3289 _22=2.3625 _33=1.00001 _43=-0.15 (aspect 1.778)
camera: pos 95.4 73.0 208.4 | proj _11=1.3456 _22=2.3921 _33=1.00001 _43=-0.15 (aspect 1.778)
camera: pos 95.4 71.7 208.4 | proj _11=1.3082 _22=2.3256 _33=1.00001 _43=-0.15 (aspect 1.778)
camera: pos 95.4 70.5 208.4 | proj _11=1.2779 _22=2.2719 _33=1.00001 _43=-0.15 (aspect 1.778)
camera: pos 95.4 69.2 208.4 | proj _11=1.2498 _22=2.2219 _33=1.00001 _43=-0.15 (aspect 1.778)
camera: pos 95.4 67.8 208.4 | proj _11=1.2249 _22=2.1776 _33=1.00001 _43=-0.15 (aspect 1.778)
camera: pos 95.3 66.2 208.5 | proj _11=1.2011 _22=2.1352 _33=1.00001 _43=-0.15 (aspect 1.778)
camera: pos 95.3 64.7 208.5 | proj _11=1.1810 _22=2.0995 _33=1.00001 _43=-0.15 (aspect 1.778)
camera: pos 95.3 63.3 208.4 | proj _11=1.1640 _22=2.0692 _33=1.00001 _43=-0.15 (aspect 1.778)
camera: pos 95.3 61.9 208.4 | proj _11=1.1483 _22=2.0414 _33=1.00001 _43=-0.15 (aspect 1.778)
camera: pos 95.3 60.8 208.4 | proj _11=1.1352 _22=2.0181 _33=1.00001 _43=-0.15 (aspect 1.778)
camera: pos 95.3 59.7 208.4 | proj _11=1.1234 _22=1.9970 _33=1.00001 _43=-0.15 (aspect 1.778)
camera: pos 95.3 58.6 208.5 | proj _11=1.1123 _22=1.9774 _33=1.00001 _43=-0.15 (aspect 1.778)
camera: pos 95.3 57.2 208.5 | proj _11=1.0933 _22=1.9436 _33=1.00001 _43=-0.15 (aspect 1.778)
camera: pos 95.3 55.9 208.2 | proj _11=1.0755 _22=1.9120 _33=1.00001 _43=-0.15 (aspect 1.778)
camera: pos 95.4 54.2 207.2 | proj _11=1.0597 _22=1.8839 _33=1.00001 _43=-0.15 (aspect 1.778)
camera: pos 95.4 52.5 206.4 | proj _11=1.0497 _22=1.8661 _33=1.00001 _43=-0.15 (aspect 1.778)
camera: pos 95.4 49.5 206.4 | proj _11=1.0371 _22=1.8436 _33=1.00001 _43=-0.15 (aspect 1.778)
camera: pos 95.4 45.8 206.4 | proj _11=1.0250 _22=1.8222 _33=1.00001 _43=-0.15 (aspect 1.778)
camera: pos 95.4 41.3 206.4 | proj _11=1.0136 _22=1.8018 _33=1.00001 _43=-0.15 (aspect 1.778)
camera: pos 95.4 35.5 206.4 | proj _11=1.0031 _22=1.7832 _33=1.00001 _43=-0.15 (aspect 1.778)
camera: pos 95.4 26.2 206.4 | proj _11=0.9925 _22=1.7644 _33=1.00001 _43=-0.15 (aspect 1.778)
camera: pos 95.3 12.0 206.4 | proj _11=0.9775 _22=1.7377 _33=1.00001 _43=-0.15 (aspect 1.778)
camera: pos 95.4 12.1 206.5 | proj _11=0.9917 _22=1.7630 _33=1.00001 _43=-0.15 (aspect 1.778)
camera: pos 95.4 12.3 206.6 | proj _11=1.0069 _22=1.7900 _33=1.00001 _43=-0.15 (aspect 1.778)
camera: pos 95.4 12.4 206.6 | proj _11=1.0225 _22=1.8177 _33=1.00001 _43=-0.15 (aspect 1.778)
camera: pos 95.4 12.6 206.7 | proj _11=1.0385 _22=1.8463 _33=1.00001 _43=-0.15 (aspect 1.778)
camera: pos 95.4 12.7 206.8 | proj _11=1.0542 _22=1.8741 _33=1.00001 _43=-0.15 (aspect 1.778)
camera: pos 95.5 12.9 206.9 | proj _11=1.0715 _22=1.9048 _33=1.00001 _43=-0.15 (aspect 1.778)
camera: pos 95.5 13.0 206.9 | proj _11=1.0873 _22=1.9330 _33=1.00001 _43=-0.15 (aspect 1.778)
camera: pos 95.5 13.1 207.0 | proj _11=1.1045 _22=1.9634 _33=1.00001 _43=-0.15 (aspect 1.778)
camera: pos 95.5 13.3 207.1 | proj _11=1.1220 _22=1.9947 _33=1.00001 _43=-0.15 (aspect 1.778)
camera: pos 95.5 13.4 207.2 | proj _11=1.1398 _22=2.0263 _33=1.00001 _43=-0.15 (aspect 1.778)
camera: pos 95.6 13.5 207.3 | proj _11=1.1579 _22=2.0585 _33=1.00001 _43=-0.15 (aspect 1.778)
camera: pos 95.6 13.7 207.4 | proj _11=1.1768 _22=2.0920 _33=1.00001 _43=-0.15 (aspect 1.778)
camera: pos 95.6 13.8 207.5 | proj _11=1.1958 _22=2.1258 _33=1.00001 _43=-0.15 (aspect 1.778)
camera: pos 95.6 13.9 207.6 | proj _11=1.2155 _22=2.1608 _33=1.00001 _43=-0.15 (aspect 1.778)
camera: pos 95.6 14.0 207.7 | proj _11=1.2354 _22=2.1962 _33=1.00001 _43=-0.15 (aspect 1.778)
camera: pos 95.6 14.2 207.8 | proj _11=1.2559 _22=2.2326 _33=1.00001 _43=-0.15 (aspect 1.778)
camera: pos 95.7 14.3 208.0 | proj _11=1.2767 _22=2.2697 _33=1.00001 _43=-0.15 (aspect 1.778)
camera: pos 95.7 14.4 208.1 | proj _11=1.2986 _22=2.3086 _33=1.00001 _43=-0.15 (aspect 1.778)
camera: pos 95.7 14.5 208.2 | proj _11=1.3209 _22=2.3483 _33=1.00001 _43=-0.15 (aspect 1.778)
camera: pos 95.7 14.6 208.3 | proj _11=1.3430 _22=2.3875 _33=1.00001 _43=-0.15 (aspect 1.778)
camera: pos 95.7 14.7 208.5 | proj _11=1.3664 _22=2.4292 _33=1.00001 _43=-0.15 (aspect 1.778)
camera: pos 95.7 14.8 208.6 | proj _11=1.3912 _22=2.4732 _33=1.00001 _43=-0.15 (aspect 1.778)
camera: pos 95.8 14.9 208.7 | proj _11=1.4153 _22=2.5161 _33=1.00001 _43=-0.15 (aspect 1.778)
camera: pos 95.8 15.0 208.8 | proj _11=1.4400 _22=2.5599 _33=1.00001 _43=-0.15 (aspect 1.778)
camera: pos 95.8 15.1 209.0 | proj _11=1.4659 _22=2.6061 _33=1.00001 _43=-0.15 (aspect 1.778)
camera: pos 95.8 14.8 208.9 | proj _11=1.4770 _22=2.6257 _33=1.00001 _43=-0.15 (aspect 1.778)
camera: pos 95.8 14.4 209.0 | proj _11=1.4883 _22=2.6458 _33=1.00001 _43=-0.15 (aspect 1.778)
camera: pos 95.7 13.9 209.3 | proj _11=1.4996 _22=2.6660 _33=1.00001 _43=-0.15 (aspect 1.778)
camera: pos 95.7 13.3 209.6 | proj _11=1.5112 _22=2.6865 _33=1.00001 _43=-0.15 (aspect 1.778)
camera: pos 95.7 12.3 210.1 | proj _11=1.5228 _22=2.7072 _33=1.00001 _43=-0.15 (aspect 1.778)
camera: pos 95.7 11.0 210.6 | proj _11=1.5346 _22=2.7281 _33=1.00001 _43=-0.15 (aspect 1.778)
camera: pos 95.1 9.7 210.6 | proj _11=1.5482 _22=2.7522 _33=1.00001 _43=-0.15 (aspect 1.778)
camera: pos 95.0 9.5 210.4 | proj _11=1.5627 _22=2.7781 _33=1.00001 _43=-0.15 (aspect 1.778)
camera: pos 95.0 9.5 210.2 | proj _11=1.5775 _22=2.8044 _33=1.00001 _43=-0.15 (aspect 1.778)
camera: pos 95.0 9.5 210.0 | proj _11=1.5925 _22=2.8310 _33=1.00001 _43=-0.15 (aspect 1.778)
camera: pos 95.1 9.7 209.8 | proj _11=1.6077 _22=2.8581 _33=1.00001 _43=-0.15 (aspect 1.778)
camera: pos 92.3 10.8 207.7 | proj _11=1.5964 _22=2.8380 _33=1.00001 _43=-0.15 (aspect 1.778)
camera: pos 92.6 10.9 207.5 | proj _11=1.5832 _22=2.8146 _33=1.00001 _43=-0.15 (aspect 1.778)
camera: pos 93.0 10.8 207.3 | proj _11=1.5704 _22=2.7918 _33=1.00001 _43=-0.15 (aspect 1.778)
camera: pos 93.4 10.8 207.1 | proj _11=1.5570 _22=2.7679 _33=1.00001 _43=-0.15 (aspect 1.778)
camera: pos 93.8 10.7 206.9 | proj _11=1.5450 _22=2.7466 _33=1.00001 _43=-0.15 (aspect 1.778)
camera: pos 94.2 10.6 206.9 | proj _11=1.5315 _22=2.7226 _33=1.00001 _43=-0.15 (aspect 1.778)
camera: pos 94.6 10.6 206.9 | proj _11=1.5185 _22=2.6995 _33=1.00001 _43=-0.15 (aspect 1.778)
camera: pos 95.1 10.6 207.0 | proj _11=1.5042 _22=2.6741 _33=1.00001 _43=-0.15 (aspect 1.778)
camera: pos 95.6 10.5 207.2 | proj _11=1.4910 _22=2.6505 _33=1.00001 _43=-0.15 (aspect 1.778)
camera: pos 96.1 10.5 207.3 | proj _11=1.4781 _22=2.6277 _33=1.00001 _43=-0.15 (aspect 1.778)
camera: pos 96.5 10.5 207.2 | proj _11=1.4662 _22=2.6066 _33=1.00001 _43=-0.15 (aspect 1.778)
camera: pos 97.0 10.5 207.1 | proj _11=1.4532 _22=2.5834 _33=1.00001 _43=-0.15 (aspect 1.778)
camera: pos 97.6 10.5 206.9 | proj _11=1.4400 _22=2.5599 _33=1.00001 _43=-0.15 (aspect 1.778)
camera: pos 98.1 10.5 206.7 | proj _11=1.4275 _22=2.5378 _33=1.00001 _43=-0.15 (aspect 1.778)
camera: pos 98.6 10.5 206.5 | proj _11=1.4152 _22=2.5159 _33=1.00001 _43=-0.15 (aspect 1.778)
camera: pos 99.1 10.4 206.3 | proj _11=1.4026 _22=2.4935 _33=1.00001 _43=-0.15 (aspect 1.778)
camera: pos 99.7 10.4 206.1 | proj _11=1.3901 _22=2.4713 _33=1.00001 _43=-0.15 (aspect 1.778)
camera: pos 100.2 10.3 206.0 | proj _11=1.3778 _22=2.4494 _33=1.00001 _43=-0.15 (aspect 1.778)
camera: pos 100.8 10.3 205.8 | proj _11=1.3658 _22=2.4280 _33=1.00001 _43=-0.15 (aspect 1.778)
camera: pos 101.5 10.3 205.7 | proj _11=1.3833 _22=2.4592 _33=1.00001 _43=-0.15 (aspect 1.778)
camera: pos 101.9 10.3 205.6 | proj _11=1.4031 _22=2.4943 _33=1.00001 _43=-0.15 (aspect 1.778)
camera: pos 102.3 10.3 205.5 | proj _11=1.4201 _22=2.5245 _33=1.00001 _43=-0.15 (aspect 1.778)
camera: pos 102.6 10.3 205.4 | proj _11=1.4405 _22=2.5609 _33=1.00001 _43=-0.15 (aspect 1.778)
camera: pos 102.9 10.2 205.3 | proj _11=1.4611 _22=2.5975 _33=1.00001 _43=-0.15 (aspect 1.778)
camera: pos 103.2 10.3 205.2 | proj _11=1.4823 _22=2.6351 _33=1.00001 _43=-0.15 (aspect 1.778)
camera: pos 103.5 10.2 205.2 | proj _11=1.5035 _22=2.6727 _33=1.00001 _43=-0.15 (aspect 1.778)
camera: pos 103.7 10.2 205.1 | proj _11=1.5222 _22=2.7061 _33=1.00001 _43=-0.15 (aspect 1.778)
camera: pos 103.9 10.2 205.1 | proj _11=1.5411 _22=2.7396 _33=1.00001 _43=-0.15 (aspect 1.778)
camera: pos 104.2 10.2 205.0 | proj _11=1.5608 _22=2.7747 _33=1.00001 _43=-0.15 (aspect 1.778)
camera: pos 104.4 10.2 204.9 | proj _11=1.5825 _22=2.8133 _33=1.00001 _43=-0.15 (aspect 1.778)
camera: pos 104.6 10.1 204.8 | proj _11=1.6054 _22=2.8540 _33=1.00001 _43=-0.15 (aspect 1.778)
camera: pos 104.8 10.1 204.7 | proj _11=1.6270 _22=2.8924 _33=1.00001 _43=-0.15 (aspect 1.778)
camera: pos 105.0 10.1 204.6 | proj _11=1.6481 _22=2.9299 _33=1.00001 _43=-0.15 (aspect 1.778)
camera: pos 105.1 10.1 204.6 | proj _11=1.6700 _22=2.9689 _33=1.00001 _43=-0.15 (aspect 1.778)
camera: pos 105.3 10.1 204.5 | proj _11=1.6939 _22=3.0114 _33=1.00001 _43=-0.15 (aspect 1.778)
camera: pos 105.4 10.1 204.4 | proj _11=1.7175 _22=3.0532 _33=1.00001 _43=-0.15 (aspect 1.778)
camera: pos 105.5 10.1 204.4 | proj _11=1.7419 _22=3.0967 _33=1.00001 _43=-0.15 (aspect 1.778)
camera: pos 105.6 10.0 204.4 | proj _11=1.7673 _22=3.1417 _33=1.00001 _43=-0.15 (aspect 1.778)
camera: pos 105.7 10.0 204.3 | proj _11=1.7906 _22=3.1832 _33=1.00001 _43=-0.15 (aspect 1.778)
camera: pos 105.8 10.0 204.3 | proj _11=1.8108 _22=3.2191 _33=1.00001 _43=-0.15 (aspect 1.778)
camera: pos 107.3 10.4 207.1 | proj _11=1.7964 _22=3.1935 _33=1.00001 _43=-0.15 (aspect 1.778)
camera: pos 107.2 10.4 207.1 | proj _11=1.7827 _22=3.1691 _33=1.00001 _43=-0.15 (aspect 1.778)
camera: pos 107.1 10.4 207.1 | proj _11=1.7686 _22=3.1441 _33=1.00001 _43=-0.15 (aspect 1.778)
camera: pos 106.9 10.5 207.1 | proj _11=1.7544 _22=3.1190 _33=1.00001 _43=-0.15 (aspect 1.778)
camera: pos 106.8 10.5 207.1 | proj _11=1.7406 _22=3.0944 _33=1.00001 _43=-0.15 (aspect 1.778)
camera: pos 106.6 10.5 207.1 | proj _11=1.7271 _22=3.0703 _33=1.00001 _43=-0.15 (aspect 1.778)
camera: pos 106.5 10.6 207.1 | proj _11=1.7140 _22=3.0471 _33=1.00001 _43=-0.15 (aspect 1.778)
camera: pos 106.3 10.6 207.1 | proj _11=1.6981 _22=3.0188 _33=1.00001 _43=-0.15 (aspect 1.778)
camera: pos 106.2 10.6 207.1 | proj _11=1.6849 _22=2.9953 _33=1.00001 _43=-0.15 (aspect 1.778)
camera: pos 106.1 10.7 207.1 | proj _11=1.6725 _22=2.9733 _33=1.00001 _43=-0.15 (aspect 1.778)
camera: pos 105.9 10.7 207.1 | proj _11=1.6594 _22=2.9501 _33=1.00001 _43=-0.15 (aspect 1.778)
camera: pos 105.8 10.7 207.1 | proj _11=1.6476 _22=2.9290 _33=1.00001 _43=-0.15 (aspect 1.778)
camera: pos 105.6 10.7 207.1 | proj _11=1.6353 _22=2.9072 _33=1.00001 _43=-0.15 (aspect 1.778)
camera: pos 105.5 10.8 207.1 | proj _11=1.6220 _22=2.8835 _33=1.00001 _43=-0.15 (aspect 1.778)
camera: pos 105.4 10.8 207.1 | proj _11=1.6096 _22=2.8615 _33=1.00001 _43=-0.15 (aspect 1.778)
camera: pos 106.4 10.7 208.6 | proj _11=1.5915 _22=2.8293 _33=1.00001 _43=-0.15 (aspect 1.778)
camera: pos 106.6 10.7 209.1 | proj _11=1.5755 _22=2.8008 _33=1.00001 _43=-0.15 (aspect 1.778)
camera: pos 106.9 10.7 209.6 | proj _11=1.5590 _22=2.7715 _33=1.00001 _43=-0.15 (aspect 1.778)
camera: pos 107.3 10.7 210.2 | proj _11=1.5418 _22=2.7410 _33=1.00001 _43=-0.15 (aspect 1.778)
camera: pos 107.5 10.7 210.7 | proj _11=1.5266 _22=2.7139 _33=1.00001 _43=-0.15 (aspect 1.778)
camera: pos 107.9 10.7 211.3 | proj _11=1.5107 _22=2.6857 _33=1.00001 _43=-0.15 (aspect 1.778)
camera: pos 108.3 10.7 211.3 | proj _11=1.4943 _22=2.6564 _33=1.00001 _43=-0.15 (aspect 1.778)
frame 2400 | draws 1712/frame | FFP converted 475/frame (27.8%)
    not converted: screen-space 14  skinned 130  ortho 0  vertex-format 9  untextured 772  instanced 0  mirrored 0  other-camera 230  no camera 0  other 81 (per frame)
    instancing: 652 converted from the instance stream/frame, 0 refused/frame (largest single draw 1 instances, 0.4 buffer writes snooped/frame)
    SKIPPED entirely 0/frame (mode 3) | demoted to UI overlay 0/frame | no-albedo materials left to Remix 122/frame
    MARKED with the marker texture 772/frame (refused as unsafe 311/frame, 1544 SetTexture calls/frame, marker created)
    albedo: moved off stage 0 78/frame, blanked 122/frame, restored from mesh cache 133/frame (1906 meshes cached) | RT textures known 55 | lights 81.3/frame (24 shaders)
    camera 108.7 10.7 211.1 | distinct cameras this frame 1 (max 1) | transform writes 348/frame | redundant state calls dropped 9487/frame
    world matrix changes 348/frame | objTM used without a fresh upload 0/frame | uv matrix writes 10/frame (last scale 0.00098, 0.00098)
    TIMING: frame 27.8 ms avg (36 fps), worst 101 ms | shim 2.34 ms avg (8.4% of frame), worst 9.7 ms
    converted -> target 14E69DB0 1280x720 fmt=34 : 73 draws/frame
    converted -> target 14E746D8 1280x720 fmt=113 : 394 draws/frame
    converted -> target 14E69020 1280x720 fmt=113 : 8 draws/frame
    converted -> target 14E68E30 1280x720 fmt=21 : 0 draws/frame
camera: pos 109.1 10.7 210.9 | proj _11=1.4797 _22=2.6305 _33=1.00001 _43=-0.15 (aspect 1.778)
camera: pos 109.4 10.6 211.3 | proj _11=1.4640 _22=2.6026 _33=1.00001 _43=-0.15 (aspect 1.778)
camera: pos 109.6 10.7 211.9 | proj _11=1.4485 _22=2.5751 _33=1.00001 _43=-0.15 (aspect 1.778)
camera: pos 109.7 10.7 212.5 | proj _11=1.4340 _22=2.5493 _33=1.00001 _43=-0.15 (aspect 1.778)
camera: pos 109.8 10.7 213.2 | proj _11=1.4199 _22=2.5242 _33=1.00001 _43=-0.15 (aspect 1.778)
camera: pos 109.9 10.7 213.7 | proj _11=1.4026 _22=2.4934 _33=1.00001 _43=-0.15 (aspect 1.778)
camera: pos 110.0 10.6 214.3 | proj _11=1.3898 _22=2.4708 _33=1.00001 _43=-0.15 (aspect 1.778)
camera: pos 110.1 10.6 215.1 | proj _11=1.3744 _22=2.4434 _33=1.00001 _43=-0.15 (aspect 1.778)
camera: pos 110.3 10.6 215.7 | proj _11=1.3594 _22=2.4166 _33=1.00001 _43=-0.15 (aspect 1.778)
camera: pos 110.4 10.6 216.4 | proj _11=1.3456 _22=2.3921 _33=1.00001 _43=-0.15 (aspect 1.778)
camera: pos 110.5 10.7 217.0 | proj _11=1.3319 _22=2.3678 _33=1.00001 _43=-0.15 (aspect 1.778)
camera: pos 110.6 10.7 217.7 | proj _11=1.3180 _22=2.3430 _33=1.00001 _43=-0.15 (aspect 1.778)
camera: pos 110.8 10.7 218.3 | proj _11=1.3048 _22=2.3196 _33=1.00001 _43=-0.15 (aspect 1.778)
camera: pos 111.7 10.7 220.8 | proj _11=1.3243 _22=2.3542 _33=1.00001 _43=-0.15 (aspect 1.778)
camera: pos 111.6 10.7 221.3 | proj _11=1.3471 _22=2.3949 _33=1.00001 _43=-0.15 (aspect 1.778)
camera: pos 111.5 10.8 221.9 | proj _11=1.3695 _22=2.4346 _33=1.00001 _43=-0.15 (aspect 1.778)
camera: pos 111.4 10.8 222.6 | proj _11=1.3916 _22=2.4740 _33=1.00001 _43=-0.15 (aspect 1.778)
camera: pos 111.4 10.9 223.2 | proj _11=1.4151 _22=2.5156 _33=1.00001 _43=-0.15 (aspect 1.778)
camera: pos 111.5 10.9 223.6 | proj _11=1.4397 _22=2.5594 _33=1.00001 _43=-0.15 (aspect 1.778)
camera: pos 111.6 11.0 223.8 | proj _11=1.4639 _22=2.6024 _33=1.00001 _43=-0.15 (aspect 1.778)
camera: pos 111.7 11.0 223.9 | proj _11=1.4904 _22=2.6496 _33=1.00001 _43=-0.15 (aspect 1.778)
camera: pos 111.8 11.0 223.9 | proj _11=1.5162 _22=2.6954 _33=1.00001 _43=-0.15 (aspect 1.778)
camera: pos 111.9 11.0 224.0 | proj _11=1.5428 _22=2.7427 _33=1.00001 _43=-0.15 (aspect 1.778)
camera: pos 112.0 11.0 224.0 | proj _11=1.5687 _22=2.7887 _33=1.00001 _43=-0.15 (aspect 1.778)
camera: pos 112.1 11.1 224.0 | proj _11=1.5964 _22=2.8381 _33=1.00001 _43=-0.15 (aspect 1.778)
camera: pos 112.3 11.1 224.0 | proj _11=1.6085 _22=2.8594 _33=1.00001 _43=-0.15 (aspect 1.778)
camera: pos 115.6 11.4 224.7 | proj _11=1.5983 _22=2.8414 _33=1.00001 _43=-0.15 (aspect 1.778)
camera: pos 115.6 11.4 224.2 | proj _11=1.5832 _22=2.8145 _33=1.00001 _43=-0.15 (aspect 1.778)
camera: pos 115.6 11.3 223.4 | proj _11=1.5692 _22=2.7896 _33=1.00001 _43=-0.15 (aspect 1.778)
camera: pos 115.6 11.1 222.3 | proj _11=1.5544 _22=2.7634 _33=1.00001 _43=-0.15 (aspect 1.778)
camera: pos 116.0 11.1 221.8 | proj _11=1.5392 _22=2.7364 _33=1.00001 _43=-0.15 (aspect 1.778)
camera: pos 116.5 11.1 221.7 | proj _11=1.5233 _22=2.7080 _33=1.00001 _43=-0.15 (aspect 1.778)
camera: pos 117.0 11.1 221.9 | proj _11=1.5093 _22=2.6831 _33=1.00001 _43=-0.15 (aspect 1.778)
camera: pos 117.5 11.1 222.2 | proj _11=1.4949 _22=2.6575 _33=1.00001 _43=-0.15 (aspect 1.778)
camera: pos 118.0 11.1 222.3 | proj _11=1.4817 _22=2.6340 _33=1.00001 _43=-0.15 (aspect 1.778)
camera: pos 118.5 11.1 222.4 | proj _11=1.4672 _22=2.6083 _33=1.00001 _43=-0.15 (aspect 1.778)
camera: pos 119.0 11.1 222.7 | proj _11=1.4518 _22=2.5809 _33=1.00001 _43=-0.15 (aspect 1.778)
camera: pos 119.6 11.1 223.0 | proj _11=1.4366 _22=2.5540 _33=1.00001 _43=-0.15 (aspect 1.778)
camera: pos 120.2 11.1 223.2 | proj _11=1.4216 _22=2.5272 _33=1.00001 _43=-0.15 (aspect 1.778)
camera: pos 120.8 11.1 223.3 | proj _11=1.4063 _22=2.5001 _33=1.00001 _43=-0.15 (aspect 1.778)
camera: pos 121.5 11.2 222.8 | proj _11=1.3907 _22=2.4723 _33=1.00001 _43=-0.15 (aspect 1.778)
camera: pos 122.1 11.2 222.7 | proj _11=1.3746 _22=2.4437 _33=1.00001 _43=-0.15 (aspect 1.778)
camera: pos 122.7 11.1 222.6 | proj _11=1.3607 _22=2.4190 _33=1.00001 _43=-0.15 (aspect 1.778)
camera: pos 123.4 11.1 222.5 | proj _11=1.3471 _22=2.3947 _33=1.00001 _43=-0.15 (aspect 1.778)
camera: pos 123.8 11.0 222.4 | proj _11=1.3335 _22=2.3705 _33=1.00001 _43=-0.15 (aspect 1.778)
camera: pos 123.9 10.9 222.4 | proj _11=1.3455 _22=2.3919 _33=1.00001 _43=-0.15 (aspect 1.778)
camera: pos 124.1 10.8 222.4 | proj _11=1.3587 _22=2.4154 _33=1.00001 _43=-0.15 (aspect 1.778)
camera: pos 124.4 10.7 222.4 | proj _11=1.3789 _22=2.4514 _33=1.00001 _43=-0.15 (aspect 1.778)
camera: pos 124.7 10.6 222.4 | proj _11=1.4030 _22=2.4942 _33=1.00001 _43=-0.15 (aspect 1.778)
camera: pos 125.1 10.4 222.4 | proj _11=1.4366 _22=2.5539 _33=1.00001 _43=-0.15 (aspect 1.778)
camera: pos 125.6 10.2 222.4 | proj _11=1.4732 _22=2.6190 _33=1.00001 _43=-0.15 (aspect 1.778)
camera: pos 126.1 10.0 222.4 | proj _11=1.5111 _22=2.6864 _33=1.00001 _43=-0.15 (aspect 1.778)
camera: pos 126.5 9.8 222.4 | proj _11=1.5451 _22=2.7468 _33=1.00001 _43=-0.15 (aspect 1.778)
camera: pos 127.5 9.7 222.6 | proj _11=1.5692 _22=2.7896 _33=1.00001 _43=-0.15 (aspect 1.778)
camera: pos 128.9 9.7 222.8 | proj _11=1.5924 _22=2.8308 _33=1.00001 _43=-0.15 (aspect 1.778)
camera: pos 130.3 9.7 223.0 | proj _11=1.6098 _22=2.8618 _33=1.00001 _43=-0.15 (aspect 1.778)
camera: pos 131.8 9.7 223.1 | proj _11=1.6201 _22=2.8802 _33=1.00001 _43=-0.15 (aspect 1.778)
camera: pos 136.9 10.1 218.5 | proj _11=1.6344 _22=2.9055 _33=1.00001 _43=-0.15 (aspect 1.778)
camera: pos 137.1 10.2 218.0 | proj _11=1.6517 _22=2.9363 _33=1.00001 _43=-0.15 (aspect 1.778)
camera: pos 137.2 10.2 217.8 | proj _11=1.6643 _22=2.9588 _33=1.00001 _43=-0.15 (aspect 1.778)
camera: pos 137.2 10.2 217.8 | proj _11=1.6771 _22=2.9814 _33=1.00001 _43=-0.15 (aspect 1.778)
camera: pos 137.2 10.2 217.8 | proj _11=1.6918 _22=3.0076 _33=1.00001 _43=-0.15 (aspect 1.778)
camera: pos 137.2 10.2 217.8 | proj _11=1.7071 _22=3.0347 _33=1.00001 _43=-0.15 (aspect 1.778)
camera: pos 137.2 10.2 217.8 | proj _11=1.7172 _22=3.0528 _33=1.00001 _43=-0.15 (aspect 1.778)
camera: pos 137.2 10.2 217.9 | proj _11=1.7294 _22=3.0743 _33=1.00001 _43=-0.15 (aspect 1.778)
camera: pos 137.2 10.2 217.9 | proj _11=1.7417 _22=3.0963 _33=1.00001 _43=-0.15 (aspect 1.778)
camera: pos 137.1 10.2 218.0 | proj _11=1.7541 _22=3.1184 _33=1.00001 _43=-0.15 (aspect 1.778)
camera: pos 137.1 10.2 218.1 | proj _11=1.7665 _22=3.1403 _33=1.00001 _43=-0.15 (aspect 1.778)
camera: pos 137.0 10.2 218.2 | proj _11=1.7789 _22=3.1623 _33=1.00001 _43=-0.15 (aspect 1.778)
camera: pos 137.0 10.2 218.2 | proj _11=1.7914 _22=3.1846 _33=1.00001 _43=-0.15 (aspect 1.778)
camera: pos 137.0 10.4 218.8 | proj _11=1.7794 _22=3.1634 _33=1.00001 _43=-0.15 (aspect 1.778)
camera: pos 137.1 10.7 219.3 | proj _11=1.7581 _22=3.1255 _33=1.00001 _43=-0.15 (aspect 1.778)
camera: pos 137.2 10.9 219.9 | proj _11=1.7383 _22=3.0902 _33=1.00001 _43=-0.15 (aspect 1.778)
camera: pos 137.1 11.2 220.6 | proj _11=1.7154 _22=3.0496 _33=1.00001 _43=-0.15 (aspect 1.778)
camera: pos 137.0 11.5 221.5 | proj _11=1.6894 _22=3.0034 _33=1.00001 _43=-0.15 (aspect 1.778)
camera: pos 136.5 11.8 222.2 | proj _11=1.6671 _22=2.9636 _33=1.00001 _43=-0.15 (aspect 1.778)
camera: pos 136.0 12.0 222.9 | proj _11=1.6464 _22=2.9269 _33=1.00001 _43=-0.15 (aspect 1.778)
camera: pos 135.2 12.2 223.4 | proj _11=1.6322 _22=2.9016 _33=1.00001 _43=-0.15 (aspect 1.778)
camera: pos 134.1 12.3 223.6 | proj _11=1.6172 _22=2.8750 _33=1.00001 _43=-0.15 (aspect 1.778)
camera: pos 133.0 12.4 223.6 | proj _11=1.6015 _22=2.8471 _33=1.00001 _43=-0.15 (aspect 1.778)
camera: pos 131.7 12.4 223.2 | proj _11=1.5889 _22=2.8246 _33=1.00001 _43=-0.15 (aspect 1.778)
camera: pos 130.1 12.4 221.9 | proj _11=1.5717 _22=2.7941 _33=1.00001 _43=-0.15 (aspect 1.778)
camera: pos 129.3 12.3 220.9 | proj _11=1.5610 _22=2.7750 _33=1.00001 _43=-0.15 (aspect 1.778)
camera: pos 128.7 12.3 219.5 | proj _11=1.5478 _22=2.7515 _33=1.00001 _43=-0.15 (aspect 1.778)
camera: pos 128.6 12.2 218.2 | proj _11=1.5337 _22=2.7265 _33=1.00001 _43=-0.15 (aspect 1.778)
camera: pos 128.8 12.1 217.3 | proj _11=1.5211 _22=2.7041 _33=1.00001 _43=-0.15 (aspect 1.778)
camera: pos 129.1 12.0 216.7 | proj _11=1.5078 _22=2.6804 _33=1.00001 _43=-0.15 (aspect 1.778)
camera: pos 129.7 12.0 216.2 | proj _11=1.4916 _22=2.6516 _33=1.00001 _43=-0.15 (aspect 1.778)
camera: pos 130.2 12.0 215.9 | proj _11=1.4787 _22=2.6287 _33=1.00001 _43=-0.15 (aspect 1.778)
camera: pos 130.9 12.0 215.7 | proj _11=1.4686 _22=2.6109 _33=1.00001 _43=-0.15 (aspect 1.778)
camera: pos 133.2 12.0 215.8 | proj _11=1.4794 _22=2.6299 _33=1.00001 _43=-0.15 (aspect 1.778)
camera: pos 134.6 12.1 216.4 | proj _11=1.4653 _22=2.6050 _33=1.00001 _43=-0.15 (aspect 1.778)
camera: pos 135.9 12.1 217.0 | proj _11=1.4793 _22=2.6297 _33=1.00001 _43=-0.15 (aspect 1.778)
camera: pos 136.6 12.1 217.4 | proj _11=1.4901 _22=2.6490 _33=1.00001 _43=-0.15 (aspect 1.778)
camera: pos 137.6 11.3 217.7 | proj _11=1.5007 _22=2.6678 _33=1.00001 _43=-0.15 (aspect 1.778)
camera: pos 138.6 11.0 217.9 | proj _11=1.4902 _22=2.6492 _33=1.00001 _43=-0.15 (aspect 1.778)
camera: pos 139.2 10.9 218.0 | proj _11=1.4758 _22=2.6236 _33=1.00001 _43=-0.15 (aspect 1.778)
camera: pos 139.8 10.9 218.1 | proj _11=1.4604 _22=2.5962 _33=1.00001 _43=-0.15 (aspect 1.778)
camera: pos 140.5 10.8 218.1 | proj _11=1.4453 _22=2.5693 _33=1.00001 _43=-0.15 (aspect 1.778)
camera: pos 141.3 10.8 218.2 | proj _11=1.4295 _22=2.5414 _33=1.00001 _43=-0.15 (aspect 1.778)
camera: pos 142.1 10.8 218.2 | proj _11=1.4164 _22=2.5179 _33=1.00001 _43=-0.15 (aspect 1.778)
camera: pos 148.0 10.7 218.4 | proj _11=1.4033 _22=2.4947 _33=1.00001 _43=-0.15 (aspect 1.778)
camera: pos 149.1 10.7 218.5 | proj _11=1.3924 _22=2.4753 _33=1.00001 _43=-0.15 (aspect 1.778)
camera: pos 150.8 10.7 218.5 | proj _11=1.3777 _22=2.4492 _33=1.00001 _43=-0.15 (aspect 1.778)
camera: pos 152.6 10.7 218.6 | proj _11=1.3630 _22=2.4231 _33=1.00001 _43=-0.15 (aspect 1.778)
camera: pos 153.9 10.7 218.7 | proj _11=1.3528 _22=2.4049 _33=1.00001 _43=-0.15 (aspect 1.778)
camera: pos 155.3 10.7 218.8 | proj _11=1.3428 _22=2.3871 _33=1.00001 _43=-0.15 (aspect 1.778)
camera: pos 157.2 10.7 218.9 | proj _11=1.3297 _22=2.3639 _33=1.00001 _43=-0.15 (aspect 1.778)
camera: pos 159.5 10.7 219.1 | proj _11=1.3179 _22=2.3428 _33=1.00001 _43=-0.15 (aspect 1.778)
camera: pos 162.6 10.7 219.4 | proj _11=1.3054 _22=2.3206 _33=1.00001 _43=-0.15 (aspect 1.778)
camera: pos 163.3 10.7 219.4 | proj _11=1.3584 _22=2.4148 _33=1.00001 _43=-0.15 (aspect 1.778)
camera: pos 167.8 10.7 220.0 | proj _11=1.3473 _22=2.3952 _33=1.00001 _43=-0.15 (aspect 1.778)
camera: pos 170.4 10.7 220.4 | proj _11=1.3337 _22=2.3710 _33=1.00001 _43=-0.15 (aspect 1.778)
camera: pos 173.2 10.7 220.8 | proj _11=1.3222 _22=2.3505 _33=1.00001 _43=-0.15 (aspect 1.778)
camera: pos 176.9 10.8 221.4 | proj _11=1.3085 _22=2.3262 _33=1.00001 _43=-0.15 (aspect 1.778)
camera: pos 180.8 10.8 222.0 | proj _11=1.2974 _22=2.3064 _33=1.00001 _43=-0.15 (aspect 1.778)
camera: pos 191.5 10.8 223.6 | proj _11=1.2855 _22=2.2853 _33=1.00001 _43=-0.15 (aspect 1.778)
untextured material #6: first sampler is 'Dual_Paraboloid_Map_BackSam'
camera: pos 198.4 10.7 224.2 | proj _11=1.2741 _22=2.2651 _33=1.00001 _43=-0.15 (aspect 1.778)
camera: pos 202.1 10.7 224.4 | proj _11=1.2625 _22=2.2444 _33=1.00001 _43=-0.15 (aspect 1.778)
camera: pos 205.9 10.8 224.4 | proj _11=1.2509 _22=2.2238 _33=1.00001 _43=-0.15 (aspect 1.778)
camera: pos 210.2 10.8 224.4 | proj _11=1.2389 _22=2.2025 _33=1.00001 _43=-0.15 (aspect 1.778)
camera: pos 214.3 10.8 224.3 | proj _11=1.2282 _22=2.1835 _33=1.00001 _43=-0.15 (aspect 1.778)
camera: pos 220.8 10.8 224.2 | proj _11=1.2179 _22=2.1651 _33=1.00001 _43=-0.15 (aspect 1.778)
camera: pos 226.1 10.8 224.4 | proj _11=1.2061 _22=2.1440 _33=1.00001 _43=-0.15 (aspect 1.778)
camera: pos 233.1 10.8 224.5 | proj _11=1.1959 _22=2.1260 _33=1.00001 _43=-0.15 (aspect 1.778)
camera: pos 239.3 10.8 224.5 | proj _11=1.1836 _22=2.1041 _33=1.00001 _43=-0.15 (aspect 1.778)
frame 3000 | draws 2348/frame | FFP converted 685/frame (29.2%)
    not converted: screen-space 18  skinned 245  ortho 0  vertex-format 15  untextured 977  instanced 0  mirrored 0  other-camera 324  no camera 0  other 84 (per frame)
    instancing: 895 converted from the instance stream/frame, 0 refused/frame (largest single draw 1 instances, 0.5 buffer writes snooped/frame)
    SKIPPED entirely 0/frame (mode 3) | demoted to UI overlay 0/frame | no-albedo materials left to Remix 171/frame
    MARKED with the marker texture 977/frame (refused as unsafe 408/frame, 1953 SetTexture calls/frame, marker created)
    albedo: moved off stage 0 116/frame, blanked 171/frame, restored from mesh cache 199/frame (2930 meshes cached) | RT textures known 55 | lights 83.8/frame (24 shaders)
    camera 153.3 10.8 226.5 | distinct cameras this frame 1 (max 1) | transform writes 503/frame | redundant state calls dropped 13688/frame
    world matrix changes 501/frame | objTM used without a fresh upload 0/frame | uv matrix writes 15/frame (last scale 0.00098, 0.00098)
    TIMING: frame 30.0 ms avg (33 fps), worst 83 ms | shim 3.42 ms avg (11.4% of frame), worst 11.9 ms
    converted -> target 14E69DB0 1280x720 fmt=34 : 122 draws/frame
    converted -> target 14E746D8 1280x720 fmt=113 : 538 draws/frame
    converted -> target 14E69020 1280x720 fmt=113 : 23 draws/frame
    converted -> target 14E68E30 1280x720 fmt=21 : 1 draws/frame
camera: pos 184.2 9.1 226.4 | proj _11=1.1944 _22=2.1234 _33=1.00001 _43=-0.15 (aspect 1.778)
camera: pos 187.1 9.1 226.4 | proj _11=1.2060 _22=2.1439 _33=1.00001 _43=-0.15 (aspect 1.778)
camera: pos 190.0 9.1 226.5 | proj _11=1.2207 _22=2.1701 _33=1.00001 _43=-0.15 (aspect 1.778)
camera: pos 192.8 9.1 226.6 | proj _11=1.2341 _22=2.1939 _33=1.00001 _43=-0.15 (aspect 1.778)
camera: pos 195.5 9.1 226.7 | proj _11=1.2469 _22=2.2167 _33=1.00001 _43=-0.15 (aspect 1.778)
camera: pos 198.2 9.1 226.9 | proj _11=1.2613 _22=2.2423 _33=1.00001 _43=-0.15 (aspect 1.778)
camera: pos 200.8 9.1 227.0 | proj _11=1.2728 _22=2.2628 _33=1.00001 _43=-0.15 (aspect 1.778)
camera: pos 203.4 9.1 227.2 | proj _11=1.2829 _22=2.2807 _33=1.00001 _43=-0.15 (aspect 1.778)
camera: pos 207.3 9.1 227.5 | proj _11=1.2977 _22=2.3069 _33=1.00001 _43=-0.15 (aspect 1.778)
camera: pos 211.2 9.0 227.6 | proj _11=1.3111 _22=2.3308 _33=1.00001 _43=-0.15 (aspect 1.778)
camera: pos 213.9 9.0 227.6 | proj _11=1.3233 _22=2.3525 _33=1.00001 _43=-0.15 (aspect 1.778)
camera: pos 215.1 9.0 227.6 | proj _11=1.3495 _22=2.3990 _33=1.00001 _43=-0.15 (aspect 1.778)
camera: pos 216.2 9.0 227.6 | proj _11=1.3835 _22=2.4596 _33=1.00001 _43=-0.15 (aspect 1.778)
camera: pos 217.2 9.0 227.6 | proj _11=1.4140 _22=2.5138 _33=1.00001 _43=-0.15 (aspect 1.778)
camera: pos 218.2 9.0 227.6 | proj _11=1.4301 _22=2.5423 _33=1.00001 _43=-0.15 (aspect 1.778)
camera: pos 219.1 9.0 227.5 | proj _11=1.4457 _22=2.5700 _33=1.00001 _43=-0.15 (aspect 1.778)
camera: pos 219.9 9.0 227.5 | proj _11=1.4616 _22=2.5983 _33=1.00001 _43=-0.15 (aspect 1.778)
camera: pos 220.6 9.0 227.4 | proj _11=1.4810 _22=2.6329 _33=1.00001 _43=-0.15 (aspect 1.778)
camera: pos 221.3 9.0 227.4 | proj _11=1.5022 _22=2.6705 _33=1.00001 _43=-0.15 (aspect 1.778)
camera: pos 221.9 9.1 227.4 | proj _11=1.5285 _22=2.7172 _33=1.00001 _43=-0.15 (aspect 1.778)
camera: pos 222.5 9.1 227.4 | proj _11=1.5515 _22=2.7582 _33=1.00001 _43=-0.15 (aspect 1.778)
camera: pos 222.9 9.1 227.3 | proj _11=1.5720 _22=2.7946 _33=1.00001 _43=-0.15 (aspect 1.778)
camera: pos 223.3 9.1 227.3 | proj _11=1.5899 _22=2.8264 _33=1.00001 _43=-0.15 (aspect 1.778)
camera: pos 224.5 9.1 227.4 | proj _11=1.5761 _22=2.8019 _33=1.00001 _43=-0.15 (aspect 1.778)
camera: pos 225.1 9.1 227.5 | proj _11=1.5590 _22=2.7715 _33=1.00001 _43=-0.15 (aspect 1.778)
camera: pos 225.7 9.1 227.7 | proj _11=1.5430 _22=2.7430 _33=1.00001 _43=-0.15 (aspect 1.778)
camera: pos 226.0 9.1 228.0 | proj _11=1.5275 _22=2.7154 _33=1.00001 _43=-0.15 (aspect 1.778)
camera: pos 226.1 9.1 228.5 | proj _11=1.5131 _22=2.6899 _33=1.00001 _43=-0.15 (aspect 1.778)
camera: pos 226.3 9.1 229.1 | proj _11=1.4999 _22=2.6664 _33=1.00001 _43=-0.15 (aspect 1.778)
camera: pos 226.7 9.1 229.9 | proj _11=1.5198 _22=2.7018 _33=1.00001 _43=-0.15 (aspect 1.778)
camera: pos 226.8 9.1 230.1 | proj _11=1.5335 _22=2.7262 _33=1.00001 _43=-0.15 (aspect 1.778)
camera: pos 226.8 9.1 230.3 | proj _11=1.5472 _22=2.7505 _33=1.00001 _43=-0.15 (aspect 1.778)
camera: pos 226.7 9.1 230.5 | proj _11=1.5616 _22=2.7761 _33=1.00001 _43=-0.15 (aspect 1.778)
camera: pos 226.6 9.1 230.6 | proj _11=1.5762 _22=2.8020 _33=1.00001 _43=-0.15 (aspect 1.778)
camera: pos 226.4 9.1 230.7 | proj _11=1.5910 _22=2.8285 _33=1.00001 _43=-0.15 (aspect 1.778)
camera: pos 226.4 9.1 230.7 | proj _11=1.6047 _22=2.8528 _33=1.00001 _43=-0.15 (aspect 1.778)
camera: pos 226.6 9.0 230.6 | proj _11=1.5909 _22=2.8283 _33=1.00001 _43=-0.15 (aspect 1.778)
camera: pos 227.1 9.0 230.3 | proj _11=1.5804 _22=2.8095 _33=1.00001 _43=-0.15 (aspect 1.778)
camera: pos 227.6 9.0 230.0 | proj _11=1.5685 _22=2.7884 _33=1.00001 _43=-0.15 (aspect 1.778)
camera: pos 227.9 9.0 229.6 | proj _11=1.5539 _22=2.7625 _33=1.00001 _43=-0.15 (aspect 1.778)
camera: pos 228.1 9.0 229.2 | proj _11=1.5340 _22=2.7270 _33=1.00001 _43=-0.15 (aspect 1.778)
camera: pos 228.1 9.0 228.9 | proj _11=1.5235 _22=2.7084 _33=1.00001 _43=-0.15 (aspect 1.778)
camera: pos 228.0 9.0 228.7 | proj _11=1.5126 _22=2.6891 _33=1.00001 _43=-0.15 (aspect 1.778)
camera: pos 227.9 9.0 228.4 | proj _11=1.5013 _22=2.6689 _33=1.00001 _43=-0.15 (aspect 1.778)
camera: pos 227.5 9.0 227.8 | proj _11=1.4864 _22=2.6424 _33=1.00001 _43=-0.15 (aspect 1.778)
camera: pos 227.1 9.0 227.3 | proj _11=1.4740 _22=2.6204 _33=1.00001 _43=-0.15 (aspect 1.778)
camera: pos 226.6 9.0 226.7 | proj _11=1.4568 _22=2.5898 _33=1.00001 _43=-0.15 (aspect 1.778)
camera: pos 225.8 9.0 226.1 | proj _11=1.4433 _22=2.5658 _33=1.00001 _43=-0.15 (aspect 1.778)
camera: pos 224.3 9.0 225.3 | proj _11=1.4578 _22=2.5917 _33=1.00001 _43=-0.15 (aspect 1.778)
camera: pos 221.9 9.0 224.2 | proj _11=1.4442 _22=2.5673 _33=1.00001 _43=-0.15 (aspect 1.778)
camera: pos 217.0 8.9 223.4 | proj _11=1.4321 _22=2.5460 _33=1.00001 _43=-0.15 (aspect 1.778)
camera: pos 215.8 8.9 223.3 | proj _11=1.4186 _22=2.5218 _33=1.00001 _43=-0.15 (aspect 1.778)
camera: pos 213.9 8.9 223.2 | proj _11=1.4005 _22=2.4897 _33=1.00001 _43=-0.15 (aspect 1.778)
camera: pos 207.2 9.0 223.5 | proj _11=1.3850 _22=2.4621 _33=1.00001 _43=-0.15 (aspect 1.778)
camera: pos 205.7 9.0 223.7 | proj _11=1.3720 _22=2.4391 _33=1.00001 _43=-0.15 (aspect 1.778)
camera: pos 204.1 9.0 223.9 | proj _11=1.3599 _22=2.4175 _33=1.00001 _43=-0.15 (aspect 1.778)
camera: pos 202.5 9.0 224.2 | proj _11=1.3488 _22=2.3978 _33=1.00001 _43=-0.15 (aspect 1.778)
camera: pos 200.7 9.0 224.4 | proj _11=1.3364 _22=2.3758 _33=1.00001 _43=-0.15 (aspect 1.778)
camera: pos 198.9 9.0 224.8 | proj _11=1.3244 _22=2.3544 _33=1.00001 _43=-0.15 (aspect 1.778)
camera: pos 197.0 8.9 225.2 | proj _11=1.3134 _22=2.3349 _33=1.00001 _43=-0.15 (aspect 1.778)
camera: pos 191.1 8.9 226.3 | proj _11=1.3016 _22=2.3140 _33=1.00001 _43=-0.15 (aspect 1.778)
camera: pos 188.0 9.0 226.7 | proj _11=1.2882 _22=2.2901 _33=1.00001 _43=-0.15 (aspect 1.778)
camera: pos 184.7 9.1 227.0 | proj _11=1.2759 _22=2.2682 _33=1.00001 _43=-0.15 (aspect 1.778)
camera: pos 155.9 10.6 229.5 | proj _11=1.2640 _22=2.2471 _33=1.00001 _43=-0.15 (aspect 1.778)
camera: pos 150.0 10.7 230.3 | proj _11=1.2530 _22=2.2276 _33=1.00001 _43=-0.15 (aspect 1.778)
camera: pos 136.5 10.6 231.1 | proj _11=1.2414 _22=2.2069 _33=1.00001 _43=-0.15 (aspect 1.778)
camera: pos 130.5 10.7 230.9 | proj _11=1.2297 _22=2.1861 _33=1.00001 _43=-0.15 (aspect 1.778)
camera: pos 120.0 10.7 229.9 | proj _11=1.2192 _22=2.1674 _33=1.00001 _43=-0.15 (aspect 1.778)
camera: pos 109.2 10.8 227.9 | proj _11=1.2084 _22=2.1483 _33=1.00001 _43=-0.15 (aspect 1.778)
camera: pos 101.1 10.8 227.0 | proj _11=1.1970 _22=2.1279 _33=1.00001 _43=-0.15 (aspect 1.778)
camera: pos 95.4 10.7 226.7 | proj _11=1.4709 _22=2.6149 _33=1.00001 _43=-0.15 (aspect 1.778)
camera: pos 93.3 10.8 226.5 | proj _11=1.4819 _22=2.6344 _33=1.00001 _43=-0.15 (aspect 1.778)
camera: pos 91.6 10.8 226.4 | proj _11=1.4921 _22=2.6525 _33=1.00001 _43=-0.15 (aspect 1.778)
camera: pos 89.8 10.8 226.3 | proj _11=1.5028 _22=2.6715 _33=1.00001 _43=-0.15 (aspect 1.778)
camera: pos 88.8 10.8 226.1 | proj _11=1.5143 _22=2.6921 _33=1.00001 _43=-0.15 (aspect 1.778)
camera: pos 88.0 10.8 225.9 | proj _11=1.5250 _22=2.7110 _33=1.00001 _43=-0.15 (aspect 1.778)
camera: pos 87.0 10.8 225.8 | proj _11=1.5146 _22=2.6925 _33=1.00001 _43=-0.15 (aspect 1.778)
camera: pos 86.4 10.8 225.9 | proj _11=1.5249 _22=2.7109 _33=1.00001 _43=-0.15 (aspect 1.778)
camera: pos 85.2 10.9 225.9 | proj _11=1.5357 _22=2.7301 _33=1.00001 _43=-0.15 (aspect 1.778)
camera: pos 84.5 10.9 225.7 | proj _11=1.5196 _22=2.7014 _33=1.00001 _43=-0.15 (aspect 1.778)
camera: pos 84.0 10.9 225.6 | proj _11=1.5023 _22=2.6708 _33=1.00001 _43=-0.15 (aspect 1.778)
camera: pos 83.4 10.9 225.6 | proj _11=1.4861 _22=2.6419 _33=1.00001 _43=-0.15 (aspect 1.778)
camera: pos 82.8 10.8 225.5 | proj _11=1.4750 _22=2.6222 _33=1.00001 _43=-0.15 (aspect 1.778)
camera: pos 82.1 10.8 225.5 | proj _11=1.4640 _22=2.6026 _33=1.00001 _43=-0.15 (aspect 1.778)
camera: pos 81.4 10.8 225.5 | proj _11=1.4491 _22=2.5760 _33=1.00001 _43=-0.15 (aspect 1.778)
camera: pos 80.6 10.8 225.5 | proj _11=1.4384 _22=2.5570 _33=1.00001 _43=-0.15 (aspect 1.778)
camera: pos 79.1 10.9 225.5 | proj _11=1.4505 _22=2.5786 _33=1.00001 _43=-0.15 (aspect 1.778)
camera: pos 76.1 10.9 225.8 | proj _11=1.4387 _22=2.5577 _33=1.00001 _43=-0.15 (aspect 1.778)
camera: pos 73.2 10.9 226.2 | proj _11=1.4260 _22=2.5350 _33=1.00001 _43=-0.15 (aspect 1.778)
camera: pos 71.6 12.1 225.9 | proj _11=1.4111 _22=2.5085 _33=1.00001 _43=-0.15 (aspect 1.778)
camera: pos 70.0 12.4 225.8 | proj _11=1.3963 _22=2.4823 _33=1.00001 _43=-0.15 (aspect 1.778)
camera: pos 68.3 12.6 225.6 | proj _11=1.3825 _22=2.4577 _33=1.00001 _43=-0.15 (aspect 1.778)
camera: pos 66.9 12.1 225.8 | proj _11=1.3687 _22=2.4332 _33=1.00001 _43=-0.15 (aspect 1.778)
camera: pos 65.3 11.6 226.1 | proj _11=1.3557 _22=2.4100 _33=1.00001 _43=-0.15 (aspect 1.778)
camera: pos 63.6 11.2 226.4 | proj _11=1.3424 _22=2.3864 _33=1.00001 _43=-0.15 (aspect 1.778)
camera: pos 61.4 10.5 225.8 | proj _11=1.3289 _22=2.3625 _33=1.00001 _43=-0.15 (aspect 1.778)
camera: pos 58.5 10.2 225.1 | proj _11=1.3178 _22=2.3428 _33=1.00001 _43=-0.15 (aspect 1.778)
camera: pos 55.8 10.1 223.6 | proj _11=1.3075 _22=2.3243 _33=1.00001 _43=-0.15 (aspect 1.778)
camera: pos 53.0 10.3 222.4 | proj _11=1.2954 _22=2.3028 _33=1.00001 _43=-0.15 (aspect 1.778)
camera: pos 49.7 10.5 221.6 | proj _11=1.2825 _22=2.2799 _33=1.00001 _43=-0.15 (aspect 1.778)
camera: pos 37.4 10.6 220.7 | proj _11=1.2699 _22=2.2576 _33=1.00001 _43=-0.15 (aspect 1.778)
camera: pos 33.7 10.6 220.3 | proj _11=1.2588 _22=2.2378 _33=1.00001 _43=-0.15 (aspect 1.778)
camera: pos 29.9 10.6 220.0 | proj _11=1.2478 _22=2.2183 _33=1.00001 _43=-0.15 (aspect 1.778)
camera: pos 25.8 10.6 219.6 | proj _11=1.2374 _22=2.1998 _33=1.00001 _43=-0.15 (aspect 1.778)
camera: pos 21.5 10.6 219.4 | proj _11=1.2271 _22=2.1814 _33=1.00001 _43=-0.15 (aspect 1.778)
camera: pos 17.0 10.6 219.1 | proj _11=1.2168 _22=2.1631 _33=1.00001 _43=-0.15 (aspect 1.778)
camera: pos 8.1 10.8 221.0 | proj _11=1.2065 _22=2.1448 _33=1.00001 _43=-0.15 (aspect 1.778)
camera: pos 3.3 10.8 221.0 | proj _11=1.1964 _22=2.1270 _33=1.00001 _43=-0.15 (aspect 1.778)
camera: pos 251.4 10.8 220.0 | proj _11=1.1844 _22=2.1055 _33=1.00001 _43=-0.15 (aspect 1.778)
camera: pos 238.7 10.7 217.9 | proj _11=1.4186 _22=2.5219 _33=1.00001 _43=-0.15 (aspect 1.778)
camera: pos 238.2 10.6 217.9 | proj _11=1.4081 _22=2.5032 _33=1.00001 _43=-0.15 (aspect 1.778)
camera: pos 238.0 10.8 217.9 | proj _11=1.4183 _22=2.5213 _33=1.00001 _43=-0.15 (aspect 1.778)
camera: pos 237.7 11.1 217.8 | proj _11=1.4309 _22=2.5438 _33=1.00001 _43=-0.15 (aspect 1.778)
camera: pos 236.9 11.4 217.7 | proj _11=1.4486 _22=2.5753 _33=1.00001 _43=-0.15 (aspect 1.778)
camera: pos 236.4 11.6 217.6 | proj _11=1.4592 _22=2.5940 _33=1.00001 _43=-0.15 (aspect 1.778)
camera: pos 235.7 11.8 217.5 | proj _11=1.4712 _22=2.6155 _33=1.00001 _43=-0.15 (aspect 1.778)
camera: pos 234.9 12.1 217.4 | proj _11=1.4844 _22=2.6389 _33=1.00001 _43=-0.15 (aspect 1.778)
camera: pos 233.9 12.3 217.3 | proj _11=1.4988 _22=2.6645 _33=1.00001 _43=-0.15 (aspect 1.778)
camera: pos 232.8 12.5 217.1 | proj _11=1.5144 _22=2.6921 _33=1.00001 _43=-0.15 (aspect 1.778)
camera: pos 231.7 12.7 217.0 | proj _11=1.5284 _22=2.7170 _33=1.00001 _43=-0.15 (aspect 1.778)
camera: pos 230.6 12.9 216.8 | proj _11=1.5418 _22=2.7410 _33=1.00001 _43=-0.15 (aspect 1.778)
camera: pos 229.6 12.9 216.7 | proj _11=1.5519 _22=2.7588 _33=1.00001 _43=-0.15 (aspect 1.778)
camera: pos 228.3 13.0 216.5 | proj _11=1.5630 _22=2.7785 _33=1.00001 _43=-0.15 (aspect 1.778)
camera: pos 227.0 13.0 216.3 | proj _11=1.5743 _22=2.7986 _33=1.00001 _43=-0.15 (aspect 1.778)
camera: pos 224.7 12.9 216.0 | proj _11=1.5905 _22=2.8275 _33=1.00001 _43=-0.15 (aspect 1.778)
camera: pos 222.7 12.7 215.7 | proj _11=1.6016 _22=2.8472 _33=1.00001 _43=-0.15 (aspect 1.778)
mesh albedo cache full at 4096 entries - no longer growing
camera: pos 213.6 10.0 217.2 | proj _11=1.5867 _22=2.8207 _33=1.00001 _43=-0.15 (aspect 1.778)
camera: pos 213.5 10.0 217.6 | proj _11=1.5748 _22=2.7997 _33=1.00001 _43=-0.15 (aspect 1.778)
camera: pos 213.4 10.1 218.0 | proj _11=1.5634 _22=2.7793 _33=1.00001 _43=-0.15 (aspect 1.778)
camera: pos 213.3 10.1 218.4 | proj _11=1.5523 _22=2.7595 _33=1.00001 _43=-0.15 (aspect 1.778)
camera: pos 213.3 10.1 218.7 | proj _11=1.5416 _22=2.7406 _33=1.00001 _43=-0.15 (aspect 1.778)
camera: pos 213.2 10.1 219.1 | proj _11=1.5312 _22=2.7220 _33=1.00001 _43=-0.15 (aspect 1.778)
camera: pos 213.1 10.1 219.4 | proj _11=1.5199 _22=2.7021 _33=1.00001 _43=-0.15 (aspect 1.778)
camera: pos 213.3 10.2 220.3 | proj _11=1.5370 _22=2.7324 _33=1.00001 _43=-0.15 (aspect 1.778)
camera: pos 213.5 10.2 220.7 | proj _11=1.5533 _22=2.7613 _33=1.00001 _43=-0.15 (aspect 1.778)
camera: pos 213.7 10.2 221.0 | proj _11=1.5706 _22=2.7922 _33=1.00001 _43=-0.15 (aspect 1.778)
camera: pos 214.0 10.2 221.2 | proj _11=1.5874 _22=2.8220 _33=1.00001 _43=-0.15 (aspect 1.778)
camera: pos 214.2 10.2 221.3 | proj _11=1.6057 _22=2.8546 _33=1.00001 _43=-0.15 (aspect 1.778)
camera: pos 211.0 9.7 221.8 | proj _11=1.6183 _22=2.8769 _33=1.00001 _43=-0.15 (aspect 1.778)
camera: pos 212.1 9.6 218.0 | proj _11=1.6361 _22=2.9086 _33=1.00001 _43=-0.15 (aspect 1.778)
camera: pos 212.3 9.6 217.6 | proj _11=1.6523 _22=2.9374 _33=1.00001 _43=-0.15 (aspect 1.778)
camera: pos 212.3 9.6 217.5 | proj _11=1.6635 _22=2.9572 _33=1.00001 _43=-0.15 (aspect 1.778)
camera: pos 212.4 9.6 217.4 | proj _11=1.6766 _22=2.9805 _33=1.00001 _43=-0.15 (aspect 1.778)
camera: pos 212.4 9.6 217.4 | proj _11=1.6901 _22=3.0045 _33=1.00001 _43=-0.15 (aspect 1.778)
camera: pos 212.4 9.6 217.4 | proj _11=1.7027 _22=3.0270 _33=1.00001 _43=-0.15 (aspect 1.778)
camera: pos 212.3 9.6 217.4 | proj _11=1.7141 _22=3.0473 _33=1.00001 _43=-0.15 (aspect 1.778)
camera: pos 212.3 9.6 217.4 | proj _11=1.7243 _22=3.0654 _33=1.00001 _43=-0.15 (aspect 1.778)
camera: pos 212.3 9.6 217.4 | proj _11=1.7344 _22=3.0832 _33=1.00001 _43=-0.15 (aspect 1.778)
camera: pos 212.2 9.5 217.5 | proj _11=1.7498 _22=3.1106 _33=1.00001 _43=-0.15 (aspect 1.778)
camera: pos 212.1 9.5 217.5 | proj _11=1.7599 _22=3.1286 _33=1.00001 _43=-0.15 (aspect 1.778)
camera: pos 212.1 9.5 217.5 | proj _11=1.7744 _22=3.1545 _33=1.00001 _43=-0.15 (aspect 1.778)
camera: pos 212.0 9.5 217.5 | proj _11=1.7891 _22=3.1806 _33=1.00001 _43=-0.15 (aspect 1.778)
camera: pos 212.2 9.8 218.2 | proj _11=1.7750 _22=3.1555 _33=1.00001 _43=-0.15 (aspect 1.778)
camera: pos 212.3 10.0 218.6 | proj _11=1.7615 _22=3.1315 _33=1.00001 _43=-0.15 (aspect 1.778)
camera: pos 212.5 10.2 219.1 | proj _11=1.7436 _22=3.0997 _33=1.00001 _43=-0.15 (aspect 1.778)
camera: pos 212.5 10.5 219.7 | proj _11=1.7233 _22=3.0636 _33=1.00001 _43=-0.15 (aspect 1.778)
camera: pos 212.5 10.8 220.4 | proj _11=1.6981 _22=3.0188 _33=1.00001 _43=-0.15 (aspect 1.778)
camera: pos 212.5 11.1 221.3 | proj _11=1.6694 _22=2.9678 _33=1.00001 _43=-0.15 (aspect 1.778)
frame 3600 | draws 2694/frame | FFP converted 811/frame (30.1%)
    not converted: screen-space 21  skinned 304  ortho 0  vertex-format 17  untextured 1102  instanced 0  mirrored 0  other-camera 347  no camera 0  other 90 (per frame)
    instancing: 1010 converted from the instance stream/frame, 0 refused/frame (largest single draw 1 instances, 0.6 buffer writes snooped/frame)
    SKIPPED entirely 0/frame (mode 3) | demoted to UI overlay 0/frame | no-albedo materials left to Remix 201/frame
    MARKED with the marker texture 1102/frame (refused as unsafe 437/frame, 2205 SetTexture calls/frame, marker created)
    albedo: moved off stage 0 145/frame, blanked 201/frame, restored from mesh cache 235/frame (4096 meshes cached) | RT textures known 55 | lights 90.0/frame (24 shaders)
    camera 212.5 11.1 221.3 | distinct cameras this frame 1 (max 1) | transform writes 591/frame | redundant state calls dropped 16206/frame
    world matrix changes 590/frame | objTM used without a fresh upload 0/frame | uv matrix writes 18/frame (last scale 0.00098, 0.00098)
    TIMING: frame 32.7 ms avg (31 fps), worst 85 ms | shim 4.01 ms avg (12.3% of frame), worst 12.3 ms
    converted -> target 14E69DB0 1280x720 fmt=34 : 155 draws/frame
    converted -> target 14E746D8 1280x720 fmt=113 : 625 draws/frame
    converted -> target 14E69020 1280x720 fmt=113 : 30 draws/frame
    converted -> target 14E68E30 1280x720 fmt=21 : 1 draws/frame
camera: pos 212.2 11.4 222.0 | proj _11=1.6457 _22=2.9256 _33=1.00001 _43=-0.15 (aspect 1.778)
camera: pos 211.8 11.6 222.7 | proj _11=1.6245 _22=2.8880 _33=1.00001 _43=-0.15 (aspect 1.778)
camera: pos 211.1 11.8 223.2 | proj _11=1.6078 _22=2.8583 _33=1.00001 _43=-0.15 (aspect 1.778)
camera: pos 210.3 11.9 223.5 | proj _11=1.5948 _22=2.8352 _33=1.00001 _43=-0.15 (aspect 1.778)
camera: pos 208.6 12.0 223.4 | proj _11=1.5785 _22=2.8061 _33=1.00001 _43=-0.15 (aspect 1.778)
camera: pos 205.0 11.8 219.2 | proj _11=1.5676 _22=2.7868 _33=1.00001 _43=-0.15 (aspect 1.778)
camera: pos 205.3 11.6 216.8 | proj _11=1.5572 _22=2.7683 _33=1.00001 _43=-0.15 (aspect 1.778)
camera: pos 206.2 11.6 216.3 | proj _11=1.5468 _22=2.7498 _33=1.00001 _43=-0.15 (aspect 1.778)
camera: pos 207.2 11.6 216.1 | proj _11=1.5607 _22=2.7744 _33=1.00001 _43=-0.15 (aspect 1.778)
camera: pos 207.4 11.6 216.1 | proj _11=1.5778 _22=2.8049 _33=1.00001 _43=-0.15 (aspect 1.778)
camera: pos 207.5 11.6 216.1 | proj _11=1.5917 _22=2.8297 _33=1.00001 _43=-0.15 (aspect 1.778)
camera: pos 207.6 11.6 216.1 | proj _11=1.6041 _22=2.8517 _33=1.00001 _43=-0.15 (aspect 1.778)
frame 4200 | draws 3003/frame | FFP converted 904/frame (30.1%)
    not converted: screen-space 23  skinned 366  ortho 0  vertex-format 22  untextured 1193  instanced 0  mirrored 0  other-camera 410  no camera 0  other 86 (per frame)
    instancing: 1148 converted from the instance stream/frame, 0 refused/frame (largest single draw 1 instances, 0.7 buffer writes snooped/frame)
    SKIPPED entirely 0/frame (mode 3) | demoted to UI overlay 0/frame | no-albedo materials left to Remix 212/frame
    MARKED with the marker texture 1193/frame (refused as unsafe 496/frame, 2385 SetTexture calls/frame, marker created)
    albedo: moved off stage 0 155/frame, blanked 212/frame, restored from mesh cache 271/frame (4096 meshes cached) | RT textures known 55 | lights 85.6/frame (24 shaders)
    camera 207.6 11.6 216.2 | distinct cameras this frame 1 (max 1) | transform writes 665/frame | redundant state calls dropped 18053/frame
    world matrix changes 664/frame | objTM used without a fresh upload 0/frame | uv matrix writes 21/frame (last scale 0.00098, 0.00098)
    TIMING: frame 32.5 ms avg (31 fps), worst 64 ms | shim 4.46 ms avg (13.7% of frame), worst 10.6 ms
    converted -> target 14E69DB0 1280x720 fmt=34 : 168 draws/frame
    converted -> target 14E746D8 1280x720 fmt=113 : 700 draws/frame
    converted -> target 14E69020 1280x720 fmt=113 : 35 draws/frame
    converted -> target 14E68E30 1280x720 fmt=21 : 1 draws/frame
camera: pos 207.7 11.6 216.2 | proj _11=1.5910 _22=2.8283 _33=1.00001 _43=-0.15 (aspect 1.778)
camera: pos 207.8 11.5 215.2 | proj _11=1.5807 _22=2.8101 _33=1.00001 _43=-0.15 (aspect 1.778)
camera: pos 209.2 11.2 212.0 | proj _11=1.5700 _22=2.7910 _33=1.00001 _43=-0.15 (aspect 1.778)
camera: pos 212.0 11.3 211.1 | proj _11=1.5600 _22=2.7732 _33=1.00001 _43=-0.15 (aspect 1.778)
camera: pos 213.0 10.5 212.1 | proj _11=1.5497 _22=2.7549 _33=1.00001 _43=-0.15 (aspect 1.778)
camera: pos 213.5 10.4 212.8 | proj _11=1.5385 _22=2.7351 _33=1.00001 _43=-0.15 (aspect 1.778)
camera: pos 214.1 10.3 213.3 | proj _11=1.5272 _22=2.7150 _33=1.00001 _43=-0.15 (aspect 1.778)
camera: pos 213.9 10.9 214.5 | proj _11=1.5169 _22=2.6967 _33=1.00001 _43=-0.15 (aspect 1.778)
camera: pos 214.0 11.1 215.8 | proj _11=1.5063 _22=2.6778 _33=1.00001 _43=-0.15 (aspect 1.778)
camera: pos 214.7 11.1 216.4 | proj _11=1.4945 _22=2.6568 _33=1.00001 _43=-0.15 (aspect 1.778)
camera: pos 216.0 10.7 217.1 | proj _11=1.4841 _22=2.6383 _33=1.00001 _43=-0.15 (aspect 1.778)
camera: pos 217.5 10.4 218.0 | proj _11=1.4721 _22=2.6171 _33=1.00001 _43=-0.15 (aspect 1.778)
camera: pos 219.0 10.4 218.8 | proj _11=1.4611 _22=2.5975 _33=1.00001 _43=-0.15 (aspect 1.778)
camera: pos 220.1 10.8 219.9 | proj _11=1.4511 _22=2.5797 _33=1.00001 _43=-0.15 (aspect 1.778)
camera: pos 222.2 11.6 219.8 | proj _11=1.4399 _22=2.5597 _33=1.00001 _43=-0.15 (aspect 1.778)
camera: pos 223.5 11.6 219.8 | proj _11=1.4282 _22=2.5390 _33=1.00001 _43=-0.15 (aspect 1.778)
camera: pos 224.7 11.2 220.2 | proj _11=1.4163 _22=2.5179 _33=1.00001 _43=-0.15 (aspect 1.778)
camera: pos 225.9 10.9 220.5 | proj _11=1.4061 _22=2.4997 _33=1.00001 _43=-0.15 (aspect 1.778)
camera: pos 228.8 10.6 221.2 | proj _11=1.4196 _22=2.5236 _33=1.00001 _43=-0.15 (aspect 1.778)
camera: pos 229.7 10.5 221.0 | proj _11=1.4306 _22=2.5432 _33=1.00001 _43=-0.15 (aspect 1.778)
camera: pos 230.5 10.4 220.4 | proj _11=1.4458 _22=2.5703 _33=1.00001 _43=-0.15 (aspect 1.778)
camera: pos 231.6 10.2 219.0 | proj _11=1.4635 _22=2.6018 _33=1.00001 _43=-0.15 (aspect 1.778)
camera: pos 233.4 10.2 217.0 | proj _11=1.4828 _22=2.6360 _33=1.00001 _43=-0.15 (aspect 1.778)
camera: pos 235.5 10.1 215.6 | proj _11=1.5004 _22=2.6674 _33=1.00001 _43=-0.15 (aspect 1.778)
camera: pos 236.7 10.1 215.0 | proj _11=1.5105 _22=2.6854 _33=1.00001 _43=-0.15 (aspect 1.778)
camera: pos 239.1 10.1 214.4 | proj _11=1.5284 _22=2.7171 _33=1.00001 _43=-0.15 (aspect 1.778)
camera: pos 239.9 10.2 214.3 | proj _11=1.5416 _22=2.7405 _33=1.00001 _43=-0.15 (aspect 1.778)
camera: pos 240.1 10.2 214.3 | proj _11=1.5542 _22=2.7629 _33=1.00001 _43=-0.15 (aspect 1.778)
camera: pos 240.2 10.2 214.3 | proj _11=1.5657 _22=2.7834 _33=1.00001 _43=-0.15 (aspect 1.778)
camera: pos 240.3 10.1 214.2 | proj _11=1.5757 _22=2.8012 _33=1.00001 _43=-0.15 (aspect 1.778)
camera: pos 240.4 10.1 214.2 | proj _11=1.5864 _22=2.8203 _33=1.00001 _43=-0.15 (aspect 1.778)
camera: pos 241.8 9.9 214.2 | proj _11=1.5971 _22=2.8392 _33=1.00001 _43=-0.15 (aspect 1.778)
camera: pos 249.1 9.8 221.4 | proj _11=1.5866 _22=2.8205 _33=1.00001 _43=-0.15 (aspect 1.778)
camera: pos 248.9 9.8 221.4 | proj _11=1.5750 _22=2.7999 _33=1.00001 _43=-0.15 (aspect 1.778)
camera: pos 248.6 9.3 223.2 | proj _11=1.5638 _22=2.7800 _33=1.00001 _43=-0.15 (aspect 1.778)
camera: pos 248.1 9.2 223.7 | proj _11=1.5527 _22=2.7602 _33=1.00001 _43=-0.15 (aspect 1.778)
camera: pos 247.5 9.2 224.2 | proj _11=1.5391 _22=2.7360 _33=1.00001 _43=-0.15 (aspect 1.778)
camera: pos 246.9 9.1 224.3 | proj _11=1.5290 _22=2.7182 _33=1.00001 _43=-0.15 (aspect 1.778)
camera: pos 246.0 9.8 223.9 | proj _11=1.5179 _22=2.6984 _33=1.00001 _43=-0.15 (aspect 1.778)
camera: pos 244.2 10.3 223.4 | proj _11=1.5074 _22=2.6798 _33=1.00001 _43=-0.15 (aspect 1.778)
camera: pos 242.3 10.5 224.7 | proj _11=1.4960 _22=2.6595 _33=1.00001 _43=-0.15 (aspect 1.778)
camera: pos 240.9 10.5 225.3 | proj _11=1.4860 _22=2.6417 _33=1.00001 _43=-0.15 (aspect 1.778)
camera: pos 239.6 10.5 226.2 | proj _11=1.4753 _22=2.6227 _33=1.00001 _43=-0.15 (aspect 1.778)
camera: pos 238.1 10.5 227.9 | proj _11=1.4643 _22=2.6032 _33=1.00001 _43=-0.15 (aspect 1.778)
camera: pos 236.9 10.5 230.0 | proj _11=1.4541 _22=2.5850 _33=1.00001 _43=-0.15 (aspect 1.778)
camera: pos 236.2 10.4 232.2 | proj _11=1.4685 _22=2.6106 _33=1.00001 _43=-0.15 (aspect 1.778)
camera: pos 236.1 10.3 232.8 | proj _11=1.4870 _22=2.6435 _33=1.00001 _43=-0.15 (aspect 1.778)
camera: pos 236.1 10.2 233.3 | proj _11=1.5068 _22=2.6787 _33=1.00001 _43=-0.15 (aspect 1.778)
camera: pos 236.0 10.2 233.5 | proj _11=1.5183 _22=2.6992 _33=1.00001 _43=-0.15 (aspect 1.778)
camera: pos 236.0 10.2 233.7 | proj _11=1.5295 _22=2.7190 _33=1.00001 _43=-0.15 (aspect 1.778)
camera: pos 236.0 10.1 233.9 | proj _11=1.5396 _22=2.7369 _33=1.00001 _43=-0.15 (aspect 1.778)
camera: pos 236.0 10.1 234.0 | proj _11=1.5499 _22=2.7553 _33=1.00001 _43=-0.15 (aspect 1.778)
camera: pos 236.0 10.1 234.1 | proj _11=1.5599 _22=2.7731 _33=1.00001 _43=-0.15 (aspect 1.778)
camera: pos 236.0 10.1 234.2 | proj _11=1.5703 _22=2.7916 _33=1.00001 _43=-0.15 (aspect 1.778)
camera: pos 236.0 10.1 234.3 | proj _11=1.5816 _22=2.8117 _33=1.00001 _43=-0.15 (aspect 1.778)
camera: pos 236.0 10.0 234.4 | proj _11=1.5995 _22=2.8435 _33=1.00001 _43=-0.15 (aspect 1.778)
camera: pos 236.1 9.7 233.6 | proj _11=1.5884 _22=2.8238 _33=1.00001 _43=-0.15 (aspect 1.778)
camera: pos 236.0 9.7 233.4 | proj _11=1.5760 _22=2.8017 _33=1.00001 _43=-0.15 (aspect 1.778)
camera: pos 236.0 9.6 232.4 | proj _11=1.5641 _22=2.7805 _33=1.00001 _43=-0.15 (aspect 1.778)
camera: pos 235.8 9.5 232.1 | proj _11=1.5530 _22=2.7608 _33=1.00001 _43=-0.15 (aspect 1.778)
camera: pos 235.5 9.3 231.5 | proj _11=1.5428 _22=2.7427 _33=1.00001 _43=-0.15 (aspect 1.778)
camera: pos 234.8 9.0 230.9 | proj _11=1.5322 _22=2.7239 _33=1.00001 _43=-0.15 (aspect 1.778)
camera: pos 234.1 9.0 230.3 | proj _11=1.5190 _22=2.7005 _33=1.00001 _43=-0.15 (aspect 1.778)
camera: pos 233.5 9.1 229.3 | proj _11=1.5057 _22=2.6767 _33=1.00001 _43=-0.15 (aspect 1.778)
camera: pos 232.2 9.3 228.3 | proj _11=1.4949 _22=2.6576 _33=1.00001 _43=-0.15 (aspect 1.778)
camera: pos 230.7 9.6 227.8 | proj _11=1.4833 _22=2.6370 _33=1.00001 _43=-0.15 (aspect 1.778)
camera: pos 229.2 9.8 227.6 | proj _11=1.4721 _22=2.6170 _33=1.00001 _43=-0.15 (aspect 1.778)
camera: pos 227.7 10.1 227.8 | proj _11=1.4620 _22=2.5991 _33=1.00001 _43=-0.15 (aspect 1.778)
camera: pos 226.1 10.1 227.7 | proj _11=1.4489 _22=2.5758 _33=1.00001 _43=-0.15 (aspect 1.778)
camera: pos 225.0 10.2 227.5 | proj _11=1.4387 _22=2.5576 _33=1.00001 _43=-0.15 (aspect 1.778)
camera: pos 223.9 10.2 227.5 | proj _11=1.4285 _22=2.5394 _33=1.00001 _43=-0.15 (aspect 1.778)
camera: pos 221.4 10.4 227.2 | proj _11=1.4176 _22=2.5200 _33=1.00001 _43=-0.15 (aspect 1.778)
camera: pos 219.7 10.4 227.1 | proj _11=1.4049 _22=2.4976 _33=1.00001 _43=-0.15 (aspect 1.778)
camera: pos 218.4 10.4 226.9 | proj _11=1.3946 _22=2.4792 _33=1.00001 _43=-0.15 (aspect 1.778)
camera: pos 216.9 10.4 226.7 | proj _11=1.3838 _22=2.4601 _33=1.00001 _43=-0.15 (aspect 1.778)
camera: pos 214.9 10.4 226.4 | proj _11=1.3709 _22=2.4372 _33=1.00001 _43=-0.15 (aspect 1.778)
camera: pos 213.3 10.4 226.1 | proj _11=1.3604 _22=2.4185 _33=1.00001 _43=-0.15 (aspect 1.778)
camera: pos 209.3 10.4 225.5 | proj _11=1.3478 _22=2.3961 _33=1.00001 _43=-0.15 (aspect 1.778)
camera: pos 206.9 10.4 225.2 | proj _11=1.3366 _22=2.3761 _33=1.00001 _43=-0.15 (aspect 1.778)
camera: pos 203.7 10.4 224.7 | proj _11=1.3249 _22=2.3553 _33=1.00001 _43=-0.15 (aspect 1.778)
camera: pos 191.2 10.4 222.1 | proj _11=1.4732 _22=2.6190 _33=1.00001 _43=-0.15 (aspect 1.778)
camera: pos 190.0 10.4 222.3 | proj _11=1.4931 _22=2.6544 _33=1.00001 _43=-0.15 (aspect 1.778)
camera: pos 189.1 10.5 222.3 | proj _11=1.5049 _22=2.6753 _33=1.00001 _43=-0.15 (aspect 1.778)
camera: pos 187.6 10.6 222.2 | proj _11=1.5150 _22=2.6933 _33=1.00001 _43=-0.15 (aspect 1.778)
camera: pos 184.9 10.5 221.9 | proj _11=1.5036 _22=2.6730 _33=1.00001 _43=-0.15 (aspect 1.778)
camera: pos 183.9 10.4 221.8 | proj _11=1.4902 _22=2.6492 _33=1.00001 _43=-0.15 (aspect 1.778)
camera: pos 182.4 10.4 221.9 | proj _11=1.4785 _22=2.6284 _33=1.00001 _43=-0.15 (aspect 1.778)
camera: pos 180.7 10.4 222.2 | proj _11=1.4679 _22=2.6095 _33=1.00001 _43=-0.15 (aspect 1.778)
camera: pos 179.2 10.4 222.4 | proj _11=1.4536 _22=2.5842 _33=1.00001 _43=-0.15 (aspect 1.778)
camera: pos 178.1 10.4 222.5 | proj _11=1.4418 _22=2.5631 _33=1.00001 _43=-0.15 (aspect 1.778)
camera: pos 176.8 10.4 222.6 | proj _11=1.4301 _22=2.5423 _33=1.00001 _43=-0.15 (aspect 1.778)
camera: pos 175.4 10.4 222.7 | proj _11=1.4180 _22=2.5208 _33=1.00001 _43=-0.15 (aspect 1.778)
camera: pos 173.9 10.4 222.8 | proj _11=1.4059 _22=2.4992 _33=1.00001 _43=-0.15 (aspect 1.778)
camera: pos 171.4 10.4 222.9 | proj _11=1.3931 _22=2.4765 _33=1.00001 _43=-0.15 (aspect 1.778)
camera: pos 169.6 10.4 223.0 | proj _11=1.3807 _22=2.4546 _33=1.00001 _43=-0.15 (aspect 1.778)
camera: pos 167.8 10.4 223.0 | proj _11=1.3691 _22=2.4339 _33=1.00001 _43=-0.15 (aspect 1.778)
camera: pos 165.3 10.4 223.1 | proj _11=1.3589 _22=2.4158 _33=1.00001 _43=-0.15 (aspect 1.778)
camera: pos 162.7 10.4 223.1 | proj _11=1.3457 _22=2.3923 _33=1.00001 _43=-0.15 (aspect 1.778)
camera: pos 159.8 10.4 223.0 | proj _11=1.3327 _22=2.3691 _33=1.00001 _43=-0.15 (aspect 1.778)
camera: pos 140.7 10.5 221.3 | proj _11=1.3213 _22=2.3489 _33=1.00001 _43=-0.15 (aspect 1.778)
camera: pos 137.1 10.4 221.1 | proj _11=1.3106 _22=2.3298 _33=1.00001 _43=-0.15 (aspect 1.778)
camera: pos 133.2 10.4 220.9 | proj _11=1.2993 _22=2.3098 _33=1.00001 _43=-0.15 (aspect 1.778)
frame 4800 | draws 3182/frame | FFP converted 969/frame (30.4%)
    not converted: screen-space 25  skinned 405  ortho 0  vertex-format 24  untextured 1254  instanced 0  mirrored 0  other-camera 418  no camera 0  other 88 (per frame)
    instancing: 1208 converted from the instance stream/frame, 0 refused/frame (largest single draw 1 instances, 0.7 buffer writes snooped/frame)
    SKIPPED entirely 0/frame (mode 3) | demoted to UI overlay 0/frame | no-albedo materials left to Remix 227/frame
    MARKED with the marker texture 1254/frame (refused as unsafe 506/frame, 2508 SetTexture calls/frame, marker created)
    albedo: moved off stage 0 172/frame, blanked 226/frame, restored from mesh cache 287/frame (4096 meshes cached) | RT textures known 55 | lights 88.1/frame (24 shaders)
    camera 131.7 10.5 220.8 | distinct cameras this frame 1 (max 1) | transform writes 711/frame | redundant state calls dropped 19347/frame
    world matrix changes 710/frame | objTM used without a fresh upload 0/frame | uv matrix writes 22/frame (last scale 0.00098, 0.00098)
    TIMING: frame 32.7 ms avg (31 fps), worst 79 ms | shim 4.76 ms avg (14.6% of frame), worst 10.3 ms
    converted -> target 14E69DB0 1280x720 fmt=34 : 186 draws/frame
    converted -> target 14E746D8 1280x720 fmt=113 : 744 draws/frame
    converted -> target 14E69020 1280x720 fmt=113 : 38 draws/frame
    converted -> target 14E68E30 1280x720 fmt=21 : 1 draws/frame
camera: pos 128.8 10.4 220.7 | proj _11=1.2874 _22=2.2886 _33=1.00001 _43=-0.15 (aspect 1.778)
camera: pos 124.2 10.4 220.5 | proj _11=1.2759 _22=2.2682 _33=1.00001 _43=-0.15 (aspect 1.778)
camera: pos 119.9 10.4 220.4 | proj _11=1.2655 _22=2.2497 _33=1.00001 _43=-0.15 (aspect 1.778)
camera: pos 115.4 10.4 220.3 | proj _11=1.2550 _22=2.2311 _33=1.00001 _43=-0.15 (aspect 1.778)
camera: pos 102.6 10.3 219.3 | proj _11=1.2433 _22=2.2103 _33=1.00001 _43=-0.15 (aspect 1.778)
camera: pos 96.4 10.2 218.3 | proj _11=1.2333 _22=2.1925 _33=1.00001 _43=-0.15 (aspect 1.778)
camera: pos 81.9 10.2 216.0 | proj _11=1.2228 _22=2.1739 _33=1.00001 _43=-0.15 (aspect 1.778)
camera: pos 80.3 10.2 215.9 | proj _11=1.3040 _22=2.3182 _33=1.00001 _43=-0.15 (aspect 1.778)
camera: pos 75.2 10.1 215.6 | proj _11=1.3334 _22=2.3704 _33=1.00001 _43=-0.15 (aspect 1.778)
camera: pos 73.7 10.1 215.6 | proj _11=1.3462 _22=2.3932 _33=1.00001 _43=-0.15 (aspect 1.778)
camera: pos 70.1 10.1 215.7 | proj _11=1.3571 _22=2.4126 _33=1.00001 _43=-0.15 (aspect 1.778)
camera: pos 66.1 10.2 216.1 | proj _11=1.3681 _22=2.4321 _33=1.00001 _43=-0.15 (aspect 1.778)
camera: pos 64.2 10.2 216.4 | proj _11=1.3801 _22=2.4535 _33=1.00001 _43=-0.15 (aspect 1.778)
camera: pos 61.1 10.3 216.9 | proj _11=1.3923 _22=2.4751 _33=1.00001 _43=-0.15 (aspect 1.778)
camera: pos 59.8 10.3 217.1 | proj _11=1.4052 _22=2.4980 _33=1.00001 _43=-0.15 (aspect 1.778)
camera: pos 58.6 10.3 217.4 | proj _11=1.4182 _22=2.5212 _33=1.00001 _43=-0.15 (aspect 1.778)
camera: pos 57.4 10.3 217.6 | proj _11=1.4289 _22=2.5403 _33=1.00001 _43=-0.15 (aspect 1.778)
camera: pos 55.6 10.4 217.8 | proj _11=1.4402 _22=2.5602 _33=1.00001 _43=-0.15 (aspect 1.778)
camera: pos 52.8 10.4 218.1 | proj _11=1.4289 _22=2.5402 _33=1.00001 _43=-0.15 (aspect 1.778)
camera: pos 51.0 10.4 218.4 | proj _11=1.4178 _22=2.5206 _33=1.00001 _43=-0.15 (aspect 1.778)
camera: pos 49.2 10.3 218.8 | proj _11=1.4056 _22=2.4988 _33=1.00001 _43=-0.15 (aspect 1.778)
camera: pos 47.0 10.3 219.3 | proj _11=1.3932 _22=2.4768 _33=1.00001 _43=-0.15 (aspect 1.778)
camera: pos 45.3 10.3 219.7 | proj _11=1.3830 _22=2.4585 _33=1.00001 _43=-0.15 (aspect 1.778)
camera: pos 40.6 10.4 220.7 | proj _11=1.3702 _22=2.4359 _33=1.00001 _43=-0.15 (aspect 1.778)
camera: pos 38.6 10.4 221.1 | proj _11=1.3589 _22=2.4158 _33=1.00001 _43=-0.15 (aspect 1.778)
camera: pos 36.4 10.4 221.5 | proj _11=1.3487 _22=2.3977 _33=1.00001 _43=-0.15 (aspect 1.778)
camera: pos 30.2 10.4 222.4 | proj _11=1.3373 _22=2.3773 _33=1.00001 _43=-0.15 (aspect 1.778)
camera: pos 2.6 10.4 224.2 | proj _11=1.3259 _22=2.3572 _33=1.00001 _43=-0.15 (aspect 1.778)
camera: pos -2.1 10.4 224.2 | proj _11=1.3153 _22=2.3382 _33=1.00001 _43=-0.15 (aspect 1.778)
camera: pos -7.6 10.4 224.1 | proj _11=1.3040 _22=2.3182 _33=1.00001 _43=-0.15 (aspect 1.778)
camera: pos -16.3 10.4 223.7 | proj _11=1.2934 _22=2.2992 _33=1.00001 _43=-0.15 (aspect 1.778)
camera: pos -34.4 10.4 222.6 | proj _11=1.3037 _22=2.3176 _33=1.00001 _43=-0.15 (aspect 1.778)
camera: pos -37.3 10.5 222.5 | proj _11=1.3140 _22=2.3359 _33=1.00001 _43=-0.15 (aspect 1.778)
camera: pos -41.6 10.5 222.5 | proj _11=1.3244 _22=2.3545 _33=1.00001 _43=-0.15 (aspect 1.778)
camera: pos -42.0 10.5 222.6 | proj _11=1.3416 _22=2.3849 _33=1.00001 _43=-0.15 (aspect 1.778)
camera: pos -46.9 10.6 225.2 | proj _11=1.3521 _22=2.4037 _33=1.00001 _43=-0.15 (aspect 1.778)
camera: pos -49.9 10.3 226.7 | proj _11=1.3623 _22=2.4219 _33=1.00001 _43=-0.15 (aspect 1.778)
camera: pos -54.6 10.4 229.1 | proj _11=1.3726 _22=2.4401 _33=1.00001 _43=-0.15 (aspect 1.778)
camera: pos -60.8 10.4 233.2 | proj _11=1.3833 _22=2.4592 _33=1.00001 _43=-0.15 (aspect 1.778)
camera: pos -63.0 10.4 235.9 | proj _11=1.3943 _22=2.4787 _33=1.00001 _43=-0.15 (aspect 1.778)
camera: pos -65.6 10.3 242.0 | proj _11=1.3827 _22=2.4581 _33=1.00001 _43=-0.15 (aspect 1.778)
camera: pos -66.2 10.3 245.1 | proj _11=1.3720 _22=2.4390 _33=1.00001 _43=-0.15 (aspect 1.778)
camera: pos -66.2 10.3 246.7 | proj _11=1.3620 _22=2.4212 _33=1.00001 _43=-0.15 (aspect 1.778)
camera: pos -66.2 10.3 248.8 | proj _11=1.3517 _22=2.4031 _33=1.00001 _43=-0.15 (aspect 1.778)
camera: pos -66.1 10.3 251.6 | proj _11=1.3404 _22=2.3828 _33=1.00001 _43=-0.15 (aspect 1.778)
camera: pos -65.8 10.3 254.6 | proj _11=1.3303 _22=2.3648 _33=1.00001 _43=-0.15 (aspect 1.778)
camera: pos -64.0 10.4 11.3 | proj _11=1.4164 _22=2.5181 _33=1.00001 _43=-0.15 (aspect 1.778)
camera: pos -63.6 10.4 13.8 | proj _11=1.4276 _22=2.5380 _33=1.00001 _43=-0.15 (aspect 1.778)
camera: pos -63.2 10.5 15.5 | proj _11=1.4384 _22=2.5571 _33=1.00001 _43=-0.15 (aspect 1.778)
camera: pos -62.9 10.5 16.7 | proj _11=1.4492 _22=2.5763 _33=1.00001 _43=-0.15 (aspect 1.778)
camera: pos -62.5 10.5 17.8 | proj _11=1.4622 _22=2.5995 _33=1.00001 _43=-0.15 (aspect 1.778)
camera: pos -61.8 10.5 19.6 | proj _11=1.4725 _22=2.6176 _33=1.00001 _43=-0.15 (aspect 1.778)
camera: pos -60.6 10.5 23.0 | proj _11=1.4616 _22=2.5983 _33=1.00001 _43=-0.15 (aspect 1.778)
camera: pos -60.3 10.5 24.0 | proj _11=1.4516 _22=2.5805 _33=1.00001 _43=-0.15 (aspect 1.778)
camera: pos -59.7 10.5 25.3 | proj _11=1.4392 _22=2.5586 _33=1.00001 _43=-0.15 (aspect 1.778)
camera: pos -58.5 10.5 28.3 | proj _11=1.4283 _22=2.5392 _33=1.00001 _43=-0.15 (aspect 1.778)
camera: pos -58.0 10.5 29.8 | proj _11=1.4178 _22=2.5205 _33=1.00001 _43=-0.15 (aspect 1.778)
camera: pos -57.4 10.5 31.5 | proj _11=1.4058 _22=2.4991 _33=1.00001 _43=-0.15 (aspect 1.778)
camera: pos -56.6 10.5 34.2 | proj _11=1.3956 _22=2.4810 _33=1.00001 _43=-0.15 (aspect 1.778)
camera: pos -55.5 10.5 38.5 | proj _11=1.3846 _22=2.4614 _33=1.00001 _43=-0.15 (aspect 1.778)
camera: pos -55.1 10.5 41.3 | proj _11=1.3722 _22=2.4394 _33=1.00001 _43=-0.15 (aspect 1.778)
camera: pos -55.0 10.5 43.3 | proj _11=1.3610 _22=2.4195 _33=1.00001 _43=-0.15 (aspect 1.778)
camera: pos -54.9 10.5 45.3 | proj _11=1.3508 _22=2.4014 _33=1.00001 _43=-0.15 (aspect 1.778)
camera: pos -54.8 10.4 49.4 | proj _11=1.3404 _22=2.3829 _33=1.00001 _43=-0.15 (aspect 1.778)
camera: pos -54.8 10.4 52.8 | proj _11=1.3295 _22=2.3636 _33=1.00001 _43=-0.15 (aspect 1.778)
camera: pos -54.6 10.3 66.7 | proj _11=1.3195 _22=2.3458 _33=1.00001 _43=-0.15 (aspect 1.778)
camera: pos -54.6 10.4 71.2 | proj _11=1.3089 _22=2.3268 _33=1.00001 _43=-0.15 (aspect 1.778)
camera: pos -54.5 10.4 78.0 | proj _11=1.2981 _22=2.3076 _33=1.00001 _43=-0.15 (aspect 1.778)
frame 5400 | draws 3254/frame | FFP converted 1002/frame (30.8%)
    not converted: screen-space 26  skinned 425  ortho 0  vertex-format 24  untextured 1284  instanced 0  mirrored 0  other-camera 406  no camera 0  other 87 (per frame)
    instancing: 1213 converted from the instance stream/frame, 0 refused/frame (largest single draw 1 instances, 0.7 buffer writes snooped/frame)
    SKIPPED entirely 0/frame (mode 3) | demoted to UI overlay 0/frame | no-albedo materials left to Remix 232/frame
    MARKED with the marker texture 1284/frame (refused as unsafe 494/frame, 2568 SetTexture calls/frame, marker created)
    albedo: moved off stage 0 182/frame, blanked 232/frame, restored from mesh cache 287/frame (4096 meshes cached) | RT textures known 55 | lights 87.3/frame (24 shaders)
    camera -54.6 10.5 79.0 | distinct cameras this frame 1 (max 1) | transform writes 730/frame | redundant state calls dropped 20005/frame
    world matrix changes 728/frame | objTM used without a fresh upload 0/frame | uv matrix writes 23/frame (last scale 0.00098, 0.00098)
    TIMING: frame 32.3 ms avg (31 fps), worst 80 ms | shim 4.92 ms avg (15.2% of frame), worst 13.8 ms
    converted -> target 14E69DB0 1280x720 fmt=34 : 196 draws/frame
    converted -> target 14E746D8 1280x720 fmt=113 : 761 draws/frame
    converted -> target 14E69020 1280x720 fmt=113 : 44 draws/frame
    converted -> target 14E68E30 1280x720 fmt=21 : 1 draws/frame
camera: pos -54.6 10.5 82.6 | proj _11=1.2880 _22=2.2897 _33=1.00001 _43=-0.15 (aspect 1.778)
camera: pos -54.7 10.5 87.5 | proj _11=1.2776 _22=2.2713 _33=1.00001 _43=-0.15 (aspect 1.778)
camera: pos -54.8 10.5 95.5 | proj _11=1.2666 _22=2.2517 _33=1.00001 _43=-0.15 (aspect 1.778)
camera: pos -54.8 10.5 100.8 | proj _11=1.2565 _22=2.2337 _33=1.00001 _43=-0.15 (aspect 1.778)
camera: pos -54.7 10.5 107.1 | proj _11=1.2460 _22=2.2151 _33=1.00001 _43=-0.15 (aspect 1.778)
camera: pos -54.6 10.5 114.7 | proj _11=1.2350 _22=2.1955 _33=1.00001 _43=-0.15 (aspect 1.778)
camera: pos -54.4 10.5 123.7 | proj _11=1.2240 _22=2.1759 _33=1.00001 _43=-0.15 (aspect 1.778)
camera: pos -52.2 10.3 168.4 | proj _11=1.2134 _22=2.1572 _33=1.00001 _43=-0.15 (aspect 1.778)
camera: pos -53.6 10.3 193.3 | proj _11=1.2033 _22=2.1392 _33=1.00001 _43=-0.15 (aspect 1.778)
camera: pos -54.4 10.3 205.4 | proj _11=1.1924 _22=2.1197 _33=1.00001 _43=-0.15 (aspect 1.778)
camera: pos -54.3 9.7 229.4 | proj _11=1.1823 _22=2.1019 _33=1.00001 _43=-0.15 (aspect 1.778)
camera: pos -49.4 8.8 1.2 | proj _11=1.2730 _22=2.2630 _33=1.00001 _43=-0.15 (aspect 1.778)
camera: pos -48.2 8.5 11.0 | proj _11=1.2881 _22=2.2900 _33=1.00001 _43=-0.15 (aspect 1.778)
camera: pos -48.2 8.5 11.6 | proj _11=1.3026 _22=2.3156 _33=1.00001 _43=-0.15 (aspect 1.778)
camera: pos -47.8 8.1 15.7 | proj _11=1.3133 _22=2.3347 _33=1.00001 _43=-0.15 (aspect 1.778)
camera: pos -47.8 8.2 16.7 | proj _11=1.3307 _22=2.3656 _33=1.00001 _43=-0.15 (aspect 1.778)
camera: pos -47.7 8.3 18.0 | proj _11=1.3442 _22=2.3896 _33=1.00001 _43=-0.15 (aspect 1.778)
camera: pos -47.5 8.3 19.3 | proj _11=1.3544 _22=2.4078 _33=1.00001 _43=-0.15 (aspect 1.778)
camera: pos -47.3 8.3 20.4 | proj _11=1.3651 _22=2.4267 _33=1.00001 _43=-0.15 (aspect 1.778)
camera: pos -47.0 8.2 22.1 | proj _11=1.3778 _22=2.4493 _33=1.00001 _43=-0.15 (aspect 1.778)
camera: pos -46.6 8.2 23.7 | proj _11=1.3898 _22=2.4706 _33=1.00001 _43=-0.15 (aspect 1.778)
camera: pos -46.2 8.1 25.3 | proj _11=1.4022 _22=2.4927 _33=1.00001 _43=-0.15 (aspect 1.778)
camera: pos -46.0 8.1 26.5 | proj _11=1.4150 _22=2.5154 _33=1.00001 _43=-0.15 (aspect 1.778)
camera: pos -45.6 8.1 27.9 | proj _11=1.4282 _22=2.5389 _33=1.00001 _43=-0.15 (aspect 1.778)
camera: pos -45.4 8.0 28.7 | proj _11=1.4461 _22=2.5708 _33=1.00001 _43=-0.15 (aspect 1.778)
camera: pos -45.4 8.0 29.0 | proj _11=1.4567 _22=2.5896 _33=1.00001 _43=-0.15 (aspect 1.778)
camera: pos -45.2 8.0 29.6 | proj _11=1.4744 _22=2.6211 _33=1.00001 _43=-0.15 (aspect 1.778)
camera: pos -45.1 8.0 30.1 | proj _11=1.4905 _22=2.6497 _33=1.00001 _43=-0.15 (aspect 1.778)
camera: pos -45.0 8.0 30.6 | proj _11=1.5071 _22=2.6793 _33=1.00001 _43=-0.15 (aspect 1.778)
camera: pos -44.9 8.0 31.0 | proj _11=1.5229 _22=2.7072 _33=1.00001 _43=-0.15 (aspect 1.778)
camera: pos -44.9 8.0 31.4 | proj _11=1.5382 _22=2.7345 _33=1.00001 _43=-0.15 (aspect 1.778)
camera: pos -44.8 8.0 31.7 | proj _11=1.5535 _22=2.7618 _33=1.00001 _43=-0.15 (aspect 1.778)
camera: pos -44.7 8.0 32.0 | proj _11=1.5688 _22=2.7889 _33=1.00001 _43=-0.15 (aspect 1.778)
camera: pos -44.6 8.0 32.2 | proj _11=1.5857 _22=2.8189 _33=1.00001 _43=-0.15 (aspect 1.778)
camera: pos -44.6 8.0 32.3 | proj _11=1.5957 _22=2.8368 _33=1.00001 _43=-0.15 (aspect 1.778)
camera: pos -44.3 8.0 32.5 | proj _11=1.5817 _22=2.8118 _33=1.00001 _43=-0.15 (aspect 1.778)
camera: pos -44.1 8.0 32.5 | proj _11=1.5688 _22=2.7890 _33=1.00001 _43=-0.15 (aspect 1.778)
camera: pos -43.8 8.0 32.5 | proj _11=1.5562 _22=2.7666 _33=1.00001 _43=-0.15 (aspect 1.778)
camera: pos -43.5 8.0 32.5 | proj _11=1.5440 _22=2.7449 _33=1.00001 _43=-0.15 (aspect 1.778)
camera: pos -43.2 7.9 32.3 | proj _11=1.5324 _22=2.7242 _33=1.00001 _43=-0.15 (aspect 1.778)
camera: pos -42.8 7.9 32.0 | proj _11=1.5213 _22=2.7044 _33=1.00001 _43=-0.15 (aspect 1.778)
camera: pos -42.4 7.9 31.7 | proj _11=1.5101 _22=2.6846 _33=1.00001 _43=-0.15 (aspect 1.778)
camera: pos -42.2 7.9 31.7 | proj _11=1.5757 _22=2.8011 _33=1.00001 _43=-0.15 (aspect 1.778)
camera: pos -42.0 7.8 31.9 | proj _11=1.5862 _22=2.8198 _33=1.00001 _43=-0.15 (aspect 1.778)
camera: pos -41.7 7.8 31.5 | proj _11=1.5973 _22=2.8395 _33=1.00001 _43=-0.15 (aspect 1.778)
camera: pos -41.7 7.8 31.7 | proj _11=1.5838 _22=2.8156 _33=1.00001 _43=-0.15 (aspect 1.778)
camera: pos -41.7 7.8 32.5 | proj _11=1.5729 _22=2.7962 _33=1.00001 _43=-0.15 (aspect 1.778)
camera: pos -41.9 7.8 33.1 | proj _11=1.5626 _22=2.7779 _33=1.00001 _43=-0.15 (aspect 1.778)
camera: pos -42.3 7.8 33.6 | proj _11=1.5519 _22=2.7588 _33=1.00001 _43=-0.15 (aspect 1.778)
camera: pos -42.9 7.8 34.2 | proj _11=1.5406 _22=2.7389 _33=1.00001 _43=-0.15 (aspect 1.778)
camera: pos -43.9 7.9 34.7 | proj _11=1.5293 _22=2.7187 _33=1.00001 _43=-0.15 (aspect 1.778)
camera: pos -44.9 8.0 35.0 | proj _11=1.5183 _22=2.6991 _33=1.00001 _43=-0.15 (aspect 1.778)
camera: pos -46.2 8.2 35.2 | proj _11=1.5302 _22=2.7203 _33=1.00001 _43=-0.15 (aspect 1.778)
camera: pos -46.8 8.6 35.1 | proj _11=1.4429 _22=2.5651 _33=1.00001 _43=-0.15 (aspect 1.778)
camera: pos -46.8 8.6 35.1 | proj _11=1.2991 _22=2.3095 _33=1.00001 _43=-0.15 (aspect 1.778)
frame 6000 | draws 3278/frame | FFP converted 1006/frame (30.7%)
    not converted: screen-space 29  skinned 451  ortho 0  vertex-format 24  untextured 1290  instanced 0  mirrored 0  other-camera 390  no camera 0  other 87 (per frame)
    instancing: 1186 converted from the instance stream/frame, 0 refused/frame (largest single draw 1 instances, 0.8 buffer writes snooped/frame)
    SKIPPED entirely 0/frame (mode 3) | demoted to UI overlay 0/frame | no-albedo materials left to Remix 234/frame
    MARKED with the marker texture 1290/frame (refused as unsafe 477/frame, 2581 SetTexture calls/frame, marker created)
    albedo: moved off stage 0 186/frame, blanked 234/frame, restored from mesh cache 278/frame (4096 meshes cached) | RT textures known 55 | lights 86.8/frame (24 shaders)
    camera -40.6 19.8 40.2 | distinct cameras this frame 1 (max 1) | transform writes 726/frame | redundant state calls dropped 20093/frame
    world matrix changes 725/frame | objTM used without a fresh upload 0/frame | uv matrix writes 24/frame (last scale 0.00098, 0.00098)
    TIMING: frame 32.1 ms avg (31 fps), worst 58 ms | shim 4.94 ms avg (15.4% of frame), worst 9.3 ms
    converted -> target 14E69DB0 1280x720 fmt=34 : 200 draws/frame
    converted -> target 14E746D8 1280x720 fmt=113 : 755 draws/frame
    converted -> target 14E69020 1280x720 fmt=113 : 49 draws/frame
    converted -> target 14E68E30 1280x720 fmt=21 : 1 draws/frame
camera: pos -47.8 10.3 34.0 | proj _11=1.6085 _22=2.8594 _33=1.00001 _43=-0.15 (aspect 1.778)
camera: pos 91.5 7.1 61.1 | proj _11=1.4429 _22=2.5651 _33=1.00001 _43=-0.15 (aspect 1.778)
camera: pos 91.5 8.0 62.3 | proj _11=1.6085 _22=2.8594 _33=1.00001 _43=-0.15 (aspect 1.778)
camera: pos 91.3 8.6 58.5 | proj _11=1.5974 _22=2.8397 _33=1.00001 _43=-0.15 (aspect 1.778)
camera: pos 91.8 8.6 58.6 | proj _11=1.5858 _22=2.8192 _33=1.00001 _43=-0.15 (aspect 1.778)
camera: pos 92.1 8.6 58.6 | proj _11=1.5741 _22=2.7983 _33=1.00001 _43=-0.15 (aspect 1.778)
camera: pos 92.5 8.6 58.7 | proj _11=1.5632 _22=2.7790 _33=1.00001 _43=-0.15 (aspect 1.778)
camera: pos 92.9 8.6 58.7 | proj _11=1.5532 _22=2.7612 _33=1.00001 _43=-0.15 (aspect 1.778)
camera: pos 93.5 8.5 59.0 | proj _11=1.5379 _22=2.7340 _33=1.00001 _43=-0.15 (aspect 1.778)
camera: pos 93.9 8.4 59.2 | proj _11=1.5277 _22=2.7158 _33=1.00001 _43=-0.15 (aspect 1.778)
camera: pos 94.3 8.4 59.2 | proj _11=1.5173 _22=2.6973 _33=1.00001 _43=-0.15 (aspect 1.778)
camera: pos 94.9 8.4 59.3 | proj _11=1.5018 _22=2.6699 _33=1.00001 _43=-0.15 (aspect 1.778)
camera: pos 95.3 8.4 59.3 | proj _11=1.4913 _22=2.6512 _33=1.00001 _43=-0.15 (aspect 1.778)
camera: pos 95.9 8.4 59.4 | proj _11=1.4766 _22=2.6251 _33=1.00001 _43=-0.15 (aspect 1.778)
camera: pos 96.5 8.4 59.6 | proj _11=1.4632 _22=2.6011 _33=1.00001 _43=-0.15 (aspect 1.778)
camera: pos 97.0 8.4 60.0 | proj _11=1.4492 _22=2.5763 _33=1.00001 _43=-0.15 (aspect 1.778)
camera: pos 97.6 8.4 60.2 | proj _11=1.4339 _22=2.5492 _33=1.00001 _43=-0.15 (aspect 1.778)
camera: pos 98.2 8.4 60.5 | proj _11=1.4193 _22=2.5231 _33=1.00001 _43=-0.15 (aspect 1.778)
camera: pos 98.8 8.3 60.6 | proj _11=1.4039 _22=2.4959 _33=1.00001 _43=-0.15 (aspect 1.778)
camera: pos 99.4 8.3 60.9 | proj _11=1.3938 _22=2.4778 _33=1.00001 _43=-0.15 (aspect 1.778)
camera: pos 100.1 8.3 60.7 | proj _11=1.3787 _22=2.4510 _33=1.00001 _43=-0.15 (aspect 1.778)
camera: pos 100.6 8.3 60.5 | proj _11=1.3663 _22=2.4289 _33=1.00001 _43=-0.15 (aspect 1.778)
camera: pos 101.1 8.3 60.4 | proj _11=1.3555 _22=2.4097 _33=1.00001 _43=-0.15 (aspect 1.778)
camera: pos 101.8 8.3 60.2 | proj _11=1.3404 _22=2.3828 _33=1.00001 _43=-0.15 (aspect 1.778)
camera: pos 102.4 8.4 60.5 | proj _11=1.3301 _22=2.3646 _33=1.00001 _43=-0.15 (aspect 1.778)
camera: pos 103.1 8.4 60.9 | proj _11=1.3197 _22=2.3461 _33=1.00001 _43=-0.15 (aspect 1.778)
camera: pos 103.9 8.4 61.0 | proj _11=1.3060 _22=2.3218 _33=1.00001 _43=-0.15 (aspect 1.778)
frame 6600 | draws 3429/frame | FFP converted 1068/frame (31.1%)
    not converted: screen-space 30  skinned 439  ortho 0  vertex-format 25  untextured 1390  instanced 0  mirrored 0  other-camera 392  no camera 0  other 86 (per frame)
    instancing: 1250 converted from the instance stream/frame, 0 refused/frame (largest single draw 1 instances, 0.8 buffer writes snooped/frame)
    SKIPPED entirely 0/frame (mode 3) | demoted to UI overlay 0/frame | no-albedo materials left to Remix 246/frame
    MARKED with the marker texture 1390/frame (refused as unsafe 477/frame, 2780 SetTexture calls/frame, marker created)
    albedo: moved off stage 0 188/frame, blanked 246/frame, restored from mesh cache 293/frame (4096 meshes cached) | RT textures known 55 | lights 85.7/frame (24 shaders)
    camera 103.9 8.4 61.0 | distinct cameras this frame 1 (max 1) | transform writes 770/frame | redundant state calls dropped 21332/frame
    world matrix changes 768/frame | objTM used without a fresh upload 0/frame | uv matrix writes 24/frame (last scale 0.00098, 0.00098)
    TIMING: frame 32.1 ms avg (31 fps), worst 78 ms | shim 5.19 ms avg (16.2% of frame), worst 13.9 ms
    converted -> target 14E69DB0 1280x720 fmt=34 : 203 draws/frame
    converted -> target 14E746D8 1280x720 fmt=113 : 815 draws/frame
    converted -> target 14E69020 1280x720 fmt=113 : 48 draws/frame
    converted -> target 14E68E30 1280x720 fmt=21 : 1 draws/frame
camera: pos 92.8 7.2 39.3 | proj _11=1.7959 _22=3.1926 _33=1.00001 _43=-0.15 (aspect 1.778)
camera: pos 92.8 7.2 39.3 | proj _11=1.7496 _22=3.1103 _33=1.00001 _43=-0.15 (aspect 1.778)
camera: pos 92.8 7.2 39.3 | proj _11=1.7009 _22=3.0238 _33=1.00001 _43=-0.15 (aspect 1.778)
camera: pos 92.8 7.2 39.3 | proj _11=1.6545 _22=2.9413 _33=1.00001 _43=-0.15 (aspect 1.778)
camera: pos 92.8 7.2 39.3 | proj _11=1.6247 _22=2.8883 _33=1.00001 _43=-0.15 (aspect 1.778)
camera: pos 85.2 7.8 39.7 | proj _11=1.6426 _22=2.9202 _33=1.00001 _43=-0.15 (aspect 1.778)
camera: pos 85.0 7.8 39.7 | proj _11=1.6646 _22=2.9593 _33=1.00001 _43=-0.15 (aspect 1.778)
camera: pos 84.8 7.8 39.7 | proj _11=1.6928 _22=3.0094 _33=1.00001 _43=-0.15 (aspect 1.778)
camera: pos 84.7 7.8 39.7 | proj _11=1.7198 _22=3.0574 _33=1.00001 _43=-0.15 (aspect 1.778)
camera: pos 84.7 7.7 39.7 | proj _11=1.7466 _22=3.1049 _33=1.00001 _43=-0.15 (aspect 1.778)
camera: pos 84.6 7.7 39.7 | proj _11=1.7740 _22=3.1537 _33=1.00001 _43=-0.15 (aspect 1.778)
camera: pos 84.7 7.7 39.8 | proj _11=1.7865 _22=3.1759 _33=1.00001 _43=-0.15 (aspect 1.778)
camera: pos 84.7 7.6 39.8 | proj _11=1.7988 _22=3.1978 _33=1.00001 _43=-0.15 (aspect 1.778)
camera: pos 84.7 7.6 39.8 | proj _11=1.8114 _22=3.2203 _33=1.00001 _43=-0.15 (aspect 1.778)
camera: pos 84.8 7.7 40.2 | proj _11=1.7968 _22=3.1943 _33=1.00001 _43=-0.15 (aspect 1.778)
camera: pos 84.9 7.8 40.6 | proj _11=1.7741 _22=3.1539 _33=1.00001 _43=-0.15 (aspect 1.778)
camera: pos 84.9 8.0 41.3 | proj _11=1.7405 _22=3.0942 _33=1.00001 _43=-0.15 (aspect 1.778)
camera: pos 84.7 8.2 42.2 | proj _11=1.6971 _22=3.0170 _33=1.00001 _43=-0.15 (aspect 1.778)
camera: pos 84.1 8.4 43.4 | proj _11=1.6449 _22=2.9242 _33=1.00001 _43=-0.15 (aspect 1.778)
camera: pos 83.1 8.5 44.3 | proj _11=1.6010 _22=2.8462 _33=1.00001 _43=-0.15 (aspect 1.778)
camera: pos 81.5 8.6 44.9 | proj _11=1.5665 _22=2.7848 _33=1.00001 _43=-0.15 (aspect 1.778)
camera: pos 79.7 8.7 44.9 | proj _11=1.5416 _22=2.7406 _33=1.00001 _43=-0.15 (aspect 1.778)
camera: pos 78.7 8.7 44.8 | proj _11=1.5260 _22=2.7128 _33=1.00001 _43=-0.15 (aspect 1.778)
camera: pos 76.4 8.7 43.3 | proj _11=1.5146 _22=2.6925 _33=1.00001 _43=-0.15 (aspect 1.778)
camera: pos 74.9 8.6 41.6 | proj _11=1.5026 _22=2.6712 _33=1.00001 _43=-0.15 (aspect 1.778)
camera: pos 73.9 8.5 40.0 | proj _11=1.4904 _22=2.6495 _33=1.00001 _43=-0.15 (aspect 1.778)
camera: pos 73.3 8.5 38.9 | proj _11=1.4799 _22=2.6309 _33=1.00001 _43=-0.15 (aspect 1.778)
camera: pos 72.8 8.4 38.0 | proj _11=1.4690 _22=2.6115 _33=1.00001 _43=-0.15 (aspect 1.778)
camera: pos 72.3 8.4 37.2 | proj _11=1.4578 _22=2.5916 _33=1.00001 _43=-0.15 (aspect 1.778)
camera: pos 71.9 8.4 36.5 | proj _11=1.4469 _22=2.5722 _33=1.00001 _43=-0.15 (aspect 1.778)
camera: pos 71.4 8.4 35.9 | proj _11=1.4368 _22=2.5543 _33=1.00001 _43=-0.15 (aspect 1.778)
camera: pos 70.9 8.3 35.2 | proj _11=1.4262 _22=2.5354 _33=1.00001 _43=-0.15 (aspect 1.778)
camera: pos 70.4 8.3 34.6 | proj _11=1.4153 _22=2.5160 _33=1.00001 _43=-0.15 (aspect 1.778)
camera: pos 69.8 8.3 33.9 | proj _11=1.4040 _22=2.4959 _33=1.00001 _43=-0.15 (aspect 1.778)
camera: pos 68.5 8.2 32.1 | proj _11=1.4200 _22=2.5244 _33=1.00001 _43=-0.15 (aspect 1.778)
camera: pos 68.3 8.2 31.7 | proj _11=1.4342 _22=2.5496 _33=1.00001 _43=-0.15 (aspect 1.778)
camera: pos 68.1 8.2 31.4 | proj _11=1.4497 _22=2.5771 _33=1.00001 _43=-0.15 (aspect 1.778)
camera: pos 68.0 8.1 31.1 | proj _11=1.4653 _22=2.6049 _33=1.00001 _43=-0.15 (aspect 1.778)
camera: pos 67.9 8.1 30.9 | proj _11=1.4797 _22=2.6305 _33=1.00001 _43=-0.15 (aspect 1.778)
camera: pos 67.6 8.1 30.9 | proj _11=1.4935 _22=2.6551 _33=1.00001 _43=-0.15 (aspect 1.778)
camera: pos 67.4 8.1 30.8 | proj _11=1.5088 _22=2.6822 _33=1.00001 _43=-0.15 (aspect 1.778)
camera: pos 67.2 8.1 30.8 | proj _11=1.5230 _22=2.7075 _33=1.00001 _43=-0.15 (aspect 1.778)
camera: pos 67.1 8.1 30.8 | proj _11=1.5353 _22=2.7294 _33=1.00001 _43=-0.15 (aspect 1.778)
camera: pos 66.9 8.0 30.8 | proj _11=1.5481 _22=2.7520 _33=1.00001 _43=-0.15 (aspect 1.778)
camera: pos 67.0 8.1 30.7 | proj _11=1.5629 _22=2.7784 _33=1.00001 _43=-0.15 (aspect 1.778)
camera: pos 67.2 8.1 30.5 | proj _11=1.5757 _22=2.8012 _33=1.00001 _43=-0.15 (aspect 1.778)
camera: pos 67.5 8.2 30.3 | proj _11=1.5858 _22=2.8191 _33=1.00001 _43=-0.15 (aspect 1.778)
camera: pos 67.9 8.2 30.3 | proj _11=1.5734 _22=2.7971 _33=1.00001 _43=-0.15 (aspect 1.778)
camera: pos 68.0 8.2 30.3 | proj _11=1.5627 _22=2.7781 _33=1.00001 _43=-0.15 (aspect 1.778)
camera: pos 68.3 8.2 30.4 | proj _11=1.5527 _22=2.7603 _33=1.00001 _43=-0.15 (aspect 1.778)
camera: pos 68.6 8.3 30.5 | proj _11=1.5399 _22=2.7375 _33=1.00001 _43=-0.15 (aspect 1.778)
camera: pos 68.9 8.3 30.7 | proj _11=1.5274 _22=2.7153 _33=1.00001 _43=-0.15 (aspect 1.778)
camera: pos 69.2 8.3 30.9 | proj _11=1.5163 _22=2.6955 _33=1.00001 _43=-0.15 (aspect 1.778)
camera: pos 69.5 8.3 31.2 | proj _11=1.5051 _22=2.6757 _33=1.00001 _43=-0.15 (aspect 1.778)
camera: pos 69.7 8.3 31.6 | proj _11=1.4945 _22=2.6568 _33=1.00001 _43=-0.15 (aspect 1.778)
camera: pos 70.0 8.4 32.0 | proj _11=1.4830 _22=2.6364 _33=1.00001 _43=-0.15 (aspect 1.778)
camera: pos 70.2 8.4 32.4 | proj _11=1.4721 _22=2.6170 _33=1.00001 _43=-0.15 (aspect 1.778)
camera: pos 70.4 8.4 33.0 | proj _11=1.4602 _22=2.5958 _33=1.00001 _43=-0.15 (aspect 1.778)
camera: pos 70.5 8.4 33.6 | proj _11=1.4487 _22=2.5754 _33=1.00001 _43=-0.15 (aspect 1.778)
camera: pos 70.6 8.5 34.3 | proj _11=1.4380 _22=2.5564 _33=1.00001 _43=-0.15 (aspect 1.778)
camera: pos 70.6 8.6 35.2 | proj _11=1.4262 _22=2.5354 _33=1.00001 _43=-0.15 (aspect 1.778)
camera: pos 70.5 8.7 36.1 | proj _11=1.4147 _22=2.5150 _33=1.00001 _43=-0.15 (aspect 1.778)
camera: pos 70.3 8.7 37.1 | proj _11=1.4034 _22=2.4948 _33=1.00001 _43=-0.15 (aspect 1.778)
camera: pos 69.9 8.7 38.0 | proj _11=1.3924 _22=2.4752 _33=1.00001 _43=-0.15 (aspect 1.778)
camera: pos 69.4 8.7 39.1 | proj _11=1.3798 _22=2.4529 _33=1.00001 _43=-0.15 (aspect 1.778)
camera: pos 69.1 8.7 39.7 | proj _11=1.3695 _22=2.4347 _33=1.00001 _43=-0.15 (aspect 1.778)
camera: pos 68.6 8.7 40.2 | proj _11=1.3592 _22=2.4164 _33=1.00001 _43=-0.15 (aspect 1.778)
camera: pos 67.9 8.7 41.1 | proj _11=1.3490 _22=2.3982 _33=1.00001 _43=-0.15 (aspect 1.778)
camera: pos 66.9 8.6 42.1 | proj _11=1.3389 _22=2.3801 _33=1.00001 _43=-0.15 (aspect 1.778)
camera: pos 62.5 8.6 45.1 | proj _11=1.3283 _22=2.3615 _33=1.00001 _43=-0.15 (aspect 1.778)
camera: pos 46.0 8.6 46.3 | proj _11=1.3176 _22=2.3424 _33=1.00001 _43=-0.15 (aspect 1.778)
camera: pos 38.5 8.6 45.6 | proj _11=1.3038 _22=2.3178 _33=1.00001 _43=-0.15 (aspect 1.778)
camera: pos 36.2 8.6 45.3 | proj _11=1.2909 _22=2.2949 _33=1.00001 _43=-0.15 (aspect 1.778)
camera: pos 33.8 8.6 44.8 | proj _11=1.2781 _22=2.2721 _33=1.00001 _43=-0.15 (aspect 1.778)
camera: pos 26.3 8.0 43.1 | proj _11=1.2641 _22=2.2472 _33=1.00001 _43=-0.15 (aspect 1.778)
camera: pos 23.7 7.3 42.1 | proj _11=1.2510 _22=2.2240 _33=1.00001 _43=-0.15 (aspect 1.778)
camera: pos 21.1 7.5 41.0 | proj _11=1.2386 _22=2.2020 _33=1.00001 _43=-0.15 (aspect 1.778)
camera: pos 16.4 8.5 39.4 | proj _11=1.2274 _22=2.1820 _33=1.00001 _43=-0.15 (aspect 1.778)
camera: pos 11.6 8.8 37.5 | proj _11=1.2140 _22=2.1582 _33=1.00001 _43=-0.15 (aspect 1.778)
camera: pos 255.9 8.7 33.7 | proj _11=1.2246 _22=2.1770 _33=1.00001 _43=-0.15 (aspect 1.778)
camera: pos 232.9 8.6 35.9 | proj _11=1.2129 _22=2.1562 _33=1.00001 _43=-0.15 (aspect 1.778)
camera: pos 229.4 8.6 36.5 | proj _11=1.2015 _22=2.1360 _33=1.00001 _43=-0.15 (aspect 1.778)
camera: pos 225.8 8.6 37.2 | proj _11=1.1913 _22=2.1178 _33=1.00001 _43=-0.15 (aspect 1.778)
camera: pos 221.6 8.6 37.9 | proj _11=1.1804 _22=2.0984 _33=1.00001 _43=-0.15 (aspect 1.778)
camera: pos 215.2 8.7 39.0 | proj _11=1.1909 _22=2.1172 _33=1.00001 _43=-0.15 (aspect 1.778)
camera: pos 206.1 8.7 39.7 | proj _11=1.2011 _22=2.1352 _33=1.00001 _43=-0.15 (aspect 1.778)
frame 7200 | draws 3551/frame | FFP converted 1113/frame (31.3%)
    not converted: screen-space 30  skinned 446  ortho 0  vertex-format 26  untextured 1439  instanced 0  mirrored 0  other-camera 411  no camera 0  other 87 (per frame)
    instancing: 1304 converted from the instance stream/frame, 0 refused/frame (largest single draw 1 instances, 0.8 buffer writes snooped/frame)
    SKIPPED entirely 0/frame (mode 3) | demoted to UI overlay 0/frame | no-albedo materials left to Remix 258/frame
    MARKED with the marker texture 1439/frame (refused as unsafe 498/frame, 2878 SetTexture calls/frame, marker created)
    albedo: moved off stage 0 193/frame, blanked 258/frame, restored from mesh cache 298/frame (4096 meshes cached) | RT textures known 55 | lights 86.9/frame (24 shaders)
    camera 200.8 8.7 40.0 | distinct cameras this frame 1 (max 1) | transform writes 800/frame | redundant state calls dropped 22228/frame
    world matrix changes 799/frame | objTM used without a fresh upload 0/frame | uv matrix writes 25/frame (last scale 0.00098, 0.00098)
    TIMING: frame 33.0 ms avg (30 fps), worst 5274 ms | shim 5.39 ms avg (16.3% of frame), worst 15.1 ms
    converted -> target 14E69DB0 1280x720 fmt=34 : 213 draws/frame
    converted -> target 14E746D8 1280x720 fmt=113 : 848 draws/frame
    converted -> target 14E69020 1280x720 fmt=113 : 50 draws/frame
    converted -> target 14E68E30 1280x720 fmt=21 : 1 draws/frame
camera: pos 189.0 8.7 41.4 | proj _11=1.1906 _22=2.1165 _33=1.00001 _43=-0.15 (aspect 1.778)
camera: pos 177.7 8.7 41.9 | proj _11=1.1800 _22=2.0978 _33=1.00001 _43=-0.15 (aspect 1.778)
camera: pos 172.8 8.7 41.8 | proj _11=1.1699 _22=2.0798 _33=1.00001 _43=-0.15 (aspect 1.778)
camera: pos 165.0 8.7 41.3 | proj _11=1.1596 _22=2.0615 _33=1.00001 _43=-0.15 (aspect 1.778)
camera: pos 155.4 8.8 41.1 | proj _11=1.1496 _22=2.0436 _33=1.00001 _43=-0.15 (aspect 1.778)
camera: pos 145.4 8.8 41.4 | proj _11=1.1391 _22=2.0251 _33=1.00001 _43=-0.15 (aspect 1.778)
camera: pos 135.4 8.9 41.5 | proj _11=1.1287 _22=2.0065 _33=1.00001 _43=-0.15 (aspect 1.778)
camera: pos 122.8 8.9 41.9 | proj _11=1.1388 _22=2.0244 _33=1.00001 _43=-0.15 (aspect 1.778)
camera: pos 121.1 9.0 41.9 | proj _11=1.1514 _22=2.0469 _33=1.00001 _43=-0.15 (aspect 1.778)
camera: pos 119.3 8.8 40.5 | proj _11=1.1659 _22=2.0726 _33=1.00001 _43=-0.15 (aspect 1.778)
camera: pos 116.8 9.0 38.0 | proj _11=1.1770 _22=2.0923 _33=1.00001 _43=-0.15 (aspect 1.778)
camera: pos 113.9 9.1 36.7 | proj _11=1.1896 _22=2.1148 _33=1.00001 _43=-0.15 (aspect 1.778)
camera: pos 112.0 9.2 36.2 | proj _11=1.2001 _22=2.1335 _33=1.00001 _43=-0.15 (aspect 1.778)
camera: pos 110.1 9.2 35.9 | proj _11=1.2144 _22=2.1589 _33=1.00001 _43=-0.15 (aspect 1.778)
camera: pos 108.2 9.2 35.7 | proj _11=1.2292 _22=2.1851 _33=1.00001 _43=-0.15 (aspect 1.778)
camera: pos 105.8 9.3 35.2 | proj _11=1.2440 _22=2.2116 _33=1.00001 _43=-0.15 (aspect 1.778)
camera: pos 103.8 9.4 34.9 | proj _11=1.2570 _22=2.2346 _33=1.00001 _43=-0.15 (aspect 1.778)
camera: pos 102.1 9.5 34.7 | proj _11=1.2704 _22=2.2585 _33=1.00001 _43=-0.15 (aspect 1.778)
camera: pos 100.8 9.5 34.6 | proj _11=1.2839 _22=2.2824 _33=1.00001 _43=-0.15 (aspect 1.778)
camera: pos 100.0 9.5 34.5 | proj _11=1.2957 _22=2.3035 _33=1.00001 _43=-0.15 (aspect 1.778)
camera: pos 99.2 9.5 34.5 | proj _11=1.3068 _22=2.3231 _33=1.00001 _43=-0.15 (aspect 1.778)
camera: pos 98.4 9.4 34.4 | proj _11=1.3179 _22=2.3428 _33=1.00001 _43=-0.15 (aspect 1.778)
camera: pos 97.3 9.4 34.4 | proj _11=1.3322 _22=2.3682 _33=1.00001 _43=-0.15 (aspect 1.778)
camera: pos 97.0 9.4 34.4 | proj _11=1.3451 _22=2.3913 _33=1.00001 _43=-0.15 (aspect 1.778)
camera: pos 95.6 9.4 34.2 | proj _11=1.3595 _22=2.4168 _33=1.00001 _43=-0.15 (aspect 1.778)
camera: pos 94.5 9.4 34.2 | proj _11=1.3709 _22=2.4370 _33=1.00001 _43=-0.15 (aspect 1.778)
camera: pos 93.9 9.4 34.1 | proj _11=1.3827 _22=2.4581 _33=1.00001 _43=-0.15 (aspect 1.778)
camera: pos 93.4 9.4 34.1 | proj _11=1.5566 _22=2.7672 _33=1.00001 _43=-0.15 (aspect 1.778)
camera: pos 93.6 9.4 33.7 | proj _11=1.5683 _22=2.7880 _33=1.00001 _43=-0.15 (aspect 1.778)
camera: pos 93.8 9.4 33.6 | proj _11=1.5539 _22=2.7624 _33=1.00001 _43=-0.15 (aspect 1.778)
camera: pos 94.0 9.4 33.6 | proj _11=1.5391 _22=2.7361 _33=1.00001 _43=-0.15 (aspect 1.778)
camera: pos 94.2 9.4 33.6 | proj _11=1.5279 _22=2.7162 _33=1.00001 _43=-0.15 (aspect 1.778)
camera: pos 94.4 9.4 33.5 | proj _11=1.5169 _22=2.6967 _33=1.00001 _43=-0.15 (aspect 1.778)
camera: pos 94.8 9.4 33.4 | proj _11=1.5029 _22=2.6717 _33=1.00001 _43=-0.15 (aspect 1.778)
camera: pos 95.2 9.4 33.4 | proj _11=1.4896 _22=2.6482 _33=1.00001 _43=-0.15 (aspect 1.778)
camera: pos 95.7 9.4 33.3 | proj _11=1.4760 _22=2.6239 _33=1.00001 _43=-0.15 (aspect 1.778)
camera: pos 96.2 9.4 33.2 | proj _11=1.4616 _22=2.5984 _33=1.00001 _43=-0.15 (aspect 1.778)
camera: pos 96.8 9.4 33.1 | proj _11=1.4514 _22=2.5803 _33=1.00001 _43=-0.15 (aspect 1.778)
camera: pos 97.8 9.4 32.9 | proj _11=1.4399 _22=2.5597 _33=1.00001 _43=-0.15 (aspect 1.778)
camera: pos 98.4 9.3 33.0 | proj _11=1.4297 _22=2.5415 _33=1.00001 _43=-0.15 (aspect 1.778)
camera: pos 99.5 9.3 33.0 | proj _11=1.4170 _22=2.5191 _33=1.00001 _43=-0.15 (aspect 1.778)
camera: pos 100.5 9.3 33.1 | proj _11=1.4048 _22=2.4974 _33=1.00001 _43=-0.15 (aspect 1.778)
camera: pos 102.7 9.3 33.0 | proj _11=1.4175 _22=2.5200 _33=1.00001 _43=-0.15 (aspect 1.778)
camera: pos 103.2 9.3 33.0 | proj _11=1.4334 _22=2.5483 _33=1.00001 _43=-0.15 (aspect 1.778)
camera: pos 103.6 9.3 32.9 | proj _11=1.4505 _22=2.5786 _33=1.00001 _43=-0.15 (aspect 1.778)
camera: pos 104.0 9.3 32.9 | proj _11=1.4683 _22=2.6103 _33=1.00001 _43=-0.15 (aspect 1.778)
camera: pos 104.3 9.3 32.9 | proj _11=1.4853 _22=2.6406 _33=1.00001 _43=-0.15 (aspect 1.778)
camera: pos 104.7 9.3 32.9 | proj _11=1.5011 _22=2.6685 _33=1.00001 _43=-0.15 (aspect 1.778)
camera: pos 105.4 9.3 32.9 | proj _11=1.5163 _22=2.6957 _33=1.00001 _43=-0.15 (aspect 1.778)
camera: pos 106.1 9.3 32.9 | proj _11=1.5324 _22=2.7241 _33=1.00001 _43=-0.15 (aspect 1.778)
camera: pos 106.5 9.3 33.0 | proj _11=1.5465 _22=2.7493 _33=1.00001 _43=-0.15 (aspect 1.778)
camera: pos 106.9 9.3 33.0 | proj _11=1.5621 _22=2.7770 _33=1.00001 _43=-0.15 (aspect 1.778)
camera: pos 107.2 9.3 33.1 | proj _11=1.5781 _22=2.8055 _33=1.00001 _43=-0.15 (aspect 1.778)
camera: pos 107.2 9.3 33.4 | proj _11=1.5659 _22=2.7837 _33=1.00001 _43=-0.15 (aspect 1.778)
camera: pos 107.1 9.3 33.5 | proj _11=1.5535 _22=2.7617 _33=1.00001 _43=-0.15 (aspect 1.778)
camera: pos 107.0 9.3 33.7 | proj _11=1.5416 _22=2.7405 _33=1.00001 _43=-0.15 (aspect 1.778)
camera: pos 107.0 9.3 34.0 | proj _11=1.5293 _22=2.7187 _33=1.00001 _43=-0.15 (aspect 1.778)
camera: pos 106.9 9.3 34.3 | proj _11=1.5173 _22=2.6973 _33=1.00001 _43=-0.15 (aspect 1.778)
camera: pos 106.8 9.2 34.7 | proj _11=1.5060 _22=2.6773 _33=1.00001 _43=-0.15 (aspect 1.778)
camera: pos 106.6 9.1 35.1 | proj _11=1.4940 _22=2.6560 _33=1.00001 _43=-0.15 (aspect 1.778)
camera: pos 106.5 9.1 35.5 | proj _11=1.4833 _22=2.6369 _33=1.00001 _43=-0.15 (aspect 1.778)
camera: pos 106.3 9.1 36.0 | proj _11=1.4720 _22=2.6169 _33=1.00001 _43=-0.15 (aspect 1.778)
camera: pos 106.2 9.1 36.5 | proj _11=1.4616 _22=2.5983 _33=1.00001 _43=-0.15 (aspect 1.778)
camera: pos 106.0 9.0 37.2 | proj _11=1.4487 _22=2.5754 _33=1.00001 _43=-0.15 (aspect 1.778)
camera: pos 105.9 9.0 37.9 | proj _11=1.4371 _22=2.5549 _33=1.00001 _43=-0.15 (aspect 1.778)
camera: pos 105.8 9.0 38.6 | proj _11=1.4247 _22=2.5327 _33=1.00001 _43=-0.15 (aspect 1.778)
camera: pos 105.8 8.9 39.3 | proj _11=1.4120 _22=2.5101 _33=1.00001 _43=-0.15 (aspect 1.778)
camera: pos 105.8 8.9 40.3 | proj _11=1.4008 _22=2.4903 _33=1.00001 _43=-0.15 (aspect 1.778)
camera: pos 105.9 8.9 41.0 | proj _11=1.3908 _22=2.4724 _33=1.00001 _43=-0.15 (aspect 1.778)
camera: pos 106.1 8.8 42.7 | proj _11=1.3755 _22=2.4452 _33=1.00001 _43=-0.15 (aspect 1.778)
camera: pos 106.2 8.8 44.0 | proj _11=1.3622 _22=2.4216 _33=1.00001 _43=-0.15 (aspect 1.778)
camera: pos 106.4 8.8 45.1 | proj _11=1.3498 _22=2.3996 _33=1.00001 _43=-0.15 (aspect 1.778)
camera: pos 107.9 9.1 47.2 | proj _11=1.3366 _22=2.3762 _33=1.00001 _43=-0.15 (aspect 1.778)
camera: pos 109.3 9.3 48.5 | proj _11=1.3263 _22=2.3577 _33=1.00001 _43=-0.15 (aspect 1.778)
camera: pos 109.5 9.3 49.6 | proj _11=1.3162 _22=2.3398 _33=1.00001 _43=-0.15 (aspect 1.778)
camera: pos 109.6 9.1 54.2 | proj _11=1.3035 _22=2.3172 _33=1.00001 _43=-0.15 (aspect 1.778)
camera: pos 109.7 9.0 58.4 | proj _11=1.3139 _22=2.3358 _33=1.00001 _43=-0.15 (aspect 1.778)
camera: pos 110.7 9.2 63.2 | proj _11=1.3036 _22=2.3174 _33=1.00001 _43=-0.15 (aspect 1.778)
camera: pos 110.4 9.0 65.2 | proj _11=1.2920 _22=2.2968 _33=1.00001 _43=-0.15 (aspect 1.778)
camera: pos 109.4 8.9 71.4 | proj _11=1.2803 _22=2.2760 _33=1.00001 _43=-0.15 (aspect 1.778)
camera: pos 109.0 8.9 73.6 | proj _11=1.2690 _22=2.2559 _33=1.00001 _43=-0.15 (aspect 1.778)
camera: pos 108.4 8.8 76.6 | proj _11=1.2573 _22=2.2351 _33=1.00001 _43=-0.15 (aspect 1.778)
camera: pos 107.3 8.7 81.6 | proj _11=1.2469 _22=2.2167 _33=1.00001 _43=-0.15 (aspect 1.778)
camera: pos 105.4 8.7 89.8 | proj _11=1.2364 _22=2.1981 _33=1.00001 _43=-0.15 (aspect 1.778)
camera: pos 104.0 8.7 100.6 | proj _11=1.2249 _22=2.1776 _33=1.00001 _43=-0.15 (aspect 1.778)
camera: pos 104.0 8.7 103.4 | proj _11=1.2148 _22=2.1596 _33=1.00001 _43=-0.15 (aspect 1.778)
camera: pos 104.4 8.6 115.0 | proj _11=1.2034 _22=2.1394 _33=1.00001 _43=-0.15 (aspect 1.778)
camera: pos 104.2 8.6 121.6 | proj _11=1.2140 _22=2.1582 _33=1.00001 _43=-0.15 (aspect 1.778)
camera: pos 104.0 8.6 125.6 | proj _11=1.2250 _22=2.1778 _33=1.00001 _43=-0.15 (aspect 1.778)
camera: pos 103.4 8.6 131.5 | proj _11=1.2356 _22=2.1966 _33=1.00001 _43=-0.15 (aspect 1.778)
camera: pos 103.0 8.6 135.1 | proj _11=1.2467 _22=2.2163 _33=1.00001 _43=-0.15 (aspect 1.778)
camera: pos 102.7 8.6 137.8 | proj _11=1.2574 _22=2.2354 _33=1.00001 _43=-0.15 (aspect 1.778)
camera: pos 102.4 8.5 140.9 | proj _11=1.2682 _22=2.2545 _33=1.00001 _43=-0.15 (aspect 1.778)
camera: pos 102.2 8.3 144.2 | proj _11=1.2800 _22=2.2755 _33=1.00001 _43=-0.15 (aspect 1.778)
camera: pos 102.2 8.1 147.7 | proj _11=1.2905 _22=2.2941 _33=1.00001 _43=-0.15 (aspect 1.778)
camera: pos 102.5 7.9 150.6 | proj _11=1.3017 _22=2.3140 _33=1.00001 _43=-0.15 (aspect 1.778)
camera: pos 102.9 7.7 153.1 | proj _11=1.3138 _22=2.3356 _33=1.00001 _43=-0.15 (aspect 1.778)
camera: pos 103.1 7.7 154.3 | proj _11=1.3542 _22=2.4075 _33=1.00001 _43=-0.15 (aspect 1.778)
camera: pos 103.0 7.7 156.9 | proj _11=1.3661 _22=2.4286 _33=1.00001 _43=-0.15 (aspect 1.778)
camera: pos 103.2 7.6 159.6 | proj _11=1.3779 _22=2.4496 _33=1.00001 _43=-0.15 (aspect 1.778)
camera: pos 103.6 7.5 161.9 | proj _11=1.3896 _22=2.4703 _33=1.00001 _43=-0.15 (aspect 1.778)
camera: pos 104.0 7.4 163.5 | proj _11=1.4035 _22=2.4950 _33=1.00001 _43=-0.15 (aspect 1.778)
camera: pos 104.3 7.3 164.4 | proj _11=1.4162 _22=2.5177 _33=1.00001 _43=-0.15 (aspect 1.778)
camera: pos 104.7 7.3 165.2 | proj _11=1.4283 _22=2.5391 _33=1.00001 _43=-0.15 (aspect 1.778)
camera: pos 105.0 7.2 166.0 | proj _11=1.4398 _22=2.5595 _33=1.00001 _43=-0.15 (aspect 1.778)
camera: pos 105.4 7.1 166.7 | proj _11=1.4516 _22=2.5806 _33=1.00001 _43=-0.15 (aspect 1.778)
camera: pos 105.8 7.1 167.3 | proj _11=1.4878 _22=2.6450 _33=1.00001 _43=-0.15 (aspect 1.778)
camera: pos 106.0 7.1 167.6 | proj _11=1.5004 _22=2.6674 _33=1.00001 _43=-0.15 (aspect 1.778)
camera: pos 106.2 7.1 167.8 | proj _11=1.5112 _22=2.6865 _33=1.00001 _43=-0.15 (aspect 1.778)
camera: pos 106.6 7.0 168.2 | proj _11=1.5266 _22=2.7139 _33=1.00001 _43=-0.15 (aspect 1.778)
camera: pos 106.9 7.0 168.6 | proj _11=1.5398 _22=2.7374 _33=1.00001 _43=-0.15 (aspect 1.778)
camera: pos 107.3 7.0 168.9 | proj _11=1.5516 _22=2.7584 _33=1.00001 _43=-0.15 (aspect 1.778)
camera: pos 107.6 7.0 169.2 | proj _11=1.5618 _22=2.7765 _33=1.00001 _43=-0.15 (aspect 1.778)
camera: pos 108.0 7.0 169.5 | proj _11=1.5724 _22=2.7954 _33=1.00001 _43=-0.15 (aspect 1.778)
camera: pos 108.3 7.0 169.6 | proj _11=1.5847 _22=2.8172 _33=1.00001 _43=-0.15 (aspect 1.778)
camera: pos 108.7 7.0 169.8 | proj _11=1.5988 _22=2.8423 _33=1.00001 _43=-0.15 (aspect 1.778)
frame 7800 | draws 3499/frame | FFP converted 1095/frame (31.3%)
    not converted: screen-space 31  skinned 444  ortho 0  vertex-format 25  untextured 1410  instanced 0  mirrored 0  other-camera 409  no camera 0  other 84 (per frame)
    instancing: 1281 converted from the instance stream/frame, 0 refused/frame (largest single draw 1 instances, 0.8 buffer writes snooped/frame)
    SKIPPED entirely 0/frame (mode 3) | demoted to UI overlay 0/frame | no-albedo materials left to Remix 254/frame
    MARKED with the marker texture 1410/frame (refused as unsafe 493/frame, 2820 SetTexture calls/frame, marker created)
    albedo: moved off stage 0 191/frame, blanked 254/frame, restored from mesh cache 287/frame (4096 meshes cached) | RT textures known 55 | lights 84.4/frame (24 shaders)
    camera 109.4 7.0 170.0 | distinct cameras this frame 1 (max 1) | transform writes 783/frame | redundant state calls dropped 21877/frame
    world matrix changes 782/frame | objTM used without a fresh upload 0/frame | uv matrix writes 25/frame (last scale 0.00098, 0.00098)
    TIMING: frame 32.5 ms avg (31 fps), worst 76 ms | shim 5.30 ms avg (16.3% of frame), worst 8.6 ms
    converted -> target 14E69DB0 1280x720 fmt=34 : 213 draws/frame
    converted -> target 14E746D8 1280x720 fmt=113 : 830 draws/frame
    converted -> target 14E69020 1280x720 fmt=113 : 51 draws/frame
    converted -> target 14E68E30 1280x720 fmt=21 : 1 draws/frame
camera: pos 109.5 7.0 170.0 | proj _11=1.5812 _22=2.8109 _33=1.00001 _43=-0.15 (aspect 1.778)
camera: pos 109.8 7.0 170.0 | proj _11=1.5673 _22=2.7863 _33=1.00001 _43=-0.15 (aspect 1.778)
camera: pos 110.1 7.0 170.0 | proj _11=1.5532 _22=2.7612 _33=1.00001 _43=-0.15 (aspect 1.778)
camera: pos 110.4 7.0 169.8 | proj _11=1.5313 _22=2.7223 _33=1.00001 _43=-0.15 (aspect 1.778)
camera: pos 110.5 7.0 169.7 | proj _11=1.5195 _22=2.7013 _33=1.00001 _43=-0.15 (aspect 1.778)
camera: pos 110.7 7.0 169.5 | proj _11=1.5075 _22=2.6800 _33=1.00001 _43=-0.15 (aspect 1.778)
camera: pos 110.8 7.0 169.4 | proj _11=1.4967 _22=2.6608 _33=1.00001 _43=-0.15 (aspect 1.778)
camera: pos 110.9 7.0 169.0 | proj _11=1.4768 _22=2.6253 _33=1.00001 _43=-0.15 (aspect 1.778)
camera: pos 111.1 7.0 168.5 | proj _11=1.4598 _22=2.5951 _33=1.00001 _43=-0.15 (aspect 1.778)
camera: pos 111.2 7.1 167.9 | proj _11=1.4443 _22=2.5676 _33=1.00001 _43=-0.15 (aspect 1.778)
camera: pos 111.3 7.3 166.9 | proj _11=1.4299 _22=2.5420 _33=1.00001 _43=-0.15 (aspect 1.778)
camera: pos 111.3 7.4 166.2 | proj _11=1.4182 _22=2.5212 _33=1.00001 _43=-0.15 (aspect 1.778)
camera: pos 111.2 7.5 165.4 | proj _11=1.4070 _22=2.5012 _33=1.00001 _43=-0.15 (aspect 1.778)
camera: pos 111.1 7.5 164.6 | proj _11=1.3946 _22=2.4792 _33=1.00001 _43=-0.15 (aspect 1.778)
camera: pos 111.0 7.6 163.8 | proj _11=1.3831 _22=2.4589 _33=1.00001 _43=-0.15 (aspect 1.778)
camera: pos 110.8 7.7 162.9 | proj _11=1.3722 _22=2.4393 _33=1.00001 _43=-0.15 (aspect 1.778)
camera: pos 110.5 7.7 161.8 | proj _11=1.3615 _22=2.4204 _33=1.00001 _43=-0.15 (aspect 1.778)
camera: pos 110.3 7.7 160.8 | proj _11=1.3486 _22=2.3975 _33=1.00001 _43=-0.15 (aspect 1.778)
camera: pos 109.7 7.8 159.2 | proj _11=1.3355 _22=2.3742 _33=1.00001 _43=-0.15 (aspect 1.778)
camera: pos 108.4 8.2 157.7 | proj _11=1.3220 _22=2.3502 _33=1.00001 _43=-0.15 (aspect 1.778)
camera: pos 107.3 8.4 156.3 | proj _11=1.3094 _22=2.3277 _33=1.00001 _43=-0.15 (aspect 1.778)
camera: pos 106.2 8.6 154.7 | proj _11=1.2973 _22=2.3062 _33=1.00001 _43=-0.15 (aspect 1.778)
camera: pos 105.5 8.7 153.1 | proj _11=1.2862 _22=2.2866 _33=1.00001 _43=-0.15 (aspect 1.778)
camera: pos 104.2 9.0 150.9 | proj _11=1.2970 _22=2.3057 _33=1.00001 _43=-0.15 (aspect 1.778)
camera: pos 103.6 9.1 149.4 | proj _11=1.3089 _22=2.3268 _33=1.00001 _43=-0.15 (aspect 1.778)
camera: pos 102.5 8.6 144.0 | proj _11=1.2977 _22=2.3070 _33=1.00001 _43=-0.15 (aspect 1.778)
camera: pos 99.8 10.4 132.7 | proj _11=1.2873 _22=2.2884 _33=1.00001 _43=-0.15 (aspect 1.778)
camera: pos 100.0 9.9 130.5 | proj _11=1.2749 _22=2.2664 _33=1.00001 _43=-0.15 (aspect 1.778)
camera: pos 100.4 8.9 126.5 | proj _11=1.2645 _22=2.2480 _33=1.00001 _43=-0.15 (aspect 1.778)
camera: pos 100.8 8.9 124.4 | proj _11=1.2545 _22=2.2302 _33=1.00001 _43=-0.15 (aspect 1.778)
camera: pos 101.2 8.8 121.6 | proj _11=1.2428 _22=2.2094 _33=1.00001 _43=-0.15 (aspect 1.778)
camera: pos 102.6 9.3 113.8 | proj _11=1.2314 _22=2.1891 _33=1.00001 _43=-0.15 (aspect 1.778)
camera: pos 102.9 9.6 111.9 | proj _11=1.2555 _22=2.2319 _33=1.00001 _43=-0.15 (aspect 1.778)
camera: pos 103.2 9.5 109.1 | proj _11=1.2441 _22=2.2116 _33=1.00001 _43=-0.15 (aspect 1.778)
camera: pos 103.4 9.3 106.3 | proj _11=1.2332 _22=2.1923 _33=1.00001 _43=-0.15 (aspect 1.778)
camera: pos 103.8 9.0 102.0 | proj _11=1.2219 _22=2.1723 _33=1.00001 _43=-0.15 (aspect 1.778)
camera: pos 104.5 8.8 88.4 | proj _11=1.2103 _22=2.1516 _33=1.00001 _43=-0.15 (aspect 1.778)
camera: pos 104.2 8.7 84.6 | proj _11=1.1990 _22=2.1315 _33=1.00001 _43=-0.15 (aspect 1.778)
camera: pos 103.8 8.8 80.5 | proj _11=1.1877 _22=2.1115 _33=1.00001 _43=-0.15 (aspect 1.778)
camera: pos 103.2 8.8 76.2 | proj _11=1.1771 _22=2.0925 _33=1.00001 _43=-0.15 (aspect 1.778)
camera: pos 102.4 8.9 70.3 | proj _11=1.1877 _22=2.1113 _33=1.00001 _43=-0.15 (aspect 1.778)
camera: pos 101.5 8.9 59.6 | proj _11=1.1770 _22=2.0925 _33=1.00001 _43=-0.15 (aspect 1.778)
camera: pos 101.3 8.9 54.4 | proj _11=1.1660 _22=2.0729 _33=1.00001 _43=-0.15 (aspect 1.778)
camera: pos 101.2 8.9 48.6 | proj _11=1.1545 _22=2.0525 _33=1.00001 _43=-0.15 (aspect 1.778)
camera: pos 101.0 8.9 40.3 | proj _11=1.1442 _22=2.0341 _33=1.00001 _43=-0.15 (aspect 1.778)
camera: pos 100.9 8.9 34.0 | proj _11=1.1335 _22=2.0151 _33=1.00001 _43=-0.15 (aspect 1.778)
camera: pos 101.0 8.9 27.5 | proj _11=1.1232 _22=1.9967 _33=1.00001 _43=-0.15 (aspect 1.778)
camera: pos 101.2 8.9 20.5 | proj _11=1.1128 _22=1.9782 _33=1.00001 _43=-0.15 (aspect 1.778)
camera: pos 101.3 8.9 12.7 | proj _11=1.1021 _22=1.9592 _33=1.00001 _43=-0.15 (aspect 1.778)
camera: pos 101.5 8.8 4.6 | proj _11=1.0918 _22=1.9410 _33=1.00001 _43=-0.15 (aspect 1.778)
camera: pos 101.8 8.8 248.7 | proj _11=1.0818 _22=1.9231 _33=1.00001 _43=-0.15 (aspect 1.778)
camera: pos 101.5 8.7 237.9 | proj _11=1.0712 _22=1.9043 _33=1.00001 _43=-0.15 (aspect 1.778)
camera: pos 100.8 8.7 69.1 | proj _11=1.0818 _22=1.9231 _33=1.00001 _43=-0.15 (aspect 1.778)
camera: pos 100.9 8.7 67.3 | proj _11=1.0921 _22=1.9414 _33=1.00001 _43=-0.15 (aspect 1.778)
camera: pos 100.9 8.7 65.6 | proj _11=1.1037 _22=1.9620 _33=1.00001 _43=-0.15 (aspect 1.778)
camera: pos 101.0 8.8 63.9 | proj _11=1.1166 _22=1.9851 _33=1.00001 _43=-0.15 (aspect 1.778)
camera: pos 101.1 8.8 62.1 | proj _11=1.1300 _22=2.0088 _33=1.00001 _43=-0.15 (aspect 1.778)
camera: pos 101.1 8.8 60.6 | proj _11=1.1445 _22=2.0345 _33=1.00001 _43=-0.15 (aspect 1.778)
camera: pos 101.2 8.8 59.1 | proj _11=1.1581 _22=2.0587 _33=1.00001 _43=-0.15 (aspect 1.778)
camera: pos 101.2 8.8 57.6 | proj _11=1.1723 _22=2.0841 _33=1.00001 _43=-0.15 (aspect 1.778)
camera: pos 101.3 8.8 56.2 | proj _11=1.1847 _22=2.1061 _33=1.00001 _43=-0.15 (aspect 1.778)
camera: pos 101.5 8.8 53.1 | proj _11=1.1951 _22=2.1246 _33=1.00001 _43=-0.15 (aspect 1.778)
camera: pos 101.5 8.7 49.9 | proj _11=1.2085 _22=2.1484 _33=1.00001 _43=-0.15 (aspect 1.778)
camera: pos 101.5 8.7 48.0 | proj _11=1.2216 _22=2.1717 _33=1.00001 _43=-0.15 (aspect 1.778)
camera: pos 101.5 8.7 46.2 | proj _11=1.2333 _22=2.1925 _33=1.00001 _43=-0.15 (aspect 1.778)
camera: pos 101.3 8.7 42.9 | proj _11=1.2451 _22=2.2134 _33=1.00001 _43=-0.15 (aspect 1.778)
camera: pos 101.2 8.6 40.3 | proj _11=1.2735 _22=2.2639 _33=1.00001 _43=-0.15 (aspect 1.778)
camera: pos 101.2 8.6 39.3 | proj _11=1.2932 _22=2.2989 _33=1.00001 _43=-0.15 (aspect 1.778)
camera: pos 101.3 8.6 38.5 | proj _11=1.3081 _22=2.3254 _33=1.00001 _43=-0.15 (aspect 1.778)
camera: pos 101.8 8.6 35.5 | proj _11=1.5876 _22=2.8224 _33=1.00001 _43=-0.15 (aspect 1.778)
camera: pos 101.7 8.7 35.3 | proj _11=1.6002 _22=2.8447 _33=1.00001 _43=-0.15 (aspect 1.778)
camera: pos 101.2 8.7 34.8 | proj _11=1.5894 _22=2.8255 _33=1.00001 _43=-0.15 (aspect 1.778)
camera: pos 101.4 8.7 34.9 | proj _11=1.6004 _22=2.8450 _33=1.00001 _43=-0.15 (aspect 1.778)
camera: pos 101.4 8.7 35.0 | proj _11=1.5883 _22=2.8236 _33=1.00001 _43=-0.15 (aspect 1.778)
camera: pos 101.3 8.7 35.0 | proj _11=1.5774 _22=2.8042 _33=1.00001 _43=-0.15 (aspect 1.778)
camera: pos 101.3 8.7 35.0 | proj _11=1.5662 _22=2.7844 _33=1.00001 _43=-0.15 (aspect 1.778)
camera: pos 101.1 8.7 35.1 | proj _11=1.5545 _22=2.7635 _33=1.00001 _43=-0.15 (aspect 1.778)
camera: pos 100.9 8.7 35.2 | proj _11=1.5417 _22=2.7408 _33=1.00001 _43=-0.15 (aspect 1.778)
camera: pos 100.7 8.7 35.4 | proj _11=1.5307 _22=2.7212 _33=1.00001 _43=-0.15 (aspect 1.778)
camera: pos 100.5 8.7 35.7 | proj _11=1.5193 _22=2.7010 _33=1.00001 _43=-0.15 (aspect 1.778)
camera: pos 100.3 8.7 36.1 | proj _11=1.5091 _22=2.6827 _33=1.00001 _43=-0.15 (aspect 1.778)
camera: pos 100.0 8.7 36.4 | proj _11=1.4989 _22=2.6646 _33=1.00001 _43=-0.15 (aspect 1.778)
camera: pos 99.6 8.7 36.9 | proj _11=1.4876 _22=2.6446 _33=1.00001 _43=-0.15 (aspect 1.778)
camera: pos 99.1 8.6 37.4 | proj _11=1.4757 _22=2.6234 _33=1.00001 _43=-0.15 (aspect 1.778)
camera: pos 98.6 8.5 37.8 | proj _11=1.4651 _22=2.6045 _33=1.00001 _43=-0.15 (aspect 1.778)
camera: pos 98.2 8.5 38.2 | proj _11=1.4524 _22=2.5821 _33=1.00001 _43=-0.15 (aspect 1.778)
camera: pos 97.6 8.5 38.7 | proj _11=1.4407 _22=2.5612 _33=1.00001 _43=-0.15 (aspect 1.778)
camera: pos 97.0 8.5 39.1 | proj _11=1.4286 _22=2.5397 _33=1.00001 _43=-0.15 (aspect 1.778)
frame 8400 | draws 3544/frame | FFP converted 1102/frame (31.1%)
    not converted: screen-space 33  skinned 440  ortho 0  vertex-format 25  untextured 1424  instanced 0  mirrored 0  other-camera 436  no camera 0  other 84 (per frame)
    instancing: 1312 converted from the instance stream/frame, 0 refused/frame (largest single draw 1 instances, 0.8 buffer writes snooped/frame)
    SKIPPED entirely 0/frame (mode 3) | demoted to UI overlay 0/frame | no-albedo materials left to Remix 257/frame
    MARKED with the marker texture 1424/frame (refused as unsafe 520/frame, 2848 SetTexture calls/frame, marker created)
    albedo: moved off stage 0 191/frame, blanked 257/frame, restored from mesh cache 284/frame (4096 meshes cached) | RT textures known 55 | lights 83.7/frame (24 shaders)
    camera 96.2 8.5 39.5 | distinct cameras this frame 1 (max 1) | transform writes 787/frame | redundant state calls dropped 22002/frame
    world matrix changes 785/frame | objTM used without a fresh upload 0/frame | uv matrix writes 25/frame (last scale 0.00098, 0.00098)
    TIMING: frame 32.4 ms avg (31 fps), worst 58 ms | shim 5.33 ms avg (16.4% of frame), worst 11.7 ms
    converted -> target 14E69DB0 1280x720 fmt=34 : 213 draws/frame
    converted -> target 14E746D8 1280x720 fmt=113 : 835 draws/frame
    converted -> target 14E69020 1280x720 fmt=113 : 51 draws/frame
    converted -> target 14E68E30 1280x720 fmt=21 : 1 draws/frame
camera: pos 95.8 8.5 39.6 | proj _11=1.4416 _22=2.5628 _33=1.00001 _43=-0.15 (aspect 1.778)
camera: pos 95.4 8.6 39.7 | proj _11=1.4548 _22=2.5862 _33=1.00001 _43=-0.15 (aspect 1.778)
camera: pos 95.1 8.6 39.7 | proj _11=1.4737 _22=2.6199 _33=1.00001 _43=-0.15 (aspect 1.778)
camera: pos 94.8 8.6 39.6 | proj _11=1.4911 _22=2.6508 _33=1.00001 _43=-0.15 (aspect 1.778)
camera: pos 94.5 8.6 39.5 | proj _11=1.5077 _22=2.6802 _33=1.00001 _43=-0.15 (aspect 1.778)
camera: pos 94.3 8.6 39.4 | proj _11=1.5229 _22=2.7073 _33=1.00001 _43=-0.15 (aspect 1.778)
camera: pos 94.1 8.6 39.3 | proj _11=1.5393 _22=2.7366 _33=1.00001 _43=-0.15 (aspect 1.778)
camera: pos 94.0 8.6 39.2 | proj _11=1.5496 _22=2.7547 _33=1.00001 _43=-0.15 (aspect 1.778)
camera: pos 93.8 8.6 39.1 | proj _11=1.5691 _22=2.7894 _33=1.00001 _43=-0.15 (aspect 1.778)
camera: pos 93.7 8.6 39.0 | proj _11=1.5825 _22=2.8132 _33=1.00001 _43=-0.15 (aspect 1.778)
camera: pos 93.8 8.6 39.6 | proj _11=1.5718 _22=2.7943 _33=1.00001 _43=-0.15 (aspect 1.778)
camera: pos 93.9 8.6 40.0 | proj _11=1.5576 _22=2.7691 _33=1.00001 _43=-0.15 (aspect 1.778)
camera: pos 94.0 8.6 40.5 | proj _11=1.5442 _22=2.7452 _33=1.00001 _43=-0.15 (aspect 1.778)
camera: pos 94.2 8.6 40.8 | proj _11=1.5314 _22=2.7224 _33=1.00001 _43=-0.15 (aspect 1.778)
camera: pos 94.4 8.6 41.2 | proj _11=1.5187 _22=2.6999 _33=1.00001 _43=-0.15 (aspect 1.778)
camera: pos 94.6 8.6 41.5 | proj _11=1.5063 _22=2.6778 _33=1.00001 _43=-0.15 (aspect 1.778)
camera: pos 94.9 8.6 41.8 | proj _11=1.4953 _22=2.6583 _33=1.00001 _43=-0.15 (aspect 1.778)
camera: pos 95.2 8.6 42.0 | proj _11=1.4830 _22=2.6365 _33=1.00001 _43=-0.15 (aspect 1.778)
camera: pos 95.6 8.6 42.1 | proj _11=1.4698 _22=2.6130 _33=1.00001 _43=-0.15 (aspect 1.778)
camera: pos 96.4 8.6 41.9 | proj _11=1.4585 _22=2.5929 _33=1.00001 _43=-0.15 (aspect 1.778)
camera: pos 96.8 8.6 41.5 | proj _11=1.4451 _22=2.5689 _33=1.00001 _43=-0.15 (aspect 1.778)
camera: pos 97.1 8.5 41.1 | proj _11=1.4322 _22=2.5461 _33=1.00001 _43=-0.15 (aspect 1.778)
camera: pos 97.4 8.5 40.2 | proj _11=1.4216 _22=2.5273 _33=1.00001 _43=-0.15 (aspect 1.778)
camera: pos 97.2 8.6 39.3 | proj _11=1.5573 _22=2.7684 _33=1.00001 _43=-0.15 (aspect 1.778)
camera: pos 96.9 8.6 39.2 | proj _11=1.5690 _22=2.7892 _33=1.00001 _43=-0.15 (aspect 1.778)
camera: pos 96.8 8.6 39.2 | proj _11=1.5790 _22=2.8071 _33=1.00001 _43=-0.15 (aspect 1.778)
camera: pos 96.7 8.6 39.2 | proj _11=1.5899 _22=2.8264 _33=1.00001 _43=-0.15 (aspect 1.778)
camera: pos 96.8 8.7 39.3 | proj _11=1.6013 _22=2.8467 _33=1.00001 _43=-0.15 (aspect 1.778)
camera: pos 96.8 8.7 39.3 | proj _11=1.5879 _22=2.8230 _33=1.00001 _43=-0.15 (aspect 1.778)
camera: pos 96.8 8.7 39.3 | proj _11=1.5638 _22=2.7800 _33=1.00001 _43=-0.15 (aspect 1.778)
camera: pos 96.8 8.7 39.3 | proj _11=1.5229 _22=2.7072 _33=1.00001 _43=-0.15 (aspect 1.778)
camera: pos 96.8 8.7 39.3 | proj _11=1.4705 _22=2.6143 _33=1.00001 _43=-0.15 (aspect 1.778)
camera: pos 96.8 8.7 39.3 | proj _11=1.3985 _22=2.4861 _33=1.00001 _43=-0.15 (aspect 1.778)
camera: pos 96.8 8.7 39.3 | proj _11=1.3524 _22=2.4043 _33=1.00001 _43=-0.15 (aspect 1.778)
camera: pos 96.8 8.7 39.3 | proj _11=1.3205 _22=2.3476 _33=1.00001 _43=-0.15 (aspect 1.778)
camera: pos 96.8 8.7 39.3 | proj _11=1.3040 _22=2.3182 _33=1.00001 _43=-0.15 (aspect 1.778)
frame 9000 | draws 3472/frame | FFP converted 1076/frame (31.0%)
    not converted: screen-space 32  skinned 424  ortho 0  vertex-format 26  untextured 1405  instanced 0  mirrored 0  other-camera 429  no camera 0  other 82 (per frame)
    instancing: 1287 converted from the instance stream/frame, 0 refused/frame (largest single draw 1 instances, 0.8 buffer writes snooped/frame)
    SKIPPED entirely 0/frame (mode 3) | demoted to UI overlay 0/frame | no-albedo materials left to Remix 253/frame
    MARKED with the marker texture 1405/frame (refused as unsafe 510/frame, 2809 SetTexture calls/frame, marker created)
    albedo: moved off stage 0 185/frame, blanked 253/frame, restored from mesh cache 274/frame (4096 meshes cached) | RT textures known 55 | lights 81.7/frame (24 shaders)
    camera 96.8 8.7 39.3 | distinct cameras this frame 0 (max 1) | transform writes 767/frame | redundant state calls dropped 21491/frame
    world matrix changes 765/frame | objTM used without a fresh upload 0/frame | uv matrix writes 24/frame (last scale 0.00098, 0.00098)
    TIMING: frame 31.8 ms avg (31 fps), worst 89 ms | shim 5.22 ms avg (16.4% of frame), worst 11.4 ms
    converted -> target 14E69DB0 1280x720 fmt=34 : 206 draws/frame
    converted -> target 14E746D8 1280x720 fmt=113 : 819 draws/frame
    converted -> target 14E69020 1280x720 fmt=113 : 50 draws/frame
    converted -> target 14E68E30 1280x720 fmt=21 : 1 draws/frame
camera: pos 96.3 147.7 36.1 | proj _11=1.6085 _22=2.8594 _33=1.00001 _43=-0.15 (aspect 1.778)
frame 9600 | draws 3307/frame | FFP converted 1026/frame (31.0%)
    not converted: screen-space 31  skinned 400  ortho 0  vertex-format 24  untextured 1343  instanced 0  mirrored 0  other-camera 407  no camera 0  other 77 (per frame)
    instancing: 1228 converted from the instance stream/frame, 0 refused/frame (largest single draw 1 instances, 0.8 buffer writes snooped/frame)
    SKIPPED entirely 0/frame (mode 3) | demoted to UI overlay 0/frame | no-albedo materials left to Remix 242/frame
    MARKED with the marker texture 1343/frame (refused as unsafe 484/frame, 2685 SetTexture calls/frame, marker created)
    albedo: moved off stage 0 176/frame, blanked 242/frame, restored from mesh cache 257/frame (4096 meshes cached) | RT textures known 55 | lights 76.8/frame (24 shaders)
    camera 96.1 147.7 35.1 | distinct cameras this frame 1 (max 1) | transform writes 732/frame | redundant state calls dropped 20497/frame
    world matrix changes 730/frame | objTM used without a fresh upload 0/frame | uv matrix writes 23/frame (last scale 0.00098, 0.00098)
    TIMING: frame 31.0 ms avg (32 fps), worst 76 ms | shim 4.97 ms avg (16.0% of frame), worst 7.6 ms
    converted -> target 14E69DB0 1280x720 fmt=34 : 195 draws/frame
    converted -> target 14E746D8 1280x720 fmt=113 : 783 draws/frame
    converted -> target 14E69020 1280x720 fmt=113 : 47 draws/frame
    converted -> target 14E68E30 1280x720 fmt=21 : 1 draws/frame
camera: pos 94.9 143.9 251.2 | proj _11=1.8088 _22=3.2155 _33=1.00001 _43=-0.15 (aspect 1.778)
camera: pos 94.9 143.8 251.1 | proj _11=1.7883 _22=3.1792 _33=1.00001 _43=-0.15 (aspect 1.778)
camera: pos 94.9 143.8 250.9 | proj _11=1.7709 _22=3.1483 _33=1.00001 _43=-0.15 (aspect 1.778)
camera: pos 94.9 143.8 250.6 | proj _11=1.7478 _22=3.1071 _33=1.00001 _43=-0.15 (aspect 1.778)
camera: pos 94.9 143.8 250.4 | proj _11=1.7212 _22=3.0599 _33=1.00001 _43=-0.15 (aspect 1.778)
camera: pos 95.0 143.7 250.0 | proj _11=1.6907 _22=3.0057 _33=1.00001 _43=-0.15 (aspect 1.778)
camera: pos 95.0 143.7 249.6 | proj _11=1.6517 _22=2.9364 _33=1.00001 _43=-0.15 (aspect 1.778)
camera: pos 95.1 143.6 249.1 | proj _11=1.6105 _22=2.8630 _33=1.00001 _43=-0.15 (aspect 1.778)
camera: pos 95.1 143.6 248.5 | proj _11=1.5603 _22=2.7738 _33=1.00001 _43=-0.15 (aspect 1.778)
camera: pos 95.2 143.5 247.8 | proj _11=1.5091 _22=2.6828 _33=1.00001 _43=-0.15 (aspect 1.778)
camera: pos 95.2 143.4 247.0 | proj _11=1.4546 _22=2.5858 _33=1.00001 _43=-0.15 (aspect 1.778)
camera: pos 95.3 143.3 246.4 | proj _11=1.4125 _22=2.5110 _33=1.00001 _43=-0.15 (aspect 1.778)
camera: pos 95.3 143.2 245.7 | proj _11=1.3668 _22=2.4298 _33=1.00001 _43=-0.15 (aspect 1.778)
camera: pos 95.4 143.2 245.3 | proj _11=1.3425 _22=2.3865 _33=1.00001 _43=-0.15 (aspect 1.778)
camera: pos 95.4 143.2 245.0 | proj _11=1.3227 _22=2.3514 _33=1.00001 _43=-0.15 (aspect 1.778)
camera: pos 95.4 143.1 244.8 | proj _11=1.3087 _22=2.3265 _33=1.00001 _43=-0.15 (aspect 1.778)
camera: pos 94.9 143.4 251.3 | proj _11=1.8093 _22=3.2164 _33=1.00001 _43=-0.15 (aspect 1.778)
camera: pos 94.8 143.5 251.4 | proj _11=1.7990 _22=3.1981 _33=1.00001 _43=-0.15 (aspect 1.778)
camera: pos 94.8 143.9 251.7 | proj _11=1.7634 _22=3.1349 _33=1.00001 _43=-0.15 (aspect 1.778)
camera: pos 94.8 144.1 252.0 | proj _11=1.7386 _22=3.0908 _33=1.00001 _43=-0.15 (aspect 1.778)
camera: pos 94.8 144.5 252.3 | proj _11=1.7051 _22=3.0312 _33=1.00001 _43=-0.15 (aspect 1.778)
camera: pos 94.7 144.9 252.7 | proj _11=1.6679 _22=2.9650 _33=1.00001 _43=-0.15 (aspect 1.778)
camera: pos 94.7 145.5 253.2 | proj _11=1.6229 _22=2.8850 _33=1.00001 _43=-0.15 (aspect 1.778)
camera: pos 94.6 146.2 253.9 | proj _11=1.5660 _22=2.7840 _33=1.00001 _43=-0.15 (aspect 1.778)
camera: pos 94.6 147.0 254.6 | proj _11=1.5072 _22=2.6794 _33=1.00001 _43=-0.15 (aspect 1.778)
camera: pos 94.5 147.8 255.4 | proj _11=1.4467 _22=2.5719 _33=1.00001 _43=-0.15 (aspect 1.778)
camera: pos 94.4 148.5 256.0 | proj _11=1.4023 _22=2.4929 _33=1.00001 _43=-0.15 (aspect 1.778)
camera: pos 94.4 149.1 0.6 | proj _11=1.3639 _22=2.4247 _33=1.00001 _43=-0.15 (aspect 1.778)
camera: pos 94.4 149.5 0.9 | proj _11=1.3387 _22=2.3799 _33=1.00001 _43=-0.15 (aspect 1.778)
camera: pos 94.3 149.9 1.3 | proj _11=1.3165 _22=2.3404 _33=1.00001 _43=-0.15 (aspect 1.778)
camera: pos 94.3 150.1 1.5 | proj _11=1.3044 _22=2.3189 _33=1.00001 _43=-0.15 (aspect 1.778)
camera: pos 94.9 143.9 -4.7 | proj _11=1.8108 _22=3.2191 _33=1.00001 _43=-0.15 (aspect 1.778)
camera: pos 94.9 143.9 -4.8 | proj _11=1.7980 _22=3.1963 _33=1.00001 _43=-0.15 (aspect 1.778)
camera: pos 94.9 143.8 -5.0 | proj _11=1.7848 _22=3.1729 _33=1.00001 _43=-0.15 (aspect 1.778)
camera: pos 94.9 143.8 -5.2 | proj _11=1.7673 _22=3.1417 _33=1.00001 _43=-0.15 (aspect 1.778)
camera: pos 94.9 143.8 -5.4 | proj _11=1.7421 _22=3.0970 _33=1.00001 _43=-0.15 (aspect 1.778)
camera: pos 94.9 143.8 -5.7 | proj _11=1.7133 _22=3.0458 _33=1.00001 _43=-0.15 (aspect 1.778)
camera: pos 95.0 143.7 -6.1 | proj _11=1.6803 _22=2.9871 _33=1.00001 _43=-0.15 (aspect 1.778)
camera: pos 95.0 143.7 -6.6 | proj _11=1.6401 _22=2.9156 _33=1.00001 _43=-0.15 (aspect 1.778)
camera: pos 95.1 143.6 -7.2 | proj _11=1.5886 _22=2.8242 _33=1.00001 _43=-0.15 (aspect 1.778)
camera: pos 95.1 143.5 -7.9 | proj _11=1.5349 _22=2.7286 _33=1.00001 _43=-0.15 (aspect 1.778)
camera: pos 95.2 143.4 -8.6 | proj _11=1.4796 _22=2.6304 _33=1.00001 _43=-0.15 (aspect 1.778)
camera: pos 95.3 143.4 -9.3 | proj _11=1.4304 _22=2.5428 _33=1.00001 _43=-0.15 (aspect 1.778)
camera: pos 95.3 143.3 -9.9 | proj _11=1.3926 _22=2.4757 _33=1.00001 _43=-0.15 (aspect 1.778)
camera: pos 95.3 143.2 -10.3 | proj _11=1.3639 _22=2.4247 _33=1.00001 _43=-0.15 (aspect 1.778)
camera: pos 95.4 143.2 -10.8 | proj _11=1.3380 _22=2.3786 _33=1.00001 _43=-0.15 (aspect 1.778)
camera: pos 95.4 143.2 -11.0 | proj _11=1.3200 _22=2.3466 _33=1.00001 _43=-0.15 (aspect 1.778)
camera: pos 95.4 143.1 -11.3 | proj _11=1.3070 _22=2.3235 _33=1.00001 _43=-0.15 (aspect 1.778)
camera: pos 95.7 144.4 250.7 | proj _11=2.6120 _22=4.6434 _33=1.00001 _43=-0.15 (aspect 1.778)
camera: pos 95.7 144.5 250.7 | proj _11=2.5970 _22=4.6167 _33=1.00001 _43=-0.15 (aspect 1.778)
camera: pos 95.7 144.5 250.6 | proj _11=2.5827 _22=4.5913 _33=1.00001 _43=-0.15 (aspect 1.778)
camera: pos 95.7 144.5 250.6 | proj _11=2.5663 _22=4.5621 _33=1.00001 _43=-0.15 (aspect 1.778)
camera: pos 95.7 144.5 250.6 | proj _11=2.5480 _22=4.5297 _33=1.00001 _43=-0.15 (aspect 1.778)
camera: pos 95.7 144.6 250.6 | proj _11=2.5371 _22=4.5103 _33=1.00001 _43=-0.15 (aspect 1.778)
camera: pos 95.7 144.6 250.6 | proj _11=2.5246 _22=4.4880 _33=1.00001 _43=-0.15 (aspect 1.778)
camera: pos 95.7 144.6 250.6 | proj _11=2.5120 _22=4.4657 _33=1.00001 _43=-0.15 (aspect 1.778)
camera: pos 95.7 144.7 250.6 | proj _11=2.5014 _22=4.4469 _33=1.00001 _43=-0.15 (aspect 1.778)
camera: pos 95.7 144.8 250.6 | proj _11=2.4810 _22=4.4107 _33=1.00001 _43=-0.15 (aspect 1.778)
camera: pos 95.7 144.8 250.6 | proj _11=2.4627 _22=4.3781 _33=1.00001 _43=-0.15 (aspect 1.778)
camera: pos 95.7 144.9 250.5 | proj _11=2.4435 _22=4.3439 _33=1.00001 _43=-0.15 (aspect 1.778)
camera: pos 95.7 145.1 250.5 | proj _11=2.4254 _22=4.3117 _33=1.00001 _43=-0.15 (aspect 1.778)
camera: pos 95.7 145.2 250.5 | proj _11=2.4089 _22=4.2824 _33=1.00001 _43=-0.15 (aspect 1.778)
camera: pos 95.7 145.3 250.5 | proj _11=2.3917 _22=4.2519 _33=1.00001 _43=-0.15 (aspect 1.778)
camera: pos 95.7 145.5 250.5 | proj _11=2.3747 _22=4.2217 _33=1.00001 _43=-0.15 (aspect 1.778)
camera: pos 95.7 145.6 250.4 | proj _11=2.3591 _22=4.1940 _33=1.00001 _43=-0.15 (aspect 1.778)
camera: pos 95.7 145.8 250.4 | proj _11=2.3437 _22=4.1665 _33=1.00001 _43=-0.15 (aspect 1.778)
camera: pos 95.7 146.0 250.3 | proj _11=2.3273 _22=4.1374 _33=1.00001 _43=-0.15 (aspect 1.778)
camera: pos 95.7 146.1 250.3 | proj _11=2.3120 _22=4.1102 _33=1.00001 _43=-0.15 (aspect 1.778)
camera: pos 95.7 146.3 250.2 | proj _11=2.2999 _22=4.0886 _33=1.00001 _43=-0.15 (aspect 1.778)
camera: pos 95.7 146.6 250.1 | proj _11=2.2861 _22=4.0641 _33=1.00001 _43=-0.15 (aspect 1.778)
camera: pos 95.7 147.1 250.0 | proj _11=2.2744 _22=4.0433 _33=1.00001 _43=-0.15 (aspect 1.778)
camera: pos 95.8 148.3 248.5 | proj _11=2.2630 _22=4.0231 _33=1.00001 _43=-0.15 (aspect 1.778)
camera: pos 95.9 147.9 248.1 | proj _11=2.2490 _22=3.9982 _33=1.00001 _43=-0.15 (aspect 1.778)
camera: pos 95.9 147.7 247.9 | proj _11=2.2378 _22=3.9782 _33=1.00001 _43=-0.15 (aspect 1.778)
camera: pos 95.9 147.7 247.6 | proj _11=2.2250 _22=3.9555 _33=1.00001 _43=-0.15 (aspect 1.778)
camera: pos 95.9 147.7 247.4 | proj _11=2.2114 _22=3.9314 _33=1.00001 _43=-0.15 (aspect 1.778)
camera: pos 95.9 147.7 247.1 | proj _11=2.1955 _22=3.9031 _33=1.00001 _43=-0.15 (aspect 1.778)
camera: pos 95.9 147.7 246.8 | proj _11=2.1778 _22=3.8716 _33=1.00001 _43=-0.15 (aspect 1.778)
camera: pos 95.9 147.7 246.5 | proj _11=2.1597 _22=3.8393 _33=1.00001 _43=-0.15 (aspect 1.778)
camera: pos 95.9 147.7 246.2 | proj _11=2.1395 _22=3.8035 _33=1.00001 _43=-0.15 (aspect 1.778)
camera: pos 95.9 147.7 246.0 | proj _11=2.1289 _22=3.7846 _33=1.00001 _43=-0.15 (aspect 1.778)
camera: pos 95.9 147.7 245.9 | proj _11=2.1183 _22=3.7658 _33=1.00001 _43=-0.15 (aspect 1.778)
camera: pos 95.9 147.7 245.7 | proj _11=2.1082 _22=3.7478 _33=1.00001 _43=-0.15 (aspect 1.778)
camera: pos 95.8 147.8 245.5 | proj _11=2.0965 _22=3.7271 _33=1.00001 _43=-0.15 (aspect 1.778)
camera: pos 95.8 147.8 245.3 | proj _11=2.0857 _22=3.7079 _33=1.00001 _43=-0.15 (aspect 1.778)
camera: pos 95.8 147.9 245.1 | proj _11=2.0757 _22=3.6901 _33=1.00001 _43=-0.15 (aspect 1.778)
camera: pos 95.7 147.9 244.9 | proj _11=2.0656 _22=3.6721 _33=1.00001 _43=-0.15 (aspect 1.778)
camera: pos 95.7 148.0 244.5 | proj _11=2.0458 _22=3.6369 _33=1.00001 _43=-0.15 (aspect 1.778)
camera: pos 95.7 148.0 244.3 | proj _11=2.0356 _22=3.6187 _33=1.00001 _43=-0.15 (aspect 1.778)
camera: pos 95.7 148.0 244.0 | proj _11=2.0254 _22=3.6006 _33=1.00001 _43=-0.15 (aspect 1.778)
camera: pos 95.7 148.0 243.6 | proj _11=2.0077 _22=3.5692 _33=1.00001 _43=-0.15 (aspect 1.778)
camera: pos 95.7 148.0 243.1 | proj _11=1.9906 _22=3.5388 _33=1.00001 _43=-0.15 (aspect 1.778)
camera: pos 95.7 148.0 242.7 | proj _11=1.9770 _22=3.5147 _33=1.00001 _43=-0.15 (aspect 1.778)
camera: pos 95.7 148.0 242.2 | proj _11=1.9627 _22=3.4891 _33=1.00001 _43=-0.15 (aspect 1.778)
camera: pos 95.7 148.0 241.7 | proj _11=1.9496 _22=3.4659 _33=1.00001 _43=-0.15 (aspect 1.778)
camera: pos 95.6 148.2 241.2 | proj _11=1.9382 _22=3.4457 _33=1.00001 _43=-0.15 (aspect 1.778)
camera: pos 95.6 148.4 240.7 | proj _11=1.9277 _22=3.4270 _33=1.00001 _43=-0.15 (aspect 1.778)
camera: pos 95.6 148.4 239.9 | proj _11=1.9138 _22=3.4023 _33=1.00001 _43=-0.15 (aspect 1.778)
camera: pos 95.5 148.6 239.0 | proj _11=1.9012 _22=3.3798 _33=1.00001 _43=-0.15 (aspect 1.778)
camera: pos 95.5 148.8 238.1 | proj _11=1.8905 _22=3.3609 _33=1.00001 _43=-0.15 (aspect 1.778)
camera: pos 95.5 148.9 237.0 | proj _11=1.8798 _22=3.3417 _33=1.00001 _43=-0.15 (aspect 1.778)
camera: pos 95.5 149.4 235.7 | proj _11=1.8676 _22=3.3202 _33=1.00001 _43=-0.15 (aspect 1.778)
camera: pos 95.5 150.5 234.2 | proj _11=1.8557 _22=3.2990 _33=1.00001 _43=-0.15 (aspect 1.778)
camera: pos 95.5 151.3 232.5 | proj _11=1.8439 _22=3.2779 _33=1.00001 _43=-0.15 (aspect 1.778)
camera: pos 95.5 152.0 230.8 | proj _11=1.8324 _22=3.2575 _33=1.00001 _43=-0.15 (aspect 1.778)
camera: pos 95.5 152.4 229.4 | proj _11=1.8220 _22=3.2391 _33=1.00001 _43=-0.15 (aspect 1.778)
camera: pos 95.4 152.5 228.0 | proj _11=1.8093 _22=3.2165 _33=1.00001 _43=-0.15 (aspect 1.778)
camera: pos 95.4 152.5 226.8 | proj _11=1.7980 _22=3.1965 _33=1.00001 _43=-0.15 (aspect 1.778)
camera: pos 95.3 152.3 225.7 | proj _11=1.7872 _22=3.1772 _33=1.00001 _43=-0.15 (aspect 1.778)
camera: pos 95.3 151.9 224.8 | proj _11=1.7764 _22=3.1579 _33=1.00001 _43=-0.15 (aspect 1.778)
camera: pos 95.3 151.4 223.7 | proj _11=1.7656 _22=3.1387 _33=1.00001 _43=-0.15 (aspect 1.778)
camera: pos 95.4 151.0 222.6 | proj _11=1.7544 _22=3.1189 _33=1.00001 _43=-0.15 (aspect 1.778)
camera: pos 95.4 150.7 221.1 | proj _11=1.7417 _22=3.0962 _33=1.00001 _43=-0.15 (aspect 1.778)
camera: pos 95.4 150.6 219.9 | proj _11=1.7316 _22=3.0783 _33=1.00001 _43=-0.15 (aspect 1.778)
camera: pos 95.5 150.6 218.5 | proj _11=1.7207 _22=3.0590 _33=1.00001 _43=-0.15 (aspect 1.778)
camera: pos 95.6 150.6 216.8 | proj _11=1.7099 _22=3.0398 _33=1.00001 _43=-0.15 (aspect 1.778)
camera: pos 95.8 150.6 213.7 | proj _11=1.6995 _22=3.0212 _33=1.00001 _43=-0.15 (aspect 1.778)
camera: pos 96.1 150.7 209.4 | proj _11=1.7095 _22=3.0391 _33=1.00001 _43=-0.15 (aspect 1.778)
camera: pos 96.3 150.7 207.7 | proj _11=1.7225 _22=3.0622 _33=1.00001 _43=-0.15 (aspect 1.778)
camera: pos 96.4 150.7 206.4 | proj _11=1.7357 _22=3.0856 _33=1.00001 _43=-0.15 (aspect 1.778)
camera: pos 96.5 150.7 205.2 | proj _11=1.7514 _22=3.1135 _33=1.00001 _43=-0.15 (aspect 1.778)
camera: pos 96.6 150.7 204.4 | proj _11=1.7634 _22=3.1350 _33=1.00001 _43=-0.15 (aspect 1.778)
camera: pos 96.6 150.7 203.6 | proj _11=1.7781 _22=3.1609 _33=1.00001 _43=-0.15 (aspect 1.778)
camera: pos 96.7 150.7 202.8 | proj _11=1.7934 _22=3.1882 _33=1.00001 _43=-0.15 (aspect 1.778)
camera: pos 96.8 150.7 202.0 | proj _11=1.8096 _22=3.2170 _33=1.00001 _43=-0.15 (aspect 1.778)
camera: pos 96.9 150.8 201.3 | proj _11=1.8264 _22=3.2468 _33=1.00001 _43=-0.15 (aspect 1.778)
camera: pos 96.9 150.8 200.6 | proj _11=1.8437 _22=3.2776 _33=1.00001 _43=-0.15 (aspect 1.778)
camera: pos 97.0 150.8 200.1 | proj _11=1.8547 _22=3.2972 _33=1.00001 _43=-0.15 (aspect 1.778)
camera: pos 97.0 150.8 199.5 | proj _11=1.8735 _22=3.3307 _33=1.00001 _43=-0.15 (aspect 1.778)
camera: pos 97.1 150.8 198.8 | proj _11=1.8912 _22=3.3620 _33=1.00001 _43=-0.15 (aspect 1.778)
camera: pos 97.1 150.8 198.3 | proj _11=1.9079 _22=3.3918 _33=1.00001 _43=-0.15 (aspect 1.778)
camera: pos 97.2 150.8 197.7 | proj _11=1.9255 _22=3.4230 _33=1.00001 _43=-0.15 (aspect 1.778)
camera: pos 97.2 150.8 197.1 | proj _11=1.9426 _22=3.4534 _33=1.00001 _43=-0.15 (aspect 1.778)
camera: pos 97.3 150.8 196.6 | proj _11=1.9580 _22=3.4809 _33=1.00001 _43=-0.15 (aspect 1.778)
camera: pos 97.3 150.8 196.1 | proj _11=1.9740 _22=3.5093 _33=1.00001 _43=-0.15 (aspect 1.778)
camera: pos 97.4 150.8 195.6 | proj _11=1.9899 _22=3.5376 _33=1.00001 _43=-0.15 (aspect 1.778)
camera: pos 97.4 150.8 195.1 | proj _11=2.0049 _22=3.5642 _33=1.00001 _43=-0.15 (aspect 1.778)
camera: pos 97.4 150.8 194.7 | proj _11=2.0174 _22=3.5863 _33=1.00001 _43=-0.15 (aspect 1.778)
camera: pos 97.5 150.8 194.2 | proj _11=2.0306 _22=3.6099 _33=1.00001 _43=-0.15 (aspect 1.778)
camera: pos 97.5 150.8 193.8 | proj _11=2.0434 _22=3.6327 _33=1.00001 _43=-0.15 (aspect 1.778)
camera: pos 97.5 150.8 193.4 | proj _11=2.0560 _22=3.6550 _33=1.00001 _43=-0.15 (aspect 1.778)
camera: pos 97.6 150.8 193.0 | proj _11=2.0673 _22=3.6751 _33=1.00001 _43=-0.15 (aspect 1.778)
camera: pos 97.6 150.8 192.6 | proj _11=2.0777 _22=3.6936 _33=1.00001 _43=-0.15 (aspect 1.778)
camera: pos 97.6 150.8 192.0 | proj _11=2.0920 _22=3.7190 _33=1.00001 _43=-0.15 (aspect 1.778)
camera: pos 97.7 150.9 191.5 | proj _11=2.1060 _22=3.7439 _33=1.00001 _43=-0.15 (aspect 1.778)
camera: pos 97.7 150.9 190.9 | proj _11=2.1186 _22=3.7664 _33=1.00001 _43=-0.15 (aspect 1.778)
camera: pos 97.8 150.9 190.4 | proj _11=2.1312 _22=3.7888 _33=1.00001 _43=-0.15 (aspect 1.778)
camera: pos 97.8 150.9 189.9 | proj _11=2.1442 _22=3.8119 _33=1.00001 _43=-0.15 (aspect 1.778)
camera: pos 97.8 150.9 189.4 | proj _11=2.1577 _22=3.8359 _33=1.00001 _43=-0.15 (aspect 1.778)
camera: pos 97.9 150.9 188.8 | proj _11=2.1721 _22=3.8615 _33=1.00001 _43=-0.15 (aspect 1.778)
camera: pos 97.9 150.9 188.4 | proj _11=2.1849 _22=3.8842 _33=1.00001 _43=-0.15 (aspect 1.778)
camera: pos 98.0 150.9 188.0 | proj _11=2.1979 _22=3.9073 _33=1.00001 _43=-0.15 (aspect 1.778)
camera: pos 98.0 150.9 187.5 | proj _11=2.2105 _22=3.9296 _33=1.00001 _43=-0.15 (aspect 1.778)
camera: pos 98.0 150.9 187.1 | proj _11=2.2238 _22=3.9533 _33=1.00001 _43=-0.15 (aspect 1.778)
camera: pos 98.1 150.9 186.7 | proj _11=2.2368 _22=3.9765 _33=1.00001 _43=-0.15 (aspect 1.778)
frame 10200 | draws 3332/frame | FFP converted 1040/frame (31.2%)
    not converted: screen-space 31  skinned 387  ortho 0  vertex-format 23  untextured 1363  instanced 0  mirrored 0  other-camera 414  no camera 0  other 73 (per frame)
    instancing: 1254 converted from the instance stream/frame, 0 refused/frame (largest single draw 1 instances, 0.8 buffer writes snooped/frame)
    SKIPPED entirely 0/frame (mode 3) | demoted to UI overlay 0/frame | no-albedo materials left to Remix 246/frame
    MARKED with the marker texture 1363/frame (refused as unsafe 488/frame, 2727 SetTexture calls/frame, marker created)
    albedo: moved off stage 0 175/frame, blanked 246/frame, restored from mesh cache 244/frame (4096 meshes cached) | RT textures known 55 | lights 73.4/frame (24 shaders)
    camera 98.1 150.9 186.5 | distinct cameras this frame 1 (max 1) | transform writes 743/frame | redundant state calls dropped 20780/frame
    world matrix changes 742/frame | objTM used without a fresh upload 0/frame | uv matrix writes 23/frame (last scale 0.00098, 0.00098)
    TIMING: frame 30.6 ms avg (33 fps), worst 69 ms | shim 5.01 ms avg (16.4% of frame), worst 7.7 ms
    converted -> target 14E69DB0 1280x720 fmt=34 : 192 draws/frame
    converted -> target 14E746D8 1280x720 fmt=113 : 803 draws/frame
    converted -> target 14E69020 1280x720 fmt=113 : 45 draws/frame
    converted -> target 14E68E30 1280x720 fmt=21 : 1 draws/frame
    converted -> target 0376AC58 1280x720 fmt=22 : 0 draws/frame
camera: pos 98.1 150.9 186.4 | proj _11=2.2492 _22=3.9985 _33=1.00001 _43=-0.15 (aspect 1.778)
camera: pos 98.1 150.9 186.0 | proj _11=2.2611 _22=4.0196 _33=1.00001 _43=-0.15 (aspect 1.778)
camera: pos 98.1 150.9 185.7 | proj _11=2.2720 _22=4.0390 _33=1.00001 _43=-0.15 (aspect 1.778)
camera: pos 98.2 150.9 185.3 | proj _11=2.2828 _22=4.0582 _33=1.00001 _43=-0.15 (aspect 1.778)
camera: pos 98.2 150.9 184.9 | proj _11=2.2953 _22=4.0805 _33=1.00001 _43=-0.15 (aspect 1.778)
camera: pos 98.2 150.9 184.5 | proj _11=2.3078 _22=4.1026 _33=1.00001 _43=-0.15 (aspect 1.778)
camera: pos 98.3 150.9 184.2 | proj _11=2.3195 _22=4.1235 _33=1.00001 _43=-0.15 (aspect 1.778)
camera: pos 98.3 150.9 183.8 | proj _11=2.3315 _22=4.1449 _33=1.00001 _43=-0.15 (aspect 1.778)
camera: pos 98.3 150.9 183.5 | proj _11=2.3423 _22=4.1640 _33=1.00001 _43=-0.15 (aspect 1.778)
camera: pos 98.3 151.0 183.1 | proj _11=2.3537 _22=4.1842 _33=1.00001 _43=-0.15 (aspect 1.778)
camera: pos 98.4 151.0 182.8 | proj _11=2.3649 _22=4.2041 _33=1.00001 _43=-0.15 (aspect 1.778)
camera: pos 98.4 151.0 182.5 | proj _11=2.3751 _22=4.2224 _33=1.00001 _43=-0.15 (aspect 1.778)
camera: pos 98.4 151.0 182.2 | proj _11=2.3872 _22=4.2438 _33=1.00001 _43=-0.15 (aspect 1.778)
camera: pos 98.5 151.0 181.7 | proj _11=2.4018 _22=4.2699 _33=1.00001 _43=-0.15 (aspect 1.778)
camera: pos 98.5 151.0 181.4 | proj _11=2.4125 _22=4.2887 _33=1.00001 _43=-0.15 (aspect 1.778)
camera: pos 98.5 151.0 181.1 | proj _11=2.4238 _22=4.3090 _33=1.00001 _43=-0.15 (aspect 1.778)
camera: pos 98.5 151.0 180.8 | proj _11=2.4345 _22=4.3280 _33=1.00001 _43=-0.15 (aspect 1.778)
camera: pos 98.5 151.0 180.5 | proj _11=2.4451 _22=4.3468 _33=1.00001 _43=-0.15 (aspect 1.778)
camera: pos 98.6 151.0 180.2 | proj _11=2.4562 _22=4.3665 _33=1.00001 _43=-0.15 (aspect 1.778)
camera: pos 98.6 151.1 179.9 | proj _11=2.4662 _22=4.3843 _33=1.00001 _43=-0.15 (aspect 1.778)
camera: pos 98.6 151.1 179.7 | proj _11=2.4765 _22=4.4025 _33=1.00001 _43=-0.15 (aspect 1.778)
camera: pos 98.6 151.1 179.4 | proj _11=2.4869 _22=4.4211 _33=1.00001 _43=-0.15 (aspect 1.778)
camera: pos 98.7 151.1 179.1 | proj _11=2.4973 _22=4.4396 _33=1.00001 _43=-0.15 (aspect 1.778)
camera: pos 98.7 151.1 178.8 | proj _11=2.5081 _22=4.4588 _33=1.00001 _43=-0.15 (aspect 1.778)
camera: pos 98.7 151.1 178.5 | proj _11=2.5184 _22=4.4771 _33=1.00001 _43=-0.15 (aspect 1.778)
camera: pos 98.7 151.1 178.3 | proj _11=2.5291 _22=4.4961 _33=1.00001 _43=-0.15 (aspect 1.778)
camera: pos 98.7 151.1 178.0 | proj _11=2.5396 _22=4.5147 _33=1.00001 _43=-0.15 (aspect 1.778)
camera: pos 98.8 151.2 177.7 | proj _11=2.5496 _22=4.5326 _33=1.00001 _43=-0.15 (aspect 1.778)
camera: pos 98.8 151.2 177.5 | proj _11=2.5601 _22=4.5513 _33=1.00001 _43=-0.15 (aspect 1.778)
camera: pos 98.8 151.2 177.2 | proj _11=2.5703 _22=4.5693 _33=1.00001 _43=-0.15 (aspect 1.778)
camera: pos 98.8 151.2 177.0 | proj _11=2.5806 _22=4.5877 _33=1.00001 _43=-0.15 (aspect 1.778)
camera: pos 98.8 151.3 176.7 | proj _11=2.5909 _22=4.6059 _33=1.00001 _43=-0.15 (aspect 1.778)
camera: pos 98.9 151.3 176.5 | proj _11=2.6010 _22=4.6238 _33=1.00001 _43=-0.15 (aspect 1.778)
camera: pos 98.9 151.4 176.2 | proj _11=2.6110 _22=4.6417 _33=1.00001 _43=-0.15 (aspect 1.778)
frame 10800 | draws 3290/frame | FFP converted 1031/frame (31.3%)
    not converted: screen-space 31  skinned 379  ortho 0  vertex-format 21  untextured 1344  instanced 0  mirrored 0  other-camera 412  no camera 0  other 71 (per frame)
    instancing: 1248 converted from the instance stream/frame, 0 refused/frame (largest single draw 1 instances, 0.8 buffer writes snooped/frame)
    SKIPPED entirely 0/frame (mode 3) | demoted to UI overlay 0/frame | no-albedo materials left to Remix 236/frame
    MARKED with the marker texture 1344/frame (refused as unsafe 483/frame, 2688 SetTexture calls/frame, marker created)
    albedo: moved off stage 0 168/frame, blanked 236/frame, restored from mesh cache 233/frame (4096 meshes cached) | RT textures known 55 | lights 70.7/frame (24 shaders)
    camera 98.9 151.6 176.1 | distinct cameras this frame 1 (max 1) | transform writes 740/frame | redundant state calls dropped 20583/frame
    world matrix changes 738/frame | objTM used without a fresh upload 0/frame | uv matrix writes 22/frame (last scale 0.00098, 0.00098)
    TIMING: frame 29.9 ms avg (33 fps), worst 69 ms | shim 4.93 ms avg (16.5% of frame), worst 5.6 ms
    converted -> target 14E69DB0 1280x720 fmt=34 : 186 draws/frame
    converted -> target 14E746D8 1280x720 fmt=113 : 799 draws/frame
    converted -> target 14E69020 1280x720 fmt=113 : 43 draws/frame
    converted -> target 14E68E30 1280x720 fmt=21 : 2 draws/frame
    converted -> target 0376AC58 1280x720 fmt=22 : 0 draws/frame
frame 11400 | draws 3246/frame | FFP converted 1019/frame (31.4%)
    not converted: screen-space 31  skinned 372  ortho 0  vertex-format 20  untextured 1324  instanced 0  mirrored 0  other-camera 410  no camera 0  other 68 (per frame)
    instancing: 1241 converted from the instance stream/frame, 0 refused/frame (largest single draw 1 instances, 0.8 buffer writes snooped/frame)
    SKIPPED entirely 0/frame (mode 3) | demoted to UI overlay 0/frame | no-albedo materials left to Remix 228/frame
    MARKED with the marker texture 1324/frame (refused as unsafe 479/frame, 2648 SetTexture calls/frame, marker created)
    albedo: moved off stage 0 161/frame, blanked 228/frame, restored from mesh cache 224/frame (4096 meshes cached) | RT textures known 55 | lights 68.2/frame (24 shaders)
    camera 98.8 152.2 176.0 | distinct cameras this frame 1 (max 1) | transform writes 735/frame | redundant state calls dropped 20355/frame
    world matrix changes 733/frame | objTM used without a fresh upload 0/frame | uv matrix writes 22/frame (last scale 0.00098, 0.00098)
    TIMING: frame 29.2 ms avg (34 fps), worst 25 ms | shim 4.84 ms avg (16.6% of frame), worst 4.7 ms
    converted -> target 14E69DB0 1280x720 fmt=34 : 180 draws/frame
    converted -> target 14E746D8 1280x720 fmt=113 : 794 draws/frame
    converted -> target 14E69020 1280x720 fmt=113 : 42 draws/frame
    converted -> target 14E68E30 1280x720 fmt=21 : 2 draws/frame
    converted -> target 0376AC58 1280x720 fmt=22 : 0 draws/frame
frame 12000 | draws 3208/frame | FFP converted 1010/frame (31.5%)
    not converted: screen-space 31  skinned 366  ortho 0  vertex-format 19  untextured 1307  instanced 0  mirrored 0  other-camera 408  no camera 0  other 66 (per frame)
    instancing: 1235 converted from the instance stream/frame, 0 refused/frame (largest single draw 1 instances, 0.8 buffer writes snooped/frame)
    SKIPPED entirely 0/frame (mode 3) | demoted to UI overlay 0/frame | no-albedo materials left to Remix 220/frame
    MARKED with the marker texture 1307/frame (refused as unsafe 474/frame, 2615 SetTexture calls/frame, marker created)
    albedo: moved off stage 0 155/frame, blanked 219/frame, restored from mesh cache 215/frame (4096 meshes cached) | RT textures known 55 | lights 66.0/frame (24 shaders)
    camera 98.9 152.9 176.0 | distinct cameras this frame 1 (max 1) | transform writes 731/frame | redundant state calls dropped 20164/frame
    world matrix changes 729/frame | objTM used without a fresh upload 0/frame | uv matrix writes 22/frame (last scale 0.00098, 0.00098)
    TIMING: frame 28.6 ms avg (35 fps), worst 54 ms | shim 4.77 ms avg (16.7% of frame), worst 4.5 ms
    converted -> target 14E69DB0 1280x720 fmt=34 : 175 draws/frame
    converted -> target 14E746D8 1280x720 fmt=113 : 790 draws/frame
    converted -> target 14E69020 1280x720 fmt=113 : 41 draws/frame
    converted -> target 14E68E30 1280x720 fmt=21 : 2 draws/frame
    converted -> target 0376AC58 1280x720 fmt=22 : 0 draws/frame
frame 12600 | draws 3185/frame | FFP converted 1005/frame (31.6%)
    not converted: screen-space 31  skinned 360  ortho 0  vertex-format 18  untextured 1298  instanced 0  mirrored 0  other-camera 408  no camera 0  other 64 (per frame)
    instancing: 1235 converted from the instance stream/frame, 0 refused/frame (largest single draw 1 instances, 0.8 buffer writes snooped/frame)
    SKIPPED entirely 0/frame (mode 3) | demoted to UI overlay 0/frame | no-albedo materials left to Remix 213/frame
    MARKED with the marker texture 1298/frame (refused as unsafe 472/frame, 2596 SetTexture calls/frame, marker created)
    albedo: moved off stage 0 150/frame, blanked 213/frame, restored from mesh cache 207/frame (4096 meshes cached) | RT textures known 55 | lights 64.1/frame (24 shaders)
    camera 98.7 152.8 176.2 | distinct cameras this frame 1 (max 1) | transform writes 730/frame | redundant state calls dropped 20073/frame
    world matrix changes 728/frame | objTM used without a fresh upload 0/frame | uv matrix writes 21/frame (last scale 0.00098, 0.00098)
    TIMING: frame 28.1 ms avg (36 fps), worst 25 ms | shim 4.73 ms avg (16.8% of frame), worst 7.8 ms
    converted -> target 14E69DB0 1280x720 fmt=34 : 171 draws/frame
    converted -> target 14E746D8 1280x720 fmt=113 : 791 draws/frame
    converted -> target 14E69020 1280x720 fmt=113 : 40 draws/frame
    converted -> target 14E68E30 1280x720 fmt=21 : 3 draws/frame
    converted -> target 0376AC58 1280x720 fmt=22 : 0 draws/frame
frame 13200 | draws 3180/frame | FFP converted 1007/frame (31.7%)
    not converted: screen-space 32  skinned 354  ortho 0  vertex-format 17  untextured 1299  instanced 0  mirrored 0  other-camera 408  no camera 0  other 62 (per frame)
    instancing: 1241 converted from the instance stream/frame, 0 refused/frame (largest single draw 1 instances, 0.8 buffer writes snooped/frame)
    SKIPPED entirely 0/frame (mode 3) | demoted to UI overlay 0/frame | no-albedo materials left to Remix 209/frame
    MARKED with the marker texture 1299/frame (refused as unsafe 471/frame, 2597 SetTexture calls/frame, marker created)
    albedo: moved off stage 0 146/frame, blanked 209/frame, restored from mesh cache 200/frame (4096 meshes cached) | RT textures known 55 | lights 62.4/frame (24 shaders)
    camera 98.2 153.9 175.9 | distinct cameras this frame 1 (max 1) | transform writes 734/frame | redundant state calls dropped 20117/frame
    world matrix changes 733/frame | objTM used without a fresh upload 0/frame | uv matrix writes 21/frame (last scale 0.00098, 0.00098)
    TIMING: frame 27.7 ms avg (36 fps), worst 90 ms | shim 4.72 ms avg (17.0% of frame), worst 7.6 ms
    converted -> target 14E69DB0 1280x720 fmt=34 : 167 draws/frame
    converted -> target 14E746D8 1280x720 fmt=113 : 797 draws/frame
    converted -> target 14E69020 1280x720 fmt=113 : 39 draws/frame
    converted -> target 14E68E30 1280x720 fmt=21 : 3 draws/frame
    converted -> target 0376AC58 1280x720 fmt=22 : 0 draws/frame
camera: pos 98.2 154.5 175.9 | proj _11=2.5992 _22=4.6207 _33=1.00001 _43=-0.15 (aspect 1.778)
camera: pos 98.2 154.5 175.9 | proj _11=2.5883 _22=4.6013 _33=1.00001 _43=-0.15 (aspect 1.778)
camera: pos 98.2 154.5 175.8 | proj _11=2.5747 _22=4.5772 _33=1.00001 _43=-0.15 (aspect 1.778)
camera: pos 98.2 154.5 175.8 | proj _11=2.5627 _22=4.5559 _33=1.00001 _43=-0.15 (aspect 1.778)
camera: pos 98.2 154.5 175.7 | proj _11=2.5494 _22=4.5323 _33=1.00001 _43=-0.15 (aspect 1.778)
camera: pos 98.2 154.5 175.7 | proj _11=2.5352 _22=4.5070 _33=1.00001 _43=-0.15 (aspect 1.778)
camera: pos 98.2 154.5 175.6 | proj _11=2.5206 _22=4.4810 _33=1.00001 _43=-0.15 (aspect 1.778)
camera: pos 98.2 154.5 175.5 | proj _11=2.5036 _22=4.4507 _33=1.00001 _43=-0.15 (aspect 1.778)
camera: pos 98.2 154.5 175.4 | proj _11=2.4863 _22=4.4201 _33=1.00001 _43=-0.15 (aspect 1.778)
camera: pos 98.2 154.5 175.4 | proj _11=2.4760 _22=4.4017 _33=1.00001 _43=-0.15 (aspect 1.778)
camera: pos 98.2 154.5 175.3 | proj _11=2.4574 _22=4.3686 _33=1.00001 _43=-0.15 (aspect 1.778)
camera: pos 98.2 154.5 175.2 | proj _11=2.4377 _22=4.3336 _33=1.00001 _43=-0.15 (aspect 1.778)
camera: pos 98.2 154.5 175.1 | proj _11=2.4270 _22=4.3146 _33=1.00001 _43=-0.15 (aspect 1.778)
camera: pos 98.3 154.5 174.9 | proj _11=2.4064 _22=4.2780 _33=1.00001 _43=-0.15 (aspect 1.778)
camera: pos 98.3 154.5 174.9 | proj _11=2.3955 _22=4.2586 _33=1.00001 _43=-0.15 (aspect 1.778)
camera: pos 98.3 154.5 174.8 | proj _11=2.3854 _22=4.2406 _33=1.00001 _43=-0.15 (aspect 1.778)
camera: pos 98.3 154.5 174.7 | proj _11=2.3752 _22=4.2225 _33=1.00001 _43=-0.15 (aspect 1.778)
camera: pos 98.3 154.5 174.5 | proj _11=2.3551 _22=4.1868 _33=1.00001 _43=-0.15 (aspect 1.778)
camera: pos 98.3 154.5 174.3 | proj _11=2.3383 _22=4.1568 _33=1.00001 _43=-0.15 (aspect 1.778)
camera: pos 98.4 154.5 174.1 | proj _11=2.3218 _22=4.1276 _33=1.00001 _43=-0.15 (aspect 1.778)
camera: pos 98.4 154.5 173.9 | proj _11=2.3076 _22=4.1023 _33=1.00001 _43=-0.15 (aspect 1.778)
camera: pos 98.4 154.5 173.6 | proj _11=2.2944 _22=4.0789 _33=1.00001 _43=-0.15 (aspect 1.778)
camera: pos 98.4 154.5 173.4 | proj _11=2.2836 _22=4.0597 _33=1.00001 _43=-0.15 (aspect 1.778)
camera: pos 98.5 154.5 173.1 | proj _11=2.2704 _22=4.0361 _33=1.00001 _43=-0.15 (aspect 1.778)
camera: pos 98.5 154.5 172.6 | proj _11=2.2584 _22=4.0149 _33=1.00001 _43=-0.15 (aspect 1.778)
frame 13800 | draws 3189/frame | FFP converted 1016/frame (31.9%)
    not converted: screen-space 32  skinned 349  ortho 0  vertex-format 17  untextured 1305  instanced 0  mirrored 0  other-camera 410  no camera 0  other 61 (per frame)
    instancing: 1255 converted from the instance stream/frame, 0 refused/frame (largest single draw 1 instances, 0.8 buffer writes snooped/frame)
    SKIPPED entirely 0/frame (mode 3) | demoted to UI overlay 0/frame | no-albedo materials left to Remix 204/frame
    MARKED with the marker texture 1305/frame (refused as unsafe 471/frame, 2610 SetTexture calls/frame, marker created)
    albedo: moved off stage 0 141/frame, blanked 204/frame, restored from mesh cache 194/frame (4096 meshes cached) | RT textures known 55 | lights 60.8/frame (24 shaders)
    camera 98.5 154.5 172.3 | distinct cameras this frame 1 (max 1) | transform writes 745/frame | redundant state calls dropped 20284/frame
    world matrix changes 743/frame | objTM used without a fresh upload 0/frame | uv matrix writes 21/frame (last scale 0.00098, 0.00098)
    TIMING: frame 27.3 ms avg (37 fps), worst 25 ms | shim 4.74 ms avg (17.3% of frame), worst 6.9 ms
    converted -> target 14E69DB0 1280x720 fmt=34 : 163 draws/frame
    converted -> target 14E746D8 1280x720 fmt=113 : 810 draws/frame
    converted -> target 14E69020 1280x720 fmt=113 : 38 draws/frame
    converted -> target 14E68E30 1280x720 fmt=21 : 3 draws/frame
    converted -> target 0376AC58 1280x720 fmt=22 : 0 draws/frame
camera: pos 98.6 154.4 171.4 | proj _11=2.2047 _22=3.9194 _33=1.00001 _43=-0.15 (aspect 1.778)
camera: pos 98.7 154.3 171.2 | proj _11=2.1546 _22=3.8304 _33=1.00001 _43=-0.15 (aspect 1.778)
camera: pos 98.7 154.1 171.0 | proj _11=2.0988 _22=3.7311 _33=1.00001 _43=-0.15 (aspect 1.778)
camera: pos 98.7 153.9 170.7 | proj _11=2.0419 _22=3.6300 _33=1.00001 _43=-0.15 (aspect 1.778)
camera: pos 98.8 153.8 170.4 | proj _11=1.9826 _22=3.5246 _33=1.00001 _43=-0.15 (aspect 1.778)
camera: pos 98.8 153.7 170.0 | proj _11=1.9309 _22=3.4326 _33=1.00001 _43=-0.15 (aspect 1.778)
camera: pos 98.8 153.5 169.7 | proj _11=1.8805 _22=3.3430 _33=1.00001 _43=-0.15 (aspect 1.778)
camera: pos 98.9 153.4 169.3 | proj _11=1.8251 _22=3.2445 _33=1.00001 _43=-0.15 (aspect 1.778)
camera: pos 98.9 153.3 168.9 | proj _11=1.7801 _22=3.1645 _33=1.00001 _43=-0.15 (aspect 1.778)
camera: pos 99.0 153.2 168.4 | proj _11=1.7357 _22=3.0857 _33=1.00001 _43=-0.15 (aspect 1.778)
camera: pos 99.0 153.1 168.0 | proj _11=1.6944 _22=3.0122 _33=1.00001 _43=-0.15 (aspect 1.778)
camera: pos 99.0 153.0 167.5 | proj _11=1.6447 _22=2.9239 _33=1.00001 _43=-0.15 (aspect 1.778)
camera: pos 99.1 152.9 166.8 | proj _11=1.5905 _22=2.8275 _33=1.00001 _43=-0.15 (aspect 1.778)
camera: pos 99.1 152.9 166.2 | proj _11=1.5492 _22=2.7540 _33=1.00001 _43=-0.15 (aspect 1.778)
camera: pos 99.2 152.8 165.6 | proj _11=1.5053 _22=2.6760 _33=1.00001 _43=-0.15 (aspect 1.778)
camera: pos 99.2 152.8 165.0 | proj _11=1.4638 _22=2.6023 _33=1.00001 _43=-0.15 (aspect 1.778)
camera: pos 99.3 152.7 164.0 | proj _11=1.4065 _22=2.5004 _33=1.00001 _43=-0.15 (aspect 1.778)
camera: pos 99.4 152.6 163.0 | proj _11=1.3520 _22=2.4034 _33=1.00001 _43=-0.15 (aspect 1.778)
camera: pos 99.4 152.6 162.2 | proj _11=1.3111 _22=2.3307 _33=1.00001 _43=-0.15 (aspect 1.778)
camera: pos 99.5 152.5 161.2 | proj _11=1.2660 _22=2.2506 _33=1.00001 _43=-0.15 (aspect 1.778)
camera: pos 99.6 152.5 160.3 | proj _11=1.2226 _22=2.1735 _33=1.00001 _43=-0.15 (aspect 1.778)
camera: pos 99.6 152.4 159.3 | proj _11=1.2095 _22=2.1501 _33=1.00001 _43=-0.15 (aspect 1.778)
camera: pos 99.8 152.3 157.5 | proj _11=1.1909 _22=2.1172 _33=1.00001 _43=-0.15 (aspect 1.778)
camera: pos 99.9 152.2 155.6 | proj _11=1.1775 _22=2.0932 _33=1.00001 _43=-0.15 (aspect 1.778)
camera: pos 100.0 152.1 153.7 | proj _11=1.1615 _22=2.0649 _33=1.00001 _43=-0.15 (aspect 1.778)
camera: pos 100.2 152.0 151.8 | proj _11=1.1430 _22=2.0319 _33=1.00001 _43=-0.15 (aspect 1.778)
camera: pos 100.3 151.9 150.8 | proj _11=1.1325 _22=2.0132 _33=1.00001 _43=-0.15 (aspect 1.778)
camera: pos 100.4 151.8 148.9 | proj _11=1.1202 _22=1.9914 _33=1.00001 _43=-0.15 (aspect 1.778)
camera: pos 100.5 151.7 147.8 | proj _11=1.1091 _22=1.9717 _33=1.00001 _43=-0.15 (aspect 1.778)
camera: pos 100.6 151.6 145.7 | proj _11=1.0875 _22=1.9332 _33=1.00001 _43=-0.15 (aspect 1.778)
camera: pos 100.9 151.4 142.7 | proj _11=1.0727 _22=1.9070 _33=1.00001 _43=-0.15 (aspect 1.778)
camera: pos 101.0 151.3 140.9 | proj _11=1.0607 _22=1.8857 _33=1.00001 _43=-0.15 (aspect 1.778)
camera: pos 101.2 151.2 138.9 | proj _11=1.0417 _22=1.8519 _33=1.00001 _43=-0.15 (aspect 1.778)
camera: pos 101.4 151.0 136.0 | proj _11=1.0565 _22=1.8782 _33=1.00001 _43=-0.15 (aspect 1.778)
camera: pos 101.5 150.9 134.1 | proj _11=1.0428 _22=1.8538 _33=1.00001 _43=-0.15 (aspect 1.778)
camera: pos 101.7 150.8 131.7 | proj _11=1.0231 _22=1.8189 _33=1.00001 _43=-0.15 (aspect 1.778)
camera: pos 101.9 150.6 129.6 | proj _11=1.0112 _22=1.7977 _33=1.00001 _43=-0.15 (aspect 1.778)
camera: pos 102.0 150.5 127.3 | proj _11=0.9927 _22=1.7648 _33=1.00001 _43=-0.15 (aspect 1.778)
camera: pos 102.2 150.4 125.1 | proj _11=0.9803 _22=1.7426 _33=1.00001 _43=-0.15 (aspect 1.778)
camera: pos 102.4 150.3 123.0 | proj _11=0.9659 _22=1.7172 _33=1.00001 _43=-0.15 (aspect 1.778)
camera: pos 102.5 150.2 121.1 | proj _11=0.9536 _22=1.6952 _33=1.00001 _43=-0.15 (aspect 1.778)
camera: pos 102.7 150.0 118.9 | proj _11=0.9393 _22=1.6697 _33=1.00001 _43=-0.15 (aspect 1.778)
camera: pos 102.8 149.9 116.9 | proj _11=0.9266 _22=1.6472 _33=1.00001 _43=-0.15 (aspect 1.778)
camera: pos 103.0 149.8 114.8 | proj _11=0.9139 _22=1.6247 _33=1.00001 _43=-0.15 (aspect 1.778)
camera: pos 103.1 149.7 112.8 | proj _11=0.9022 _22=1.6038 _33=1.00001 _43=-0.15 (aspect 1.778)
camera: pos 103.3 149.6 110.7 | proj _11=0.8894 _22=1.5811 _33=1.00001 _43=-0.15 (aspect 1.778)
camera: pos 106.5 136.2 70.4 | proj _11=0.8763 _22=1.5578 _33=1.00001 _43=-0.15 (aspect 1.778)
camera: pos 118.5 115.4 11.2 | proj _11=0.8633 _22=1.5348 _33=1.00001 _43=-0.15 (aspect 1.778)
camera: pos 118.8 114.8 9.9 | proj _11=0.8781 _22=1.5609 _33=1.00001 _43=-0.15 (aspect 1.778)
camera: pos 126.5 95.1 220.5 | proj _11=0.8618 _22=1.5321 _33=1.00001 _43=-0.15 (aspect 1.778)
camera: pos 126.7 94.3 219.2 | proj _11=0.8765 _22=1.5583 _33=1.00001 _43=-0.15 (aspect 1.778)
camera: pos 136.6 44.0 129.2 | proj _11=0.8639 _22=1.5357 _33=1.00001 _43=-0.15 (aspect 1.778)
camera: pos 136.7 43.4 127.7 | proj _11=0.8775 _22=1.5600 _33=1.00001 _43=-0.15 (aspect 1.778)
camera: pos 137.9 33.4 104.3 | proj _11=0.8662 _22=1.5399 _33=1.00001 _43=-0.15 (aspect 1.778)
camera: pos 138.0 33.0 102.8 | proj _11=0.8786 _22=1.5618 _33=1.00001 _43=-0.15 (aspect 1.778)
camera: pos 138.7 26.1 78.3 | proj _11=0.8677 _22=1.5425 _33=1.00001 _43=-0.15 (aspect 1.778)
camera: pos 138.7 25.8 76.8 | proj _11=0.8799 _22=1.5643 _33=1.00001 _43=-0.15 (aspect 1.778)
camera: pos 139.0 23.5 62.7 | proj _11=0.8691 _22=1.5451 _33=1.00001 _43=-0.15 (aspect 1.778)
camera: pos 139.0 23.5 61.1 | proj _11=0.8812 _22=1.5666 _33=1.00001 _43=-0.15 (aspect 1.778)
camera: pos 139.2 23.2 46.7 | proj _11=1.0724 _22=1.9064 _33=1.00001 _43=-0.15 (aspect 1.778)
camera: pos 139.7 22.9 46.7 | proj _11=1.6077 _22=2.8581 _33=1.00001 _43=-0.15 (aspect 1.778)
camera: pos 140.1 22.0 46.5 | proj _11=1.5807 _22=2.8100 _33=1.00001 _43=-0.15 (aspect 1.778)
camera: pos 140.2 21.5 46.3 | proj _11=1.5659 _22=2.7838 _33=1.00001 _43=-0.15 (aspect 1.778)
camera: pos 140.1 21.0 46.0 | proj _11=1.5449 _22=2.7464 _33=1.00001 _43=-0.15 (aspect 1.778)
camera: pos 140.0 20.3 45.2 | proj _11=1.5153 _22=2.6938 _33=1.00001 _43=-0.15 (aspect 1.778)
camera: pos 140.0 20.1 44.7 | proj _11=1.4894 _22=2.6478 _33=1.00001 _43=-0.15 (aspect 1.778)
camera: pos 140.1 19.9 43.9 | proj _11=1.4494 _22=2.5766 _33=1.00001 _43=-0.15 (aspect 1.778)
camera: pos 140.3 19.9 43.1 | proj _11=1.4100 _22=2.5066 _33=1.00001 _43=-0.15 (aspect 1.778)
camera: pos 140.8 20.0 42.5 | proj _11=1.3703 _22=2.4360 _33=1.00001 _43=-0.15 (aspect 1.778)
camera: pos 141.4 20.2 41.8 | proj _11=1.3316 _22=2.3672 _33=1.00001 _43=-0.15 (aspect 1.778)
camera: pos 142.3 20.5 41.4 | proj _11=1.2944 _22=2.3011 _33=1.00001 _43=-0.15 (aspect 1.778)
camera: pos 143.3 20.7 41.1 | proj _11=1.2614 _22=2.2424 _33=1.00001 _43=-0.15 (aspect 1.778)
camera: pos 144.4 20.8 41.1 | proj _11=1.2326 _22=2.1912 _33=1.00001 _43=-0.15 (aspect 1.778)
camera: pos 145.3 20.8 41.1 | proj _11=1.2118 _22=2.1542 _33=1.00001 _43=-0.15 (aspect 1.778)
camera: pos 145.8 20.7 41.2 | proj _11=1.2006 _22=2.1343 _33=1.00001 _43=-0.15 (aspect 1.778)
camera: pos 146.4 20.6 41.3 | proj _11=1.1880 _22=2.1120 _33=1.00001 _43=-0.15 (aspect 1.778)
camera: pos 146.9 20.5 41.4 | proj _11=1.1774 _22=2.0931 _33=1.00001 _43=-0.15 (aspect 1.778)
camera: pos 147.9 20.2 41.7 | proj _11=1.1574 _22=2.0575 _33=1.00001 _43=-0.15 (aspect 1.778)
camera: pos 148.8 19.9 42.0 | proj _11=1.1412 _22=2.0288 _33=1.00001 _43=-0.15 (aspect 1.778)
camera: pos 149.5 19.6 42.2 | proj _11=1.1275 _22=2.0044 _33=1.00001 _43=-0.15 (aspect 1.778)
camera: pos 150.3 19.2 42.5 | proj _11=1.1148 _22=1.9818 _33=1.00001 _43=-0.15 (aspect 1.778)
camera: pos 151.1 18.7 42.8 | proj _11=1.1027 _22=1.9604 _33=1.00001 _43=-0.15 (aspect 1.778)
camera: pos 151.9 18.5 43.1 | proj _11=1.3886 _22=2.4686 _33=1.00001 _43=-0.15 (aspect 1.778)
camera: pos 152.1 18.5 43.2 | proj _11=1.6685 _22=2.9662 _33=1.00001 _43=-0.15 (aspect 1.778)
camera: pos 152.4 18.6 43.3 | proj _11=1.6943 _22=3.0120 _33=1.00001 _43=-0.15 (aspect 1.778)
camera: pos 152.7 18.6 43.4 | proj _11=1.7049 _22=3.0308 _33=1.00001 _43=-0.15 (aspect 1.778)
camera: pos 153.2 18.6 43.6 | proj _11=1.7214 _22=3.0601 _33=1.00001 _43=-0.15 (aspect 1.778)
camera: pos 153.8 18.7 43.8 | proj _11=1.7382 _22=3.0901 _33=1.00001 _43=-0.15 (aspect 1.778)
camera: pos 154.2 18.7 44.0 | proj _11=1.7556 _22=3.1211 _33=1.00001 _43=-0.15 (aspect 1.778)
camera: pos 154.3 18.7 44.0 | proj _11=1.7669 _22=3.1410 _33=1.00001 _43=-0.15 (aspect 1.778)
camera: pos 154.6 18.6 44.2 | proj _11=1.7834 _22=3.1704 _33=1.00001 _43=-0.15 (aspect 1.778)
camera: pos 154.9 18.6 44.3 | proj _11=1.7992 _22=3.1985 _33=1.00001 _43=-0.15 (aspect 1.778)
camera: pos 155.2 18.6 44.5 | proj _11=1.8139 _22=3.2246 _33=1.00001 _43=-0.15 (aspect 1.778)
camera: pos 155.5 18.5 44.7 | proj _11=1.8290 _22=3.2514 _33=1.00001 _43=-0.15 (aspect 1.778)
camera: pos 155.8 18.5 44.9 | proj _11=1.8441 _22=3.2784 _33=1.00001 _43=-0.15 (aspect 1.778)
camera: pos 155.9 18.5 45.0 | proj _11=1.9455 _22=3.4585 _33=1.00001 _43=-0.15 (aspect 1.778)
camera: pos 156.2 18.4 45.2 | proj _11=1.9568 _22=3.4787 _33=1.00001 _43=-0.15 (aspect 1.778)
camera: pos 156.8 18.4 45.5 | proj _11=2.0339 _22=3.6158 _33=1.00001 _43=-0.15 (aspect 1.778)
camera: pos 157.0 18.3 45.6 | proj _11=2.0995 _22=3.7323 _33=1.00001 _43=-0.15 (aspect 1.778)
camera: pos 157.1 18.3 45.7 | proj _11=2.1263 _22=3.7799 _33=1.00001 _43=-0.15 (aspect 1.778)
camera: pos 157.2 18.4 45.8 | proj _11=2.1063 _22=3.7444 _33=1.00001 _43=-0.15 (aspect 1.778)
camera: pos 157.3 18.4 45.9 | proj _11=2.0832 _22=3.7034 _33=1.00001 _43=-0.15 (aspect 1.778)
camera: pos 157.3 18.4 46.0 | proj _11=2.0533 _22=3.6502 _33=1.00001 _43=-0.15 (aspect 1.778)
camera: pos 157.3 18.4 46.1 | proj _11=2.0209 _22=3.5926 _33=1.00001 _43=-0.15 (aspect 1.778)
camera: pos 157.3 18.5 46.2 | proj _11=1.9836 _22=3.5263 _33=1.00001 _43=-0.15 (aspect 1.778)
camera: pos 157.4 18.5 46.3 | proj _11=1.9492 _22=3.4652 _33=1.00001 _43=-0.15 (aspect 1.778)
camera: pos 157.4 18.5 46.5 | proj _11=1.9135 _22=3.4016 _33=1.00001 _43=-0.15 (aspect 1.778)
camera: pos 157.4 18.5 46.6 | proj _11=1.8759 _22=3.3349 _33=1.00001 _43=-0.15 (aspect 1.778)
camera: pos 157.4 18.5 46.7 | proj _11=1.8394 _22=3.2700 _33=1.00001 _43=-0.15 (aspect 1.778)
camera: pos 157.4 18.5 46.9 | proj _11=1.8020 _22=3.2034 _33=1.00001 _43=-0.15 (aspect 1.778)
camera: pos 157.3 18.5 47.1 | proj _11=1.7646 _22=3.1370 _33=1.00001 _43=-0.15 (aspect 1.778)
camera: pos 157.3 18.5 47.2 | proj _11=1.7298 _22=3.0752 _33=1.00001 _43=-0.15 (aspect 1.778)
camera: pos 157.3 18.6 47.4 | proj _11=1.6948 _22=3.0129 _33=1.00001 _43=-0.15 (aspect 1.778)
camera: pos 157.3 18.6 47.6 | proj _11=1.6617 _22=2.9541 _33=1.00001 _43=-0.15 (aspect 1.778)
camera: pos 157.2 18.6 47.8 | proj _11=1.6297 _22=2.8973 _33=1.00001 _43=-0.15 (aspect 1.778)
camera: pos 157.2 18.6 48.0 | proj _11=1.5992 _22=2.8430 _33=1.00001 _43=-0.15 (aspect 1.778)
camera: pos 157.2 18.6 48.2 | proj _11=1.5704 _22=2.7917 _33=1.00001 _43=-0.15 (aspect 1.778)
camera: pos 157.1 18.6 48.5 | proj _11=1.5419 _22=2.7412 _33=1.00001 _43=-0.15 (aspect 1.778)
camera: pos 157.1 18.6 48.7 | proj _11=1.5163 _22=2.6956 _33=1.00001 _43=-0.15 (aspect 1.778)
camera: pos 157.0 18.6 49.1 | proj _11=1.4837 _22=2.6377 _33=1.00001 _43=-0.15 (aspect 1.778)
camera: pos 156.9 18.6 49.3 | proj _11=1.4643 _22=2.6032 _33=1.00001 _43=-0.15 (aspect 1.778)
camera: pos 156.9 18.6 49.5 | proj _11=1.4439 _22=2.5669 _33=1.00001 _43=-0.15 (aspect 1.778)
camera: pos 156.8 18.6 49.8 | proj _11=1.4227 _22=2.5291 _33=1.00001 _43=-0.15 (aspect 1.778)
camera: pos 156.8 18.6 50.1 | proj _11=1.4022 _22=2.4927 _33=1.00001 _43=-0.15 (aspect 1.778)
camera: pos 156.7 18.6 50.4 | proj _11=1.3824 _22=2.4575 _33=1.00001 _43=-0.15 (aspect 1.778)
camera: pos 156.6 18.6 50.7 | proj _11=1.3638 _22=2.4244 _33=1.00001 _43=-0.15 (aspect 1.778)
camera: pos 156.6 18.6 51.0 | proj _11=1.3459 _22=2.3926 _33=1.00001 _43=-0.15 (aspect 1.778)
camera: pos 156.5 18.6 51.3 | proj _11=1.3278 _22=2.3604 _33=1.00001 _43=-0.15 (aspect 1.778)
camera: pos 156.4 18.6 51.7 | proj _11=1.3118 _22=2.3320 _33=1.00001 _43=-0.15 (aspect 1.778)
camera: pos 156.3 18.6 52.0 | proj _11=1.2960 _22=2.3040 _33=1.00001 _43=-0.15 (aspect 1.778)
camera: pos 156.2 18.6 52.4 | proj _11=1.2815 _22=2.2782 _33=1.00001 _43=-0.15 (aspect 1.778)
camera: pos 156.1 18.6 52.7 | proj _11=1.2678 _22=2.2539 _33=1.00001 _43=-0.15 (aspect 1.778)
camera: pos 156.1 18.5 53.1 | proj _11=1.2543 _22=2.2297 _33=1.00001 _43=-0.15 (aspect 1.778)
camera: pos 156.0 18.5 53.5 | proj _11=1.2411 _22=2.2064 _33=1.00001 _43=-0.15 (aspect 1.778)
camera: pos 155.9 18.5 53.8 | proj _11=1.2295 _22=2.1858 _33=1.00001 _43=-0.15 (aspect 1.778)
camera: pos 155.8 18.5 54.3 | proj _11=1.2176 _22=2.1646 _33=1.00001 _43=-0.15 (aspect 1.778)
camera: pos 155.7 18.5 54.6 | proj _11=1.2068 _22=2.1454 _33=1.00001 _43=-0.15 (aspect 1.778)
camera: pos 155.6 18.5 55.0 | proj _11=1.1967 _22=2.1274 _33=1.00001 _43=-0.15 (aspect 1.778)
camera: pos 155.4 18.5 55.9 | proj _11=1.1769 _22=2.0922 _33=1.00001 _43=-0.15 (aspect 1.778)
camera: pos 155.3 18.5 56.7 | proj _11=1.1609 _22=2.0638 _33=1.00001 _43=-0.15 (aspect 1.778)
camera: pos 155.1 18.5 57.6 | proj _11=1.1455 _22=2.0363 _33=1.00001 _43=-0.15 (aspect 1.778)
camera: pos 154.9 18.6 58.5 | proj _11=1.1315 _22=2.0115 _33=1.00001 _43=-0.15 (aspect 1.778)
camera: pos 154.7 18.6 59.5 | proj _11=1.1195 _22=1.9902 _33=1.00001 _43=-0.15 (aspect 1.778)
camera: pos 154.5 18.6 60.4 | proj _11=1.1095 _22=1.9724 _33=1.00001 _43=-0.15 (aspect 1.778)
camera: pos 154.2 18.6 61.9 | proj _11=1.0985 _22=1.9528 _33=1.00001 _43=-0.15 (aspect 1.778)
camera: pos 153.7 18.8 65.6 | proj _11=1.1116 _22=1.9761 _33=1.00001 _43=-0.15 (aspect 1.778)
camera: pos 153.4 18.9 67.1 | proj _11=1.1253 _22=2.0005 _33=1.00001 _43=-0.15 (aspect 1.778)
camera: pos 153.2 19.0 68.7 | proj _11=1.1392 _22=2.0253 _33=1.00001 _43=-0.15 (aspect 1.778)
camera: pos 153.1 19.1 70.2 | proj _11=1.1533 _22=2.0503 _33=1.00001 _43=-0.15 (aspect 1.778)
camera: pos 152.9 19.2 71.8 | proj _11=1.1676 _22=2.0757 _33=1.00001 _43=-0.15 (aspect 1.778)
camera: pos 152.7 19.4 73.3 | proj _11=1.1821 _22=2.1015 _33=1.00001 _43=-0.15 (aspect 1.778)
camera: pos 152.7 19.5 74.4 | proj _11=1.1927 _22=2.1203 _33=1.00001 _43=-0.15 (aspect 1.778)
camera: pos 152.6 19.6 75.4 | proj _11=1.2039 _22=2.1402 _33=1.00001 _43=-0.15 (aspect 1.778)
camera: pos 152.5 19.8 76.4 | proj _11=1.2169 _22=2.1633 _33=1.00001 _43=-0.15 (aspect 1.778)
camera: pos 152.5 19.9 77.5 | proj _11=1.2308 _22=2.1881 _33=1.00001 _43=-0.15 (aspect 1.778)
camera: pos 152.4 20.0 78.5 | proj _11=1.2458 _22=2.2147 _33=1.00001 _43=-0.15 (aspect 1.778)
camera: pos 152.4 20.2 79.5 | proj _11=1.2621 _22=2.2437 _33=1.00001 _43=-0.15 (aspect 1.778)
camera: pos 152.3 20.4 80.5 | proj _11=1.2793 _22=2.2743 _33=1.00001 _43=-0.15 (aspect 1.778)
camera: pos 152.3 20.5 81.5 | proj _11=1.2977 _22=2.3069 _33=1.00001 _43=-0.15 (aspect 1.778)
camera: pos 152.3 21.0 81.8 | proj _11=1.7991 _22=3.1984 _33=1.00001 _43=-0.15 (aspect 1.778)
camera: pos 152.4 21.2 82.0 | proj _11=1.8895 _22=3.3591 _33=1.00001 _43=-0.15 (aspect 1.778)
camera: pos 152.7 21.7 82.4 | proj _11=1.8713 _22=3.3267 _33=1.00001 _43=-0.15 (aspect 1.778)
camera: pos 152.8 22.0 82.7 | proj _11=1.8513 _22=3.2911 _33=1.00001 _43=-0.15 (aspect 1.778)
camera: pos 152.9 22.2 82.9 | proj _11=1.8406 _22=3.2721 _33=1.00001 _43=-0.15 (aspect 1.778)
camera: pos 153.0 22.3 83.1 | proj _11=1.8292 _22=3.2518 _33=1.00001 _43=-0.15 (aspect 1.778)
camera: pos 153.1 22.5 83.2 | proj _11=1.8189 _22=3.2336 _33=1.00001 _43=-0.15 (aspect 1.778)
camera: pos 153.1 22.6 83.4 | proj _11=1.8083 _22=3.2147 _33=1.00001 _43=-0.15 (aspect 1.778)
camera: pos 153.3 22.9 83.9 | proj _11=1.7886 _22=3.1797 _33=1.00001 _43=-0.15 (aspect 1.778)
camera: pos 153.4 23.2 84.3 | proj _11=1.7697 _22=3.1461 _33=1.00001 _43=-0.15 (aspect 1.778)
camera: pos 153.5 23.4 84.8 | proj _11=1.7525 _22=3.1155 _33=1.00001 _43=-0.15 (aspect 1.778)
camera: pos 153.6 23.7 85.3 | proj _11=1.7360 _22=3.0862 _33=1.00001 _43=-0.15 (aspect 1.778)
camera: pos 153.6 23.9 85.9 | proj _11=1.7208 _22=3.0591 _33=1.00001 _43=-0.15 (aspect 1.778)
camera: pos 153.7 24.1 86.5 | proj _11=1.7062 _22=3.0332 _33=1.00001 _43=-0.15 (aspect 1.778)
camera: pos 153.8 24.3 87.4 | proj _11=1.6913 _22=3.0067 _33=1.00001 _43=-0.15 (aspect 1.778)
camera: pos 154.3 24.3 88.6 | proj _11=1.6791 _22=2.9851 _33=1.00001 _43=-0.15 (aspect 1.778)
camera: pos 154.9 24.2 89.8 | proj _11=1.6606 _22=2.9520 _33=1.00001 _43=-0.15 (aspect 1.778)
camera: pos 155.1 24.1 90.2 | proj _11=1.6503 _22=2.9338 _33=1.00001 _43=-0.15 (aspect 1.778)
camera: pos 155.2 24.1 90.6 | proj _11=1.6399 _22=2.9153 _33=1.00001 _43=-0.15 (aspect 1.778)
camera: pos 155.3 24.1 91.0 | proj _11=1.6287 _22=2.8954 _33=1.00001 _43=-0.15 (aspect 1.778)
camera: pos 155.4 24.1 91.4 | proj _11=1.6171 _22=2.8748 _33=1.00001 _43=-0.15 (aspect 1.778)
camera: pos 155.4 24.1 91.8 | proj _11=1.6067 _22=2.8564 _33=1.00001 _43=-0.15 (aspect 1.778)
camera: pos 155.4 24.1 92.2 | proj _11=1.5954 _22=2.8363 _33=1.00001 _43=-0.15 (aspect 1.778)
camera: pos 155.4 24.1 92.6 | proj _11=1.5851 _22=2.8179 _33=1.00001 _43=-0.15 (aspect 1.778)
camera: pos 155.4 24.1 93.0 | proj _11=1.5742 _22=2.7985 _33=1.00001 _43=-0.15 (aspect 1.778)
camera: pos 155.3 24.1 93.4 | proj _11=1.5641 _22=2.7805 _33=1.00001 _43=-0.15 (aspect 1.778)
camera: pos 155.3 24.1 93.8 | proj _11=1.5528 _22=2.7605 _33=1.00001 _43=-0.15 (aspect 1.778)
camera: pos 155.2 24.1 94.6 | proj _11=1.5318 _22=2.7231 _33=1.00001 _43=-0.15 (aspect 1.778)
camera: pos 155.1 24.1 95.3 | proj _11=1.5123 _22=2.6884 _33=1.00001 _43=-0.15 (aspect 1.778)
camera: pos 155.0 24.1 95.7 | proj _11=1.5016 _22=2.6694 _33=1.00001 _43=-0.15 (aspect 1.778)
camera: pos 154.8 24.0 96.5 | proj _11=1.4822 _22=2.6350 _33=1.00001 _43=-0.15 (aspect 1.778)
camera: pos 154.7 24.0 97.0 | proj _11=1.4710 _22=2.6150 _33=1.00001 _43=-0.15 (aspect 1.778)
camera: pos 154.5 24.0 97.4 | proj _11=1.4608 _22=2.5969 _33=1.00001 _43=-0.15 (aspect 1.778)
camera: pos 154.3 24.0 98.0 | proj _11=1.4483 _22=2.5746 _33=1.00001 _43=-0.15 (aspect 1.778)
camera: pos 154.0 24.0 98.4 | proj _11=1.4376 _22=2.5556 _33=1.00001 _43=-0.15 (aspect 1.778)
camera: pos 153.4 24.1 99.3 | proj _11=1.4158 _22=2.5169 _33=1.00001 _43=-0.15 (aspect 1.778)
camera: pos 153.1 24.1 99.8 | proj _11=1.4046 _22=2.4970 _33=1.00001 _43=-0.15 (aspect 1.778)
camera: pos 143.9 23.4 113.9 | proj _11=1.5313 _22=2.7223 _33=1.00001 _43=-0.15 (aspect 1.778)
camera: pos 143.6 23.3 114.4 | proj _11=1.5202 _22=2.7026 _33=1.00001 _43=-0.15 (aspect 1.778)
camera: pos 143.0 23.2 115.3 | proj _11=1.5050 _22=2.6755 _33=1.00001 _43=-0.15 (aspect 1.778)
camera: pos 140.7 23.4 118.4 | proj _11=1.5177 _22=2.6981 _33=1.00001 _43=-0.15 (aspect 1.778)
camera: pos 139.7 23.5 119.5 | proj _11=1.5296 _22=2.7192 _33=1.00001 _43=-0.15 (aspect 1.778)
camera: pos 138.5 23.7 120.4 | proj _11=1.5429 _22=2.7428 _33=1.00001 _43=-0.15 (aspect 1.778)
camera: pos 137.3 23.8 121.2 | proj _11=1.5548 _22=2.7641 _33=1.00001 _43=-0.15 (aspect 1.778)
camera: pos 136.1 23.9 121.8 | proj _11=1.5651 _22=2.7824 _33=1.00001 _43=-0.15 (aspect 1.778)
camera: pos 134.2 23.9 122.6 | proj _11=1.5770 _22=2.8034 _33=1.00001 _43=-0.15 (aspect 1.778)
camera: pos 131.7 24.0 123.1 | proj _11=1.5876 _22=2.8223 _33=1.00001 _43=-0.15 (aspect 1.778)
camera: pos 130.3 24.0 123.2 | proj _11=1.5993 _22=2.8431 _33=1.00001 _43=-0.15 (aspect 1.778)
camera: pos 129.4 24.1 123.2 | proj _11=1.6111 _22=2.8642 _33=1.00001 _43=-0.15 (aspect 1.778)
camera: pos 128.6 24.1 123.2 | proj _11=1.6269 _22=2.8922 _33=1.00001 _43=-0.15 (aspect 1.778)
camera: pos 127.7 24.2 123.2 | proj _11=1.6467 _22=2.9273 _33=1.00001 _43=-0.15 (aspect 1.778)
camera: pos 127.3 24.2 123.2 | proj _11=1.6583 _22=2.9480 _33=1.00001 _43=-0.15 (aspect 1.778)
camera: pos 127.0 24.3 123.1 | proj _11=1.6692 _22=2.9673 _33=1.00001 _43=-0.15 (aspect 1.778)
frame 14400 | draws 3227/frame | FFP converted 1036/frame (32.1%)
    not converted: screen-space 32  skinned 350  ortho 0  vertex-format 16  untextured 1325  instanced 0  mirrored 0  other-camera 408  no camera 0  other 59 (per frame)
    instancing: 1274 converted from the instance stream/frame, 0 refused/frame (largest single draw 1 instances, 0.8 buffer writes snooped/frame)
    SKIPPED entirely 0/frame (mode 3) | demoted to UI overlay 0/frame | no-albedo materials left to Remix 215/frame
    MARKED with the marker texture 1325/frame (refused as unsafe 467/frame, 2651 SetTexture calls/frame, marker created)
    albedo: moved off stage 0 149/frame, blanked 215/frame, restored from mesh cache 187/frame (4096 meshes cached) | RT textures known 55 | lights 59.3/frame (24 shaders)
    camera 127.0 24.3 123.1 | distinct cameras this frame 1 (max 1) | transform writes 761/frame | redundant state calls dropped 20683/frame
    world matrix changes 759/frame | objTM used without a fresh upload 0/frame | uv matrix writes 21/frame (last scale 0.00098, 0.00098)
    TIMING: frame 27.5 ms avg (36 fps), worst 81 ms | shim 4.82 ms avg (17.5% of frame), worst 15.5 ms
    converted -> target 14E69DB0 1280x720 fmt=34 : 170 draws/frame
    converted -> target 14E746D8 1280x720 fmt=113 : 824 draws/frame
    converted -> target 14E69020 1280x720 fmt=113 : 38 draws/frame
    converted -> target 14E68E30 1280x720 fmt=21 : 4 draws/frame
    converted -> target 0376AC58 1280x720 fmt=22 : 0 draws/frame
camera: pos 126.6 24.3 123.1 | proj _11=1.6812 _22=2.9888 _33=1.00001 _43=-0.15 (aspect 1.778)
camera: pos 126.2 24.3 123.1 | proj _11=1.6960 _22=3.0151 _33=1.00001 _43=-0.15 (aspect 1.778)
camera: pos 125.8 24.4 123.1 | proj _11=1.7110 _22=3.0416 _33=1.00001 _43=-0.15 (aspect 1.778)
camera: pos 125.4 24.5 123.1 | proj _11=1.7280 _22=3.0719 _33=1.00001 _43=-0.15 (aspect 1.778)
camera: pos 125.1 24.5 123.1 | proj _11=1.7397 _22=3.0928 _33=1.00001 _43=-0.15 (aspect 1.778)
camera: pos 124.8 24.6 123.1 | proj _11=1.7552 _22=3.1202 _33=1.00001 _43=-0.15 (aspect 1.778)
camera: pos 124.5 24.6 123.0 | proj _11=1.7690 _22=3.1448 _33=1.00001 _43=-0.15 (aspect 1.778)
camera: pos 124.2 24.7 123.0 | proj _11=1.7855 _22=3.1741 _33=1.00001 _43=-0.15 (aspect 1.778)
camera: pos 123.9 24.8 123.0 | proj _11=1.8003 _22=3.2004 _33=1.00001 _43=-0.15 (aspect 1.778)
camera: pos 123.6 24.8 123.1 | proj _11=1.8172 _22=3.2305 _33=1.00001 _43=-0.15 (aspect 1.778)
camera: pos 123.3 24.9 123.1 | proj _11=1.8309 _22=3.2549 _33=1.00001 _43=-0.15 (aspect 1.778)
camera: pos 123.0 25.0 123.1 | proj _11=1.8489 _22=3.2868 _33=1.00001 _43=-0.15 (aspect 1.778)
camera: pos 122.7 25.0 123.1 | proj _11=1.8651 _22=3.3156 _33=1.00001 _43=-0.15 (aspect 1.778)
camera: pos 122.5 25.1 123.2 | proj _11=1.8797 _22=3.3416 _33=1.00001 _43=-0.15 (aspect 1.778)
camera: pos 122.1 25.2 123.2 | proj _11=1.8986 _22=3.3753 _33=1.00001 _43=-0.15 (aspect 1.778)
camera: pos 121.9 25.3 123.2 | proj _11=1.9128 _22=3.4004 _33=1.00001 _43=-0.15 (aspect 1.778)
camera: pos 121.7 25.4 123.3 | proj _11=1.9255 _22=3.4231 _33=1.00001 _43=-0.15 (aspect 1.778)
camera: pos 121.4 25.5 123.4 | proj _11=1.9387 _22=3.4465 _33=1.00001 _43=-0.15 (aspect 1.778)
camera: pos 121.2 25.6 123.4 | proj _11=1.9510 _22=3.4683 _33=1.00001 _43=-0.15 (aspect 1.778)
camera: pos 120.9 25.7 123.5 | proj _11=1.9639 _22=3.4914 _33=1.00001 _43=-0.15 (aspect 1.778)
camera: pos 120.5 25.9 123.7 | proj _11=1.9817 _22=3.5230 _33=1.00001 _43=-0.15 (aspect 1.778)
camera: pos 120.2 26.0 123.9 | proj _11=1.9940 _22=3.5448 _33=1.00001 _43=-0.15 (aspect 1.778)
camera: pos 118.6 27.1 125.5 | proj _11=1.9790 _22=3.5182 _33=1.00001 _43=-0.15 (aspect 1.778)
camera: pos 118.4 27.4 125.9 | proj _11=1.9657 _22=3.4945 _33=1.00001 _43=-0.15 (aspect 1.778)
camera: pos 118.2 27.5 126.3 | proj _11=1.9532 _22=3.4722 _33=1.00001 _43=-0.15 (aspect 1.778)
camera: pos 118.0 27.8 126.7 | proj _11=1.9392 _22=3.4474 _33=1.00001 _43=-0.15 (aspect 1.778)
camera: pos 117.9 28.0 127.2 | proj _11=1.9219 _22=3.4167 _33=1.00001 _43=-0.15 (aspect 1.778)
camera: pos 117.7 28.3 127.7 | proj _11=1.9074 _22=3.3909 _33=1.00001 _43=-0.15 (aspect 1.778)
camera: pos 117.6 28.5 128.2 | proj _11=1.8951 _22=3.3690 _33=1.00001 _43=-0.15 (aspect 1.778)
camera: pos 117.5 28.7 128.6 | proj _11=1.8839 _22=3.3491 _33=1.00001 _43=-0.15 (aspect 1.778)
camera: pos 117.4 29.1 129.3 | proj _11=1.8694 _22=3.3234 _33=1.00001 _43=-0.15 (aspect 1.778)
camera: pos 117.3 29.5 130.0 | proj _11=1.8564 _22=3.3003 _33=1.00001 _43=-0.15 (aspect 1.778)
camera: pos 117.3 29.9 130.8 | proj _11=1.8461 _22=3.2818 _33=1.00001 _43=-0.15 (aspect 1.778)
camera: pos 117.2 30.6 132.0 | proj _11=1.8351 _22=3.2624 _33=1.00001 _43=-0.15 (aspect 1.778)
camera: pos 117.1 33.1 135.9 | proj _11=1.8459 _22=3.2816 _33=1.00001 _43=-0.15 (aspect 1.778)
camera: pos 117.1 33.9 137.0 | proj _11=1.8587 _22=3.3042 _33=1.00001 _43=-0.15 (aspect 1.778)
camera: pos 116.9 34.7 137.8 | proj _11=1.8706 _22=3.3254 _33=1.00001 _43=-0.15 (aspect 1.778)
camera: pos 116.1 36.0 138.4 | proj _11=1.8834 _22=3.3482 _33=1.00001 _43=-0.15 (aspect 1.778)
camera: pos 115.5 36.9 138.8 | proj _11=1.8935 _22=3.3661 _33=1.00001 _43=-0.15 (aspect 1.778)
camera: pos 115.0 37.8 139.2 | proj _11=1.9035 _22=3.3840 _33=1.00001 _43=-0.15 (aspect 1.778)
camera: pos 114.6 38.9 139.8 | proj _11=1.9154 _22=3.4050 _33=1.00001 _43=-0.15 (aspect 1.778)
camera: pos 113.5 39.6 141.2 | proj _11=1.9310 _22=3.4329 _33=1.00001 _43=-0.15 (aspect 1.778)
camera: pos 112.5 39.8 141.9 | proj _11=1.9146 _22=3.4036 _33=1.00001 _43=-0.15 (aspect 1.778)
camera: pos 112.6 40.0 142.0 | proj _11=1.9020 _22=3.3813 _33=1.00001 _43=-0.15 (aspect 1.778)
camera: pos 112.7 40.1 142.2 | proj _11=1.8848 _22=3.3508 _33=1.00001 _43=-0.15 (aspect 1.778)
camera: pos 112.7 40.3 142.3 | proj _11=1.8662 _22=3.3176 _33=1.00001 _43=-0.15 (aspect 1.778)
camera: pos 112.8 40.4 142.4 | proj _11=1.8449 _22=3.2797 _33=1.00001 _43=-0.15 (aspect 1.778)
camera: pos 112.9 40.5 142.6 | proj _11=1.8233 _22=3.2413 _33=1.00001 _43=-0.15 (aspect 1.778)
camera: pos 113.1 40.6 142.8 | proj _11=1.7955 _22=3.1920 _33=1.00001 _43=-0.15 (aspect 1.778)
camera: pos 113.2 40.7 143.0 | proj _11=1.7672 _22=3.1416 _33=1.00001 _43=-0.15 (aspect 1.778)
camera: pos 113.4 40.8 143.2 | proj _11=1.7346 _22=3.0836 _33=1.00001 _43=-0.15 (aspect 1.778)
camera: pos 113.6 40.9 143.4 | proj _11=1.7028 _22=3.0272 _33=1.00001 _43=-0.15 (aspect 1.778)
camera: pos 113.8 40.9 143.6 | proj _11=1.6676 _22=2.9645 _33=1.00001 _43=-0.15 (aspect 1.778)
camera: pos 114.0 41.0 143.8 | proj _11=1.6360 _22=2.9083 _33=1.00001 _43=-0.15 (aspect 1.778)
camera: pos 114.3 41.0 144.1 | proj _11=1.6006 _22=2.8455 _33=1.00001 _43=-0.15 (aspect 1.778)
camera: pos 114.6 41.1 144.4 | proj _11=1.5627 _22=2.7781 _33=1.00001 _43=-0.15 (aspect 1.778)
camera: pos 114.9 41.2 144.6 | proj _11=1.5280 _22=2.7164 _33=1.00001 _43=-0.15 (aspect 1.778)
camera: pos 115.2 41.2 144.9 | proj _11=1.4931 _22=2.6543 _33=1.00001 _43=-0.15 (aspect 1.778)
camera: pos 115.5 41.3 145.1 | proj _11=1.4598 _22=2.5951 _33=1.00001 _43=-0.15 (aspect 1.778)
camera: pos 115.8 41.4 145.4 | proj _11=1.4263 _22=2.5355 _33=1.00001 _43=-0.15 (aspect 1.778)
camera: pos 116.2 41.4 145.7 | proj _11=1.3932 _22=2.4767 _33=1.00001 _43=-0.15 (aspect 1.778)
camera: pos 116.6 41.5 146.0 | proj _11=1.3622 _22=2.4217 _33=1.00001 _43=-0.15 (aspect 1.778)
camera: pos 116.9 41.6 146.3 | proj _11=1.3322 _22=2.3683 _33=1.00001 _43=-0.15 (aspect 1.778)
camera: pos 117.3 41.7 146.6 | proj _11=1.2998 _22=2.3107 _33=1.00001 _43=-0.15 (aspect 1.778)
camera: pos 117.8 41.9 147.0 | proj _11=1.2695 _22=2.2568 _33=1.00001 _43=-0.15 (aspect 1.778)
camera: pos 118.2 42.0 147.3 | proj _11=1.2412 _22=2.2065 _33=1.00001 _43=-0.15 (aspect 1.778)
camera: pos 119.1 42.3 148.0 | proj _11=1.2309 _22=2.1883 _33=1.00001 _43=-0.15 (aspect 1.778)
camera: pos 120.3 42.8 149.1 | proj _11=1.2151 _22=2.1602 _33=1.00001 _43=-0.15 (aspect 1.778)
camera: pos 121.2 43.2 149.8 | proj _11=1.2028 _22=2.1382 _33=1.00001 _43=-0.15 (aspect 1.778)
camera: pos 122.1 43.5 150.6 | proj _11=1.1878 _22=2.1116 _33=1.00001 _43=-0.15 (aspect 1.778)
camera: pos 123.4 44.1 151.7 | proj _11=1.1738 _22=2.0867 _33=1.00001 _43=-0.15 (aspect 1.778)
camera: pos 124.7 44.7 152.7 | proj _11=1.1579 _22=2.0584 _33=1.00001 _43=-0.15 (aspect 1.778)
camera: pos 126.1 45.2 153.7 | proj _11=1.1448 _22=2.0352 _33=1.00001 _43=-0.15 (aspect 1.778)
camera: pos 127.0 45.6 154.5 | proj _11=1.1332 _22=2.0145 _33=1.00001 _43=-0.15 (aspect 1.778)
camera: pos 127.5 45.8 154.9 | proj _11=1.1218 _22=1.9942 _33=1.00001 _43=-0.15 (aspect 1.778)
camera: pos 129.1 46.5 156.5 | proj _11=1.1104 _22=1.9740 _33=1.00001 _43=-0.15 (aspect 1.778)
camera: pos 130.0 46.9 157.3 | proj _11=1.0984 _22=1.9527 _33=1.00001 _43=-0.15 (aspect 1.778)
camera: pos 131.4 47.5 158.6 | proj _11=1.0862 _22=1.9310 _33=1.00001 _43=-0.15 (aspect 1.778)
camera: pos 132.5 48.0 159.7 | proj _11=1.0710 _22=1.9039 _33=1.00001 _43=-0.15 (aspect 1.778)
camera: pos 134.0 48.6 161.0 | proj _11=1.0530 _22=1.8720 _33=1.00001 _43=-0.15 (aspect 1.778)
camera: pos 137.2 50.0 164.0 | proj _11=1.0412 _22=1.8511 _33=1.00001 _43=-0.15 (aspect 1.778)
camera: pos 138.4 50.5 165.0 | proj _11=1.0292 _22=1.8296 _33=1.00001 _43=-0.15 (aspect 1.778)
camera: pos 139.5 51.0 166.0 | proj _11=1.0185 _22=1.8107 _33=1.00001 _43=-0.15 (aspect 1.778)
camera: pos 140.7 51.4 167.2 | proj _11=1.0061 _22=1.7885 _33=1.00001 _43=-0.15 (aspect 1.778)
camera: pos 141.6 51.8 168.1 | proj _11=0.9959 _22=1.7704 _33=1.00001 _43=-0.15 (aspect 1.778)
camera: pos 142.9 52.3 169.2 | proj _11=0.9839 _22=1.7492 _33=1.00001 _43=-0.15 (aspect 1.778)
camera: pos 144.2 52.9 170.4 | proj _11=0.9710 _22=1.7262 _33=1.00001 _43=-0.15 (aspect 1.778)
camera: pos 145.6 53.5 171.7 | proj _11=0.9569 _22=1.7010 _33=1.00001 _43=-0.15 (aspect 1.778)
camera: pos 147.1 54.1 173.1 | proj _11=0.9436 _22=1.6775 _33=1.00001 _43=-0.15 (aspect 1.778)
camera: pos 148.5 54.6 174.6 | proj _11=0.9322 _22=1.6571 _33=1.00001 _43=-0.15 (aspect 1.778)
camera: pos 150.7 54.7 177.1 | proj _11=0.9147 _22=1.6261 _33=1.00001 _43=-0.15 (aspect 1.778)
camera: pos 152.4 54.5 178.7 | proj _11=0.9042 _22=1.6074 _33=1.00001 _43=-0.15 (aspect 1.778)
camera: pos 154.7 54.7 180.5 | proj _11=0.8878 _22=1.5782 _33=1.00001 _43=-0.15 (aspect 1.778)
frame 15000 | draws 3206/frame | FFP converted 1034/frame (32.2%)
    not converted: screen-space 32  skinned 348  ortho 0  vertex-format 16  untextured 1315  instanced 0  mirrored 0  other-camera 403  no camera 0  other 58 (per frame)
    instancing: 1268 converted from the instance stream/frame, 0 refused/frame (largest single draw 1 instances, 0.9 buffer writes snooped/frame)
    SKIPPED entirely 0/frame (mode 3) | demoted to UI overlay 0/frame | no-albedo materials left to Remix 216/frame
    MARKED with the marker texture 1315/frame (refused as unsafe 461/frame, 2630 SetTexture calls/frame, marker created)
    albedo: moved off stage 0 151/frame, blanked 216/frame, restored from mesh cache 181/frame (4096 meshes cached) | RT textures known 55 | lights 57.5/frame (24 shaders)
    camera 126.1 167.8 66.0 | distinct cameras this frame 1 (max 1) | transform writes 761/frame | redundant state calls dropped 20649/frame
    world matrix changes 759/frame | objTM used without a fresh upload 0/frame | uv matrix writes 21/frame (last scale 0.00098, 0.00098)
    TIMING: frame 27.3 ms avg (37 fps), worst 65 ms | shim 4.81 ms avg (17.6% of frame), worst 13.5 ms
    converted -> target 14E69DB0 1280x720 fmt=34 : 171 draws/frame
    converted -> target 14E746D8 1280x720 fmt=113 : 821 draws/frame
    converted -> target 14E69020 1280x720 fmt=113 : 37 draws/frame
    converted -> target 14E68E30 1280x720 fmt=21 : 4 draws/frame
    converted -> target 0376AC58 1280x720 fmt=22 : 0 draws/frame
camera: pos 134.9 146.5 197.4 | proj _11=1.2498 _22=2.2218 _33=1.00001 _43=-0.15 (aspect 1.778)
camera: pos 134.2 146.1 197.1 | proj _11=1.2381 _22=2.2011 _33=1.00001 _43=-0.15 (aspect 1.778)
camera: pos 133.6 145.7 196.9 | proj _11=1.2237 _22=2.1754 _33=1.00001 _43=-0.15 (aspect 1.778)
camera: pos 133.3 145.6 196.9 | proj _11=1.2133 _22=2.1570 _33=1.00001 _43=-0.15 (aspect 1.778)
camera: pos 133.1 145.2 196.7 | proj _11=2.2318 _22=3.9675 _33=1.00001 _43=-0.15 (aspect 1.778)
camera: pos 133.1 145.2 196.7 | proj _11=1.2991 _22=2.3095 _33=1.00001 _43=-0.15 (aspect 1.778)
camera: pos 127.9 143.6 197.5 | proj _11=1.6085 _22=2.8594 _33=1.00001 _43=-0.15 (aspect 1.778)
camera: pos 91.5 6.1 56.6 | proj _11=2.2318 _22=3.9675 _33=1.00001 _43=-0.15 (aspect 1.778)
frame 15600 | draws 3184/frame | FFP converted 1036/frame (32.5%)
    not converted: screen-space 32  skinned 343  ortho 0  vertex-format 16  untextured 1302  instanced 0  mirrored 0  other-camera 400  no camera 0  other 56 (per frame)
    instancing: 1267 converted from the instance stream/frame, 0 refused/frame (largest single draw 1 instances, 0.9 buffer writes snooped/frame)
    SKIPPED entirely 0/frame (mode 3) | demoted to UI overlay 0/frame | no-albedo materials left to Remix 216/frame
    MARKED with the marker texture 1302/frame (refused as unsafe 456/frame, 2604 SetTexture calls/frame, marker created)
    albedo: moved off stage 0 153/frame, blanked 216/frame, restored from mesh cache 176/frame (4096 meshes cached) | RT textures known 55 | lights 55.7/frame (24 shaders)
    camera 91.5 6.1 56.6 | distinct cameras this frame 1 (max 1) | transform writes 761/frame | redundant state calls dropped 20682/frame
    world matrix changes 759/frame | objTM used without a fresh upload 0/frame | uv matrix writes 21/frame (last scale 0.00098, 0.00098)
    TIMING: frame 27.1 ms avg (37 fps), worst 86 ms | shim 4.80 ms avg (17.7% of frame), worst 8.5 ms
    converted -> target 14E69DB0 1280x720 fmt=34 : 173 draws/frame
    converted -> target 14E746D8 1280x720 fmt=113 : 822 draws/frame
    converted -> target 14E69020 1280x720 fmt=113 : 36 draws/frame
    converted -> target 14E68E30 1280x720 fmt=21 : 4 draws/frame
    converted -> target 0376AC58 1280x720 fmt=22 : 0 draws/frame
camera: pos 91.5 8.0 62.3 | proj _11=1.6085 _22=2.8594 _33=1.00001 _43=-0.15 (aspect 1.778)
camera: pos 91.6 8.4 61.0 | proj _11=1.5952 _22=2.8359 _33=1.00001 _43=-0.15 (aspect 1.778)
camera: pos 91.8 8.4 60.5 | proj _11=1.5816 _22=2.8117 _33=1.00001 _43=-0.15 (aspect 1.778)
camera: pos 92.0 8.4 59.9 | proj _11=1.5678 _22=2.7871 _33=1.00001 _43=-0.15 (aspect 1.778)
camera: pos 92.1 8.4 59.4 | proj _11=1.5537 _22=2.7621 _33=1.00001 _43=-0.15 (aspect 1.778)
camera: pos 92.2 8.4 58.9 | proj _11=1.5402 _22=2.7380 _33=1.00001 _43=-0.15 (aspect 1.778)
camera: pos 92.3 8.6 58.6 | proj _11=1.5264 _22=2.7136 _33=1.00001 _43=-0.15 (aspect 1.778)
camera: pos 92.6 8.6 58.1 | proj _11=1.5135 _22=2.6907 _33=1.00001 _43=-0.15 (aspect 1.778)
camera: pos 93.5 8.7 57.2 | proj _11=1.4975 _22=2.6622 _33=1.00001 _43=-0.15 (aspect 1.778)
camera: pos 94.3 9.0 56.7 | proj _11=1.4871 _22=2.6437 _33=1.00001 _43=-0.15 (aspect 1.778)
camera: pos 95.0 9.3 56.0 | proj _11=1.4764 _22=2.6247 _33=1.00001 _43=-0.15 (aspect 1.778)
camera: pos 95.3 9.4 55.5 | proj _11=1.4659 _22=2.6059 _33=1.00001 _43=-0.15 (aspect 1.778)
camera: pos 95.1 9.3 55.4 | proj _11=1.4554 _22=2.5873 _33=1.00001 _43=-0.15 (aspect 1.778)
camera: pos 94.8 9.3 55.4 | proj _11=1.4451 _22=2.5689 _33=1.00001 _43=-0.15 (aspect 1.778)
camera: pos 94.5 9.3 55.3 | proj _11=1.4348 _22=2.5508 _33=1.00001 _43=-0.15 (aspect 1.778)
camera: pos 93.9 9.3 55.6 | proj _11=1.4247 _22=2.5328 _33=1.00001 _43=-0.15 (aspect 1.778)
camera: pos 92.3 9.3 56.2 | proj _11=1.4048 _22=2.4974 _33=1.00001 _43=-0.15 (aspect 1.778)
camera: pos 90.8 9.2 56.6 | proj _11=1.3854 _22=2.4628 _33=1.00001 _43=-0.15 (aspect 1.778)
camera: pos 88.7 9.2 56.7 | proj _11=1.3663 _22=2.4290 _33=1.00001 _43=-0.15 (aspect 1.778)
camera: pos 87.4 9.2 56.3 | proj _11=1.3484 _22=2.3971 _33=1.00001 _43=-0.15 (aspect 1.778)
camera: pos 86.6 9.1 55.9 | proj _11=1.3369 _22=2.3766 _33=1.00001 _43=-0.15 (aspect 1.778)
camera: pos 86.0 9.1 55.3 | proj _11=1.3262 _22=2.3577 _33=1.00001 _43=-0.15 (aspect 1.778)
camera: pos 85.4 9.0 54.1 | proj _11=1.3111 _22=2.3308 _33=1.00001 _43=-0.15 (aspect 1.778)
camera: pos 85.6 9.0 53.4 | proj _11=1.2991 _22=2.3095 _33=1.00001 _43=-0.15 (aspect 1.778)
camera: pos 93.1 10.0 48.3 | proj _11=1.3145 _22=2.3369 _33=1.00001 _43=-0.15 (aspect 1.778)
camera: pos 93.1 10.0 48.3 | proj _11=1.3294 _22=2.3634 _33=1.00001 _43=-0.15 (aspect 1.778)
camera: pos 93.1 10.1 48.4 | proj _11=1.3441 _22=2.3895 _33=1.00001 _43=-0.15 (aspect 1.778)
camera: pos 93.1 10.2 48.5 | proj _11=1.3597 _22=2.4172 _33=1.00001 _43=-0.15 (aspect 1.778)
camera: pos 93.2 10.2 48.6 | proj _11=1.3746 _22=2.4438 _33=1.00001 _43=-0.15 (aspect 1.778)
camera: pos 93.2 10.3 48.8 | proj _11=1.3908 _22=2.4725 _33=1.00001 _43=-0.15 (aspect 1.778)
camera: pos 93.2 10.4 48.9 | proj _11=1.4064 _22=2.5002 _33=1.00001 _43=-0.15 (aspect 1.778)
camera: pos 93.2 10.5 49.1 | proj _11=1.4187 _22=2.5220 _33=1.00001 _43=-0.15 (aspect 1.778)
camera: pos 93.2 10.6 49.3 | proj _11=1.4325 _22=2.5467 _33=1.00001 _43=-0.15 (aspect 1.778)
camera: pos 93.2 10.7 49.4 | proj _11=1.4467 _22=2.5718 _33=1.00001 _43=-0.15 (aspect 1.778)
camera: pos 93.2 10.7 49.6 | proj _11=1.4587 _22=2.5932 _33=1.00001 _43=-0.15 (aspect 1.778)
camera: pos 93.3 10.8 49.8 | proj _11=1.4717 _22=2.6164 _33=1.00001 _43=-0.15 (aspect 1.778)
camera: pos 93.3 10.8 50.0 | proj _11=1.4877 _22=2.6448 _33=1.00001 _43=-0.15 (aspect 1.778)
camera: pos 93.3 10.9 50.1 | proj _11=1.4998 _22=2.6663 _33=1.00001 _43=-0.15 (aspect 1.778)
camera: pos 93.3 11.0 50.3 | proj _11=1.5119 _22=2.6877 _33=1.00001 _43=-0.15 (aspect 1.778)
camera: pos 93.3 11.0 50.5 | proj _11=1.5245 _22=2.7102 _33=1.00001 _43=-0.15 (aspect 1.778)
camera: pos 93.4 11.1 50.6 | proj _11=1.5374 _22=2.7331 _33=1.00001 _43=-0.15 (aspect 1.778)
camera: pos 93.4 11.1 50.8 | proj _11=1.5490 _22=2.7537 _33=1.00001 _43=-0.15 (aspect 1.778)
camera: pos 93.4 11.2 50.9 | proj _11=1.5614 _22=2.7757 _33=1.00001 _43=-0.15 (aspect 1.778)
camera: pos 93.5 11.3 51.1 | proj _11=1.5757 _22=2.8012 _33=1.00001 _43=-0.15 (aspect 1.778)
camera: pos 93.5 11.3 51.2 | proj _11=1.5902 _22=2.8270 _33=1.00001 _43=-0.15 (aspect 1.778)
camera: pos 93.6 11.4 51.5 | proj _11=1.6085 _22=2.8594 _33=1.00001 _43=-0.15 (aspect 1.778)
camera: pos 93.4 9.7 45.3 | proj _11=1.5965 _22=2.8382 _33=1.00001 _43=-0.15 (aspect 1.778)
camera: pos 93.8 9.7 45.0 | proj _11=1.5842 _22=2.8163 _33=1.00001 _43=-0.15 (aspect 1.778)
camera: pos 94.2 9.7 44.6 | proj _11=1.5691 _22=2.7895 _33=1.00001 _43=-0.15 (aspect 1.778)
camera: pos 94.7 9.6 44.4 | proj _11=1.5539 _22=2.7624 _33=1.00001 _43=-0.15 (aspect 1.778)
camera: pos 95.2 9.5 44.2 | proj _11=1.5390 _22=2.7360 _33=1.00001 _43=-0.15 (aspect 1.778)
camera: pos 95.7 9.4 44.1 | proj _11=1.5245 _22=2.7102 _33=1.00001 _43=-0.15 (aspect 1.778)
camera: pos 96.4 9.4 44.1 | proj _11=1.5072 _22=2.6794 _33=1.00001 _43=-0.15 (aspect 1.778)
camera: pos 96.9 9.4 44.1 | proj _11=1.4936 _22=2.6552 _33=1.00001 _43=-0.15 (aspect 1.778)
camera: pos 97.4 9.4 44.1 | proj _11=1.4822 _22=2.6350 _33=1.00001 _43=-0.15 (aspect 1.778)
camera: pos 97.8 9.4 44.1 | proj _11=1.4710 _22=2.6150 _33=1.00001 _43=-0.15 (aspect 1.778)
camera: pos 98.3 9.4 44.1 | proj _11=1.4592 _22=2.5940 _33=1.00001 _43=-0.15 (aspect 1.778)
camera: pos 98.8 9.4 44.1 | proj _11=1.4475 _22=2.5732 _33=1.00001 _43=-0.15 (aspect 1.778)
camera: pos 99.3 9.4 44.1 | proj _11=1.4359 _22=2.5526 _33=1.00001 _43=-0.15 (aspect 1.778)
camera: pos 99.8 9.4 44.1 | proj _11=1.4254 _22=2.5339 _33=1.00001 _43=-0.15 (aspect 1.778)
camera: pos 100.3 9.4 44.1 | proj _11=1.4140 _22=2.5138 _33=1.00001 _43=-0.15 (aspect 1.778)
camera: pos 100.7 9.4 44.1 | proj _11=1.4031 _22=2.4943 _33=1.00001 _43=-0.15 (aspect 1.778)
camera: pos 101.2 9.4 44.1 | proj _11=1.3923 _22=2.4751 _33=1.00001 _43=-0.15 (aspect 1.778)
camera: pos 101.7 9.3 44.1 | proj _11=1.3819 _22=2.4567 _33=1.00001 _43=-0.15 (aspect 1.778)
camera: pos 102.2 9.3 44.1 | proj _11=1.3711 _22=2.4375 _33=1.00001 _43=-0.15 (aspect 1.778)
camera: pos 102.7 9.3 44.1 | proj _11=1.3608 _22=2.4192 _33=1.00001 _43=-0.15 (aspect 1.778)
camera: pos 103.4 9.3 44.1 | proj _11=1.3452 _22=2.3914 _33=1.00001 _43=-0.15 (aspect 1.778)
camera: pos 103.7 9.0 44.1 | proj _11=1.3350 _22=2.3733 _33=1.00001 _43=-0.15 (aspect 1.778)
camera: pos 105.7 7.1 44.5 | proj _11=1.8247 _22=3.2438 _33=1.00001 _43=-0.15 (aspect 1.778)
camera: pos 115.7 7.2 45.2 | proj _11=1.8051 _22=3.2091 _33=1.00001 _43=-0.15 (aspect 1.778)
camera: pos 115.9 7.4 45.3 | proj _11=1.7812 _22=3.1665 _33=1.00001 _43=-0.15 (aspect 1.778)
camera: pos 116.3 7.6 45.3 | proj _11=1.7486 _22=3.1085 _33=1.00001 _43=-0.15 (aspect 1.778)
camera: pos 116.8 7.8 45.4 | proj _11=1.7081 _22=3.0365 _33=1.00001 _43=-0.15 (aspect 1.778)
camera: pos 117.3 8.0 45.4 | proj _11=1.6692 _22=2.9673 _33=1.00001 _43=-0.15 (aspect 1.778)
camera: pos 117.7 8.2 45.4 | proj _11=1.6399 _22=2.9153 _33=1.00001 _43=-0.15 (aspect 1.778)
camera: pos 118.3 8.3 45.3 | proj _11=1.6242 _22=2.8873 _33=1.00001 _43=-0.15 (aspect 1.778)
camera: pos 118.5 8.3 45.1 | proj _11=1.6124 _22=2.8664 _33=1.00001 _43=-0.15 (aspect 1.778)
frame 16200 | draws 3218/frame | FFP converted 1050/frame (32.6%)
    not converted: screen-space 32  skinned 344  ortho 0  vertex-format 17  untextured 1320  instanced 0  mirrored 0  other-camera 399  no camera 0  other 57 (per frame)
    instancing: 1279 converted from the instance stream/frame, 0 refused/frame (largest single draw 1 instances, 0.9 buffer writes snooped/frame)
    SKIPPED entirely 0/frame (mode 3) | demoted to UI overlay 0/frame | no-albedo materials left to Remix 219/frame
    MARKED with the marker texture 1320/frame (refused as unsafe 455/frame, 2639 SetTexture calls/frame, marker created)
    albedo: moved off stage 0 156/frame, blanked 219/frame, restored from mesh cache 172/frame (4096 meshes cached) | RT textures known 55 | lights 56.6/frame (24 shaders)
    camera 118.0 8.0 44.0 | distinct cameras this frame 1 (max 1) | transform writes 770/frame | redundant state calls dropped 20961/frame
    world matrix changes 769/frame | objTM used without a fresh upload 0/frame | uv matrix writes 21/frame (last scale 0.00098, 0.00098)
    TIMING: frame 27.2 ms avg (37 fps), worst 74 ms | shim 4.87 ms avg (17.9% of frame), worst 15.4 ms
    converted -> target 14E69DB0 1280x720 fmt=34 : 176 draws/frame
    converted -> target 14E746D8 1280x720 fmt=113 : 833 draws/frame
    converted -> target 14E69020 1280x720 fmt=113 : 37 draws/frame
    converted -> target 14E68E30 1280x720 fmt=21 : 4 draws/frame
    converted -> target 0376AC58 1280x720 fmt=22 : 0 draws/frame
camera: pos 118.7 8.0 44.0 | proj _11=1.6022 _22=2.8484 _33=1.00001 _43=-0.15 (aspect 1.778)
camera: pos 118.6 8.2 44.0 | proj _11=1.5868 _22=2.8210 _33=1.00001 _43=-0.15 (aspect 1.778)
camera: pos 118.5 8.3 44.1 | proj _11=1.5738 _22=2.7978 _33=1.00001 _43=-0.15 (aspect 1.778)
camera: pos 118.3 8.3 44.2 | proj _11=1.5606 _22=2.7743 _33=1.00001 _43=-0.15 (aspect 1.778)
camera: pos 118.2 8.3 44.2 | proj _11=1.5449 _22=2.7465 _33=1.00001 _43=-0.15 (aspect 1.778)
camera: pos 118.1 8.3 44.2 | proj _11=1.5310 _22=2.7217 _33=1.00001 _43=-0.15 (aspect 1.778)
camera: pos 117.8 8.3 44.2 | proj _11=1.5420 _22=2.7413 _33=1.00001 _43=-0.15 (aspect 1.778)
camera: pos 117.7 8.4 44.2 | proj _11=1.5562 _22=2.7664 _33=1.00001 _43=-0.15 (aspect 1.778)
camera: pos 117.6 8.4 44.2 | proj _11=1.5689 _22=2.7891 _33=1.00001 _43=-0.15 (aspect 1.778)
camera: pos 117.6 8.5 44.2 | proj _11=1.5801 _22=2.8090 _33=1.00001 _43=-0.15 (aspect 1.778)
camera: pos 117.5 8.6 44.2 | proj _11=1.6023 _22=2.8485 _33=1.00001 _43=-0.15 (aspect 1.778)
frame 16800 | draws 3285/frame | FFP converted 1070/frame (32.6%)
    not converted: screen-space 32  skinned 355  ortho 0  vertex-format 18  untextured 1347  instanced 0  mirrored 0  other-camera 405  no camera 0  other 58 (per frame)
    instancing: 1302 converted from the instance stream/frame, 0 refused/frame (largest single draw 1 instances, 0.9 buffer writes snooped/frame)
    SKIPPED entirely 0/frame (mode 3) | demoted to UI overlay 0/frame | no-albedo materials left to Remix 224/frame
    MARKED with the marker texture 1347/frame (refused as unsafe 463/frame, 2694 SetTexture calls/frame, marker created)
    albedo: moved off stage 0 158/frame, blanked 224/frame, restored from mesh cache 169/frame (4096 meshes cached) | RT textures known 55 | lights 57.8/frame (24 shaders)
    camera 108.8 8.2 49.5 | distinct cameras this frame 1 (max 1) | transform writes 784/frame | redundant state calls dropped 21359/frame
    world matrix changes 783/frame | objTM used without a fresh upload 0/frame | uv matrix writes 22/frame (last scale 0.00098, 0.00098)
    TIMING: frame 27.7 ms avg (36 fps), worst 71 ms | shim 4.97 ms avg (18.0% of frame), worst 15.7 ms
    converted -> target 14E69DB0 1280x720 fmt=34 : 179 draws/frame
    converted -> target 14E746D8 1280x720 fmt=113 : 848 draws/frame
    converted -> target 14E69020 1280x720 fmt=113 : 38 draws/frame
    converted -> target 14E68E30 1280x720 fmt=21 : 4 draws/frame
    converted -> target 0376AC58 1280x720 fmt=22 : 0 draws/frame
frame 17400 | draws 3248/frame | FFP converted 1054/frame (32.5%)
    not converted: screen-space 32  skinned 356  ortho 0  vertex-format 18  untextured 1328  instanced 0  mirrored 0  other-camera 402  no camera 0  other 57 (per frame)
    instancing: 1286 converted from the instance stream/frame, 0 refused/frame (largest single draw 1 instances, 0.9 buffer writes snooped/frame)
    SKIPPED entirely 0/frame (mode 3) | demoted to UI overlay 0/frame | no-albedo materials left to Remix 221/frame
    MARKED with the marker texture 1328/frame (refused as unsafe 460/frame, 2656 SetTexture calls/frame, marker created)
    albedo: moved off stage 0 157/frame, blanked 221/frame, restored from mesh cache 165/frame (4096 meshes cached) | RT textures known 55 | lights 57.1/frame (24 shaders)
    camera 108.8 8.2 49.5 | distinct cameras this frame 1 (max 1) | transform writes 771/frame | redundant state calls dropped 21049/frame
    world matrix changes 769/frame | objTM used without a fresh upload 0/frame | uv matrix writes 22/frame (last scale 0.00098, 0.00098)
    TIMING: frame 27.4 ms avg (37 fps), worst 129 ms | shim 4.90 ms avg (17.9% of frame), worst 6.1 ms
    converted -> target 14E69DB0 1280x720 fmt=34 : 177 draws/frame
    converted -> target 14E746D8 1280x720 fmt=113 : 835 draws/frame
    converted -> target 14E69020 1280x720 fmt=113 : 38 draws/frame
    converted -> target 14E68E30 1280x720 fmt=21 : 4 draws/frame
    converted -> target 0376AC58 1280x720 fmt=22 : 0 draws/frame
frame 18000 | draws 3216/frame | FFP converted 1041/frame (32.4%)
    not converted: screen-space 32  skinned 357  ortho 0  vertex-format 19  untextured 1310  instanced 0  mirrored 0  other-camera 400  no camera 0  other 57 (per frame)
    instancing: 1271 converted from the instance stream/frame, 0 refused/frame (largest single draw 1 instances, 0.9 buffer writes snooped/frame)
    SKIPPED entirely 0/frame (mode 3) | demoted to UI overlay 0/frame | no-albedo materials left to Remix 219/frame
    MARKED with the marker texture 1310/frame (refused as unsafe 456/frame, 2621 SetTexture calls/frame, marker created)
    albedo: moved off stage 0 155/frame, blanked 219/frame, restored from mesh cache 161/frame (4096 meshes cached) | RT textures known 55 | lights 56.5/frame (24 shaders)
    camera 108.8 8.2 49.5 | distinct cameras this frame 1 (max 1) | transform writes 759/frame | redundant state calls dropped 20779/frame
    world matrix changes 757/frame | objTM used without a fresh upload 0/frame | uv matrix writes 21/frame (last scale 0.00098, 0.00098)
    TIMING: frame 27.1 ms avg (37 fps), worst 44 ms | shim 4.83 ms avg (17.9% of frame), worst 3.9 ms
    converted -> target 14E69DB0 1280x720 fmt=34 : 176 draws/frame
    converted -> target 14E746D8 1280x720 fmt=113 : 823 draws/frame
    converted -> target 14E69020 1280x720 fmt=113 : 38 draws/frame
    converted -> target 14E68E30 1280x720 fmt=21 : 4 draws/frame
    converted -> target 0376AC58 1280x720 fmt=22 : 0 draws/frame
frame 18600 | draws 3178/frame | FFP converted 1027/frame (32.3%)
    not converted: screen-space 32  skinned 354  ortho 0  vertex-format 19  untextured 1293  instanced 0  mirrored 0  other-camera 397  no camera 0  other 56 (per frame)
    instancing: 1257 converted from the instance stream/frame, 0 refused/frame (largest single draw 1 instances, 0.9 buffer writes snooped/frame)
    SKIPPED entirely 0/frame (mode 3) | demoted to UI overlay 0/frame | no-albedo materials left to Remix 216/frame
    MARKED with the marker texture 1293/frame (refused as unsafe 453/frame, 2585 SetTexture calls/frame, marker created)
    albedo: moved off stage 0 153/frame, blanked 216/frame, restored from mesh cache 157/frame (4096 meshes cached) | RT textures known 55 | lights 55.8/frame (24 shaders)
    camera 108.8 8.3 49.5 | distinct cameras this frame 1 (max 1) | transform writes 746/frame | redundant state calls dropped 20500/frame
    world matrix changes 744/frame | objTM used without a fresh upload 0/frame | uv matrix writes 21/frame (last scale 0.00098, 0.00098)
    TIMING: frame 26.7 ms avg (37 fps), worst 82 ms | shim 4.76 ms avg (17.8% of frame), worst 4.1 ms
    converted -> target 14E69DB0 1280x720 fmt=34 : 174 draws/frame
    converted -> target 14E746D8 1280x720 fmt=113 : 811 draws/frame
    converted -> target 14E69020 1280x720 fmt=113 : 38 draws/frame
    converted -> target 14E68E30 1280x720 fmt=21 : 3 draws/frame
    converted -> target 0376AC58 1280x720 fmt=22 : 0 draws/frame
camera: pos 116.1 9.7 40.1 | proj _11=1.5865 _22=2.8204 _33=1.00001 _43=-0.15 (aspect 1.778)
camera: pos 116.0 9.7 40.1 | proj _11=1.5719 _22=2.7944 _33=1.00001 _43=-0.15 (aspect 1.778)
camera: pos 115.9 9.6 40.1 | proj _11=1.5546 _22=2.7636 _33=1.00001 _43=-0.15 (aspect 1.778)
camera: pos 115.8 9.6 40.0 | proj _11=1.5411 _22=2.7398 _33=1.00001 _43=-0.15 (aspect 1.778)
camera: pos 115.7 9.6 40.0 | proj _11=1.5277 _22=2.7159 _33=1.00001 _43=-0.15 (aspect 1.778)
camera: pos 115.5 9.6 40.0 | proj _11=1.5147 _22=2.6927 _33=1.00001 _43=-0.15 (aspect 1.778)
camera: pos 115.3 9.6 40.0 | proj _11=1.5021 _22=2.6704 _33=1.00001 _43=-0.15 (aspect 1.778)
camera: pos 115.5 9.3 40.3 | proj _11=1.4892 _22=2.6474 _33=1.00001 _43=-0.15 (aspect 1.778)
camera: pos 115.7 8.9 41.2 | proj _11=1.4757 _22=2.6234 _33=1.00001 _43=-0.15 (aspect 1.778)
camera: pos 115.7 8.6 42.1 | proj _11=1.4591 _22=2.5939 _33=1.00001 _43=-0.15 (aspect 1.778)
camera: pos 115.3 8.4 43.2 | proj _11=1.4422 _22=2.5638 _33=1.00001 _43=-0.15 (aspect 1.778)
camera: pos 114.9 8.3 43.8 | proj _11=1.4290 _22=2.5404 _33=1.00001 _43=-0.15 (aspect 1.778)
camera: pos 114.4 8.3 44.4 | proj _11=1.4160 _22=2.5172 _33=1.00001 _43=-0.15 (aspect 1.778)
camera: pos 113.8 8.2 45.2 | proj _11=1.4032 _22=2.4944 _33=1.00001 _43=-0.15 (aspect 1.778)
camera: pos 113.0 8.0 46.0 | proj _11=1.3907 _22=2.4723 _33=1.00001 _43=-0.15 (aspect 1.778)
camera: pos 112.3 7.9 46.3 | proj _11=1.3795 _22=2.4524 _33=1.00001 _43=-0.15 (aspect 1.778)
camera: pos 107.9 8.8 42.9 | proj _11=1.4000 _22=2.4888 _33=1.00001 _43=-0.15 (aspect 1.778)
camera: pos 107.5 9.0 42.0 | proj _11=1.4138 _22=2.5133 _33=1.00001 _43=-0.15 (aspect 1.778)
camera: pos 107.1 9.1 41.8 | proj _11=1.4268 _22=2.5365 _33=1.00001 _43=-0.15 (aspect 1.778)
camera: pos 106.8 9.1 41.8 | proj _11=1.4391 _22=2.5584 _33=1.00001 _43=-0.15 (aspect 1.778)
camera: pos 106.1 9.2 41.6 | proj _11=1.4232 _22=2.5301 _33=1.00001 _43=-0.15 (aspect 1.778)
camera: pos 105.3 9.1 41.5 | proj _11=1.4079 _22=2.5029 _33=1.00001 _43=-0.15 (aspect 1.778)
camera: pos 104.5 8.9 41.7 | proj _11=1.3922 _22=2.4750 _33=1.00001 _43=-0.15 (aspect 1.778)
camera: pos 103.6 8.8 41.6 | proj _11=1.3767 _22=2.4474 _33=1.00001 _43=-0.15 (aspect 1.778)
camera: pos 102.6 8.5 41.5 | proj _11=1.3615 _22=2.4203 _33=1.00001 _43=-0.15 (aspect 1.778)
camera: pos 101.1 8.5 41.2 | proj _11=1.3810 _22=2.4551 _33=1.00001 _43=-0.15 (aspect 1.778)
camera: pos 100.7 8.5 41.1 | proj _11=1.3955 _22=2.4809 _33=1.00001 _43=-0.15 (aspect 1.778)
camera: pos 100.3 8.6 41.1 | proj _11=1.4095 _22=2.5057 _33=1.00001 _43=-0.15 (aspect 1.778)
camera: pos 99.9 8.6 41.1 | proj _11=1.4227 _22=2.5291 _33=1.00001 _43=-0.15 (aspect 1.778)
camera: pos 99.5 8.7 41.1 | proj _11=1.4360 _22=2.5528 _33=1.00001 _43=-0.15 (aspect 1.778)
camera: pos 99.2 8.7 41.0 | proj _11=1.4481 _22=2.5744 _33=1.00001 _43=-0.15 (aspect 1.778)
camera: pos 98.9 8.7 41.0 | proj _11=1.4594 _22=2.5944 _33=1.00001 _43=-0.15 (aspect 1.778)
camera: pos 98.4 8.7 41.0 | proj _11=1.4788 _22=2.6289 _33=1.00001 _43=-0.15 (aspect 1.778)
camera: pos 98.0 8.7 41.0 | proj _11=1.4965 _22=2.6604 _33=1.00001 _43=-0.15 (aspect 1.778)
camera: pos 97.6 8.6 41.0 | proj _11=1.5282 _22=2.7167 _33=1.00001 _43=-0.15 (aspect 1.778)
camera: pos 97.5 8.7 40.9 | proj _11=1.5518 _22=2.7587 _33=1.00001 _43=-0.15 (aspect 1.778)
camera: pos 97.4 8.7 41.0 | proj _11=1.5690 _22=2.7892 _33=1.00001 _43=-0.15 (aspect 1.778)
camera: pos 97.4 8.7 40.9 | proj _11=1.5862 _22=2.8199 _33=1.00001 _43=-0.15 (aspect 1.778)
camera: pos 97.4 8.8 40.9 | proj _11=1.6013 _22=2.8467 _33=1.00001 _43=-0.15 (aspect 1.778)
camera: pos 97.3 8.5 40.9 | proj _11=1.5907 _22=2.8279 _33=1.00001 _43=-0.15 (aspect 1.778)
camera: pos 97.3 8.4 40.9 | proj _11=1.5761 _22=2.8018 _33=1.00001 _43=-0.15 (aspect 1.778)
camera: pos 97.2 8.4 40.9 | proj _11=1.5610 _22=2.7750 _33=1.00001 _43=-0.15 (aspect 1.778)
camera: pos 97.1 8.4 40.9 | proj _11=1.5470 _22=2.7501 _33=1.00001 _43=-0.15 (aspect 1.778)
camera: pos 96.9 8.3 40.9 | proj _11=1.5330 _22=2.7253 _33=1.00001 _43=-0.15 (aspect 1.778)
camera: pos 96.8 8.2 40.1 | proj _11=1.5194 _22=2.7011 _33=1.00001 _43=-0.15 (aspect 1.778)
camera: pos 96.6 8.1 40.0 | proj _11=1.5069 _22=2.6789 _33=1.00001 _43=-0.15 (aspect 1.778)
camera: pos 96.4 8.1 40.0 | proj _11=1.4941 _22=2.6561 _33=1.00001 _43=-0.15 (aspect 1.778)
camera: pos 96.1 8.1 39.9 | proj _11=1.4812 _22=2.6331 _33=1.00001 _43=-0.15 (aspect 1.778)
camera: pos 95.8 8.4 39.7 | proj _11=1.4681 _22=2.6100 _33=1.00001 _43=-0.15 (aspect 1.778)
camera: pos 95.5 8.5 39.6 | proj _11=1.4551 _22=2.5867 _33=1.00001 _43=-0.15 (aspect 1.778)
camera: pos 95.2 8.5 39.6 | proj _11=1.4418 _22=2.5631 _33=1.00001 _43=-0.15 (aspect 1.778)
camera: pos 94.8 8.5 39.5 | proj _11=1.4303 _22=2.5427 _33=1.00001 _43=-0.15 (aspect 1.778)
camera: pos 94.5 8.5 39.5 | proj _11=1.4187 _22=2.5220 _33=1.00001 _43=-0.15 (aspect 1.778)
camera: pos 94.1 8.5 39.5 | proj _11=1.4082 _22=2.5035 _33=1.00001 _43=-0.15 (aspect 1.778)
camera: pos 93.7 8.5 39.4 | proj _11=1.3955 _22=2.4809 _33=1.00001 _43=-0.15 (aspect 1.778)
camera: pos 93.2 8.5 39.4 | proj _11=1.3835 _22=2.4596 _33=1.00001 _43=-0.15 (aspect 1.778)
camera: pos 92.7 8.4 39.4 | proj _11=1.3728 _22=2.4404 _33=1.00001 _43=-0.15 (aspect 1.778)
camera: pos 87.7 8.4 39.5 | proj _11=1.3593 _22=2.4164 _33=1.00001 _43=-0.15 (aspect 1.778)
camera: pos 86.7 8.4 39.4 | proj _11=1.3447 _22=2.3905 _33=1.00001 _43=-0.15 (aspect 1.778)
camera: pos 85.5 8.4 39.4 | proj _11=1.3308 _22=2.3658 _33=1.00001 _43=-0.15 (aspect 1.778)
camera: pos 83.9 8.4 39.3 | proj _11=1.3523 _22=2.4040 _33=1.00001 _43=-0.15 (aspect 1.778)
camera: pos 83.5 8.4 39.2 | proj _11=1.3672 _22=2.4305 _33=1.00001 _43=-0.15 (aspect 1.778)
camera: pos 83.0 8.4 39.2 | proj _11=1.3818 _22=2.4566 _33=1.00001 _43=-0.15 (aspect 1.778)
camera: pos 82.6 8.5 39.2 | proj _11=1.3952 _22=2.4803 _33=1.00001 _43=-0.15 (aspect 1.778)
camera: pos 82.2 8.6 39.2 | proj _11=1.4073 _22=2.5018 _33=1.00001 _43=-0.15 (aspect 1.778)
camera: pos 81.8 8.6 39.1 | proj _11=1.4265 _22=2.5359 _33=1.00001 _43=-0.15 (aspect 1.778)
camera: pos 81.5 8.7 39.1 | proj _11=1.4487 _22=2.5755 _33=1.00001 _43=-0.15 (aspect 1.778)
camera: pos 81.3 8.7 39.1 | proj _11=1.4720 _22=2.6168 _33=1.00001 _43=-0.15 (aspect 1.778)
camera: pos 81.1 8.8 39.1 | proj _11=1.4963 _22=2.6600 _33=1.00001 _43=-0.15 (aspect 1.778)
camera: pos 80.9 8.8 39.1 | proj _11=1.5202 _22=2.7024 _33=1.00001 _43=-0.15 (aspect 1.778)
camera: pos 80.8 8.9 39.1 | proj _11=1.5444 _22=2.7455 _33=1.00001 _43=-0.15 (aspect 1.778)
camera: pos 80.8 8.9 39.1 | proj _11=1.5698 _22=2.7907 _33=1.00001 _43=-0.15 (aspect 1.778)
camera: pos 80.7 8.9 39.1 | proj _11=1.5961 _22=2.8375 _33=1.00001 _43=-0.15 (aspect 1.778)
camera: pos 80.8 8.5 39.1 | proj _11=1.6062 _22=2.8553 _33=1.00001 _43=-0.15 (aspect 1.778)
frame 19200 | draws 3229/frame | FFP converted 1046/frame (32.4%)
    not converted: screen-space 32  skinned 355  ortho 0  vertex-format 20  untextured 1315  instanced 0  mirrored 0  other-camera 404  no camera 0  other 57 (per frame)
    instancing: 1281 converted from the instance stream/frame, 0 refused/frame (largest single draw 1 instances, 0.9 buffer writes snooped/frame)
    SKIPPED entirely 0/frame (mode 3) | demoted to UI overlay 0/frame | no-albedo materials left to Remix 221/frame
    MARKED with the marker texture 1315/frame (refused as unsafe 461/frame, 2630 SetTexture calls/frame, marker created)
    albedo: moved off stage 0 157/frame, blanked 221/frame, restored from mesh cache 155/frame (4096 meshes cached) | RT textures known 55 | lights 56.9/frame (24 shaders)
    camera 80.8 8.5 39.1 | distinct cameras this frame 1 (max 1) | transform writes 759/frame | redundant state calls dropped 20880/frame
    world matrix changes 757/frame | objTM used without a fresh upload 0/frame | uv matrix writes 22/frame (last scale 0.00098, 0.00098)
    TIMING: frame 27.0 ms avg (37 fps), worst 72 ms | shim 4.85 ms avg (18.0% of frame), worst 14.8 ms
    converted -> target 14E69DB0 1280x720 fmt=34 : 178 draws/frame
    converted -> target 14E746D8 1280x720 fmt=113 : 825 draws/frame
    converted -> target 14E69020 1280x720 fmt=113 : 39 draws/frame
    converted -> target 14E68E30 1280x720 fmt=21 : 3 draws/frame
    converted -> target 0376AC58 1280x720 fmt=22 : 0 draws/frame
camera: pos 80.8 8.5 39.1 | proj _11=1.5948 _22=2.8352 _33=1.00001 _43=-0.15 (aspect 1.778)
camera: pos 80.8 8.5 39.1 | proj _11=1.5847 _22=2.8172 _33=1.00001 _43=-0.15 (aspect 1.778)
camera: pos 80.7 8.5 39.1 | proj _11=1.5706 _22=2.7922 _33=1.00001 _43=-0.15 (aspect 1.778)
camera: pos 80.6 8.4 39.1 | proj _11=1.5566 _22=2.7672 _33=1.00001 _43=-0.15 (aspect 1.778)
camera: pos 80.3 8.3 39.0 | proj _11=1.5425 _22=2.7422 _33=1.00001 _43=-0.15 (aspect 1.778)
camera: pos 79.9 8.3 38.9 | proj _11=1.5296 _22=2.7193 _33=1.00001 _43=-0.15 (aspect 1.778)
camera: pos 79.5 8.3 38.9 | proj _11=1.5119 _22=2.6878 _33=1.00001 _43=-0.15 (aspect 1.778)
camera: pos 79.4 8.3 38.9 | proj _11=1.4979 _22=2.6629 _33=1.00001 _43=-0.15 (aspect 1.778)
camera: pos 79.1 8.3 38.9 | proj _11=1.4861 _22=2.6419 _33=1.00001 _43=-0.15 (aspect 1.778)
camera: pos 78.4 8.3 38.9 | proj _11=1.4680 _22=2.6097 _33=1.00001 _43=-0.15 (aspect 1.778)
camera: pos 78.2 8.3 38.9 | proj _11=1.4576 _22=2.5912 _33=1.00001 _43=-0.15 (aspect 1.778)
camera: pos 77.9 8.2 38.9 | proj _11=1.4457 _22=2.5700 _33=1.00001 _43=-0.15 (aspect 1.778)
camera: pos 77.6 8.2 38.9 | proj _11=1.4654 _22=2.6052 _33=1.00001 _43=-0.15 (aspect 1.778)
camera: pos 77.4 8.3 38.9 | proj _11=1.4846 _22=2.6391 _33=1.00001 _43=-0.15 (aspect 1.778)
camera: pos 77.2 8.3 38.9 | proj _11=1.5019 _22=2.6700 _33=1.00001 _43=-0.15 (aspect 1.778)
camera: pos 77.0 8.4 38.9 | proj _11=1.5230 _22=2.7075 _33=1.00001 _43=-0.15 (aspect 1.778)
camera: pos 76.9 8.5 38.9 | proj _11=1.5474 _22=2.7508 _33=1.00001 _43=-0.15 (aspect 1.778)
camera: pos 76.9 8.5 38.9 | proj _11=1.5738 _22=2.7978 _33=1.00001 _43=-0.15 (aspect 1.778)
camera: pos 76.8 8.6 38.9 | proj _11=1.5916 _22=2.8294 _33=1.00001 _43=-0.15 (aspect 1.778)
camera: pos 76.9 8.8 38.9 | proj _11=1.5781 _22=2.8055 _33=1.00001 _43=-0.15 (aspect 1.778)
camera: pos 77.0 8.8 38.8 | proj _11=1.5617 _22=2.7763 _33=1.00001 _43=-0.15 (aspect 1.778)
camera: pos 77.1 8.8 38.8 | proj _11=1.5510 _22=2.7573 _33=1.00001 _43=-0.15 (aspect 1.778)
camera: pos 77.3 8.8 38.8 | proj _11=1.5403 _22=2.7382 _33=1.00001 _43=-0.15 (aspect 1.778)
camera: pos 78.1 8.4 38.7 | proj _11=1.5505 _22=2.7563 _33=1.00001 _43=-0.15 (aspect 1.778)
camera: pos 78.2 8.4 38.7 | proj _11=1.5685 _22=2.7884 _33=1.00001 _43=-0.15 (aspect 1.778)
camera: pos 78.3 8.4 38.7 | proj _11=1.5845 _22=2.8168 _33=1.00001 _43=-0.15 (aspect 1.778)
camera: pos 78.3 8.4 38.7 | proj _11=1.5994 _22=2.8434 _33=1.00001 _43=-0.15 (aspect 1.778)
camera: pos 78.2 8.4 38.7 | proj _11=1.5806 _22=2.8099 _33=1.00001 _43=-0.15 (aspect 1.778)
camera: pos 78.2 8.4 38.7 | proj _11=1.5682 _22=2.7879 _33=1.00001 _43=-0.15 (aspect 1.778)
camera: pos 78.1 8.4 38.7 | proj _11=1.5556 _22=2.7655 _33=1.00001 _43=-0.15 (aspect 1.778)
camera: pos 77.9 8.3 38.7 | proj _11=1.5447 _22=2.7462 _33=1.00001 _43=-0.15 (aspect 1.778)
camera: pos 77.5 8.4 38.8 | proj _11=1.5315 _22=2.7225 _33=1.00001 _43=-0.15 (aspect 1.778)
camera: pos 77.3 8.4 38.8 | proj _11=1.5205 _22=2.7030 _33=1.00001 _43=-0.15 (aspect 1.778)
camera: pos 77.2 8.4 38.9 | proj _11=1.5073 _22=2.6796 _33=1.00001 _43=-0.15 (aspect 1.778)
camera: pos 77.0 8.4 38.9 | proj _11=1.4949 _22=2.6576 _33=1.00001 _43=-0.15 (aspect 1.778)
camera: pos 76.8 8.4 39.0 | proj _11=1.4828 _22=2.6361 _33=1.00001 _43=-0.15 (aspect 1.778)
camera: pos 76.5 8.4 39.0 | proj _11=1.4710 _22=2.6150 _33=1.00001 _43=-0.15 (aspect 1.778)
camera: pos 76.2 8.3 39.1 | proj _11=1.4588 _22=2.5934 _33=1.00001 _43=-0.15 (aspect 1.778)
camera: pos 76.0 8.3 39.1 | proj _11=1.4467 _22=2.5719 _33=1.00001 _43=-0.15 (aspect 1.778)
camera: pos 75.7 8.3 39.1 | proj _11=1.4345 _22=2.5502 _33=1.00001 _43=-0.15 (aspect 1.778)
camera: pos 75.3 8.3 39.2 | proj _11=1.4233 _22=2.5303 _33=1.00001 _43=-0.15 (aspect 1.778)
camera: pos 74.9 8.2 39.2 | proj _11=1.4108 _22=2.5080 _33=1.00001 _43=-0.15 (aspect 1.778)
camera: pos 74.6 8.2 39.3 | proj _11=1.3996 _22=2.4881 _33=1.00001 _43=-0.15 (aspect 1.778)
camera: pos 74.2 8.1 39.4 | proj _11=1.3890 _22=2.4693 _33=1.00001 _43=-0.15 (aspect 1.778)
camera: pos 73.4 8.2 39.5 | proj _11=1.3709 _22=2.4372 _33=1.00001 _43=-0.15 (aspect 1.778)
camera: pos 68.4 8.5 40.4 | proj _11=1.3562 _22=2.4110 _33=1.00001 _43=-0.15 (aspect 1.778)
camera: pos 67.4 8.5 40.6 | proj _11=1.3419 _22=2.3855 _33=1.00001 _43=-0.15 (aspect 1.778)
camera: pos 66.2 8.4 40.8 | proj _11=1.3277 _22=2.3603 _33=1.00001 _43=-0.15 (aspect 1.778)
camera: pos 65.0 8.4 41.0 | proj _11=1.3145 _22=2.3368 _33=1.00001 _43=-0.15 (aspect 1.778)
camera: pos 63.7 8.4 41.2 | proj _11=1.3032 _22=2.3167 _33=1.00001 _43=-0.15 (aspect 1.778)
camera: pos 62.0 8.4 41.5 | proj _11=1.2924 _22=2.2975 _33=1.00001 _43=-0.15 (aspect 1.778)
camera: pos 58.9 8.4 41.8 | proj _11=1.3031 _22=2.3165 _33=1.00001 _43=-0.15 (aspect 1.778)
camera: pos 55.3 8.5 42.1 | proj _11=1.2923 _22=2.2974 _33=1.00001 _43=-0.15 (aspect 1.778)
camera: pos 53.4 8.4 42.1 | proj _11=1.2807 _22=2.2767 _33=1.00001 _43=-0.15 (aspect 1.778)
camera: pos 49.9 8.4 42.0 | proj _11=1.2666 _22=2.2517 _33=1.00001 _43=-0.15 (aspect 1.778)
camera: pos 47.7 8.4 41.9 | proj _11=1.2543 _22=2.2299 _33=1.00001 _43=-0.15 (aspect 1.778)
camera: pos 44.7 8.4 41.6 | proj _11=1.2414 _22=2.2068 _33=1.00001 _43=-0.15 (aspect 1.778)
camera: pos 42.2 8.4 41.3 | proj _11=1.2301 _22=2.1867 _33=1.00001 _43=-0.15 (aspect 1.778)
camera: pos 39.6 8.4 41.1 | proj _11=1.2190 _22=2.1670 _33=1.00001 _43=-0.15 (aspect 1.778)
camera: pos 35.1 8.4 40.8 | proj _11=1.2088 _22=2.1490 _33=1.00001 _43=-0.15 (aspect 1.778)
camera: pos 30.5 8.4 40.7 | proj _11=1.1984 _22=2.1304 _33=1.00001 _43=-0.15 (aspect 1.778)
camera: pos 24.1 8.4 41.0 | proj _11=1.1858 _22=2.1081 _33=1.00001 _43=-0.15 (aspect 1.778)
camera: pos 19.6 8.5 41.4 | proj _11=1.1986 _22=2.1308 _33=1.00001 _43=-0.15 (aspect 1.778)
camera: pos 9.0 8.5 41.2 | proj _11=1.1882 _22=2.1124 _33=1.00001 _43=-0.15 (aspect 1.778)
camera: pos 1.0 8.5 40.7 | proj _11=1.1773 _22=2.0929 _33=1.00001 _43=-0.15 (aspect 1.778)
camera: pos 250.1 8.5 40.6 | proj _11=1.1659 _22=2.0728 _33=1.00001 _43=-0.15 (aspect 1.778)
camera: pos 242.0 8.4 40.6 | proj _11=1.1549 _22=2.0531 _33=1.00001 _43=-0.15 (aspect 1.778)
camera: pos 225.1 8.5 40.0 | proj _11=1.1448 _22=2.0352 _33=1.00001 _43=-0.15 (aspect 1.778)
camera: pos 214.7 8.5 40.3 | proj _11=1.1340 _22=2.0160 _33=1.00001 _43=-0.15 (aspect 1.778)
camera: pos 206.8 8.5 40.4 | proj _11=1.1231 _22=1.9967 _33=1.00001 _43=-0.15 (aspect 1.778)
camera: pos 200.0 8.4 40.6 | proj _11=1.1128 _22=1.9783 _33=1.00001 _43=-0.15 (aspect 1.778)
camera: pos 191.4 8.4 40.9 | proj _11=1.1025 _22=1.9600 _33=1.00001 _43=-0.15 (aspect 1.778)
frame 19800 | draws 3306/frame | FFP converted 1073/frame (32.5%)
    not converted: screen-space 33  skinned 362  ortho 0  vertex-format 19  untextured 1347  instanced 0  mirrored 0  other-camera 414  no camera 0  other 58 (per frame)
    instancing: 1313 converted from the instance stream/frame, 0 refused/frame (largest single draw 1 instances, 0.9 buffer writes snooped/frame)
    SKIPPED entirely 0/frame (mode 3) | demoted to UI overlay 0/frame | no-albedo materials left to Remix 227/frame
    MARKED with the marker texture 1347/frame (refused as unsafe 472/frame, 2693 SetTexture calls/frame, marker created)
    albedo: moved off stage 0 161/frame, blanked 227/frame, restored from mesh cache 154/frame (4096 meshes cached) | RT textures known 55 | lights 58.4/frame (24 shaders)
    camera 189.9 8.4 41.0 | distinct cameras this frame 1 (max 1) | transform writes 778/frame | redundant state calls dropped 21425/frame
    world matrix changes 776/frame | objTM used without a fresh upload 0/frame | uv matrix writes 22/frame (last scale 0.00098, 0.00098)
    TIMING: frame 27.4 ms avg (36 fps), worst 76 ms | shim 4.97 ms avg (18.1% of frame), worst 12.4 ms
    converted -> target 14E69DB0 1280x720 fmt=34 : 184 draws/frame
    converted -> target 14E746D8 1280x720 fmt=113 : 845 draws/frame
    converted -> target 14E69020 1280x720 fmt=113 : 41 draws/frame
    converted -> target 14E68E30 1280x720 fmt=21 : 3 draws/frame
    converted -> target 0376AC58 1280x720 fmt=22 : 0 draws/frame
camera: pos 179.1 8.4 41.5 | proj _11=1.0925 _22=1.9421 _33=1.00001 _43=-0.15 (aspect 1.778)
camera: pos 162.4 8.5 42.1 | proj _11=1.0824 _22=1.9242 _33=1.00001 _43=-0.15 (aspect 1.778)
camera: pos 145.3 8.5 42.5 | proj _11=1.0722 _22=1.9062 _33=1.00001 _43=-0.15 (aspect 1.778)
camera: pos 134.2 8.6 42.5 | proj _11=1.0836 _22=1.9263 _33=1.00001 _43=-0.15 (aspect 1.778)
camera: pos 132.0 8.6 42.4 | proj _11=1.0958 _22=1.9481 _33=1.00001 _43=-0.15 (aspect 1.778)
camera: pos 130.8 8.7 42.4 | proj _11=1.1137 _22=1.9799 _33=1.00001 _43=-0.15 (aspect 1.778)
camera: pos 129.4 8.7 42.4 | proj _11=1.1331 _22=2.0144 _33=1.00001 _43=-0.15 (aspect 1.778)
camera: pos 128.8 8.8 42.3 | proj _11=1.1445 _22=2.0345 _33=1.00001 _43=-0.15 (aspect 1.778)
camera: pos 128.2 8.8 42.3 | proj _11=1.1547 _22=2.0527 _33=1.00001 _43=-0.15 (aspect 1.778)
camera: pos 127.2 8.9 42.3 | proj _11=1.1724 _22=2.0842 _33=1.00001 _43=-0.15 (aspect 1.778)
camera: pos 126.1 8.9 42.2 | proj _11=1.1904 _22=2.1162 _33=1.00001 _43=-0.15 (aspect 1.778)
camera: pos 125.3 9.0 42.2 | proj _11=1.2078 _22=2.1471 _33=1.00001 _43=-0.15 (aspect 1.778)
camera: pos 124.4 9.0 42.1 | proj _11=1.2256 _22=2.1788 _33=1.00001 _43=-0.15 (aspect 1.778)
camera: pos 123.5 9.0 42.1 | proj _11=1.2446 _22=2.2125 _33=1.00001 _43=-0.15 (aspect 1.778)
camera: pos 122.8 9.1 42.1 | proj _11=1.2628 _22=2.2449 _33=1.00001 _43=-0.15 (aspect 1.778)
camera: pos 122.2 9.1 42.1 | proj _11=1.2790 _22=2.2737 _33=1.00001 _43=-0.15 (aspect 1.778)
camera: pos 121.6 9.1 42.1 | proj _11=1.2964 _22=2.3046 _33=1.00001 _43=-0.15 (aspect 1.778)
camera: pos 121.0 9.1 42.1 | proj _11=1.3092 _22=2.3275 _33=1.00001 _43=-0.15 (aspect 1.778)
camera: pos 120.0 9.1 42.1 | proj _11=1.3195 _22=2.3457 _33=1.00001 _43=-0.15 (aspect 1.778)
camera: pos 117.0 8.9 42.4 | proj _11=1.3299 _22=2.3641 _33=1.00001 _43=-0.15 (aspect 1.778)
camera: pos 114.4 8.8 43.1 | proj _11=1.3195 _22=2.3457 _33=1.00001 _43=-0.15 (aspect 1.778)
camera: pos 113.1 8.7 43.6 | proj _11=1.3081 _22=2.3255 _33=1.00001 _43=-0.15 (aspect 1.778)
camera: pos 111.8 8.7 44.2 | proj _11=1.2976 _22=2.3067 _33=1.00001 _43=-0.15 (aspect 1.778)
camera: pos 109.4 8.6 45.7 | proj _11=1.2875 _22=2.2888 _33=1.00001 _43=-0.15 (aspect 1.778)
camera: pos 107.3 8.6 47.6 | proj _11=1.2771 _22=2.2703 _33=1.00001 _43=-0.15 (aspect 1.778)
camera: pos 105.6 8.7 49.9 | proj _11=1.2661 _22=2.2508 _33=1.00001 _43=-0.15 (aspect 1.778)
camera: pos 104.8 8.7 51.4 | proj _11=1.2556 _22=2.2321 _33=1.00001 _43=-0.15 (aspect 1.778)
camera: pos 103.8 8.7 53.7 | proj _11=1.2445 _22=2.2123 _33=1.00001 _43=-0.15 (aspect 1.778)
camera: pos 103.1 8.7 56.4 | proj _11=1.2335 _22=2.1929 _33=1.00001 _43=-0.15 (aspect 1.778)
camera: pos 102.7 8.7 58.8 | proj _11=1.2224 _22=2.1731 _33=1.00001 _43=-0.15 (aspect 1.778)
camera: pos 102.1 8.7 63.2 | proj _11=1.2121 _22=2.1548 _33=1.00001 _43=-0.15 (aspect 1.778)
camera: pos 101.7 8.7 66.5 | proj _11=1.2013 _22=2.1356 _33=1.00001 _43=-0.15 (aspect 1.778)
camera: pos 101.3 8.6 70.2 | proj _11=1.1907 _22=2.1168 _33=1.00001 _43=-0.15 (aspect 1.778)
camera: pos 100.5 8.6 85.8 | proj _11=1.1797 _22=2.0971 _33=1.00001 _43=-0.15 (aspect 1.778)
camera: pos 100.5 8.5 91.0 | proj _11=1.1688 _22=2.0778 _33=1.00001 _43=-0.15 (aspect 1.778)
camera: pos 100.6 8.5 95.8 | proj _11=1.1573 _22=2.0574 _33=1.00001 _43=-0.15 (aspect 1.778)
camera: pos 100.7 8.5 101.1 | proj _11=1.1467 _22=2.0386 _33=1.00001 _43=-0.15 (aspect 1.778)
camera: pos 100.8 8.5 106.8 | proj _11=1.1356 _22=2.0187 _33=1.00001 _43=-0.15 (aspect 1.778)
camera: pos 101.0 8.4 113.2 | proj _11=1.1248 _22=1.9996 _33=1.00001 _43=-0.15 (aspect 1.778)
camera: pos 101.3 8.4 121.0 | proj _11=1.1140 _22=1.9805 _33=1.00001 _43=-0.15 (aspect 1.778)
camera: pos 101.9 8.4 132.5 | proj _11=1.1038 _22=1.9623 _33=1.00001 _43=-0.15 (aspect 1.778)
camera: pos 102.8 8.3 138.7 | proj _11=1.1174 _22=1.9865 _33=1.00001 _43=-0.15 (aspect 1.778)
camera: pos 103.3 8.3 140.6 | proj _11=1.1286 _22=2.0064 _33=1.00001 _43=-0.15 (aspect 1.778)
camera: pos 103.5 8.3 141.5 | proj _11=1.1429 _22=2.0318 _33=1.00001 _43=-0.15 (aspect 1.778)
camera: pos 103.7 8.3 142.5 | proj _11=1.1574 _22=2.0576 _33=1.00001 _43=-0.15 (aspect 1.778)
camera: pos 104.0 8.3 143.3 | proj _11=1.1733 _22=2.0858 _33=1.00001 _43=-0.15 (aspect 1.778)
camera: pos 104.2 8.3 144.2 | proj _11=1.1894 _22=2.1145 _33=1.00001 _43=-0.15 (aspect 1.778)
camera: pos 104.4 8.3 145.0 | proj _11=1.2063 _22=2.1444 _33=1.00001 _43=-0.15 (aspect 1.778)
camera: pos 104.6 8.3 145.8 | proj _11=1.2234 _22=2.1749 _33=1.00001 _43=-0.15 (aspect 1.778)
camera: pos 104.8 8.3 146.9 | proj _11=1.2365 _22=2.1982 _33=1.00001 _43=-0.15 (aspect 1.778)
camera: pos 105.2 8.3 148.3 | proj _11=1.2473 _22=2.2173 _33=1.00001 _43=-0.15 (aspect 1.778)
camera: pos 106.1 8.0 152.1 | proj _11=1.2367 _22=2.1985 _33=1.00001 _43=-0.15 (aspect 1.778)
camera: pos 106.8 7.7 155.2 | proj _11=1.2256 _22=2.1788 _33=1.00001 _43=-0.15 (aspect 1.778)
camera: pos 107.7 7.6 160.6 | proj _11=1.2155 _22=2.1608 _33=1.00001 _43=-0.15 (aspect 1.778)
camera: pos 108.2 7.4 164.4 | proj _11=1.2046 _22=2.1415 _33=1.00001 _43=-0.15 (aspect 1.778)
camera: pos 108.7 7.3 168.9 | proj _11=1.2160 _22=2.1618 _33=1.00001 _43=-0.15 (aspect 1.778)
camera: pos 108.9 7.3 170.3 | proj _11=1.2278 _22=2.1827 _33=1.00001 _43=-0.15 (aspect 1.778)
camera: pos 109.0 7.3 171.0 | proj _11=1.2391 _22=2.2027 _33=1.00001 _43=-0.15 (aspect 1.778)
camera: pos 109.1 7.4 171.7 | proj _11=1.2549 _22=2.2308 _33=1.00001 _43=-0.15 (aspect 1.778)
camera: pos 109.2 7.4 172.3 | proj _11=1.2717 _22=2.2608 _33=1.00001 _43=-0.15 (aspect 1.778)
camera: pos 109.3 7.4 172.8 | proj _11=1.2872 _22=2.2882 _33=1.00001 _43=-0.15 (aspect 1.778)
camera: pos 109.6 7.5 173.9 | proj _11=1.2995 _22=2.3102 _33=1.00001 _43=-0.15 (aspect 1.778)
camera: pos 109.8 7.5 174.9 | proj _11=1.3104 _22=2.3296 _33=1.00001 _43=-0.15 (aspect 1.778)
camera: pos 110.8 7.3 177.3 | proj _11=1.3206 _22=2.3477 _33=1.00001 _43=-0.15 (aspect 1.778)
camera: pos 113.4 7.1 180.7 | proj _11=1.3092 _22=2.3274 _33=1.00001 _43=-0.15 (aspect 1.778)
camera: pos 114.4 7.0 181.4 | proj _11=1.2984 _22=2.3082 _33=1.00001 _43=-0.15 (aspect 1.778)
camera: pos 115.7 7.0 182.1 | proj _11=1.2864 _22=2.2868 _33=1.00001 _43=-0.15 (aspect 1.778)
camera: pos 117.2 6.9 182.8 | proj _11=1.2749 _22=2.2665 _33=1.00001 _43=-0.15 (aspect 1.778)
camera: pos 119.3 6.9 183.5 | proj _11=1.2882 _22=2.2901 _33=1.00001 _43=-0.15 (aspect 1.778)
camera: pos 123.7 6.7 184.6 | proj _11=1.2769 _22=2.2700 _33=1.00001 _43=-0.15 (aspect 1.778)
camera: pos 129.4 6.9 186.6 | proj _11=1.2664 _22=2.2514 _33=1.00001 _43=-0.15 (aspect 1.778)
camera: pos 131.2 6.8 187.5 | proj _11=1.2544 _22=2.2301 _33=1.00001 _43=-0.15 (aspect 1.778)
camera: pos 132.7 6.7 188.5 | proj _11=1.2439 _22=2.2113 _33=1.00001 _43=-0.15 (aspect 1.778)
camera: pos 133.5 6.7 188.9 | proj _11=1.2585 _22=2.2373 _33=1.00001 _43=-0.15 (aspect 1.778)
camera: pos 134.2 6.7 189.4 | proj _11=1.2742 _22=2.2651 _33=1.00001 _43=-0.15 (aspect 1.778)
camera: pos 134.9 6.8 189.8 | proj _11=1.2861 _22=2.2863 _33=1.00001 _43=-0.15 (aspect 1.778)
camera: pos 135.5 6.8 190.1 | proj _11=1.2969 _22=2.3055 _33=1.00001 _43=-0.15 (aspect 1.778)
camera: pos 136.1 6.9 190.4 | proj _11=1.3071 _22=2.3236 _33=1.00001 _43=-0.15 (aspect 1.778)
camera: pos 139.0 6.8 191.7 | proj _11=1.2960 _22=2.3039 _33=1.00001 _43=-0.15 (aspect 1.778)
camera: pos 141.0 6.6 192.4 | proj _11=1.2851 _22=2.2845 _33=1.00001 _43=-0.15 (aspect 1.778)
camera: pos 142.8 6.5 193.0 | proj _11=1.2742 _22=2.2653 _33=1.00001 _43=-0.15 (aspect 1.778)
frame 20400 | draws 3285/frame | FFP converted 1064/frame (32.4%)
    not converted: screen-space 33  skinned 362  ortho 0  vertex-format 20  untextured 1335  instanced 0  mirrored 0  other-camera 413  no camera 0  other 58 (per frame)
    instancing: 1302 converted from the instance stream/frame, 0 refused/frame (largest single draw 1 instances, 0.9 buffer writes snooped/frame)
    SKIPPED entirely 0/frame (mode 3) | demoted to UI overlay 0/frame | no-albedo materials left to Remix 226/frame
    MARKED with the marker texture 1335/frame (refused as unsafe 471/frame, 2671 SetTexture calls/frame, marker created)
    albedo: moved off stage 0 161/frame, blanked 226/frame, restored from mesh cache 152/frame (4096 meshes cached) | RT textures known 55 | lights 58.1/frame (24 shaders)
    camera 147.3 6.8 194.2 | distinct cameras this frame 1 (max 1) | transform writes 770/frame | redundant state calls dropped 21256/frame
    world matrix changes 769/frame | objTM used without a fresh upload 0/frame | uv matrix writes 22/frame (last scale 0.00098, 0.00098)
    TIMING: frame 27.3 ms avg (37 fps), worst 59 ms | shim 4.93 ms avg (18.1% of frame), worst 7.4 ms
    converted -> target 14E69DB0 1280x720 fmt=34 : 184 draws/frame
    converted -> target 14E746D8 1280x720 fmt=113 : 836 draws/frame
    converted -> target 14E69020 1280x720 fmt=113 : 41 draws/frame
    converted -> target 14E68E30 1280x720 fmt=21 : 3 draws/frame
    converted -> target 0376AC58 1280x720 fmt=22 : 0 draws/frame
camera: pos 147.9 6.8 194.3 | proj _11=1.2638 _22=2.2468 _33=1.00001 _43=-0.15 (aspect 1.778)
camera: pos 151.0 6.8 194.9 | proj _11=1.2534 _22=2.2283 _33=1.00001 _43=-0.15 (aspect 1.778)
camera: pos 153.2 7.0 195.1 | proj _11=1.2421 _22=2.2082 _33=1.00001 _43=-0.15 (aspect 1.778)
camera: pos 155.2 6.8 195.3 | proj _11=1.2305 _22=2.1875 _33=1.00001 _43=-0.15 (aspect 1.778)
camera: pos 157.9 6.6 195.6 | proj _11=1.2416 _22=2.2072 _33=1.00001 _43=-0.15 (aspect 1.778)
camera: pos 164.4 6.6 197.1 | proj _11=1.2522 _22=2.2261 _33=1.00001 _43=-0.15 (aspect 1.778)
camera: pos 166.4 7.5 197.8 | proj _11=1.2649 _22=2.2487 _33=1.00001 _43=-0.15 (aspect 1.778)
camera: pos 168.5 8.7 198.2 | proj _11=1.2772 _22=2.2705 _33=1.00001 _43=-0.15 (aspect 1.778)
camera: pos 170.1 9.3 198.6 | proj _11=1.2873 _22=2.2884 _33=1.00001 _43=-0.15 (aspect 1.778)
camera: pos 171.8 9.7 199.2 | proj _11=1.2981 _22=2.3077 _33=1.00001 _43=-0.15 (aspect 1.778)
camera: pos 173.0 9.3 199.5 | proj _11=1.3091 _22=2.3272 _33=1.00001 _43=-0.15 (aspect 1.778)
camera: pos 174.1 8.4 200.1 | proj _11=1.3253 _22=2.3561 _33=1.00001 _43=-0.15 (aspect 1.778)
camera: pos 178.2 7.2 201.1 | proj _11=1.3390 _22=2.3804 _33=1.00001 _43=-0.15 (aspect 1.778)
camera: pos 179.6 7.0 201.3 | proj _11=1.3281 _22=2.3610 _33=1.00001 _43=-0.15 (aspect 1.778)
camera: pos 181.6 7.0 201.7 | proj _11=1.3166 _22=2.3405 _33=1.00001 _43=-0.15 (aspect 1.778)
camera: pos 183.4 6.9 202.0 | proj _11=1.3059 _22=2.3216 _33=1.00001 _43=-0.15 (aspect 1.778)
camera: pos 185.6 6.8 202.4 | proj _11=1.2953 _22=2.3026 _33=1.00001 _43=-0.15 (aspect 1.778)
camera: pos 187.4 6.7 202.7 | proj _11=1.2847 _22=2.2839 _33=1.00001 _43=-0.15 (aspect 1.778)
camera: pos 189.7 6.8 203.1 | proj _11=1.2725 _22=2.2623 _33=1.00001 _43=-0.15 (aspect 1.778)
camera: pos 192.9 7.8 204.2 | proj _11=1.2623 _22=2.2440 _33=1.00001 _43=-0.15 (aspect 1.778)
camera: pos 195.3 8.8 204.7 | proj _11=1.2509 _22=2.2238 _33=1.00001 _43=-0.15 (aspect 1.778)
camera: pos 197.6 8.8 204.9 | proj _11=1.2404 _22=2.2051 _33=1.00001 _43=-0.15 (aspect 1.778)
camera: pos 199.9 8.1 205.3 | proj _11=1.2296 _22=2.1860 _33=1.00001 _43=-0.15 (aspect 1.778)
camera: pos 202.6 7.2 206.0 | proj _11=1.2190 _22=2.1670 _33=1.00001 _43=-0.15 (aspect 1.778)
camera: pos 205.7 7.2 206.3 | proj _11=1.2086 _22=2.1486 _33=1.00001 _43=-0.15 (aspect 1.778)
camera: pos 206.6 7.2 206.3 | proj _11=1.2193 _22=2.1677 _33=1.00001 _43=-0.15 (aspect 1.778)
camera: pos 207.5 7.2 206.3 | proj _11=1.2300 _22=2.1866 _33=1.00001 _43=-0.15 (aspect 1.778)
camera: pos 208.5 7.3 206.3 | proj _11=1.2416 _22=2.2073 _33=1.00001 _43=-0.15 (aspect 1.778)
camera: pos 209.4 7.4 206.4 | proj _11=1.2538 _22=2.2290 _33=1.00001 _43=-0.15 (aspect 1.778)
camera: pos 210.3 7.4 206.4 | proj _11=1.2646 _22=2.2480 _33=1.00001 _43=-0.15 (aspect 1.778)
camera: pos 211.1 7.4 206.4 | proj _11=1.2746 _22=2.2659 _33=1.00001 _43=-0.15 (aspect 1.778)
camera: pos 212.1 7.5 206.4 | proj _11=1.2878 _22=2.2894 _33=1.00001 _43=-0.15 (aspect 1.778)
camera: pos 213.1 7.5 206.5 | proj _11=1.3013 _22=2.3134 _33=1.00001 _43=-0.15 (aspect 1.778)
camera: pos 214.2 7.6 206.5 | proj _11=1.3145 _22=2.3369 _33=1.00001 _43=-0.15 (aspect 1.778)
camera: pos 215.1 7.6 206.5 | proj _11=1.3272 _22=2.3595 _33=1.00001 _43=-0.15 (aspect 1.778)
camera: pos 216.0 7.7 206.6 | proj _11=1.3403 _22=2.3828 _33=1.00001 _43=-0.15 (aspect 1.778)
camera: pos 216.9 7.7 206.6 | proj _11=1.3519 _22=2.4034 _33=1.00001 _43=-0.15 (aspect 1.778)
camera: pos 217.7 7.7 206.7 | proj _11=1.3635 _22=2.4240 _33=1.00001 _43=-0.15 (aspect 1.778)
camera: pos 218.6 7.7 206.7 | proj _11=1.3752 _22=2.4447 _33=1.00001 _43=-0.15 (aspect 1.778)
camera: pos 219.3 7.8 206.8 | proj _11=1.3865 _22=2.4649 _33=1.00001 _43=-0.15 (aspect 1.778)
camera: pos 220.1 7.8 206.8 | proj _11=1.3971 _22=2.4836 _33=1.00001 _43=-0.15 (aspect 1.778)
camera: pos 221.1 7.8 206.9 | proj _11=1.4109 _22=2.5081 _33=1.00001 _43=-0.15 (aspect 1.778)
camera: pos 221.9 7.8 206.9 | proj _11=1.4241 _22=2.5318 _33=1.00001 _43=-0.15 (aspect 1.778)
camera: pos 225.0 7.8 207.1 | proj _11=1.4403 _22=2.5605 _33=1.00001 _43=-0.15 (aspect 1.778)
camera: pos 225.4 7.8 207.2 | proj _11=1.4558 _22=2.5880 _33=1.00001 _43=-0.15 (aspect 1.778)
camera: pos 225.8 7.9 207.2 | proj _11=1.4698 _22=2.6130 _33=1.00001 _43=-0.15 (aspect 1.778)
camera: pos 226.2 7.9 207.2 | proj _11=1.4825 _22=2.6356 _33=1.00001 _43=-0.15 (aspect 1.778)
camera: pos 226.5 7.9 207.2 | proj _11=1.4940 _22=2.6560 _33=1.00001 _43=-0.15 (aspect 1.778)
camera: pos 226.8 8.0 207.3 | proj _11=1.5048 _22=2.6752 _33=1.00001 _43=-0.15 (aspect 1.778)
camera: pos 228.3 7.9 207.8 | proj _11=1.5237 _22=2.7088 _33=1.00001 _43=-0.15 (aspect 1.778)
camera: pos 228.4 8.0 208.1 | proj _11=1.5379 _22=2.7339 _33=1.00001 _43=-0.15 (aspect 1.778)
camera: pos 228.9 8.2 208.4 | proj _11=1.5269 _22=2.7144 _33=1.00001 _43=-0.15 (aspect 1.778)
camera: pos 229.2 8.4 208.9 | proj _11=1.5117 _22=2.6874 _33=1.00001 _43=-0.15 (aspect 1.778)
camera: pos 229.4 8.4 209.0 | proj _11=1.4972 _22=2.6616 _33=1.00001 _43=-0.15 (aspect 1.778)
camera: pos 229.6 8.4 209.0 | proj _11=1.4832 _22=2.6368 _33=1.00001 _43=-0.15 (aspect 1.778)
camera: pos 229.9 8.4 209.0 | proj _11=1.4694 _22=2.6122 _33=1.00001 _43=-0.15 (aspect 1.778)
camera: pos 230.2 8.4 208.9 | proj _11=1.4560 _22=2.5884 _33=1.00001 _43=-0.15 (aspect 1.778)
camera: pos 230.6 8.3 208.9 | proj _11=1.4418 _22=2.5631 _33=1.00001 _43=-0.15 (aspect 1.778)
camera: pos 230.9 8.1 208.9 | proj _11=1.4273 _22=2.5374 _33=1.00001 _43=-0.15 (aspect 1.778)
camera: pos 231.4 8.0 208.8 | proj _11=1.4130 _22=2.5120 _33=1.00001 _43=-0.15 (aspect 1.778)
camera: pos 231.8 8.0 208.7 | proj _11=1.3984 _22=2.4860 _33=1.00001 _43=-0.15 (aspect 1.778)
camera: pos 232.3 7.9 208.7 | proj _11=1.3864 _22=2.4647 _33=1.00001 _43=-0.15 (aspect 1.778)
camera: pos 236.4 8.0 208.3 | proj _11=1.3762 _22=2.4466 _33=1.00001 _43=-0.15 (aspect 1.778)
camera: pos 237.4 9.3 208.0 | proj _11=1.3636 _22=2.4241 _33=1.00001 _43=-0.15 (aspect 1.778)
camera: pos 238.6 10.0 208.0 | proj _11=1.3515 _22=2.4026 _33=1.00001 _43=-0.15 (aspect 1.778)
camera: pos 239.4 10.0 207.9 | proj _11=1.3400 _22=2.3822 _33=1.00001 _43=-0.15 (aspect 1.778)
camera: pos 240.6 9.9 207.8 | proj _11=1.3300 _22=2.3644 _33=1.00001 _43=-0.15 (aspect 1.778)
camera: pos 241.5 9.7 207.7 | proj _11=1.3198 _22=2.3462 _33=1.00001 _43=-0.15 (aspect 1.778)
camera: pos 242.7 9.7 207.7 | proj _11=1.3088 _22=2.3268 _33=1.00001 _43=-0.15 (aspect 1.778)
camera: pos 244.1 9.2 207.6 | proj _11=1.2976 _22=2.3067 _33=1.00001 _43=-0.15 (aspect 1.778)
camera: pos 251.9 8.3 206.6 | proj _11=1.2863 _22=2.2868 _33=1.00001 _43=-0.15 (aspect 1.778)
camera: pos 254.5 8.2 206.2 | proj _11=1.2753 _22=2.2671 _33=1.00001 _43=-0.15 (aspect 1.778)
camera: pos 0.7 8.2 205.9 | proj _11=1.2635 _22=2.2462 _33=1.00001 _43=-0.15 (aspect 1.778)
camera: pos 3.0 8.2 205.6 | proj _11=1.2513 _22=2.2245 _33=1.00001 _43=-0.15 (aspect 1.778)
camera: pos 5.3 8.2 205.4 | proj _11=1.2393 _22=2.2032 _33=1.00001 _43=-0.15 (aspect 1.778)
camera: pos 7.6 8.2 205.1 | proj _11=1.2287 _22=2.1842 _33=1.00001 _43=-0.15 (aspect 1.778)
camera: pos 10.5 8.2 204.8 | proj _11=1.2171 _22=2.1637 _33=1.00001 _43=-0.15 (aspect 1.778)
camera: pos 13.6 8.2 204.4 | proj _11=1.2065 _22=2.1448 _33=1.00001 _43=-0.15 (aspect 1.778)
camera: pos 16.9 8.2 204.1 | proj _11=1.1964 _22=2.1269 _33=1.00001 _43=-0.15 (aspect 1.778)
camera: pos 21.1 8.2 203.6 | proj _11=1.1858 _22=2.1080 _33=1.00001 _43=-0.15 (aspect 1.778)
camera: pos 25.0 8.3 203.2 | proj _11=1.1963 _22=2.1266 _33=1.00001 _43=-0.15 (aspect 1.778)
camera: pos 32.7 8.3 202.8 | proj _11=1.1854 _22=2.1074 _33=1.00001 _43=-0.15 (aspect 1.778)
camera: pos 37.8 8.3 202.7 | proj _11=1.1745 _22=2.0879 _33=1.00001 _43=-0.15 (aspect 1.778)
camera: pos 42.7 8.2 202.5 | proj _11=1.1633 _22=2.0681 _33=1.00001 _43=-0.15 (aspect 1.778)
camera: pos 47.6 8.2 202.4 | proj _11=1.1532 _22=2.0501 _33=1.00001 _43=-0.15 (aspect 1.778)
camera: pos 52.8 8.2 202.4 | proj _11=1.1431 _22=2.0322 _33=1.00001 _43=-0.15 (aspect 1.778)
camera: pos 58.8 8.2 202.3 | proj _11=1.1321 _22=2.0126 _33=1.00001 _43=-0.15 (aspect 1.778)
camera: pos 65.6 8.2 202.2 | proj _11=1.1214 _22=1.9936 _33=1.00001 _43=-0.15 (aspect 1.778)
camera: pos 73.2 8.2 202.1 | proj _11=1.1108 _22=1.9747 _33=1.00001 _43=-0.15 (aspect 1.778)
camera: pos 84.7 8.2 202.2 | proj _11=1.1002 _22=1.9559 _33=1.00001 _43=-0.15 (aspect 1.778)
camera: pos 95.3 8.2 202.6 | proj _11=1.0900 _22=1.9377 _33=1.00001 _43=-0.15 (aspect 1.778)
camera: pos 114.3 8.3 203.0 | proj _11=1.0798 _22=1.9196 _33=1.00001 _43=-0.15 (aspect 1.778)
camera: pos 122.4 8.3 202.7 | proj _11=1.0901 _22=1.9378 _33=1.00001 _43=-0.15 (aspect 1.778)
camera: pos 124.2 8.3 202.6 | proj _11=1.1032 _22=1.9611 _33=1.00001 _43=-0.15 (aspect 1.778)
camera: pos 126.1 8.4 202.4 | proj _11=1.1172 _22=1.9860 _33=1.00001 _43=-0.15 (aspect 1.778)
camera: pos 127.9 8.4 202.1 | proj _11=1.1310 _22=2.0106 _33=1.00001 _43=-0.15 (aspect 1.778)
camera: pos 128.8 8.4 202.0 | proj _11=1.1414 _22=2.0290 _33=1.00001 _43=-0.15 (aspect 1.778)
camera: pos 129.7 8.5 201.8 | proj _11=1.1514 _22=2.0469 _33=1.00001 _43=-0.15 (aspect 1.778)
camera: pos 131.3 8.7 201.3 | proj _11=1.1692 _22=2.0785 _33=1.00001 _43=-0.15 (aspect 1.778)
camera: pos 133.1 8.8 200.7 | proj _11=1.1869 _22=2.1101 _33=1.00001 _43=-0.15 (aspect 1.778)
camera: pos 134.5 8.7 200.1 | proj _11=1.1972 _22=2.1283 _33=1.00001 _43=-0.15 (aspect 1.778)
camera: pos 135.1 8.7 199.8 | proj _11=1.2116 _22=2.1539 _33=1.00001 _43=-0.15 (aspect 1.778)
camera: pos 135.7 8.6 199.4 | proj _11=1.2238 _22=2.1756 _33=1.00001 _43=-0.15 (aspect 1.778)
camera: pos 136.8 8.5 198.7 | proj _11=1.2376 _22=2.2001 _33=1.00001 _43=-0.15 (aspect 1.778)
camera: pos 137.8 8.5 197.9 | proj _11=1.2504 _22=2.2229 _33=1.00001 _43=-0.15 (aspect 1.778)
camera: pos 138.6 8.5 197.1 | proj _11=1.2621 _22=2.2437 _33=1.00001 _43=-0.15 (aspect 1.778)
camera: pos 139.3 8.5 196.3 | proj _11=1.2838 _22=2.2822 _33=1.00001 _43=-0.15 (aspect 1.778)
camera: pos 139.6 8.6 195.9 | proj _11=1.3013 _22=2.3134 _33=1.00001 _43=-0.15 (aspect 1.778)
camera: pos 139.9 8.6 195.6 | proj _11=1.3206 _22=2.3476 _33=1.00001 _43=-0.15 (aspect 1.778)
camera: pos 140.1 8.6 195.2 | proj _11=1.3374 _22=2.3776 _33=1.00001 _43=-0.15 (aspect 1.778)
camera: pos 140.3 8.7 195.0 | proj _11=1.3556 _22=2.4099 _33=1.00001 _43=-0.15 (aspect 1.778)
camera: pos 140.4 8.7 194.7 | proj _11=1.3698 _22=2.4351 _33=1.00001 _43=-0.15 (aspect 1.778)
camera: pos 140.6 8.7 194.5 | proj _11=1.3830 _22=2.4586 _33=1.00001 _43=-0.15 (aspect 1.778)
camera: pos 140.7 8.7 194.2 | proj _11=1.3967 _22=2.4830 _33=1.00001 _43=-0.15 (aspect 1.778)
camera: pos 140.8 8.7 194.1 | proj _11=1.4097 _22=2.5060 _33=1.00001 _43=-0.15 (aspect 1.778)
camera: pos 140.9 8.7 193.9 | proj _11=1.4211 _22=2.5264 _33=1.00001 _43=-0.15 (aspect 1.778)
frame 21000 | draws 3313/frame | FFP converted 1079/frame (32.6%)
    not converted: screen-space 33  skinned 363  ortho 0  vertex-format 20  untextured 1345  instanced 0  mirrored 0  other-camera 413  no camera 0  other 59 (per frame)
    instancing: 1314 converted from the instance stream/frame, 0 refused/frame (largest single draw 1 instances, 0.9 buffer writes snooped/frame)
    SKIPPED entirely 0/frame (mode 3) | demoted to UI overlay 0/frame | no-albedo materials left to Remix 232/frame
    MARKED with the marker texture 1345/frame (refused as unsafe 473/frame, 2690 SetTexture calls/frame, marker created)
    albedo: moved off stage 0 165/frame, blanked 232/frame, restored from mesh cache 150/frame (4096 meshes cached) | RT textures known 55 | lights 59.4/frame (24 shaders)
    camera 141.6 8.5 191.7 | distinct cameras this frame 1 (max 1) | transform writes 779/frame | redundant state calls dropped 21554/frame
    world matrix changes 777/frame | objTM used without a fresh upload 0/frame | uv matrix writes 22/frame (last scale 0.00098, 0.00098)
    TIMING: frame 27.3 ms avg (37 fps), worst 53 ms | shim 5.01 ms avg (18.3% of frame), worst 12.0 ms
    converted -> target 14E69DB0 1280x720 fmt=34 : 189 draws/frame
    converted -> target 14E746D8 1280x720 fmt=113 : 845 draws/frame
    converted -> target 14E69020 1280x720 fmt=113 : 41 draws/frame
    converted -> target 14E68E30 1280x720 fmt=21 : 3 draws/frame
    converted -> target 0376AC58 1280x720 fmt=22 : 0 draws/frame
camera: pos 141.6 8.6 190.1 | proj _11=1.4073 _22=2.5018 _33=1.00001 _43=-0.15 (aspect 1.778)
camera: pos 141.6 8.5 189.3 | proj _11=1.3953 _22=2.4804 _33=1.00001 _43=-0.15 (aspect 1.778)
camera: pos 141.5 8.5 188.5 | proj _11=1.3827 _22=2.4580 _33=1.00001 _43=-0.15 (aspect 1.778)
camera: pos 141.4 8.4 187.6 | proj _11=1.3713 _22=2.4379 _33=1.00001 _43=-0.15 (aspect 1.778)
camera: pos 141.2 8.4 186.6 | proj _11=1.3587 _22=2.4154 _33=1.00001 _43=-0.15 (aspect 1.778)
camera: pos 141.0 8.3 185.5 | proj _11=1.3458 _22=2.3925 _33=1.00001 _43=-0.15 (aspect 1.778)
camera: pos 140.9 8.3 184.7 | proj _11=1.3345 _22=2.3723 _33=1.00001 _43=-0.15 (aspect 1.778)
camera: pos 140.8 8.3 183.8 | proj _11=1.3240 _22=2.3537 _33=1.00001 _43=-0.15 (aspect 1.778)
camera: pos 140.5 8.3 182.1 | proj _11=1.3128 _22=2.3339 _33=1.00001 _43=-0.15 (aspect 1.778)
camera: pos 140.3 8.3 180.4 | proj _11=1.3009 _22=2.3126 _33=1.00001 _43=-0.15 (aspect 1.778)
camera: pos 138.9 8.3 171.2 | proj _11=1.2888 _22=2.2911 _33=1.00001 _43=-0.15 (aspect 1.778)
camera: pos 138.7 8.2 169.3 | proj _11=1.2777 _22=2.2714 _33=1.00001 _43=-0.15 (aspect 1.778)
camera: pos 138.6 8.2 167.2 | proj _11=1.2658 _22=2.2503 _33=1.00001 _43=-0.15 (aspect 1.778)
camera: pos 138.5 8.3 165.2 | proj _11=1.2556 _22=2.2322 _33=1.00001 _43=-0.15 (aspect 1.778)
camera: pos 138.2 8.3 161.8 | proj _11=1.2455 _22=2.2141 _33=1.00001 _43=-0.15 (aspect 1.778)
camera: pos 137.9 8.3 159.4 | proj _11=1.2340 _22=2.1937 _33=1.00001 _43=-0.15 (aspect 1.778)
camera: pos 137.8 8.3 158.7 | proj _11=1.2442 _22=2.2119 _33=1.00001 _43=-0.15 (aspect 1.778)
camera: pos 137.4 8.3 155.3 | proj _11=1.2339 _22=2.1936 _33=1.00001 _43=-0.15 (aspect 1.778)
camera: pos 137.1 8.3 152.9 | proj _11=1.2232 _22=2.1745 _33=1.00001 _43=-0.15 (aspect 1.778)
camera: pos 136.8 8.3 150.1 | proj _11=1.2127 _22=2.1559 _33=1.00001 _43=-0.15 (aspect 1.778)
camera: pos 136.4 8.4 146.7 | proj _11=1.2019 _22=2.1366 _33=1.00001 _43=-0.15 (aspect 1.778)
camera: pos 136.0 8.3 143.0 | proj _11=1.1916 _22=2.1184 _33=1.00001 _43=-0.15 (aspect 1.778)
camera: pos 134.6 8.4 124.9 | proj _11=1.1814 _22=2.1002 _33=1.00001 _43=-0.15 (aspect 1.778)
camera: pos 134.5 8.4 120.1 | proj _11=1.1703 _22=2.0805 _33=1.00001 _43=-0.15 (aspect 1.778)
camera: pos 134.5 8.6 117.8 | proj _11=1.1844 _22=2.1055 _33=1.00001 _43=-0.15 (aspect 1.778)
camera: pos 134.7 8.4 112.5 | proj _11=1.1739 _22=2.0870 _33=1.00001 _43=-0.15 (aspect 1.778)
camera: pos 134.8 8.4 106.4 | proj _11=1.5676 _22=2.7868 _33=1.00001 _43=-0.15 (aspect 1.778)
camera: pos 134.8 8.3 106.4 | proj _11=1.5781 _22=2.8055 _33=1.00001 _43=-0.15 (aspect 1.778)
camera: pos 134.9 8.4 106.2 | proj _11=1.5885 _22=2.8239 _33=1.00001 _43=-0.15 (aspect 1.778)
camera: pos 134.9 8.4 105.6 | proj _11=1.5985 _22=2.8418 _33=1.00001 _43=-0.15 (aspect 1.778)
frame 21600 | draws 3308/frame | FFP converted 1074/frame (32.5%)
    not converted: screen-space 33  skinned 360  ortho 0  vertex-format 20  untextured 1340  instanced 0  mirrored 0  other-camera 422  no camera 0  other 60 (per frame)
    instancing: 1317 converted from the instance stream/frame, 0 refused/frame (largest single draw 1 instances, 0.9 buffer writes snooped/frame)
    SKIPPED entirely 0/frame (mode 3) | demoted to UI overlay 0/frame | no-albedo materials left to Remix 232/frame
    MARKED with the marker texture 1340/frame (refused as unsafe 482/frame, 2679 SetTexture calls/frame, marker created)
    albedo: moved off stage 0 164/frame, blanked 232/frame, restored from mesh cache 147/frame (4096 meshes cached) | RT textures known 55 | lights 59.5/frame (24 shaders)
    camera 140.3 7.8 104.9 | distinct cameras this frame 1 (max 1) | transform writes 773/frame | redundant state calls dropped 21441/frame
    world matrix changes 772/frame | objTM used without a fresh upload 0/frame | uv matrix writes 22/frame (last scale 0.00098, 0.00098)
    TIMING: frame 27.1 ms avg (37 fps), worst 73 ms | shim 4.98 ms avg (18.4% of frame), worst 8.4 ms
    converted -> target 14E69DB0 1280x720 fmt=34 : 189 draws/frame
    converted -> target 14E746D8 1280x720 fmt=113 : 840 draws/frame
    converted -> target 14E69020 1280x720 fmt=113 : 41 draws/frame
    converted -> target 14E68E30 1280x720 fmt=21 : 3 draws/frame
    converted -> target 0376AC58 1280x720 fmt=22 : 0 draws/frame
