sr3-rtx loaded (pid 8900) - FFP conversion, ported from sr2-rtx-remix-proxy
settings: ffp=1 convertSkinned=1 hiddenPassMode=3 skipUntextured=1 screenSpaceMode=2 hideLightVolumes=1 skipMirrored=1 dumpFrame=1800
          rankAlbedo=1 excludeRTAlbedo=1 cacheMeshAlbedo=1 injectLights=1
CreateDevice hook installed
CreateDeviceEx hook installed
CreateDeviceEx -> hooking device (backbuffer 1280x720, aspect 1.778)
marker texture created: 4x4 A8R8G8B8 magenta at 038777A8. Tag it in the Remix menu (Alt+X -> Game Setup) and put its hash in rtx.ignoreTextures.
back buffer surface 03874DE0 (cleared once a frame; the composite no longer writes it)
light shader: directional (pos=c0 dir=c-1 color=c2 info=c-1 spot=c-1)
light shader: directional (pos=c0 dir=c-1 color=c2 info=c-1 spot=c-1)
light shader: directional (pos=c0 dir=c-1 color=c2 info=c-1 spot=c-1)
light shader: directional (pos=c0 dir=c-1 color=c2 info=c-1 spot=c-1)
light shader: directional (pos=c0 dir=c-1 color=c2 info=c-1 spot=c-1)
light shader: directional (pos=c0 dir=c-1 color=c2 info=c-1 spot=c-1)
HITCH frame 2: 72.0 ms = present 71.9 + our-present 0.0 + draws 0.0 + other-hooks 0.0 + game/bridge 0.1 | draws 0 | new shaders 0 textures 0
vertex layout #1: elems=3 pos=float4@0(stream 0) uv=float2 normal=0 color=1 skinned=0 positionT=0
HITCH frame 3: 257.6 ms = present 16.4 + our-present 0.0 + draws 0.0 + other-hooks 0.0 + game/bridge 241.1 | draws 0 | new shaders 0 textures 4
HITCH frame 34: 75.6 ms = present 16.3 + our-present 0.0 + draws 0.0 + other-hooks 0.0 + game/bridge 59.2 | draws 0 | new shaders 0 textures 3
frame 60 | draws 0/frame | FFP converted 0/frame (0.0%)
    not converted: screen-space 0  skinned 0  ortho 0  vertex-format 0  untextured 0  instanced 0  mirrored 0  other-camera 0  no camera 0  other 0 (per frame)
    prepasses hidden: sampler-less 0/frame, stipple-with-no-colour 0/frame (these used to convert WHITE) | post/composite quads marked 0/frame
    constant-colour materials (no diffuse map, albedo from the shader's own constant) 0/frame | HUD quads demoted to UI 0/frame | back-buffer clears 0/frame | sky draws 0/frame | UI-pass draws converted 0/frame
    instancing: 0 converted from the instance stream/frame, 0 refused/frame (largest single draw 0 instances, 0.0 buffer writes snooped/frame)
    SKINNING: 0 draws skinned/frame, 0 refused/frame, 0 REPEATS/frame (same mesh twice in one frame) | 0 meshes decoded, 0 cached
    ALBEDO: constant-only 0/frame, tinted fallback 0/frame, genuinely blank 0/frame (of 0 rank-0 draws/frame)
    ALBEDO WHITE (previously uncounted): named-but-not-bound 0/frame, render-target exclusion left nothing 0/frame | colourless passes now hidden 0/frame
    SKIPPED entirely 0/frame (mode 3) | demoted to UI overlay 0/frame | no-albedo materials left to Remix 0/frame
    MARKED with the marker texture 0/frame (refused as unsafe 0/frame, 0 SetTexture calls/frame, marker created)
    albedo: moved off stage 0 0/frame, blanked 0/frame, restored from mesh cache 0/frame (0 meshes cached) | RT textures known 55 | lights 0.0/frame (24 shaders)
    camera 0.0 0.0 0.0 | distinct cameras this frame 0 (max 0) | transform writes 0/frame | redundant state calls dropped 0/frame
    world matrix changes 0/frame | objTM used without a fresh upload 0/frame | uv matrix writes 0/frame (last scale 0.00000, 0.00000)
    TIMING: frame 22.2 ms avg (45 fps), worst 258 ms | shim 0.00 ms avg (0.0% of frame), worst 0.0 ms
    TIMING tail: 3 frames >=33 ms, 1 >=100 ms in this window of 60 | inside real Present 15.93 ms avg, worst 71.9 ms | our other hooks 0.00 ms avg
HITCH frame 68: 43.5 ms = present 12.2 + our-present 0.0 + draws 0.0 + other-hooks 0.0 + game/bridge 31.3 | draws 0 | new shaders 0 textures 3
HITCH frame 222: 45.4 ms = present 0.2 + our-present 0.0 + draws 0.0 + other-hooks 0.0 + game/bridge 45.2 | draws 0 | new shaders 0 textures 0
HITCH frame 242: 46.7 ms = present 0.3 + our-present 0.0 + draws 0.0 + other-hooks 0.0 + game/bridge 46.4 | draws 0 | new shaders 0 textures 0
HITCH frame 268: 45.8 ms = present 0.3 + our-present 0.0 + draws 0.0 + other-hooks 0.0 + game/bridge 45.5 | draws 0 | new shaders 0 textures 0
HITCH frame 270: 46.0 ms = present 0.2 + our-present 0.0 + draws 0.0 + other-hooks 0.0 + game/bridge 45.8 | draws 0 | new shaders 0 textures 0
HITCH frame 277: 46.0 ms = present 0.4 + our-present 0.0 + draws 0.0 + other-hooks 0.0 + game/bridge 45.6 | draws 0 | new shaders 0 textures 0
HITCH frame 278: 46.6 ms = present 0.3 + our-present 0.0 + draws 0.0 + other-hooks 0.0 + game/bridge 46.3 | draws 0 | new shaders 0 textures 0
HITCH frame 295: 45.7 ms = present 0.2 + our-present 0.0 + draws 0.0 + other-hooks 0.0 + game/bridge 45.5 | draws 0 | new shaders 0 textures 0
HITCH frame 315: 45.4 ms = present 0.2 + our-present 0.0 + draws 0.0 + other-hooks 0.0 + game/bridge 45.3 | draws 0 | new shaders 0 textures 0
HITCH frame 342: 45.7 ms = present 0.2 + our-present 0.0 + draws 0.0 + other-hooks 0.0 + game/bridge 45.6 | draws 0 | new shaders 0 textures 0
HITCH frame 378: 44.7 ms = present 0.2 + our-present 0.0 + draws 0.0 + other-hooks 0.0 + game/bridge 44.5 | draws 0 | new shaders 0 textures 3
HITCH frame 402: 69.0 ms = present 16.3 + our-present 0.0 + draws 0.0 + other-hooks 0.0 + game/bridge 52.8 | draws 0 | new shaders 0 textures 0
frame 600 | draws 0/frame | FFP converted 0/frame (0.0%)
    not converted: screen-space 0  skinned 0  ortho 0  vertex-format 0  untextured 0  instanced 0  mirrored 0  other-camera 0  no camera 0  other 0 (per frame)
    prepasses hidden: sampler-less 0/frame, stipple-with-no-colour 0/frame (these used to convert WHITE) | post/composite quads marked 0/frame
    constant-colour materials (no diffuse map, albedo from the shader's own constant) 0/frame | HUD quads demoted to UI 0/frame | back-buffer clears 0/frame | sky draws 0/frame | UI-pass draws converted 0/frame
    instancing: 0 converted from the instance stream/frame, 0 refused/frame (largest single draw 0 instances, 0.0 buffer writes snooped/frame)
    SKINNING: 0 draws skinned/frame, 0 refused/frame, 0 REPEATS/frame (same mesh twice in one frame) | 0 meshes decoded, 0 cached
    ALBEDO: constant-only 0/frame, tinted fallback 0/frame, genuinely blank 0/frame (of 0 rank-0 draws/frame)
    ALBEDO WHITE (previously uncounted): named-but-not-bound 0/frame, render-target exclusion left nothing 0/frame | colourless passes now hidden 0/frame
    SKIPPED entirely 0/frame (mode 3) | demoted to UI overlay 0/frame | no-albedo materials left to Remix 0/frame
    MARKED with the marker texture 0/frame (refused as unsafe 0/frame, 0 SetTexture calls/frame, marker created)
    albedo: moved off stage 0 0/frame, blanked 0/frame, restored from mesh cache 0/frame (0 meshes cached) | RT textures known 55 | lights 0.0/frame (24 shaders)
    camera 0.0 0.0 0.0 | distinct cameras this frame 0 (max 0) | transform writes 0/frame | redundant state calls dropped 0/frame
    world matrix changes 0/frame | objTM used without a fresh upload 0/frame | uv matrix writes 0/frame (last scale 0.00000, 0.00000)
    TIMING: frame 25.0 ms avg (40 fps), worst 69 ms | shim 0.00 ms avg (0.0% of frame), worst 0.0 ms
    TIMING tail: 13 frames >=33 ms, 0 >=100 ms in this window of 600 | inside real Present 7.74 ms avg, worst 16.7 ms | our other hooks 0.00 ms avg
HITCH frame 895: 46.6 ms = present 16.1 + our-present 0.0 + draws 0.0 + other-hooks 0.0 + game/bridge 30.5 | draws 0 | new shaders 0 textures 426
frame 1200 | draws 0/frame | FFP converted 0/frame (0.0%)
    not converted: screen-space 0  skinned 0  ortho 0  vertex-format 0  untextured 0  instanced 0  mirrored 0  other-camera 0  no camera 0  other 0 (per frame)
    prepasses hidden: sampler-less 0/frame, stipple-with-no-colour 0/frame (these used to convert WHITE) | post/composite quads marked 0/frame
    constant-colour materials (no diffuse map, albedo from the shader's own constant) 0/frame | HUD quads demoted to UI 0/frame | back-buffer clears 0/frame | sky draws 0/frame | UI-pass draws converted 0/frame
    instancing: 0 converted from the instance stream/frame, 0 refused/frame (largest single draw 0 instances, 0.0 buffer writes snooped/frame)
    SKINNING: 0 draws skinned/frame, 0 refused/frame, 0 REPEATS/frame (same mesh twice in one frame) | 0 meshes decoded, 0 cached
    ALBEDO: constant-only 0/frame, tinted fallback 0/frame, genuinely blank 0/frame (of 0 rank-0 draws/frame)
    ALBEDO WHITE (previously uncounted): named-but-not-bound 0/frame, render-target exclusion left nothing 0/frame | colourless passes now hidden 0/frame
    SKIPPED entirely 0/frame (mode 3) | demoted to UI overlay 0/frame | no-albedo materials left to Remix 0/frame
    MARKED with the marker texture 0/frame (refused as unsafe 0/frame, 0 SetTexture calls/frame, marker created)
    albedo: moved off stage 0 0/frame, blanked 0/frame, restored from mesh cache 0/frame (0 meshes cached) | RT textures known 55 | lights 0.0/frame (24 shaders)
    camera 0.0 0.0 0.0 | distinct cameras this frame 0 (max 0) | transform writes 0/frame | redundant state calls dropped 0/frame
    world matrix changes 0/frame | objTM used without a fresh upload 0/frame | uv matrix writes 0/frame (last scale 0.00000, 0.00000)
    TIMING: frame 20.8 ms avg (48 fps), worst 47 ms | shim 0.00 ms avg (0.0% of frame), worst 0.0 ms
    TIMING tail: 1 frames >=33 ms, 0 >=100 ms in this window of 600 | inside real Present 11.94 ms avg, worst 22.5 ms | our other hooks 0.00 ms avg
vertex layout #2: elems=2 pos=float4@0(stream 0) uv=float2 normal=0 color=0 skinned=0 positionT=0
stream freq #1: stream=0 setting=0x00000001 -> plain count=1
stream freq #2: stream=0 setting=0x00000001 -> plain count=1
stream freq #3: stream=0 setting=0x00000001 -> plain count=1
stream freq #4: stream=0 setting=0x00000001 -> plain count=1
stream freq #5: stream=0 setting=0x00000001 -> plain count=1
stream freq #6: stream=0 setting=0x00000001 -> plain count=1
stream freq #7: stream=0 setting=0x00000001 -> plain count=1
HITCH frame 1508: 46.3 ms = present 15.9 + our-present 0.0 + draws 0.0 + other-hooks 0.0 + game/bridge 30.4 | draws 9 | new shaders 0 textures 18
stream freq #8: stream=0 setting=0x00000001 -> plain count=1
vertex layout #3: elems=12 pos=float3@0(stream 0) uv=short2 normal=1 color=0 skinned=0 positionT=0
stream freq #9: stream=4 setting=0x80000001 -> INSTANCEDATA count=1
stream freq #10: stream=0 setting=0x40000001 -> INDEXEDDATA count=1
skinning: vertex buffer created (8192 KB, 32-byte vertices)
stream freq #11: stream=4 setting=0x80000001 -> INSTANCEDATA count=1
stream freq #12: stream=0 setting=0x40000001 -> INDEXEDDATA count=1
vertex layout #4: elems=12 pos=float3@0(stream 0) uv=short2 normal=1 color=0 skinned=0 positionT=0
vertex layout #5: elems=13 pos=float3@0(stream 0) uv=short2 normal=1 color=0 skinned=0 positionT=0
vertex layout #6: elems=11 pos=float3@0(stream 0) uv=short2 normal=1 color=0 skinned=0 positionT=0
vertex layout #7: elems=7 pos=float3@0(stream 0) uv=short2 normal=0 color=0 skinned=0 positionT=0
vertex layout #8: elems=8 pos=float3@0(stream 0) uv=? normal=1 color=1 skinned=0 positionT=0
vertex layout #9: elems=10 pos=float3@0(stream 0) uv=? normal=1 color=0 skinned=0 positionT=0
vertex layout #10: elems=13 pos=float3@0(stream 0) uv=short2 normal=1 color=0 skinned=0 positionT=0
vertex layout #11: elems=6 pos=float3@0(stream 0) uv=short2 normal=1 color=1 skinned=0 positionT=0
view handedness baseline: determinant 1.000 (positive)
camera: pos 96.2 147.7 36.1 | proj _11=1.6085 _22=2.8594 _33=1.00001 _43=-0.15 (aspect 1.778)
short2 UV range #1: u -5..1002  v 401..757  (verts=40 stride=32 off=20)
  depth-disabled draw #1067: verts=384   prims=192   zwrite=0 tex0=44F54FF0 objTM=0 lightVolume=no ps='Diffuse_MapSampler' size=531.2x30.7x695.5 centre=(-189.4 28.4 -594.4) distFromCam=702.4
short2 UV range #2: u 273..1024  v -829..519  (verts=384 stride=32 off=20)
  depth-disabled draw #1068: verts=144   prims=72    zwrite=0 tex0=44F54650 objTM=0 lightVolume=no ps='Diffuse_MapSampler' size=43.8x46.1x27.1 centre=(54.5 43.2 -260.2) distFromCam=317.0
short2 UV range #3: u 226..1807  v -976..1490  (verts=144 stride=32 off=20)
  depth-disabled draw #1069: verts=176   prims=88    zwrite=0 tex0=44F566B0 objTM=0 lightVolume=no ps='' size=41.1x160.1x153.1 centre=(50.5 192.5 -153.2) distFromCam=199.9
  depth-disabled draw #1070: verts=1164  prims=582   zwrite=0 tex0=44F5B1F0 objTM=0 lightVolume=no ps='' size=139.2x254.3x559.8 centre=(101.1 141.4 -351.3) distFromCam=387.5
  depth-disabled draw #1071: verts=1124  prims=562   zwrite=0 tex0=44F54C70 objTM=0 lightVolume=no ps='' size=44.5x28.7x136.1 centre=(348.2 31.1 -288.1) distFromCam=426.8
  depth-disabled draw #1072: verts=116   prims=58    zwrite=0 tex0=44F54810 objTM=0 lightVolume=no ps='' size=32.1x3.5x20.9 centre=(52.0 10.0 -260.2) distFromCam=329.7
vertex layout #12: elems=2 pos=float4@0(stream 0) uv=float4 normal=0 color=0 skinned=0 positionT=0
vertex layout #13: elems=14 pos=float3@0(stream 0) uv=short2 normal=1 color=0 skinned=1 positionT=0
    stream=0 offset= 0 type=float3  (2) usage=POSITION     index=0
    stream=0 offset=12 type=ubyte4n (8) usage=NORMAL       index=0
    stream=0 offset=16 type=ubyte4n (8) usage=TANGENT      index=0
    stream=0 offset=20 type=ubyte4  (5) usage=BLENDWEIGHT  index=0
    stream=0 offset=24 type=ubyte4  (5) usage=BLENDINDICES index=0
    stream=0 offset=28 type=short2  (6) usage=TEXCOORD     index=0
    stream=2 offset= 0 type=short4  (7) usage=POSITION     index=1
    stream=2 offset= 8 type=ubyte4n (8) usage=NORMAL       index=1
    stream=3 offset= 0 type=ubyte4n (8) usage=COLOR        index=0
    stream=4 offset= 0 type=float4  (3) usage=POSITION     index=2
    stream=4 offset=16 type=float4  (3) usage=POSITION     index=3
    stream=4 offset=32 type=float4  (3) usage=POSITION     index=4
    stream=4 offset=48 type=d3dcolor(4) usage=COLOR        index=1
    stream=4 offset=52 type=d3dcolor(4) usage=COLOR        index=2
SKINNED draw #1: verts=3 disp=4 stride=32 | VB usage=0x8 static | live bone regs 4 | objTM t=(96.87 145.75 29.67)
    decl: pos type=float3@0  normal type=ubyte4n@12  weights type=ubyte4@20  indices type=ubyte4@24
    bone[0] rows (0.886 -0.079 0.456 0.085) (0.050 0.996 0.074 -0.005) (-0.460 -0.043 0.887 0.036)
    vert 0: pos(0.001 1.112 0.000) weightBytes[255 0 0 0] indexBytes[0 255 255 255]
    vert 1: pos(0.002 1.113 0.000) weightBytes[255 0 0 0] indexBytes[0 255 255 255]
    vert 2: pos(0.001 1.113 0.000) weightBytes[255 0 0 0] indexBytes[0 255 255 255]
vertex layout #14: elems=15 pos=float3@0(stream 0) uv=short2 normal=1 color=0 skinned=1 positionT=0
    stream=0 offset= 0 type=float3  (2) usage=POSITION     index=0
    stream=0 offset=12 type=ubyte4n (8) usage=NORMAL       index=0
    stream=0 offset=16 type=ubyte4n (8) usage=TANGENT      index=0
    stream=0 offset=20 type=ubyte4  (5) usage=BLENDWEIGHT  index=0
    stream=0 offset=24 type=ubyte4  (5) usage=BLENDINDICES index=0
    stream=0 offset=28 type=short2  (6) usage=TEXCOORD     index=0
    stream=0 offset=32 type=short2  (6) usage=TEXCOORD     index=1
    stream=2 offset= 0 type=short4  (7) usage=POSITION     index=1
    stream=2 offset= 8 type=ubyte4n (8) usage=NORMAL       index=1
    stream=3 offset= 0 type=ubyte4n (8) usage=COLOR        index=0
    stream=4 offset= 0 type=float4  (3) usage=POSITION     index=2
    stream=4 offset=16 type=float4  (3) usage=POSITION     index=3
    stream=4 offset=32 type=float4  (3) usage=POSITION     index=4
    stream=4 offset=48 type=d3dcolor(4) usage=COLOR        index=1
    stream=4 offset=52 type=d3dcolor(4) usage=COLOR        index=2
SKINNED draw #2: verts=536 disp=4 stride=36 | VB usage=0x8 static | live bone regs 8 | objTM t=(96.87 145.75 29.67)
    decl: pos type=float3@0  normal type=ubyte4n@12  weights type=ubyte4@20  indices type=ubyte4@24
    bone[0] rows (0.882 0.167 0.441 -0.218) (-0.051 0.964 -0.262 0.029) (-0.469 0.208 0.858 -0.278)
    vert 0: pos(-0.044 1.572 -0.121) weightBytes[28 183 44 0] indexBytes[0 2 4 255]
    vert 1: pos(-0.045 1.564 -0.118) weightBytes[30 1 182 42] indexBytes[0 1 2 4]
    vert 2: pos(-0.047 1.561 -0.127) weightBytes[59 10 168 18] indexBytes[0 1 2 4]
SKINNED draw #3: verts=536 disp=4 stride=36 | VB usage=0x8 static | live bone regs 8 | objTM t=(96.87 145.75 29.67)
    decl: pos type=float3@0  normal type=ubyte4n@12  weights type=ubyte4@20  indices type=ubyte4@24
    bone[0] rows (0.882 0.167 0.441 -0.218) (-0.051 0.964 -0.262 0.029) (-0.469 0.208 0.858 -0.278)
    vert 0: pos(-0.044 1.572 -0.121) weightBytes[28 183 44 0] indexBytes[0 2 4 255]
    vert 1: pos(-0.045 1.564 -0.118) weightBytes[30 1 182 42] indexBytes[0 1 2 4]
    vert 2: pos(-0.047 1.561 -0.127) weightBytes[59 10 168 18] indexBytes[0 1 2 4]
SKINNED draw #4: verts=416 disp=4 stride=32 | VB usage=0x8 static | live bone regs 8 | objTM t=(96.87 145.75 29.67)
    decl: pos type=float3@0  normal type=ubyte4n@12  weights type=ubyte4@20  indices type=ubyte4@24
    bone[0] rows (0.953 0.293 0.074 -0.492) (-0.291 0.956 -0.041 0.051) (-0.082 0.018 0.996 0.030)
    vert 0: pos(0.079 1.617 -0.057) weightBytes[255 0 0 0] indexBytes[2 255 255 255]
    vert 1: pos(0.079 1.613 -0.057) weightBytes[255 0 0 0] indexBytes[3 255 255 255]
    vert 2: pos(0.079 1.617 -0.057) weightBytes[255 0 0 0] indexBytes[2 255 255 255]
SKINNED draw #5: verts=1080 disp=4 stride=36 | VB usage=0x8 static | live bone regs 8 | objTM t=(96.87 145.75 29.67)
    decl: pos type=float3@0  normal type=ubyte4n@12  weights type=ubyte4@20  indices type=ubyte4@24
    bone[0] rows (0.775 0.617 -0.135 -0.880) (-0.631 0.767 -0.119 0.449) (0.030 0.177 0.984 -0.308)
    vert 0: pos(0.456 1.099 -0.043) weightBytes[129 126 0 0] indexBytes[0 3 255 255]
    vert 1: pos(0.461 1.099 -0.063) weightBytes[128 127 0 0] indexBytes[0 3 255 255]
    vert 2: pos(0.450 1.099 -0.043) weightBytes[131 124 0 0] indexBytes[0 3 255 255]
SKINNED draw #6: verts=1080 disp=4 stride=36 | VB usage=0x8 static | live bone regs 8 | objTM t=(96.87 145.75 29.67)
    decl: pos type=float3@0  normal type=ubyte4n@12  weights type=ubyte4@20  indices type=ubyte4@24
    bone[0] rows (0.775 0.617 -0.135 -0.880) (-0.631 0.767 -0.119 0.449) (0.030 0.177 0.984 -0.308)
    vert 0: pos(0.456 1.099 -0.043) weightBytes[129 126 0 0] indexBytes[0 3 255 255]
    vert 1: pos(0.461 1.099 -0.063) weightBytes[128 127 0 0] indexBytes[0 3 255 255]
    vert 2: pos(0.450 1.099 -0.043) weightBytes[131 124 0 0] indexBytes[0 3 255 255]
SKINNED draw #7: verts=1080 disp=4 stride=36 | VB usage=0x8 static | live bone regs 8 | objTM t=(96.87 145.75 29.67)
    decl: pos type=float3@0  normal type=ubyte4n@12  weights type=ubyte4@20  indices type=ubyte4@24
    bone[0] rows (0.775 0.617 -0.135 -0.880) (-0.631 0.767 -0.119 0.449) (0.030 0.177 0.984 -0.308)
    vert 0: pos(0.456 1.099 -0.043) weightBytes[129 126 0 0] indexBytes[0 3 255 255]
    vert 1: pos(0.461 1.099 -0.063) weightBytes[128 127 0 0] indexBytes[0 3 255 255]
    vert 2: pos(0.450 1.099 -0.043) weightBytes[131 124 0 0] indexBytes[0 3 255 255]
SKINNED draw #8: verts=1080 disp=4 stride=36 | VB usage=0x8 static | live bone regs 8 | objTM t=(96.87 145.75 29.67)
    decl: pos type=float3@0  normal type=ubyte4n@12  weights type=ubyte4@20  indices type=ubyte4@24
    bone[0] rows (0.590 -0.428 0.684 0.573) (0.666 0.738 -0.113 0.501) (-0.456 0.522 0.720 -0.738)
    vert 0: pos(-0.546 1.091 -0.046) weightBytes[46 180 28 0] indexBytes[0 3 1 255]
    vert 1: pos(-0.529 1.082 -0.060) weightBytes[77 176 2 0] indexBytes[0 3 1 255]
    vert 2: pos(-0.547 1.096 -0.050) weightBytes[74 177 4 0] indexBytes[0 3 1 255]
SKINNED draw #9: verts=1080 disp=4 stride=36 | VB usage=0x8 static | live bone regs 8 | objTM t=(96.87 145.75 29.67)
    decl: pos type=float3@0  normal type=ubyte4n@12  weights type=ubyte4@20  indices type=ubyte4@24
    bone[0] rows (0.590 -0.428 0.684 0.573) (0.666 0.738 -0.113 0.501) (-0.456 0.522 0.720 -0.738)
    vert 0: pos(-0.546 1.091 -0.046) weightBytes[46 180 28 0] indexBytes[0 3 1 255]
    vert 1: pos(-0.529 1.082 -0.060) weightBytes[77 176 2 0] indexBytes[0 3 1 255]
    vert 2: pos(-0.547 1.096 -0.050) weightBytes[74 177 4 0] indexBytes[0 3 1 255]
SKINNED draw #10: verts=1080 disp=4 stride=36 | VB usage=0x8 static | live bone regs 8 | objTM t=(96.87 145.75 29.67)
    decl: pos type=float3@0  normal type=ubyte4n@12  weights type=ubyte4@20  indices type=ubyte4@24
    bone[0] rows (0.590 -0.428 0.684 0.573) (0.666 0.738 -0.113 0.501) (-0.456 0.522 0.720 -0.738)
    vert 0: pos(-0.546 1.091 -0.046) weightBytes[46 180 28 0] indexBytes[0 3 1 255]
    vert 1: pos(-0.529 1.082 -0.060) weightBytes[77 176 2 0] indexBytes[0 3 1 255]
    vert 2: pos(-0.547 1.096 -0.050) weightBytes[74 177 4 0] indexBytes[0 3 1 255]
SKINNED draw #11: verts=990 disp=4 stride=36 | VB usage=0x8 static | live bone regs 9 | objTM t=(96.87 145.75 29.67)
    decl: pos type=float3@0  normal type=ubyte4n@12  weights type=ubyte4@20  indices type=ubyte4@24
    bone[0] rows (0.915 0.150 0.375 -0.113) (-0.108 0.985 -0.132 -0.022) (-0.390 0.080 0.917 -0.011)
    vert 0: pos(-0.202 0.037 0.058) weightBytes[174 81 0 0] indexBytes[2 4 255 255]
    vert 1: pos(-0.217 0.010 0.106) weightBytes[255 0 0 0] indexBytes[4 255 255 255]
    vert 2: pos(-0.201 0.029 0.109) weightBytes[2 253 0 0] indexBytes[2 4 255 255]
SKINNED draw #12: verts=990 disp=4 stride=36 | VB usage=0x8 static | live bone regs 9 | objTM t=(96.87 145.75 29.67)
    decl: pos type=float3@0  normal type=ubyte4n@12  weights type=ubyte4@20  indices type=ubyte4@24
    bone[0] rows (0.915 0.150 0.375 -0.113) (-0.108 0.985 -0.132 -0.022) (-0.390 0.080 0.917 -0.011)
    vert 0: pos(-0.202 0.037 0.058) weightBytes[174 81 0 0] indexBytes[2 4 255 255]
    vert 1: pos(-0.217 0.010 0.106) weightBytes[255 0 0 0] indexBytes[4 255 255 255]
    vert 2: pos(-0.201 0.029 0.109) weightBytes[2 253 0 0] indexBytes[2 4 255 255]
vertex layout #15: elems=6 pos=float3@0(stream 0) uv=? normal=0 color=0 skinned=0 positionT=0
  depth-disabled draw #1128: verts=8     prims=12    zwrite=0 tex0=4A3F3850 objTM=0 lightVolume=no ps='' size=1.0x1.0x1.0 centre=(0.0 0.0 0.0) distFromCam=179.9
  depth-disabled draw #1129: verts=8     prims=12    zwrite=0 tex0=4A3F3850 objTM=0 lightVolume=no ps='' size=1.0x1.0x1.0 centre=(0.0 0.0 0.0) distFromCam=179.9
  depth-disabled draw #1130: verts=8     prims=12    zwrite=0 tex0=4A3F3850 objTM=0 lightVolume=no ps='' size=1.0x1.0x1.0 centre=(0.0 0.0 0.0) distFromCam=179.9
  depth-disabled draw #1131: verts=8     prims=12    zwrite=0 tex0=4A3F3850 objTM=0 lightVolume=no ps='' size=1.0x1.0x1.0 centre=(0.0 0.0 0.0) distFromCam=179.9
  depth-disabled draw #1132: verts=8     prims=12    zwrite=0 tex0=4A3F3850 objTM=0 lightVolume=no ps='' size=1.0x1.0x1.0 centre=(0.0 0.0 0.0) distFromCam=179.9
  depth-disabled draw #1133: verts=8     prims=12    zwrite=0 tex0=4A3F3850 objTM=0 lightVolume=no ps='' size=1.0x1.0x1.0 centre=(0.0 0.0 0.0) distFromCam=179.9
  depth-disabled draw #1134: verts=8     prims=12    zwrite=0 tex0=4A3F3850 objTM=0 lightVolume=no ps='' size=1.0x1.0x1.0 centre=(0.0 0.0 0.0) distFromCam=179.9
  depth-disabled draw #1135: verts=8     prims=12    zwrite=0 tex0=4A3F3850 objTM=0 lightVolume=no ps='' size=1.0x1.0x1.0 centre=(0.0 0.0 0.0) distFromCam=179.9
  depth-disabled draw #1136: verts=8     prims=12    zwrite=0 tex0=4A3F3850 objTM=0 lightVolume=no ps='' size=1.0x1.0x1.0 centre=(0.0 0.0 0.0) distFromCam=179.9
  depth-disabled draw #1137: verts=8     prims=12    zwrite=0 tex0=4A3F3850 objTM=0 lightVolume=no ps='' size=1.0x1.0x1.0 centre=(0.0 0.0 0.0) distFromCam=179.9
  depth-disabled draw #1138: verts=8     prims=12    zwrite=0 tex0=4A3F3850 objTM=0 lightVolume=no ps='' size=1.0x1.0x1.0 centre=(0.0 0.0 0.0) distFromCam=179.9
  depth-disabled draw #1139: verts=8     prims=12    zwrite=0 tex0=4A3F3850 objTM=0 lightVolume=no ps='' size=1.0x1.0x1.0 centre=(0.0 0.0 0.0) distFromCam=179.9
  depth-disabled draw #1140: verts=8     prims=12    zwrite=0 tex0=4A3F3850 objTM=0 lightVolume=no ps='' size=1.0x1.0x1.0 centre=(0.0 0.0 0.0) distFromCam=179.9
  depth-disabled draw #1141: verts=8     prims=12    zwrite=0 tex0=4A3F3850 objTM=0 lightVolume=no ps='' size=1.0x1.0x1.0 centre=(0.0 0.0 0.0) distFromCam=179.9
  depth-disabled draw #1142: verts=8     prims=12    zwrite=0 tex0=4A3F3850 objTM=0 lightVolume=no ps='' size=1.0x1.0x1.0 centre=(0.0 0.0 0.0) distFromCam=179.9
  depth-disabled draw #1143: verts=8     prims=12    zwrite=0 tex0=4A3F3850 objTM=0 lightVolume=no ps='' size=1.0x1.0x1.0 centre=(0.0 0.0 0.0) distFromCam=179.9
  depth-disabled draw #1144: verts=8     prims=12    zwrite=0 tex0=4A3F3850 objTM=0 lightVolume=no ps='' size=1.0x1.0x1.0 centre=(0.0 0.0 0.0) distFromCam=179.9
  depth-disabled draw #1145: verts=8     prims=12    zwrite=0 tex0=4A3F3850 objTM=0 lightVolume=no ps='' size=1.0x1.0x1.0 centre=(0.0 0.0 0.0) distFromCam=179.9
  depth-disabled draw #1146: verts=8     prims=12    zwrite=0 tex0=4A3F3850 objTM=0 lightVolume=no ps='' size=1.0x1.0x1.0 centre=(0.0 0.0 0.0) distFromCam=179.9
  depth-disabled draw #1147: verts=8     prims=12    zwrite=0 tex0=4A3F3850 objTM=0 lightVolume=no ps='' size=1.0x1.0x1.0 centre=(0.0 0.0 0.0) distFromCam=179.9
  depth-disabled draw #1148: verts=8     prims=12    zwrite=0 tex0=4A3F3850 objTM=0 lightVolume=no ps='' size=1.0x1.0x1.0 centre=(0.0 0.0 0.0) distFromCam=179.9
  depth-disabled draw #1149: verts=8     prims=12    zwrite=0 tex0=4A3F3850 objTM=0 lightVolume=no ps='' size=1.0x1.0x1.0 centre=(0.0 0.0 0.0) distFromCam=179.9
  depth-disabled draw #1150: verts=8     prims=12    zwrite=0 tex0=4A3F3850 objTM=0 lightVolume=no ps='' size=1.0x1.0x1.0 centre=(0.0 0.0 0.0) distFromCam=179.9
  depth-disabled draw #1151: verts=8     prims=12    zwrite=0 tex0=4A3F3850 objTM=0 lightVolume=no ps='' size=1.0x1.0x1.0 centre=(0.0 0.0 0.0) distFromCam=179.9
  depth-disabled draw #1152: verts=8     prims=12    zwrite=0 tex0=4A3F3850 objTM=0 lightVolume=no ps='' size=1.0x1.0x1.0 centre=(0.0 0.0 0.0) distFromCam=179.9
  depth-disabled draw #1153: verts=8     prims=12    zwrite=0 tex0=4A3F3850 objTM=0 lightVolume=no ps='' size=1.0x1.0x1.0 centre=(0.0 0.0 0.0) distFromCam=179.9
  depth-disabled draw #1154: verts=8     prims=12    zwrite=0 tex0=4A3F3850 objTM=0 lightVolume=no ps='' size=1.0x1.0x1.0 centre=(0.0 0.0 0.0) distFromCam=179.9
  depth-disabled draw #1155: verts=8     prims=12    zwrite=0 tex0=4A3F3850 objTM=0 lightVolume=no ps='' size=1.0x1.0x1.0 centre=(0.0 0.0 0.0) distFromCam=179.9
  depth-disabled draw #1156: verts=8     prims=12    zwrite=0 tex0=4A3F3850 objTM=0 lightVolume=no ps='' size=1.0x1.0x1.0 centre=(0.0 0.0 0.0) distFromCam=179.9
  depth-disabled draw #1157: verts=8     prims=12    zwrite=0 tex0=4A3F3850 objTM=0 lightVolume=no ps='' size=1.0x1.0x1.0 centre=(0.0 0.0 0.0) distFromCam=179.9
  depth-disabled draw #1158: verts=8     prims=12    zwrite=0 tex0=4A3F3850 objTM=0 lightVolume=no ps='' size=1.0x1.0x1.0 centre=(0.0 0.0 0.0) distFromCam=179.9
  depth-disabled draw #1159: verts=8     prims=12    zwrite=0 tex0=4A3F3850 objTM=0 lightVolume=no ps='' size=1.0x1.0x1.0 centre=(0.0 0.0 0.0) distFromCam=179.9
  depth-disabled draw #1160: verts=8     prims=12    zwrite=0 tex0=4A3F3850 objTM=0 lightVolume=no ps='' size=1.0x1.0x1.0 centre=(0.0 0.0 0.0) distFromCam=179.9
  depth-disabled draw #1161: verts=8     prims=12    zwrite=0 tex0=4A3F3850 objTM=0 lightVolume=no ps='' size=1.0x1.0x1.0 centre=(0.0 0.0 0.0) distFromCam=179.9
short2 UV range #4: u -1098..2854  v -424..2800  (verts=271 stride=36 off=28)
vertex layout #16: elems=3 pos=float3@0(stream 0) uv=? normal=1 color=0 skinned=0 positionT=0
vertex layout #17: elems=3 pos=float3@0(stream 0) uv=float2 normal=0 color=1 skinned=0 positionT=0
vertex layout #18: elems=1 pos=float3@0(stream 0) uv=? normal=0 color=0 skinned=0 positionT=0
vertex layout #19: elems=1 pos=short4n@0(stream 0) uv=? normal=0 color=0 skinned=0 positionT=0
vertex layout #20: elems=2 pos=short4n@0(stream 0) uv=short2n normal=0 color=0 skinned=0 positionT=0
vertex layout #21: elems=3 pos=float4@0(stream 0) uv=float4 normal=0 color=0 skinned=0 positionT=0
SKY draw: PASS verts=343 ps='Diffuse_Map_1Sampler' rank=100 | size 36x9x36 centre (96 149 36) 1 from camera | why: sky (rfg-skybox family) - left for Remix to capture and tag
SKY draw: PASS verts=343 ps='Diffuse_Map_1Sampler' rank=100 | size 36x9x36 centre (96 149 36) 1 from camera | why: sky (rfg-skybox family) - left for Remix to capture and tag
SKY draw: PASS verts=343 ps='Diffuse_MapSampler' rank=100 | size 36x9x36 centre (96 149 36) 1 from camera | why: sky (rfg-skybox family) - left for Remix to capture and tag
SKY draw: PASS verts=343 ps='Diffuse_Map_1Sampler' rank=100 | size 36x9x36 centre (96 149 36) 1 from camera | why: sky (rfg-skybox family) - left for Remix to capture and tag
SKY draw: PASS verts=343 ps='Diffuse_Map_1Sampler' rank=100 | size 36x9x36 centre (96 149 36) 1 from camera | why: sky (rfg-skybox family) - left for Remix to capture and tag
SKY draw: PASS verts=343 ps='Diffuse_MapSampler' rank=100 | size 36x9x36 centre (96 149 36) 1 from camera | why: sky (rfg-skybox family) - left for Remix to capture and tag
SKY draw: PASS verts=343 ps='Diffuse_Map_1Sampler' rank=100 | size 36x9x36 centre (96 149 36) 1 from camera | why: sky (rfg-skybox family) - left for Remix to capture and tag
SKY draw: PASS verts=343 ps='Diffuse_Map_1Sampler' rank=100 | size 36x9x36 centre (96 149 36) 1 from camera | why: sky (rfg-skybox family) - left for Remix to capture and tag
SKY draw: PASS verts=343 ps='Diffuse_MapSampler' rank=100 | size 36x9x36 centre (96 149 36) 1 from camera | why: sky (rfg-skybox family) - left for Remix to capture and tag
vertex layout #22: elems=11 pos=float3@0(stream 0) uv=? normal=1 color=0 skinned=0 positionT=0
SKY draw: PASS verts=173 ps='Blend_MapSampler' rank=100 | size 102541x0x102511 centre (7 -0 0) 176 from camera | why: sky (rfg-skybox family) - left for Remix to capture and tag
SKY draw: PASS verts=5 ps='Blend_MapSampler' rank=100 | size 120x0x60 centre (-100 0 110) 256 from camera | why: sky (rfg-skybox family) - left for Remix to capture and tag
SKY draw: PASS verts=8 ps='Blend_MapSampler' rank=100 | size 280x0x280 centre (-20 0 0) 191 from camera | why: sky (rfg-skybox family) - left for Remix to capture and tag
short2 UV range #5: u 0..1025  v 594..769  (verts=52 stride=32 off=20)
short2 UV range #6: u -5..1002  v 401..757  (verts=40 stride=32 off=20)
short2 UV range #7: u 273..1024  v -829..519  (verts=384 stride=32 off=20)
short2 UV range #8: u 226..1807  v -976..1490  (verts=144 stride=32 off=20)
short2 UV range #9: u 373..752  v -2029..957  (verts=176 stride=32 off=20)
short2 UV range #10: u -20..2034  v -1..1024  (verts=1164 stride=32 off=20)
short2 UV range #11: u 266..752  v 69..983  (verts=1124 stride=32 off=20)
short2 UV range #12: u -1543..2585  v 21..754  (verts=116 stride=32 off=20)
vertex layout #23: elems=14 pos=float3@0(stream 0) uv=short2 normal=1 color=0 skinned=0 positionT=0
HITCH frame 1511: 106.7 ms = present 15.9 + our-present 0.0 + draws 9.7 + other-hooks 0.0 + game/bridge 81.1 | draws 3842 | new shaders 0 textures 1
call-order trace (V/v=SetVertexShader with/without objTM, P=projTM c28, O=objTM c32, W=view c48, D=draw converted, x=draw skipped):
  DDDvmmmmOOPWvDDDOOVmOVmmOVmOVmmmOmmmOmmOVmOVmOVmVmOmOmOmOmOmOmOmOmOmOmOmOmOmOmOmOmOmOmOmOmOmOmOmOmOm
  OmOmOmOmOmOmOmOmOVDOVmOVmOOPWPvmmmmmmmmmmmmmmmmmmmmmmmmmmmmmmmmmmmmmmmmmmmmmmmmmmmmmmmmmmmmmmmmmmmmm
  mmmmmmmmmmmmmmmmmmmmmmmmmmmmmmmmmmmmmmmmmmmmmmmmmmmmmmmmmmmmmmmmmmmmmmmmmmmmmmmmmmmmmmmmmmmmmmmmmmmm
  mmmmmmmmmmmmmmmmmmmmmmmmmmmmmmmmmmmmmmmmmmmmmmmmmmmmmmmmmmmmmmmmmmmmmmmmmmmmmmmmmmmmmmmmmmmmmmmmmmmm
sky probe: 40 depth-disabled draws in a frame of 3842
auxiliary camera at (96.2 -147.7 36.1), main camera at (96.2 147.7 36.1), 295.3 units apart | aspect 1.778 vs back buffer 1.778
    aux  forward (0.097 0.002 -0.995) up (0.000 -1.000 -0.002) det -1.000
    main forward (0.097 -0.002 -0.995) up (0.000 1.000 -0.002) det 1.000
untextured material #1: first sampler is 'IR_GBuffer_DSF_DataSampler'
HITCH frame 1512: 166.1 ms = present 0.2 + our-present 0.1 + draws 21.2 + other-hooks 0.0 + game/bridge 144.7 | draws 5189 | new shaders 0 textures 0
shape probe written to sr3-rtx-shapes.log (226 shapes)
vertex layout #24: elems=7 pos=float3@0(stream 0) uv=float3 normal=0 color=1 skinned=0 positionT=0
HITCH frame 1518: 54.2 ms = present 28.6 + our-present 0.0 + draws 12.9 + other-hooks 0.0 + game/bridge 12.7 | draws 5174 | new shaders 0 textures 0
HITCH frame 1533: 64.3 ms = present 0.8 + our-present 0.0 + draws 12.0 + other-hooks 0.0 + game/bridge 51.5 | draws 5180 | new shaders 0 textures 7
HUD draw: CONVERT verts=28 target 1280x720 fmt=21 | stride=52 posType=2 posOffset=0 posStream=0 positionT=0 elements=7 usage=0x208 | vs proj=1 obj=1 ps='Diffuse_Map_1Sampler' rank=100
    raw positions: <dynamic buffer, not read>
    proj row0 (1.6085 0.0000 0.0000 0.0000) row3 (0.0000 0.0000 -0.1500 0.0000) perspective=1
    world translation (0.00 0.00 -1024.00), camera (91.48 147.82 30.77)
    raw projTM row0 (-0.4067 0.0877 0.9670 0.9670) row3 (85.0938 -429.7896 -76.1516 -76.0008) perspective=0
HUD draw: CONVERT verts=28 target 1280x720 fmt=21 | stride=52 posType=2 posOffset=0 posStream=0 positionT=0 elements=7 usage=0x208 | vs proj=1 obj=1 ps='Diffuse_Map_1Sampler' rank=100
    raw positions: <dynamic buffer, not read>
    proj row0 (1.6085 0.0000 0.0000 0.0000) row3 (0.0000 0.0000 -0.1500 0.0000) perspective=1
    world translation (0.00 0.00 -1024.00), camera (91.48 147.82 30.77)
    raw projTM row0 (-0.4067 0.0877 0.9670 0.9670) row3 (85.0938 -429.7896 -76.1516 -76.0008) perspective=0
HUD draw: CONVERT verts=28 target 1280x720 fmt=21 | stride=52 posType=2 posOffset=0 posStream=0 positionT=0 elements=7 usage=0x208 | vs proj=1 obj=1 ps='Diffuse_Map_1Sampler' rank=100
    raw positions: <dynamic buffer, not read>
    proj row0 (1.6085 0.0000 -0.0000 -0.0000) row3 (0.0000 0.0000 -0.1500 0.0000) perspective=1
    world translation (0.00 0.00 -1024.00), camera (91.38 147.84 30.02)
    raw projTM row0 (-0.1884 0.1002 0.9925 0.9925) row3 (65.1662 -431.2826 -82.1149 -81.9640) perspective=0
HUD draw: CONVERT verts=28 target 1280x720 fmt=21 | stride=52 posType=2 posOffset=0 posStream=0 positionT=0 elements=7 usage=0x208 | vs proj=1 obj=1 ps='Diffuse_Map_1Sampler' rank=100
    raw positions: <dynamic buffer, not read>
    proj row0 (1.6085 0.0000 -0.0000 -0.0000) row3 (0.0000 0.0000 -0.1500 0.0000) perspective=1
    world translation (0.00 0.00 -1024.00), camera (91.38 147.84 30.02)
    raw projTM row0 (-0.1884 0.1002 0.9925 0.9925) row3 (65.1662 -431.2826 -82.1149 -81.9640) perspective=0
HUD draw: CONVERT verts=24 target 1280x720 fmt=21 | stride=52 posType=2 posOffset=0 posStream=0 positionT=0 elements=7 usage=0x208 | vs proj=1 obj=1 ps='Diffuse_Map_1Sampler' rank=100
    raw positions: <dynamic buffer, not read>
    proj row0 (1.6085 -0.0000 0.0000 0.0000) row3 (0.0000 0.0000 -0.1500 0.0000) perspective=1
    world translation (0.00 0.00 -1024.00), camera (91.39 147.86 29.20)
    raw projTM row0 (0.0509 0.1111 0.9988 0.9987) row3 (42.2907 -432.7396 -86.6000 -86.4492) perspective=0
HUD draw: CONVERT verts=24 target 1280x720 fmt=21 | stride=52 posType=2 posOffset=0 posStream=0 positionT=0 elements=7 usage=0x208 | vs proj=1 obj=1 ps='Diffuse_Map_1Sampler' rank=100
    raw positions: <dynamic buffer, not read>
    proj row0 (1.6085 -0.0000 0.0000 0.0000) row3 (0.0000 0.0000 -0.1500 0.0000) perspective=1
    world translation (0.00 0.00 -1024.00), camera (91.39 147.86 29.20)
    raw projTM row0 (0.0509 0.1111 0.9988 0.9987) row3 (42.2907 -432.7396 -86.6000 -86.4492) perspective=0
HUD draw: CONVERT verts=24 target 1280x720 fmt=21 | stride=52 posType=2 posOffset=0 posStream=0 positionT=0 elements=7 usage=0x208 | vs proj=1 obj=1 ps='Diffuse_Map_1Sampler' rank=100
    raw positions: <dynamic buffer, not read>
    proj row0 (1.6085 0.0000 0.0000 0.0000) row3 (0.0000 0.0000 -0.1500 0.0000) perspective=1
    world translation (0.00 0.00 -1024.00), camera (91.51 147.88 28.42)
    raw projTM row0 (0.2788 0.1196 0.9840 0.9840) row3 (19.5150 -434.0218 -88.8386 -88.6877) perspective=0
HUD draw: CONVERT verts=24 target 1280x720 fmt=21 | stride=52 posType=2 posOffset=0 posStream=0 positionT=0 elements=7 usage=0x208 | vs proj=1 obj=1 ps='Diffuse_Map_1Sampler' rank=100
    raw positions: <dynamic buffer, not read>
    proj row0 (1.6085 0.0000 0.0000 0.0000) row3 (0.0000 0.0000 -0.1500 0.0000) perspective=1
    world translation (0.00 0.00 -1024.00), camera (91.51 147.88 28.42)
    raw projTM row0 (0.2788 0.1196 0.9840 0.9840) row3 (19.5150 -434.0218 -88.8386 -88.6877) perspective=0
frame 1800 | draws 564/frame | FFP converted 127/frame (22.5%)
    not converted: screen-space 52  skinned 0  ortho 0  vertex-format 0  untextured 312  instanced 0  mirrored 0  other-camera 26  no camera 0  other 0 (per frame)
    prepasses hidden: sampler-less 312/frame, stipple-with-no-colour 34/frame (these used to convert WHITE) | post/composite quads marked 52/frame
    constant-colour materials (no diffuse map, albedo from the shader's own constant) 17/frame | HUD quads demoted to UI 0/frame | back-buffer clears 0/frame | sky draws 12/frame | UI-pass draws converted 0/frame
    instancing: 127 converted from the instance stream/frame, 0 refused/frame (largest single draw 1 instances, 0.2 buffer writes snooped/frame)
    SKINNING: 12 draws skinned/frame, 0 refused/frame, 10 REPEATS/frame (same mesh twice in one frame) | 24 meshes decoded, 24 cached
    ALBEDO: constant-only 17/frame, tinted fallback 4/frame, genuinely blank 0/frame (of 17 rank-0 draws/frame)
    ALBEDO WHITE (previously uncounted): named-but-not-bound 0/frame, render-target exclusion left nothing 0/frame | colourless passes now hidden 0/frame
    SKIPPED entirely 0/frame (mode 3) | demoted to UI overlay 0/frame | no-albedo materials left to Remix 17/frame
    MARKED with the marker texture 425/frame (refused as unsafe 0/frame, 1474 SetTexture calls/frame, marker created)
    albedo: moved off stage 0 18/frame, blanked 17/frame, restored from mesh cache 31/frame (871 meshes cached) | RT textures known 55 | lights 47.5/frame (24 shaders)
    camera 96.8 146.6 27.3 | distinct cameras this frame 1 (max 1) | transform writes 93/frame | redundant state calls dropped 2653/frame
    world matrix changes 92/frame | objTM used without a fresh upload 0/frame | uv matrix writes 1/frame (last scale 0.00098, 0.00098)
    TIMING: frame 20.7 ms avg (48 fps), worst 166 ms | shim 1.91 ms avg (9.2% of frame), worst 21.2 ms
    TIMING tail: 10 frames >=33 ms, 2 >=100 ms in this window of 600 | inside real Present 10.90 ms avg, worst 28.6 ms | our other hooks 0.00 ms avg
    converted -> target 14EA2D78 1280x720 fmt=34 : 4 draws/frame
    converted -> target 14EA6D88 1280x720 fmt=113 : 121 draws/frame
    converted -> target 14EA2C80 1280x720 fmt=113 : 1 draws/frame
    converted -> target 14EA3918 1280x720 fmt=21 : 0 draws/frame
HITCH frame 2045: 96.1 ms = present 6.3 + our-present 0.0 + draws 7.8 + other-hooks 0.0 + game/bridge 82.0 | draws 991 | new shaders 0 textures 0
HITCH frame 2051: 90.6 ms = present 80.2 + our-present 0.0 + draws 6.2 + other-hooks 0.0 + game/bridge 4.2 | draws 986 | new shaders 0 textures 0
frame 2400 | draws 895/frame | FFP converted 201/frame (22.5%)
    not converted: screen-space 86  skinned 0  ortho 0  vertex-format 0  untextured 486  instanced 0  mirrored 0  other-camera 27  no camera 0  other 0 (per frame)
    prepasses hidden: sampler-less 486/frame, stipple-with-no-colour 75/frame (these used to convert WHITE) | post/composite quads marked 86/frame
    constant-colour materials (no diffuse map, albedo from the shader's own constant) 15/frame | HUD quads demoted to UI 0/frame | back-buffer clears 0/frame | sky draws 18/frame | UI-pass draws converted 0/frame
    instancing: 174 converted from the instance stream/frame, 0 refused/frame (largest single draw 1 instances, 0.4 buffer writes snooped/frame)
    SKINNING: 26 draws skinned/frame, 0 refused/frame, 21 REPEATS/frame (same mesh twice in one frame) | 25 meshes decoded, 25 cached
    ALBEDO: constant-only 15/frame, tinted fallback 6/frame, genuinely blank 0/frame (of 15 rank-0 draws/frame)
    ALBEDO WHITE (previously uncounted): named-but-not-bound 0/frame, render-target exclusion left nothing 0/frame | colourless passes now hidden 0/frame
    SKIPPED entirely 0/frame (mode 3) | demoted to UI overlay 0/frame | no-albedo materials left to Remix 15/frame
    MARKED with the marker texture 675/frame (refused as unsafe 0/frame, 2386 SetTexture calls/frame, marker created)
    albedo: moved off stage 0 39/frame, blanked 15/frame, restored from mesh cache 46/frame (1048 meshes cached) | RT textures known 55 | lights 76.1/frame (24 shaders)
    camera 106.5 148.5 41.3 | distinct cameras this frame 1 (max 1) | transform writes 146/frame | redundant state calls dropped 4209/frame
    world matrix changes 145/frame | objTM used without a fresh upload 0/frame | uv matrix writes 1/frame (last scale 0.00098, 0.00098)
    TIMING: frame 20.1 ms avg (50 fps), worst 96 ms | shim 3.65 ms avg (18.2% of frame), worst 17.4 ms
    TIMING tail: 2 frames >=33 ms, 0 >=100 ms in this window of 600 | inside real Present 8.92 ms avg, worst 80.2 ms | our other hooks 0.00 ms avg
    converted -> target 14EA2D78 1280x720 fmt=34 : 7 draws/frame
    converted -> target 14EA6D88 1280x720 fmt=113 : 192 draws/frame
    converted -> target 14EA2C80 1280x720 fmt=113 : 3 draws/frame
    converted -> target 14EA3918 1280x720 fmt=21 : 0 draws/frame
HITCH frame 2700: 42.4 ms = present 7.2 + our-present 0.0 + draws 6.1 + other-hooks 0.0 + game/bridge 29.2 | draws 852 | new shaders 0 textures 0
frame 3000 | draws 974/frame | FFP converted 220/frame (22.6%)
    not converted: screen-space 95  skinned 0  ortho 0  vertex-format 2  untextured 522  instanced 0  mirrored 0  other-camera 23  no camera 0  other 0 (per frame)
    prepasses hidden: sampler-less 522/frame, stipple-with-no-colour 91/frame (these used to convert WHITE) | post/composite quads marked 95/frame
    constant-colour materials (no diffuse map, albedo from the shader's own constant) 12/frame | HUD quads demoted to UI 0/frame | back-buffer clears 0/frame | sky draws 20/frame | UI-pass draws converted 0/frame
    instancing: 179 converted from the instance stream/frame, 0 refused/frame (largest single draw 1 instances, 0.5 buffer writes snooped/frame)
    SKINNING: 34 draws skinned/frame, 0 refused/frame, 27 REPEATS/frame (same mesh twice in one frame) | 25 meshes decoded, 25 cached
    ALBEDO: constant-only 12/frame, tinted fallback 7/frame, genuinely blank 0/frame (of 13 rank-0 draws/frame)
    ALBEDO WHITE (previously uncounted): named-but-not-bound 0/frame, render-target exclusion left nothing 0/frame | colourless passes now hidden 0/frame
    SKIPPED entirely 0/frame (mode 3) | demoted to UI overlay 0/frame | no-albedo materials left to Remix 13/frame
    MARKED with the marker texture 732/frame (refused as unsafe 0/frame, 2607 SetTexture calls/frame, marker created)
    albedo: moved off stage 0 49/frame, blanked 12/frame, restored from mesh cache 49/frame (1141 meshes cached) | RT textures known 55 | lights 81.4/frame (24 shaders)
    camera 106.4 150.1 44.7 | distinct cameras this frame 1 (max 1) | transform writes 157/frame | redundant state calls dropped 4602/frame
    world matrix changes 156/frame | objTM used without a fresh upload 0/frame | uv matrix writes 1/frame (last scale 0.00098, 0.00098)
    TIMING: frame 19.5 ms avg (51 fps), worst 42 ms | shim 4.40 ms avg (22.6% of frame), worst 16.1 ms
    TIMING tail: 4 frames >=33 ms, 0 >=100 ms in this window of 600 | inside real Present 8.07 ms avg, worst 29.7 ms | our other hooks 0.00 ms avg
    converted -> target 14EA2D78 1280x720 fmt=34 : 7 draws/frame
    converted -> target 14EA6D88 1280x720 fmt=113 : 209 draws/frame
    converted -> target 14EA2C80 1280x720 fmt=113 : 3 draws/frame
    converted -> target 14EA3918 1280x720 fmt=21 : 0 draws/frame
HITCH frame 3139: 92.9 ms = present 0.3 + our-present 0.0 + draws 13.3 + other-hooks 0.0 + game/bridge 79.3 | draws 5747 | new shaders 0 textures 0
HITCH frame 3145: 80.1 ms = present 54.8 + our-present 0.0 + draws 12.1 + other-hooks 0.0 + game/bridge 13.2 | draws 4982 | new shaders 0 textures 0
frame dump written to sr3-rtx-frame.log (2284 draws)
frame 3600 | draws 1300/frame | FFP converted 290/frame (22.3%)
    not converted: screen-space 118  skinned 0  ortho 0  vertex-format 2  untextured 678  instanced 0  mirrored 0  other-camera 65  no camera 0  other 0 (per frame)
    prepasses hidden: sampler-less 678/frame, stipple-with-no-colour 112/frame (these used to convert WHITE) | post/composite quads marked 118/frame
    constant-colour materials (no diffuse map, albedo from the shader's own constant) 22/frame | HUD quads demoted to UI 0/frame | back-buffer clears 1/frame | sky draws 34/frame | UI-pass draws converted 0/frame
    instancing: 278 converted from the instance stream/frame, 0 refused/frame (largest single draw 1 instances, 0.6 buffer writes snooped/frame)
    SKINNING: 41 draws skinned/frame, 0 refused/frame, 32 REPEATS/frame (same mesh twice in one frame) | 25 meshes decoded, 25 cached
    ALBEDO: constant-only 22/frame, tinted fallback 9/frame, genuinely blank 0/frame (of 22 rank-0 draws/frame)
    ALBEDO WHITE (previously uncounted): named-but-not-bound 0/frame, render-target exclusion left nothing 0/frame | colourless passes now hidden 0/frame
    SKIPPED entirely 0/frame (mode 3) | demoted to UI overlay 0/frame | no-albedo materials left to Remix 22/frame
    MARKED with the marker texture 973/frame (refused as unsafe 0/frame, 3360 SetTexture calls/frame, marker created)
    albedo: moved off stage 0 61/frame, blanked 22/frame, restored from mesh cache 70/frame (1236 meshes cached) | RT textures known 55 | lights 101.5/frame (24 shaders)
    camera 96.3 151.3 56.4 | distinct cameras this frame 1 (max 1) | transform writes 207/frame | redundant state calls dropped 6077/frame
    world matrix changes 206/frame | objTM used without a fresh upload 0/frame | uv matrix writes 1/frame (last scale 0.00098, 0.00098)
    TIMING: frame 19.8 ms avg (51 fps), worst 93 ms | shim 5.43 ms avg (27.5% of frame), worst 16.7 ms
    TIMING tail: 12 frames >=33 ms, 0 >=100 ms in this window of 600 | inside real Present 6.97 ms avg, worst 54.8 ms | our other hooks 0.00 ms avg
    converted -> target 14EA2D78 1280x720 fmt=34 : 9 draws/frame
    converted -> target 14EA6D88 1280x720 fmt=113 : 278 draws/frame
    converted -> target 14EA2C80 1280x720 fmt=113 : 3 draws/frame
    converted -> target 14EA3918 1280x720 fmt=21 : 0 draws/frame
HITCH frame 4011: 82.1 ms = present 0.2 + our-present 0.0 + draws 10.9 + other-hooks 0.0 + game/bridge 71.1 | draws 4123 | new shaders 0 textures 0
HITCH frame 4017: 72.3 ms = present 47.6 + our-present 0.0 + draws 12.3 + other-hooks 0.0 + game/bridge 12.4 | draws 4437 | new shaders 0 textures 0
HITCH frame 4155: 81.4 ms = present 0.2 + our-present 0.0 + draws 10.0 + other-hooks 0.0 + game/bridge 71.3 | draws 1816 | new shaders 0 textures 0
frame 4200 | draws 1354/frame | FFP converted 305/frame (22.5%)
    not converted: screen-space 117  skinned 0  ortho 0  vertex-format 2  untextured 697  instanced 0  mirrored 0  other-camera 69  no camera 0  other 0 (per frame)
    prepasses hidden: sampler-less 697/frame, stipple-with-no-colour 122/frame (these used to convert WHITE) | post/composite quads marked 117/frame
    constant-colour materials (no diffuse map, albedo from the shader's own constant) 21/frame | HUD quads demoted to UI 0/frame | back-buffer clears 1/frame | sky draws 42/frame | UI-pass draws converted 0/frame
    instancing: 288 converted from the instance stream/frame, 0 refused/frame (largest single draw 1 instances, 0.6 buffer writes snooped/frame)
    SKINNING: 46 draws skinned/frame, 0 refused/frame, 36 REPEATS/frame (same mesh twice in one frame) | 25 meshes decoded, 25 cached
    ALBEDO: constant-only 21/frame, tinted fallback 11/frame, genuinely blank 0/frame (of 21 rank-0 draws/frame)
    ALBEDO WHITE (previously uncounted): named-but-not-bound 0/frame, render-target exclusion left nothing 0/frame | colourless passes now hidden 0/frame
    SKIPPED entirely 0/frame (mode 3) | demoted to UI overlay 0/frame | no-albedo materials left to Remix 21/frame
    MARKED with the marker texture 1005/frame (refused as unsafe 0/frame, 3411 SetTexture calls/frame, marker created)
    albedo: moved off stage 0 66/frame, blanked 21/frame, restored from mesh cache 74/frame (1261 meshes cached) | RT textures known 55 | lights 98.8/frame (24 shaders)
    camera 95.0 151.5 57.7 | distinct cameras this frame 1 (max 1) | transform writes 215/frame | redundant state calls dropped 6373/frame
    world matrix changes 214/frame | objTM used without a fresh upload 0/frame | uv matrix writes 1/frame (last scale 0.00098, 0.00098)
    TIMING: frame 19.4 ms avg (51 fps), worst 82 ms | shim 5.96 ms avg (30.6% of frame), worst 16.4 ms
    TIMING tail: 3 frames >=33 ms, 0 >=100 ms in this window of 600 | inside real Present 6.33 ms avg, worst 47.6 ms | our other hooks 0.00 ms avg
    converted -> target 14EA2D78 1280x720 fmt=34 : 9 draws/frame
    converted -> target 14EA6D88 1280x720 fmt=113 : 292 draws/frame
    converted -> target 14EA2C80 1280x720 fmt=113 : 3 draws/frame
    converted -> target 14EA3918 1280x720 fmt=21 : 0 draws/frame
frame 4800 | draws 1409/frame | FFP converted 315/frame (22.4%)
    not converted: screen-space 114  skinned 0  ortho 0  vertex-format 2  untextured 709  instanced 0  mirrored 0  other-camera 87  no camera 0  other 0 (per frame)
    prepasses hidden: sampler-less 709/frame, stipple-with-no-colour 132/frame (these used to convert WHITE) | post/composite quads marked 114/frame
    constant-colour materials (no diffuse map, albedo from the shader's own constant) 19/frame | HUD quads demoted to UI 0/frame | back-buffer clears 1/frame | sky draws 50/frame | UI-pass draws converted 0/frame
    instancing: 309 converted from the instance stream/frame, 0 refused/frame (largest single draw 1 instances, 0.7 buffer writes snooped/frame)
    SKINNING: 50 draws skinned/frame, 0 refused/frame, 39 REPEATS/frame (same mesh twice in one frame) | 25 meshes decoded, 25 cached
    ALBEDO: constant-only 19/frame, tinted fallback 12/frame, genuinely blank 0/frame (of 19 rank-0 draws/frame)
    ALBEDO WHITE (previously uncounted): named-but-not-bound 0/frame, render-target exclusion left nothing 0/frame | colourless passes now hidden 0/frame
    SKIPPED entirely 0/frame (mode 3) | demoted to UI overlay 0/frame | no-albedo materials left to Remix 19/frame
    MARKED with the marker texture 1042/frame (refused as unsafe 0/frame, 3457 SetTexture calls/frame, marker created)
    albedo: moved off stage 0 70/frame, blanked 19/frame, restored from mesh cache 78/frame (1276 meshes cached) | RT textures known 55 | lights 95.2/frame (24 shaders)
    camera 91.8 151.8 52.5 | distinct cameras this frame 1 (max 1) | transform writes 222/frame | redundant state calls dropped 6597/frame
    world matrix changes 220/frame | objTM used without a fresh upload 0/frame | uv matrix writes 1/frame (last scale 0.00098, 0.00098)
    TIMING: frame 19.1 ms avg (52 fps), worst 28 ms | shim 6.40 ms avg (33.4% of frame), worst 14.1 ms
    TIMING tail: 0 frames >=33 ms, 0 >=100 ms in this window of 600 | inside real Present 5.71 ms avg, worst 6.7 ms | our other hooks 0.00 ms avg
    converted -> target 14EA2D78 1280x720 fmt=34 : 9 draws/frame
    converted -> target 14EA6D88 1280x720 fmt=113 : 303 draws/frame
    converted -> target 14EA2C80 1280x720 fmt=113 : 3 draws/frame
    converted -> target 14EA3918 1280x720 fmt=21 : 0 draws/frame
HITCH frame 4855: 99.4 ms = present 0.2 + our-present 0.0 + draws 8.1 + other-hooks 0.0 + game/bridge 91.1 | draws 1861 | new shaders 0 textures 0
HITCH frame 4861: 94.9 ms = present 78.5 + our-present 0.0 + draws 9.0 + other-hooks 0.0 + game/bridge 7.4 | draws 2407 | new shaders 0 textures 0
HITCH frame 5174: 96.2 ms = present 0.2 + our-present 0.0 + draws 19.1 + other-hooks 0.0 + game/bridge 77.0 | draws 5980 | new shaders 0 textures 0
HITCH frame 5264: 40.8 ms = present 0.2 + our-present 0.0 + draws 21.5 + other-hooks 0.0 + game/bridge 19.0 | draws 6886 | new shaders 0 textures 0
HITCH frame 5267: 40.8 ms = present 0.2 + our-present 0.0 + draws 21.9 + other-hooks 0.0 + game/bridge 18.7 | draws 6836 | new shaders 0 textures 0
HITCH frame 5341: 40.2 ms = present 0.3 + our-present 0.0 + draws 22.1 + other-hooks 0.0 + game/bridge 17.8 | draws 6249 | new shaders 0 textures 0
frame 5400 | draws 1665/frame | FFP converted 375/frame (22.5%)
    not converted: screen-space 139  skinned 0  ortho 0  vertex-format 2  untextured 854  instanced 0  mirrored 0  other-camera 101  no camera 0  other 0 (per frame)
    prepasses hidden: sampler-less 854/frame, stipple-with-no-colour 140/frame (these used to convert WHITE) | post/composite quads marked 139/frame
    constant-colour materials (no diffuse map, albedo from the shader's own constant) 34/frame | HUD quads demoted to UI 0/frame | back-buffer clears 1/frame | sky draws 54/frame | UI-pass draws converted 0/frame
    instancing: 376 converted from the instance stream/frame, 0 refused/frame (largest single draw 1 instances, 0.7 buffer writes snooped/frame)
    SKINNING: 52 draws skinned/frame, 0 refused/frame, 42 REPEATS/frame (same mesh twice in one frame) | 25 meshes decoded, 25 cached
    ALBEDO: constant-only 34/frame, tinted fallback 13/frame, genuinely blank 0/frame (of 34 rank-0 draws/frame)
    ALBEDO WHITE (previously uncounted): named-but-not-bound 0/frame, render-target exclusion left nothing 0/frame | colourless passes now hidden 0/frame
    SKIPPED entirely 0/frame (mode 3) | demoted to UI overlay 0/frame | no-albedo materials left to Remix 34/frame
    MARKED with the marker texture 1234/frame (refused as unsafe 0/frame, 4134 SetTexture calls/frame, marker created)
    albedo: moved off stage 0 74/frame, blanked 34/frame, restored from mesh cache 93/frame (1309 meshes cached) | RT textures known 55 | lights 118.8/frame (24 shaders)
    camera 90.4 151.9 59.0 | distinct cameras this frame 1 (max 1) | transform writes 265/frame | redundant state calls dropped 7852/frame
    world matrix changes 264/frame | objTM used without a fresh upload 0/frame | uv matrix writes 1/frame (last scale 0.00098, 0.00098)
    TIMING: frame 19.8 ms avg (51 fps), worst 99 ms | shim 7.02 ms avg (35.5% of frame), worst 22.4 ms
    TIMING tail: 109 frames >=33 ms, 0 >=100 ms in this window of 600 | inside real Present 5.31 ms avg, worst 78.5 ms | our other hooks 0.00 ms avg
    converted -> target 14EA2D78 1280x720 fmt=34 : 12 draws/frame
    converted -> target 14EA6D88 1280x720 fmt=113 : 360 draws/frame
    converted -> target 14EA2C80 1280x720 fmt=113 : 4 draws/frame
    converted -> target 14EA3918 1280x720 fmt=21 : 0 draws/frame
HITCH frame 5402: 40.4 ms = present 0.2 + our-present 0.0 + draws 22.2 + other-hooks 0.0 + game/bridge 18.0 | draws 6286 | new shaders 0 textures 0
HITCH frame 5404: 43.7 ms = present 0.3 + our-present 0.0 + draws 21.4 + other-hooks 0.0 + game/bridge 22.0 | draws 6283 | new shaders 0 textures 0
HITCH frame 5908: 90.8 ms = present 0.4 + our-present 0.0 + draws 19.1 + other-hooks 0.0 + game/bridge 71.3 | draws 6271 | new shaders 0 textures 0
HITCH frame 5914: 77.4 ms = present 50.7 + our-present 0.0 + draws 13.4 + other-hooks 0.0 + game/bridge 13.4 | draws 6271 | new shaders 0 textures 0
frame 6000 | draws 2126/frame | FFP converted 479/frame (22.6%)
    not converted: screen-space 181  skinned 0  ortho 0  vertex-format 2  untextured 1113  instanced 0  mirrored 0  other-camera 136  no camera 0  other 0 (per frame)
    prepasses hidden: sampler-less 1113/frame, stipple-with-no-colour 150/frame (these used to convert WHITE) | post/composite quads marked 181/frame
    constant-colour materials (no diffuse map, albedo from the shader's own constant) 61/frame | HUD quads demoted to UI 0/frame | back-buffer clears 1/frame | sky draws 63/frame | UI-pass draws converted 0/frame
    instancing: 505 converted from the instance stream/frame, 0 refused/frame (largest single draw 1 instances, 0.7 buffer writes snooped/frame)
    SKINNING: 55 draws skinned/frame, 0 refused/frame, 44 REPEATS/frame (same mesh twice in one frame) | 25 meshes decoded, 25 cached
    ALBEDO: constant-only 61/frame, tinted fallback 15/frame, genuinely blank 0/frame (of 61 rank-0 draws/frame)
    ALBEDO WHITE (previously uncounted): named-but-not-bound 0/frame, render-target exclusion left nothing 0/frame | colourless passes now hidden 0/frame
    SKIPPED entirely 0/frame (mode 3) | demoted to UI overlay 0/frame | no-albedo materials left to Remix 61/frame
    MARKED with the marker texture 1581/frame (refused as unsafe 0/frame, 5335 SetTexture calls/frame, marker created)
    albedo: moved off stage 0 80/frame, blanked 61/frame, restored from mesh cache 120/frame (1309 meshes cached) | RT textures known 55 | lights 160.2/frame (24 shaders)
    camera 90.4 152.0 59.0 | distinct cameras this frame 1 (max 1) | transform writes 340/frame | redundant state calls dropped 10036/frame
    world matrix changes 338/frame | objTM used without a fresh upload 0/frame | uv matrix writes 2/frame (last scale 0.00098, 0.00098)
    TIMING: frame 20.9 ms avg (48 fps), worst 91 ms | shim 7.89 ms avg (37.8% of frame), worst 22.2 ms
    TIMING tail: 54 frames >=33 ms, 0 >=100 ms in this window of 600 | inside real Present 4.83 ms avg, worst 50.7 ms | our other hooks 0.00 ms avg
    converted -> target 14EA2D78 1280x720 fmt=34 : 15 draws/frame
    converted -> target 14EA6D88 1280x720 fmt=113 : 461 draws/frame
    converted -> target 14EA2C80 1280x720 fmt=113 : 4 draws/frame
    converted -> target 14EA3918 1280x720 fmt=21 : 0 draws/frame
HITCH frame 6096: 97.2 ms = present 0.8 + our-present 0.0 + draws 18.3 + other-hooks 0.0 + game/bridge 78.1 | draws 6269 | new shaders 0 textures 0
HITCH frame 6102: 83.5 ms = present 57.4 + our-present 0.0 + draws 13.1 + other-hooks 0.0 + game/bridge 12.9 | draws 6269 | new shaders 0 textures 0
HITCH frame 6252: 104.2 ms = present 0.9 + our-present 0.0 + draws 14.6 + other-hooks 0.0 + game/bridge 88.8 | draws 6272 | new shaders 0 textures 0
HITCH frame 6275: 40.5 ms = present 0.4 + our-present 0.0 + draws 21.3 + other-hooks 0.0 + game/bridge 18.7 | draws 6272 | new shaders 0 textures 0
HITCH frame 6523: 117.9 ms = present 0.4 + our-present 0.0 + draws 15.6 + other-hooks 0.0 + game/bridge 101.9 | draws 6266 | new shaders 0 textures 0
HITCH frame 6530: 99.7 ms = present 70.8 + our-present 0.0 + draws 14.7 + other-hooks 0.0 + game/bridge 14.2 | draws 6266 | new shaders 0 textures 0
frame 6600 | draws 2502/frame | FFP converted 565/frame (22.6%)
    not converted: screen-space 216  skinned 0  ortho 0  vertex-format 2  untextured 1326  instanced 0  mirrored 0  other-camera 164  no camera 0  other 0 (per frame)
    prepasses hidden: sampler-less 1326/frame, stipple-with-no-colour 159/frame (these used to convert WHITE) | post/composite quads marked 216/frame
    constant-colour materials (no diffuse map, albedo from the shader's own constant) 84/frame | HUD quads demoted to UI 0/frame | back-buffer clears 1/frame | sky draws 71/frame | UI-pass draws converted 0/frame
    instancing: 611 converted from the instance stream/frame, 0 refused/frame (largest single draw 1 instances, 0.8 buffer writes snooped/frame)
    SKINNING: 57 draws skinned/frame, 0 refused/frame, 45 REPEATS/frame (same mesh twice in one frame) | 25 meshes decoded, 25 cached
    ALBEDO: constant-only 84/frame, tinted fallback 16/frame, genuinely blank 0/frame (of 84 rank-0 draws/frame)
    ALBEDO WHITE (previously uncounted): named-but-not-bound 0/frame, render-target exclusion left nothing 0/frame | colourless passes now hidden 0/frame
    SKIPPED entirely 0/frame (mode 3) | demoted to UI overlay 0/frame | no-albedo materials left to Remix 84/frame
    MARKED with the marker texture 1865/frame (refused as unsafe 0/frame, 6318 SetTexture calls/frame, marker created)
    albedo: moved off stage 0 85/frame, blanked 84/frame, restored from mesh cache 142/frame (1309 meshes cached) | RT textures known 55 | lights 194.1/frame (24 shaders)
    camera 90.4 152.0 59.0 | distinct cameras this frame 1 (max 1) | transform writes 401/frame | redundant state calls dropped 11826/frame
    world matrix changes 400/frame | objTM used without a fresh upload 0/frame | uv matrix writes 3/frame (last scale 0.00098, 0.00098)
    TIMING: frame 21.8 ms avg (46 fps), worst 118 ms | shim 8.60 ms avg (39.5% of frame), worst 21.3 ms
    TIMING tail: 55 frames >=33 ms, 2 >=100 ms in this window of 600 | inside real Present 4.46 ms avg, worst 70.8 ms | our other hooks 0.00 ms avg
    converted -> target 14EA2D78 1280x720 fmt=34 : 17 draws/frame
    converted -> target 14EA6D88 1280x720 fmt=113 : 544 draws/frame
    converted -> target 14EA2C80 1280x720 fmt=113 : 4 draws/frame
    converted -> target 14EA3918 1280x720 fmt=21 : 0 draws/frame
HITCH frame 6650: 95.7 ms = present 0.8 + our-present 0.0 + draws 16.1 + other-hooks 0.0 + game/bridge 78.8 | draws 6266 | new shaders 0 textures 0
HITCH frame 6656: 80.0 ms = present 51.9 + our-present 0.0 + draws 13.9 + other-hooks 0.0 + game/bridge 14.2 | draws 6266 | new shaders 0 textures 0
HITCH frame 6698: 99.3 ms = present 0.7 + our-present 0.0 + draws 16.2 + other-hooks 0.0 + game/bridge 82.5 | draws 6266 | new shaders 0 textures 0
HITCH frame 6704: 89.8 ms = present 59.5 + our-present 0.0 + draws 16.1 + other-hooks 0.0 + game/bridge 14.3 | draws 6266 | new shaders 0 textures 0
HITCH frame 6784: 115.4 ms = present 0.6 + our-present 0.0 + draws 15.7 + other-hooks 0.0 + game/bridge 99.1 | draws 6266 | new shaders 0 textures 0
HITCH frame 6955: 40.1 ms = present 0.7 + our-present 0.0 + draws 21.0 + other-hooks 0.0 + game/bridge 18.4 | draws 6271 | new shaders 0 textures 0
HITCH frame 6956: 40.3 ms = present 0.4 + our-present 0.1 + draws 21.5 + other-hooks 0.0 + game/bridge 18.3 | draws 6268 | new shaders 0 textures 0
HITCH frame 7067: 100.2 ms = present 0.7 + our-present 0.0 + draws 17.8 + other-hooks 0.0 + game/bridge 81.6 | draws 6266 | new shaders 0 textures 0
HITCH frame 7073: 83.6 ms = present 57.0 + our-present 0.0 + draws 13.3 + other-hooks 0.0 + game/bridge 13.2 | draws 6266 | new shaders 0 textures 0
frame 7200 | draws 2816/frame | FFP converted 636/frame (22.6%)
    not converted: screen-space 244  skinned 0  ortho 0  vertex-format 2  untextured 1503  instanced 0  mirrored 0  other-camera 188  no camera 0  other 0 (per frame)
    prepasses hidden: sampler-less 1503/frame, stipple-with-no-colour 166/frame (these used to convert WHITE) | post/composite quads marked 244/frame
    constant-colour materials (no diffuse map, albedo from the shader's own constant) 102/frame | HUD quads demoted to UI 0/frame | back-buffer clears 1/frame | sky draws 78/frame | UI-pass draws converted 0/frame
    instancing: 700 converted from the instance stream/frame, 0 refused/frame (largest single draw 1 instances, 0.8 buffer writes snooped/frame)
    SKINNING: 58 draws skinned/frame, 0 refused/frame, 47 REPEATS/frame (same mesh twice in one frame) | 25 meshes decoded, 25 cached
    ALBEDO: constant-only 102/frame, tinted fallback 18/frame, genuinely blank 0/frame (of 103 rank-0 draws/frame)
    ALBEDO WHITE (previously uncounted): named-but-not-bound 0/frame, render-target exclusion left nothing 0/frame | colourless passes now hidden 0/frame
    SKIPPED entirely 0/frame (mode 3) | demoted to UI overlay 0/frame | no-albedo materials left to Remix 103/frame
    MARKED with the marker texture 2101/frame (refused as unsafe 0/frame, 7136 SetTexture calls/frame, marker created)
    albedo: moved off stage 0 90/frame, blanked 102/frame, restored from mesh cache 160/frame (1309 meshes cached) | RT textures known 55 | lights 222.4/frame (24 shaders)
    camera 90.4 152.0 59.0 | distinct cameras this frame 1 (max 1) | transform writes 453/frame | redundant state calls dropped 13314/frame
    world matrix changes 451/frame | objTM used without a fresh upload 0/frame | uv matrix writes 3/frame (last scale 0.00098, 0.00098)
    TIMING: frame 22.6 ms avg (44 fps), worst 115 ms | shim 9.20 ms avg (40.7% of frame), worst 21.5 ms
    TIMING tail: 52 frames >=33 ms, 2 >=100 ms in this window of 600 | inside real Present 4.15 ms avg, worst 59.5 ms | our other hooks 0.00 ms avg
    converted -> target 14EA2D78 1280x720 fmt=34 : 19 draws/frame
    converted -> target 14EA6D88 1280x720 fmt=113 : 612 draws/frame
    converted -> target 14EA2C80 1280x720 fmt=113 : 4 draws/frame
    converted -> target 14EA3918 1280x720 fmt=21 : 0 draws/frame
HITCH frame 7584: 99.9 ms = present 0.4 + our-present 0.0 + draws 16.3 + other-hooks 0.0 + game/bridge 83.2 | draws 6289 | new shaders 0 textures 0
HITCH frame 7590: 85.9 ms = present 57.8 + our-present 0.0 + draws 14.3 + other-hooks 0.0 + game/bridge 13.8 | draws 6289 | new shaders 0 textures 0
frame 7800 | draws 3083/frame | FFP converted 696/frame (22.6%)
    not converted: screen-space 269  skinned 0  ortho 0  vertex-format 2  untextured 1653  instanced 0  mirrored 0  other-camera 208  no camera 0  other 0 (per frame)
    prepasses hidden: sampler-less 1653/frame, stipple-with-no-colour 172/frame (these used to convert WHITE) | post/composite quads marked 269/frame
    constant-colour materials (no diffuse map, albedo from the shader's own constant) 118/frame | HUD quads demoted to UI 0/frame | back-buffer clears 1/frame | sky draws 83/frame | UI-pass draws converted 0/frame
    instancing: 775 converted from the instance stream/frame, 0 refused/frame (largest single draw 1 instances, 0.8 buffer writes snooped/frame)
    SKINNING: 60 draws skinned/frame, 0 refused/frame, 48 REPEATS/frame (same mesh twice in one frame) | 25 meshes decoded, 25 cached
    ALBEDO: constant-only 118/frame, tinted fallback 19/frame, genuinely blank 0/frame (of 118 rank-0 draws/frame)
    ALBEDO WHITE (previously uncounted): named-but-not-bound 0/frame, render-target exclusion left nothing 0/frame | colourless passes now hidden 0/frame
    SKIPPED entirely 0/frame (mode 3) | demoted to UI overlay 0/frame | no-albedo materials left to Remix 118/frame
    MARKED with the marker texture 2302/frame (refused as unsafe 0/frame, 7830 SetTexture calls/frame, marker created)
    albedo: moved off stage 0 93/frame, blanked 118/frame, restored from mesh cache 176/frame (1309 meshes cached) | RT textures known 55 | lights 246.3/frame (24 shaders)
    camera 90.4 152.0 59.0 | distinct cameras this frame 1 (max 1) | transform writes 496/frame | redundant state calls dropped 14586/frame
    world matrix changes 494/frame | objTM used without a fresh upload 0/frame | uv matrix writes 4/frame (last scale 0.00098, 0.00098)
    TIMING: frame 23.2 ms avg (43 fps), worst 100 ms | shim 9.71 ms avg (41.8% of frame), worst 21.9 ms
    TIMING tail: 70 frames >=33 ms, 0 >=100 ms in this window of 600 | inside real Present 3.88 ms avg, worst 57.8 ms | our other hooks 0.00 ms avg
    converted -> target 14EA2D78 1280x720 fmt=34 : 21 draws/frame
    converted -> target 14EA6D88 1280x720 fmt=113 : 671 draws/frame
    converted -> target 14EA2C80 1280x720 fmt=113 : 4 draws/frame
    converted -> target 14EA3918 1280x720 fmt=21 : 0 draws/frame
HITCH frame 7942: 117.3 ms = present 0.7 + our-present 0.0 + draws 17.6 + other-hooks 0.0 + game/bridge 99.0 | draws 6286 | new shaders 0 textures 0
HITCH frame 8009: 40.2 ms = present 0.5 + our-present 0.0 + draws 22.2 + other-hooks 0.0 + game/bridge 17.5 | draws 6289 | new shaders 0 textures 0
HITCH frame 8077: 117.3 ms = present 0.6 + our-present 0.0 + draws 17.5 + other-hooks 0.0 + game/bridge 99.3 | draws 6292 | new shaders 0 textures 0
frame 8400 | draws 3312/frame | FFP converted 748/frame (22.6%)
    not converted: screen-space 290  skinned 0  ortho 0  vertex-format 1  untextured 1783  instanced 0  mirrored 0  other-camera 225  no camera 0  other 0 (per frame)
    prepasses hidden: sampler-less 1783/frame, stipple-with-no-colour 178/frame (these used to convert WHITE) | post/composite quads marked 290/frame
    constant-colour materials (no diffuse map, albedo from the shader's own constant) 132/frame | HUD quads demoted to UI 0/frame | back-buffer clears 1/frame | sky draws 88/frame | UI-pass draws converted 0/frame
    instancing: 839 converted from the instance stream/frame, 0 refused/frame (largest single draw 1 instances, 0.8 buffer writes snooped/frame)
    SKINNING: 62 draws skinned/frame, 0 refused/frame, 50 REPEATS/frame (same mesh twice in one frame) | 25 meshes decoded, 25 cached
    ALBEDO: constant-only 132/frame, tinted fallback 20/frame, genuinely blank 0/frame (of 132 rank-0 draws/frame)
    ALBEDO WHITE (previously uncounted): named-but-not-bound 0/frame, render-target exclusion left nothing 0/frame | colourless passes now hidden 0/frame
    SKIPPED entirely 0/frame (mode 3) | demoted to UI overlay 0/frame | no-albedo materials left to Remix 132/frame
    MARKED with the marker texture 2475/frame (refused as unsafe 0/frame, 8426 SetTexture calls/frame, marker created)
    albedo: moved off stage 0 97/frame, blanked 132/frame, restored from mesh cache 190/frame (1309 meshes cached) | RT textures known 55 | lights 266.7/frame (24 shaders)
    camera 90.4 152.0 59.0 | distinct cameras this frame 1 (max 1) | transform writes 533/frame | redundant state calls dropped 15678/frame
    world matrix changes 532/frame | objTM used without a fresh upload 0/frame | uv matrix writes 4/frame (last scale 0.00098, 0.00098)
    TIMING: frame 23.8 ms avg (42 fps), worst 117 ms | shim 10.17 ms avg (42.8% of frame), worst 22.2 ms
    TIMING tail: 64 frames >=33 ms, 2 >=100 ms in this window of 600 | inside real Present 3.64 ms avg, worst 1.0 ms | our other hooks 0.00 ms avg
    converted -> target 14EA2D78 1280x720 fmt=34 : 23 draws/frame
    converted -> target 14EA6D88 1280x720 fmt=113 : 722 draws/frame
    converted -> target 14EA2C80 1280x720 fmt=113 : 4 draws/frame
    converted -> target 14EA3918 1280x720 fmt=21 : 0 draws/frame
HITCH frame 8726: 118.8 ms = present 0.5 + our-present 0.0 + draws 16.6 + other-hooks 0.0 + game/bridge 101.7 | draws 6289 | new shaders 0 textures 0
frame 9000 | draws 3511/frame | FFP converted 793/frame (22.6%)
    not converted: screen-space 308  skinned 0  ortho 0  vertex-format 1  untextured 1894  instanced 0  mirrored 0  other-camera 240  no camera 0  other 0 (per frame)
    prepasses hidden: sampler-less 1894/frame, stipple-with-no-colour 182/frame (these used to convert WHITE) | post/composite quads marked 308/frame
    constant-colour materials (no diffuse map, albedo from the shader's own constant) 144/frame | HUD quads demoted to UI 0/frame | back-buffer clears 1/frame | sky draws 92/frame | UI-pass draws converted 0/frame
    instancing: 894 converted from the instance stream/frame, 0 refused/frame (largest single draw 1 instances, 0.8 buffer writes snooped/frame)
    SKINNING: 64 draws skinned/frame, 0 refused/frame, 51 REPEATS/frame (same mesh twice in one frame) | 25 meshes decoded, 25 cached
    ALBEDO: constant-only 144/frame, tinted fallback 22/frame, genuinely blank 0/frame (of 144 rank-0 draws/frame)
    ALBEDO WHITE (previously uncounted): named-but-not-bound 0/frame, render-target exclusion left nothing 0/frame | colourless passes now hidden 0/frame
    SKIPPED entirely 0/frame (mode 3) | demoted to UI overlay 0/frame | no-albedo materials left to Remix 144/frame
    MARKED with the marker texture 2624/frame (refused as unsafe 0/frame, 8942 SetTexture calls/frame, marker created)
    albedo: moved off stage 0 99/frame, blanked 144/frame, restored from mesh cache 201/frame (1309 meshes cached) | RT textures known 55 | lights 284.5/frame (24 shaders)
    camera 90.4 152.0 59.0 | distinct cameras this frame 1 (max 1) | transform writes 566/frame | redundant state calls dropped 16624/frame
    world matrix changes 564/frame | objTM used without a fresh upload 0/frame | uv matrix writes 4/frame (last scale 0.00098, 0.00098)
    TIMING: frame 24.3 ms avg (41 fps), worst 119 ms | shim 10.58 ms avg (43.6% of frame), worst 21.1 ms
    TIMING tail: 63 frames >=33 ms, 2 >=100 ms in this window of 600 | inside real Present 3.43 ms avg, worst 1.1 ms | our other hooks 0.00 ms avg
    converted -> target 14EA2D78 1280x720 fmt=34 : 24 draws/frame
    converted -> target 14EA6D88 1280x720 fmt=113 : 765 draws/frame
    converted -> target 14EA2C80 1280x720 fmt=113 : 4 draws/frame
    converted -> target 14EA3918 1280x720 fmt=21 : 0 draws/frame
frame 9600 | draws 3584/frame | FFP converted 812/frame (22.6%)
    not converted: screen-space 314  skinned 0  ortho 0  vertex-format 2  untextured 1932  instanced 0  mirrored 0  other-camera 245  no camera 0  other 0 (per frame)
    prepasses hidden: sampler-less 1932/frame, stipple-with-no-colour 186/frame (these used to convert WHITE) | post/composite quads marked 314/frame
    constant-colour materials (no diffuse map, albedo from the shader's own constant) 146/frame | HUD quads demoted to UI 0/frame | back-buffer clears 1/frame | sky draws 93/frame | UI-pass draws converted 0/frame
    instancing: 914 converted from the instance stream/frame, 0 refused/frame (largest single draw 1 instances, 0.8 buffer writes snooped/frame)
    SKINNING: 65 draws skinned/frame, 0 refused/frame, 52 REPEATS/frame (same mesh twice in one frame) | 25 meshes decoded, 25 cached
    ALBEDO: constant-only 146/frame, tinted fallback 22/frame, genuinely blank 0/frame (of 146 rank-0 draws/frame)
    ALBEDO WHITE (previously uncounted): named-but-not-bound 0/frame, render-target exclusion left nothing 0/frame | colourless passes now hidden 0/frame
    SKIPPED entirely 0/frame (mode 3) | demoted to UI overlay 0/frame | no-albedo materials left to Remix 146/frame
    MARKED with the marker texture 2677/frame (refused as unsafe 0/frame, 9126 SetTexture calls/frame, marker created)
    albedo: moved off stage 0 101/frame, blanked 146/frame, restored from mesh cache 206/frame (1321 meshes cached) | RT textures known 55 | lights 290.7/frame (24 shaders)
    camera 87.2 152.0 52.6 | distinct cameras this frame 1 (max 1) | transform writes 580/frame | redundant state calls dropped 17008/frame
    world matrix changes 578/frame | objTM used without a fresh upload 0/frame | uv matrix writes 4/frame (last scale 0.00098, 0.00098)
    TIMING: frame 24.4 ms avg (41 fps), worst 82 ms | shim 10.78 ms avg (44.2% of frame), worst 21.5 ms
    TIMING tail: 44 frames >=33 ms, 0 >=100 ms in this window of 600 | inside real Present 3.23 ms avg, worst 24.8 ms | our other hooks 0.00 ms avg
    converted -> target 14EA2D78 1280x720 fmt=34 : 26 draws/frame
    converted -> target 14EA6D88 1280x720 fmt=113 : 782 draws/frame
    converted -> target 14EA2C80 1280x720 fmt=113 : 4 draws/frame
    converted -> target 14EA3918 1280x720 fmt=21 : 0 draws/frame
frame 10200 | draws 3669/frame | FFP converted 830/frame (22.6%)
    not converted: screen-space 322  skinned 0  ortho 0  vertex-format 2  untextured 1976  instanced 0  mirrored 0  other-camera 255  no camera 0  other 0 (per frame)
    prepasses hidden: sampler-less 1976/frame, stipple-with-no-colour 188/frame (these used to convert WHITE) | post/composite quads marked 322/frame
    constant-colour materials (no diffuse map, albedo from the shader's own constant) 150/frame | HUD quads demoted to UI 0/frame | back-buffer clears 1/frame | sky draws 94/frame | UI-pass draws converted 0/frame
    instancing: 941 converted from the instance stream/frame, 0 refused/frame (largest single draw 1 instances, 0.9 buffer writes snooped/frame)
    SKINNING: 65 draws skinned/frame, 0 refused/frame, 53 REPEATS/frame (same mesh twice in one frame) | 25 meshes decoded, 25 cached
    ALBEDO: constant-only 150/frame, tinted fallback 22/frame, genuinely blank 0/frame (of 150 rank-0 draws/frame)
    ALBEDO WHITE (previously uncounted): named-but-not-bound 0/frame, render-target exclusion left nothing 0/frame | colourless passes now hidden 0/frame
    SKIPPED entirely 0/frame (mode 3) | demoted to UI overlay 0/frame | no-albedo materials left to Remix 150/frame
    MARKED with the marker texture 2742/frame (refused as unsafe 0/frame, 9348 SetTexture calls/frame, marker created)
    albedo: moved off stage 0 102/frame, blanked 150/frame, restored from mesh cache 212/frame (1338 meshes cached) | RT textures known 55 | lights 298.2/frame (24 shaders)
    camera 89.8 152.5 56.5 | distinct cameras this frame 1 (max 1) | transform writes 594/frame | redundant state calls dropped 17399/frame
    world matrix changes 592/frame | objTM used without a fresh upload 0/frame | uv matrix writes 5/frame (last scale 0.00098, 0.00098)
    TIMING: frame 24.8 ms avg (40 fps), worst 85 ms | shim 10.98 ms avg (44.3% of frame), worst 25.6 ms
    TIMING tail: 225 frames >=33 ms, 0 >=100 ms in this window of 600 | inside real Present 3.09 ms avg, worst 18.5 ms | our other hooks 0.00 ms avg
    converted -> target 14EA2D78 1280x720 fmt=34 : 26 draws/frame
    converted -> target 14EA6D88 1280x720 fmt=113 : 799 draws/frame
    converted -> target 14EA2C80 1280x720 fmt=113 : 4 draws/frame
    converted -> target 14EA3918 1280x720 fmt=21 : 0 draws/frame
camera: pos 92.4 149.1 26.7 | proj _11=1.5946 _22=2.8348 _33=1.00001 _43=-0.15 (aspect 1.778)
camera: pos 92.3 149.0 26.4 | proj _11=1.5798 _22=2.8085 _33=1.00001 _43=-0.15 (aspect 1.778)
camera: pos 92.2 148.7 25.9 | proj _11=1.5648 _22=2.7818 _33=1.00001 _43=-0.15 (aspect 1.778)
camera: pos 92.1 148.2 25.3 | proj _11=1.5501 _22=2.7556 _33=1.00001 _43=-0.15 (aspect 1.778)
camera: pos 92.0 148.3 24.8 | proj _11=1.5358 _22=2.7303 _33=1.00001 _43=-0.15 (aspect 1.778)
camera: pos 92.0 148.4 24.3 | proj _11=1.5223 _22=2.7062 _33=1.00001 _43=-0.15 (aspect 1.778)
camera: pos 92.1 148.4 23.8 | proj _11=1.5096 _22=2.6837 _33=1.00001 _43=-0.15 (aspect 1.778)
camera: pos 92.3 148.4 23.6 | proj _11=1.4971 _22=2.6615 _33=1.00001 _43=-0.15 (aspect 1.778)
camera: pos 92.4 148.4 23.2 | proj _11=1.4848 _22=2.6396 _33=1.00001 _43=-0.15 (aspect 1.778)
camera: pos 92.6 148.5 22.9 | proj _11=1.4718 _22=2.6166 _33=1.00001 _43=-0.15 (aspect 1.778)
camera: pos 92.8 148.7 22.6 | proj _11=1.4592 _22=2.5942 _33=1.00001 _43=-0.15 (aspect 1.778)
camera: pos 92.9 148.7 22.2 | proj _11=1.4471 _22=2.5727 _33=1.00001 _43=-0.15 (aspect 1.778)
camera: pos 93.1 148.7 21.7 | proj _11=1.4354 _22=2.5518 _33=1.00001 _43=-0.15 (aspect 1.778)
camera: pos 93.2 148.7 21.3 | proj _11=1.4236 _22=2.5308 _33=1.00001 _43=-0.15 (aspect 1.778)
camera: pos 93.4 148.7 20.9 | proj _11=1.4120 _22=2.5102 _33=1.00001 _43=-0.15 (aspect 1.778)
camera: pos 93.6 148.7 20.4 | proj _11=1.3998 _22=2.4884 _33=1.00001 _43=-0.15 (aspect 1.778)
camera: pos 93.8 148.7 20.0 | proj _11=1.3886 _22=2.4686 _33=1.00001 _43=-0.15 (aspect 1.778)
camera: pos 94.2 148.7 19.6 | proj _11=1.3769 _22=2.4478 _33=1.00001 _43=-0.15 (aspect 1.778)
camera: pos 94.6 148.7 19.2 | proj _11=1.3660 _22=2.4284 _33=1.00001 _43=-0.15 (aspect 1.778)
camera: pos 94.9 148.7 18.8 | proj _11=1.3543 _22=2.4075 _33=1.00001 _43=-0.15 (aspect 1.778)
camera: pos 95.1 148.3 18.5 | proj _11=1.3427 _22=2.3869 _33=1.00001 _43=-0.15 (aspect 1.778)
camera: pos 95.3 147.8 18.1 | proj _11=1.3313 _22=2.3667 _33=1.00001 _43=-0.15 (aspect 1.778)
camera: pos 95.5 147.3 17.7 | proj _11=1.3201 _22=2.3468 _33=1.00001 _43=-0.15 (aspect 1.778)
camera: pos 95.7 147.2 17.3 | proj _11=1.3088 _22=2.3266 _33=1.00001 _43=-0.15 (aspect 1.778)
frame 10800 | draws 3761/frame | FFP converted 853/frame (22.7%)
    not converted: screen-space 328  skinned 0  ortho 0  vertex-format 2  untextured 2018  instanced 0  mirrored 0  other-camera 273  no camera 0  other 0 (per frame)
    prepasses hidden: sampler-less 2018/frame, stipple-with-no-colour 190/frame (these used to convert WHITE) | post/composite quads marked 328/frame
    constant-colour materials (no diffuse map, albedo from the shader's own constant) 155/frame | HUD quads demoted to UI 0/frame | back-buffer clears 1/frame | sky draws 95/frame | UI-pass draws converted 0/frame
    instancing: 979 converted from the instance stream/frame, 0 refused/frame (largest single draw 1 instances, 0.9 buffer writes snooped/frame)
    SKINNING: 66 draws skinned/frame, 0 refused/frame, 53 REPEATS/frame (same mesh twice in one frame) | 25 meshes decoded, 25 cached
    ALBEDO: constant-only 155/frame, tinted fallback 24/frame, genuinely blank 0/frame (of 155 rank-0 draws/frame)
    ALBEDO WHITE (previously uncounted): named-but-not-bound 0/frame, render-target exclusion left nothing 0/frame | colourless passes now hidden 1/frame
    SKIPPED entirely 0/frame (mode 3) | demoted to UI overlay 0/frame | no-albedo materials left to Remix 155/frame
    MARKED with the marker texture 2810/frame (refused as unsafe 0/frame, 9560 SetTexture calls/frame, marker created)
    albedo: moved off stage 0 105/frame, blanked 155/frame, restored from mesh cache 221/frame (1665 meshes cached) | RT textures known 55 | lights 304.2/frame (24 shaders)
    camera 95.5 148.4 9.8 | distinct cameras this frame 1 (max 1) | transform writes 609/frame | redundant state calls dropped 17878/frame
    world matrix changes 608/frame | objTM used without a fresh upload 0/frame | uv matrix writes 5/frame (last scale 0.00098, 0.00098)
    TIMING: frame 25.0 ms avg (40 fps), worst 41 ms | shim 11.10 ms avg (44.5% of frame), worst 20.3 ms
    TIMING tail: 29 frames >=33 ms, 0 >=100 ms in this window of 600 | inside real Present 2.93 ms avg, worst 4.9 ms | our other hooks 0.00 ms avg
    converted -> target 14EA2D78 1280x720 fmt=34 : 27 draws/frame
    converted -> target 14EA6D88 1280x720 fmt=113 : 822 draws/frame
    converted -> target 14EA2C80 1280x720 fmt=113 : 4 draws/frame
    converted -> target 14EA3918 1280x720 fmt=21 : 0 draws/frame
skinning REFUSED #1: blend weights are not ubyte4 | verts=460 stride=28 decl: pos=float3 normal=ubyte4n weights=? indices=ubyte4 uv=short2
skinning REFUSED #2: no stream 0, or stride < 28 | verts=865 stride=24 decl: pos=float3 normal=ubyte4n weights=? indices=ubyte4 uv=short2
untextured material #2: first sampler is 'Damage_Normal_MapSampler'
untextured material #3: first sampler is 'Dual_Paraboloid_Map_BackSam'
camera: pos 107.6 145.8 0.1 | proj _11=1.3229 _22=2.3518 _33=1.00001 _43=-0.15 (aspect 1.778)
camera: pos 108.1 145.3 0.2 | proj _11=1.3364 _22=2.3758 _33=1.00001 _43=-0.15 (aspect 1.778)
camera: pos 108.6 144.7 0.2 | proj _11=1.3507 _22=2.4012 _33=1.00001 _43=-0.15 (aspect 1.778)
camera: pos 109.1 144.2 0.2 | proj _11=1.3656 _22=2.4277 _33=1.00001 _43=-0.15 (aspect 1.778)
camera: pos 109.9 143.1 0.0 | proj _11=1.3438 _22=2.3889 _33=1.00001 _43=-0.15 (aspect 1.778)
camera: pos 110.0 142.9 -0.0 | proj _11=1.3297 _22=2.3639 _33=1.00001 _43=-0.15 (aspect 1.778)
camera: pos 110.1 142.6 -0.1 | proj _11=1.3148 _22=2.3375 _33=1.00001 _43=-0.15 (aspect 1.778)
camera: pos 110.2 142.4 -0.1 | proj _11=1.3006 _22=2.3121 _33=1.00001 _43=-0.15 (aspect 1.778)
camera: pos 110.5 142.0 -0.2 | proj _11=1.2876 _22=2.2890 _33=1.00001 _43=-0.15 (aspect 1.778)
camera: pos 110.7 141.5 -0.3 | proj _11=1.2746 _22=2.2659 _33=1.00001 _43=-0.15 (aspect 1.778)
camera: pos 111.0 141.0 255.6 | proj _11=1.2615 _22=2.2426 _33=1.00001 _43=-0.15 (aspect 1.778)
camera: pos 111.2 140.5 255.5 | proj _11=1.2477 _22=2.2181 _33=1.00001 _43=-0.15 (aspect 1.778)
camera: pos 111.4 140.0 255.4 | proj _11=1.2352 _22=2.1958 _33=1.00001 _43=-0.15 (aspect 1.778)
camera: pos 111.6 139.4 255.3 | proj _11=1.2226 _22=2.1735 _33=1.00001 _43=-0.15 (aspect 1.778)
camera: pos 111.8 138.8 255.2 | proj _11=1.2079 _22=2.1473 _33=1.00001 _43=-0.15 (aspect 1.778)
camera: pos 112.0 138.3 255.2 | proj _11=1.1948 _22=2.1241 _33=1.00001 _43=-0.15 (aspect 1.778)
camera: pos 112.2 137.6 255.1 | proj _11=1.1809 _22=2.0993 _33=1.00001 _43=-0.15 (aspect 1.778)
camera: pos 112.4 137.0 255.0 | proj _11=1.1679 _22=2.0763 _33=1.00001 _43=-0.15 (aspect 1.778)
camera: pos 112.6 136.4 254.9 | proj _11=1.1556 _22=2.0544 _33=1.00001 _43=-0.15 (aspect 1.778)
camera: pos 112.8 135.8 254.8 | proj _11=1.1418 _22=2.0299 _33=1.00001 _43=-0.15 (aspect 1.778)
camera: pos 113.0 135.2 254.7 | proj _11=1.1299 _22=2.0087 _33=1.00001 _43=-0.15 (aspect 1.778)
camera: pos 113.2 134.6 254.6 | proj _11=1.1177 _22=1.9870 _33=1.00001 _43=-0.15 (aspect 1.778)
camera: pos 113.3 133.9 254.5 | proj _11=1.1059 _22=1.9660 _33=1.00001 _43=-0.15 (aspect 1.778)
camera: pos 113.5 133.3 254.5 | proj _11=1.0936 _22=1.9441 _33=1.00001 _43=-0.15 (aspect 1.778)
camera: pos 113.6 132.5 254.5 | proj _11=1.0821 _22=1.9237 _33=1.00001 _43=-0.15 (aspect 1.778)
camera: pos 113.7 131.8 254.4 | proj _11=1.0699 _22=1.9020 _33=1.00001 _43=-0.15 (aspect 1.778)
camera: pos 113.8 130.9 254.4 | proj _11=1.0575 _22=1.8800 _33=1.00001 _43=-0.15 (aspect 1.778)
camera: pos 113.9 130.1 254.5 | proj _11=1.0448 _22=1.8574 _33=1.00001 _43=-0.15 (aspect 1.778)
camera: pos 114.0 129.0 254.6 | proj _11=1.0325 _22=1.8354 _33=1.00001 _43=-0.15 (aspect 1.778)
camera: pos 114.0 128.0 254.6 | proj _11=1.0193 _22=1.8120 _33=1.00001 _43=-0.15 (aspect 1.778)
camera: pos 114.0 126.9 254.6 | proj _11=1.0067 _22=1.7896 _33=1.00001 _43=-0.15 (aspect 1.778)
camera: pos 114.1 125.7 254.5 | proj _11=0.9929 _22=1.7651 _33=1.00001 _43=-0.15 (aspect 1.778)
camera: pos 114.1 124.4 254.3 | proj _11=0.9768 _22=1.7364 _33=1.00001 _43=-0.15 (aspect 1.778)
camera: pos 113.4 87.0 250.4 | proj _11=0.9645 _22=1.7145 _33=1.00001 _43=-0.15 (aspect 1.778)
camera: pos 113.3 85.0 250.2 | proj _11=0.9491 _22=1.6873 _33=1.00001 _43=-0.15 (aspect 1.778)
camera: pos 113.1 82.9 249.9 | proj _11=0.9348 _22=1.6618 _33=1.00001 _43=-0.15 (aspect 1.778)
camera: pos 112.8 80.6 249.5 | proj _11=0.9218 _22=1.6387 _33=1.00001 _43=-0.15 (aspect 1.778)
camera: pos 112.5 78.2 249.1 | proj _11=0.9107 _22=1.6190 _33=1.00001 _43=-0.15 (aspect 1.778)
camera: pos 112.0 74.9 248.5 | proj _11=0.8984 _22=1.5972 _33=1.00001 _43=-0.15 (aspect 1.778)
camera: pos 111.5 71.4 247.8 | proj _11=0.8881 _22=1.5789 _33=1.00001 _43=-0.15 (aspect 1.778)
camera: pos 110.7 66.2 246.7 | proj _11=0.8771 _22=1.5593 _33=1.00001 _43=-0.15 (aspect 1.778)
camera: pos 109.4 58.5 244.7 | proj _11=0.8664 _22=1.5403 _33=1.00001 _43=-0.15 (aspect 1.778)
camera: pos 108.7 54.8 243.6 | proj _11=0.8808 _22=1.5658 _33=1.00001 _43=-0.15 (aspect 1.778)
camera: pos 108.2 52.0 242.8 | proj _11=0.8941 _22=1.5895 _33=1.00001 _43=-0.15 (aspect 1.778)
camera: pos 107.7 49.3 241.9 | proj _11=0.9055 _22=1.6098 _33=1.00001 _43=-0.15 (aspect 1.778)
camera: pos 107.2 46.4 241.1 | proj _11=0.9156 _22=1.6277 _33=1.00001 _43=-0.15 (aspect 1.778)
camera: pos 107.0 42.5 240.0 | proj _11=0.9272 _22=1.6483 _33=1.00001 _43=-0.15 (aspect 1.778)
camera: pos 106.7 38.2 238.6 | proj _11=0.9377 _22=1.6670 _33=1.00001 _43=-0.15 (aspect 1.778)
camera: pos 105.7 32.1 236.9 | proj _11=0.9487 _22=1.6866 _33=1.00001 _43=-0.15 (aspect 1.778)
camera: pos 104.1 23.8 234.7 | proj _11=0.9592 _22=1.7052 _33=1.00001 _43=-0.15 (aspect 1.778)
camera: pos 102.2 10.1 231.8 | proj _11=0.9775 _22=1.7377 _33=1.00001 _43=-0.15 (aspect 1.778)
camera: pos 102.3 10.3 231.9 | proj _11=1.0053 _22=1.7871 _33=1.00001 _43=-0.15 (aspect 1.778)
camera: pos 102.4 10.5 232.1 | proj _11=1.0341 _22=1.8383 _33=1.00001 _43=-0.15 (aspect 1.778)
camera: pos 102.4 10.6 232.3 | proj _11=1.0624 _22=1.8886 _33=1.00001 _43=-0.15 (aspect 1.778)
camera: pos 102.4 10.7 232.4 | proj _11=1.0789 _22=1.9179 _33=1.00001 _43=-0.15 (aspect 1.778)
camera: pos 102.5 10.7 232.5 | proj _11=1.0957 _22=1.9479 _33=1.00001 _43=-0.15 (aspect 1.778)
camera: pos 102.5 10.8 232.6 | proj _11=1.1129 _22=1.9784 _33=1.00001 _43=-0.15 (aspect 1.778)
camera: pos 102.5 10.9 232.7 | proj _11=1.1306 _22=2.0098 _33=1.00001 _43=-0.15 (aspect 1.778)
camera: pos 102.6 11.0 232.9 | proj _11=1.1503 _22=2.0450 _33=1.00001 _43=-0.15 (aspect 1.778)
camera: pos 102.6 11.1 233.0 | proj _11=1.1765 _22=2.0915 _33=1.00001 _43=-0.15 (aspect 1.778)
camera: pos 102.6 11.2 233.2 | proj _11=1.1972 _22=2.1283 _33=1.00001 _43=-0.15 (aspect 1.778)
camera: pos 102.7 11.2 233.3 | proj _11=1.2167 _22=2.1629 _33=1.00001 _43=-0.15 (aspect 1.778)
camera: pos 102.7 11.3 233.4 | proj _11=1.2367 _22=2.1986 _33=1.00001 _43=-0.15 (aspect 1.778)
camera: pos 102.7 11.4 233.5 | proj _11=1.2598 _22=2.2396 _33=1.00001 _43=-0.15 (aspect 1.778)
camera: pos 102.8 11.5 233.6 | proj _11=1.2784 _22=2.2726 _33=1.00001 _43=-0.15 (aspect 1.778)
camera: pos 102.8 11.5 233.7 | proj _11=1.2999 _22=2.3110 _33=1.00001 _43=-0.15 (aspect 1.778)
camera: pos 102.8 11.6 233.8 | proj _11=1.3231 _22=2.3522 _33=1.00001 _43=-0.15 (aspect 1.778)
camera: pos 102.9 11.7 234.0 | proj _11=1.3447 _22=2.3906 _33=1.00001 _43=-0.15 (aspect 1.778)
camera: pos 102.8 11.8 234.1 | proj _11=1.3678 _22=2.4317 _33=1.00001 _43=-0.15 (aspect 1.778)
camera: pos 102.7 11.9 234.2 | proj _11=1.3928 _22=2.4760 _33=1.00001 _43=-0.15 (aspect 1.778)
camera: pos 102.7 11.9 234.3 | proj _11=1.4183 _22=2.5214 _33=1.00001 _43=-0.15 (aspect 1.778)
camera: pos 102.5 12.0 234.4 | proj _11=1.4420 _22=2.5634 _33=1.00001 _43=-0.15 (aspect 1.778)
camera: pos 101.5 11.8 234.3 | proj _11=1.4521 _22=2.5814 _33=1.00001 _43=-0.15 (aspect 1.778)
camera: pos 100.7 11.6 233.9 | proj _11=1.4635 _22=2.6016 _33=1.00001 _43=-0.15 (aspect 1.778)
camera: pos 99.8 11.4 233.3 | proj _11=1.4744 _22=2.6212 _33=1.00001 _43=-0.15 (aspect 1.778)
camera: pos 98.3 11.1 231.9 | proj _11=1.4867 _22=2.6429 _33=1.00001 _43=-0.15 (aspect 1.778)
camera: pos 97.4 10.5 229.0 | proj _11=1.4999 _22=2.6664 _33=1.00001 _43=-0.15 (aspect 1.778)
camera: pos 97.8 10.0 227.2 | proj _11=1.5143 _22=2.6921 _33=1.00001 _43=-0.15 (aspect 1.778)
camera: pos 97.9 10.3 227.5 | proj _11=1.5278 _22=2.7159 _33=1.00001 _43=-0.15 (aspect 1.778)
camera: pos 98.1 10.3 227.5 | proj _11=1.5406 _22=2.7389 _33=1.00001 _43=-0.15 (aspect 1.778)
camera: pos 98.2 10.3 227.6 | proj _11=1.5539 _22=2.7624 _33=1.00001 _43=-0.15 (aspect 1.778)
camera: pos 98.3 10.3 227.6 | proj _11=1.5667 _22=2.7852 _33=1.00001 _43=-0.15 (aspect 1.778)
camera: pos 98.4 10.1 227.7 | proj _11=1.5798 _22=2.8085 _33=1.00001 _43=-0.15 (aspect 1.778)
camera: pos 98.5 9.8 227.6 | proj _11=1.5930 _22=2.8320 _33=1.00001 _43=-0.15 (aspect 1.778)
camera: pos 98.6 9.5 227.6 | proj _11=1.6074 _22=2.8575 _33=1.00001 _43=-0.15 (aspect 1.778)
frame 11400 | draws 3750/frame | FFP converted 861/frame (23.0%)
    not converted: screen-space 320  skinned 0  ortho 0  vertex-format 3  untextured 1996  instanced 0  mirrored 0  other-camera 282  no camera 0  other 0 (per frame)
    prepasses hidden: sampler-less 1996/frame, stipple-with-no-colour 191/frame (these used to convert WHITE) | post/composite quads marked 320/frame
    constant-colour materials (no diffuse map, albedo from the shader's own constant) 151/frame | HUD quads demoted to UI 0/frame | back-buffer clears 1/frame | sky draws 93/frame | UI-pass draws converted 0/frame
    instancing: 992 converted from the instance stream/frame, 0 refused/frame (largest single draw 1 instances, 0.9 buffer writes snooped/frame)
    SKINNING: 67 draws skinned/frame, 1 refused/frame, 54 REPEATS/frame (same mesh twice in one frame) | 52 meshes decoded, 52 cached
    ALBEDO: constant-only 151/frame, tinted fallback 25/frame, genuinely blank 0/frame (of 151 rank-0 draws/frame)
    ALBEDO WHITE (previously uncounted): named-but-not-bound 0/frame, render-target exclusion left nothing 0/frame | colourless passes now hidden 5/frame
    SKIPPED entirely 0/frame (mode 3) | demoted to UI overlay 0/frame | no-albedo materials left to Remix 151/frame
    MARKED with the marker texture 2793/frame (refused as unsafe 0/frame, 9422 SetTexture calls/frame, marker created)
    albedo: moved off stage 0 111/frame, blanked 151/frame, restored from mesh cache 226/frame (2505 meshes cached) | RT textures known 55 | lights 295.3/frame (24 shaders)
    camera 101.7 8.3 227.0 | distinct cameras this frame 1 (max 1) | transform writes 613/frame | redundant state calls dropped 18039/frame
    world matrix changes 611/frame | objTM used without a fresh upload 0/frame | uv matrix writes 6/frame (last scale 0.00098, 0.00098)
    TIMING: frame 24.8 ms avg (40 fps), worst 100 ms | shim 11.14 ms avg (44.8% of frame), worst 21.2 ms
    TIMING tail: 5 frames >=33 ms, 1 >=100 ms in this window of 600 | inside real Present 2.83 ms avg, worst 68.9 ms | our other hooks 0.00 ms avg
    converted -> target 14EA2D78 1280x720 fmt=34 : 27 draws/frame
    converted -> target 14EA6D88 1280x720 fmt=113 : 826 draws/frame
    converted -> target 14EA2C80 1280x720 fmt=113 : 6 draws/frame
    converted -> target 14EA3918 1280x720 fmt=21 : 0 draws/frame
frame 12000 | draws 3626/frame | FFP converted 836/frame (23.1%)
    not converted: screen-space 308  skinned 0  ortho 0  vertex-format 3  untextured 1928  instanced 0  mirrored 0  other-camera 270  no camera 0  other 0 (per frame)
    prepasses hidden: sampler-less 1928/frame, stipple-with-no-colour 186/frame (these used to convert WHITE) | post/composite quads marked 308/frame
    constant-colour materials (no diffuse map, albedo from the shader's own constant) 144/frame | HUD quads demoted to UI 0/frame | back-buffer clears 1/frame | sky draws 90/frame | UI-pass draws converted 0/frame
    instancing: 957 converted from the instance stream/frame, 0 refused/frame (largest single draw 1 instances, 0.9 buffer writes snooped/frame)
    SKINNING: 67 draws skinned/frame, 2 refused/frame, 54 REPEATS/frame (same mesh twice in one frame) | 54 meshes decoded, 54 cached
    ALBEDO: constant-only 144/frame, tinted fallback 25/frame, genuinely blank 0/frame (of 144 rank-0 draws/frame)
    ALBEDO WHITE (previously uncounted): named-but-not-bound 0/frame, render-target exclusion left nothing 0/frame | colourless passes now hidden 6/frame
    SKIPPED entirely 0/frame (mode 3) | demoted to UI overlay 0/frame | no-albedo materials left to Remix 144/frame
    MARKED with the marker texture 2698/frame (refused as unsafe 0/frame, 9089 SetTexture calls/frame, marker created)
    albedo: moved off stage 0 109/frame, blanked 144/frame, restored from mesh cache 221/frame (2589 meshes cached) | RT textures known 55 | lights 283.3/frame (24 shaders)
    camera 97.2 8.4 220.0 | distinct cameras this frame 1 (max 1) | transform writes 593/frame | redundant state calls dropped 17516/frame
    world matrix changes 591/frame | objTM used without a fresh upload 0/frame | uv matrix writes 6/frame (last scale 0.00098, 0.00098)
    TIMING: frame 24.5 ms avg (41 fps), worst 42 ms | shim 10.98 ms avg (44.8% of frame), worst 26.0 ms
    TIMING tail: 29 frames >=33 ms, 0 >=100 ms in this window of 600 | inside real Present 2.94 ms avg, worst 7.1 ms | our other hooks 0.00 ms avg
    converted -> target 14EA2D78 1280x720 fmt=34 : 26 draws/frame
    converted -> target 14EA6D88 1280x720 fmt=113 : 801 draws/frame
    converted -> target 14EA2C80 1280x720 fmt=113 : 7 draws/frame
    converted -> target 14EA3918 1280x720 fmt=21 : 0 draws/frame
camera: pos 100.9 12.4 230.5 | proj _11=1.5912 _22=2.8287 _33=1.00001 _43=-0.15 (aspect 1.778)
camera: pos 101.5 12.7 230.3 | proj _11=1.5750 _22=2.7999 _33=1.00001 _43=-0.15 (aspect 1.778)
camera: pos 101.8 12.7 230.1 | proj _11=1.5632 _22=2.7789 _33=1.00001 _43=-0.15 (aspect 1.778)
camera: pos 102.3 12.7 229.8 | proj _11=1.5488 _22=2.7533 _33=1.00001 _43=-0.15 (aspect 1.778)
camera: pos 102.7 12.7 229.5 | proj _11=1.5349 _22=2.7287 _33=1.00001 _43=-0.15 (aspect 1.778)
camera: pos 103.0 12.7 229.1 | proj _11=1.5236 _22=2.7085 _33=1.00001 _43=-0.15 (aspect 1.778)
camera: pos 103.3 12.4 228.5 | proj _11=1.5093 _22=2.6831 _33=1.00001 _43=-0.15 (aspect 1.778)
camera: pos 103.5 12.1 227.9 | proj _11=1.4976 _22=2.6624 _33=1.00001 _43=-0.15 (aspect 1.778)
camera: pos 103.9 11.8 227.4 | proj _11=1.4843 _22=2.6386 _33=1.00001 _43=-0.15 (aspect 1.778)
camera: pos 104.4 11.6 226.9 | proj _11=1.4701 _22=2.6134 _33=1.00001 _43=-0.15 (aspect 1.778)
camera: pos 104.8 11.4 226.5 | proj _11=1.4551 _22=2.5869 _33=1.00001 _43=-0.15 (aspect 1.778)
camera: pos 105.3 11.1 225.9 | proj _11=1.4381 _22=2.5566 _33=1.00001 _43=-0.15 (aspect 1.778)
camera: pos 105.8 11.0 225.5 | proj _11=1.4273 _22=2.5375 _33=1.00001 _43=-0.15 (aspect 1.778)
camera: pos 106.3 10.7 225.2 | proj _11=1.4133 _22=2.5125 _33=1.00001 _43=-0.15 (aspect 1.778)
camera: pos 106.8 10.2 224.9 | proj _11=1.3994 _22=2.4878 _33=1.00001 _43=-0.15 (aspect 1.778)
camera: pos 107.4 9.7 224.7 | proj _11=1.3854 _22=2.4629 _33=1.00001 _43=-0.15 (aspect 1.778)
camera: pos 107.9 9.5 224.4 | proj _11=1.3721 _22=2.4393 _33=1.00001 _43=-0.15 (aspect 1.778)
camera: pos 108.5 9.3 224.1 | proj _11=1.3586 _22=2.4153 _33=1.00001 _43=-0.15 (aspect 1.778)
camera: pos 109.0 9.3 223.8 | proj _11=1.3450 _22=2.3911 _33=1.00001 _43=-0.15 (aspect 1.778)
camera: pos 109.6 9.2 223.4 | proj _11=1.3312 _22=2.3665 _33=1.00001 _43=-0.15 (aspect 1.778)
camera: pos 110.1 9.2 223.1 | proj _11=1.3181 _22=2.3433 _33=1.00001 _43=-0.15 (aspect 1.778)
frame 12600 | draws 3562/frame | FFP converted 828/frame (23.3%)
    not converted: screen-space 298  skinned 0  ortho 0  vertex-format 4  untextured 1885  instanced 0  mirrored 0  other-camera 266  no camera 0  other 0 (per frame)
    prepasses hidden: sampler-less 1885/frame, stipple-with-no-colour 186/frame (these used to convert WHITE) | post/composite quads marked 298/frame
    constant-colour materials (no diffuse map, albedo from the shader's own constant) 139/frame | HUD quads demoted to UI 0/frame | back-buffer clears 1/frame | sky draws 87/frame | UI-pass draws converted 0/frame
    instancing: 941 converted from the instance stream/frame, 0 refused/frame (largest single draw 1 instances, 0.9 buffer writes snooped/frame)
    SKINNING: 68 draws skinned/frame, 4 refused/frame, 55 REPEATS/frame (same mesh twice in one frame) | 63 meshes decoded, 63 cached
    ALBEDO: constant-only 139/frame, tinted fallback 26/frame, genuinely blank 0/frame (of 139 rank-0 draws/frame)
    ALBEDO WHITE (previously uncounted): named-but-not-bound 0/frame, render-target exclusion left nothing 0/frame | colourless passes now hidden 8/frame
    SKIPPED entirely 0/frame (mode 3) | demoted to UI overlay 0/frame | no-albedo materials left to Remix 139/frame
    MARKED with the marker texture 2643/frame (refused as unsafe 0/frame, 8858 SetTexture calls/frame, marker created)
    albedo: moved off stage 0 112/frame, blanked 139/frame, restored from mesh cache 222/frame (2813 meshes cached) | RT textures known 55 | lights 273.1/frame (24 shaders)
    camera 110.4 9.2 222.9 | distinct cameras this frame 1 (max 1) | transform writes 583/frame | redundant state calls dropped 17349/frame
    world matrix changes 581/frame | objTM used without a fresh upload 0/frame | uv matrix writes 6/frame (last scale 0.00098, 0.00098)
    TIMING: frame 24.4 ms avg (41 fps), worst 44 ms | shim 11.01 ms avg (45.1% of frame), worst 27.3 ms
    TIMING tail: 133 frames >=33 ms, 0 >=100 ms in this window of 600 | inside real Present 2.95 ms avg, worst 7.0 ms | our other hooks 0.00 ms avg
    converted -> target 14EA2D78 1280x720 fmt=34 : 26 draws/frame
    converted -> target 14EA6D88 1280x720 fmt=113 : 789 draws/frame
    converted -> target 14EA2C80 1280x720 fmt=113 : 9 draws/frame
    converted -> target 14EA3918 1280x720 fmt=21 : 0 draws/frame
camera: pos 110.6 9.2 222.8 | proj _11=1.3056 _22=2.3210 _33=1.00001 _43=-0.15 (aspect 1.778)
camera: pos 115.6 8.5 220.8 | proj _11=1.3176 _22=2.3423 _33=1.00001 _43=-0.15 (aspect 1.778)
camera: pos 115.6 8.4 220.7 | proj _11=1.3367 _22=2.3762 _33=1.00001 _43=-0.15 (aspect 1.778)
camera: pos 115.8 8.4 220.7 | proj _11=1.3566 _22=2.4116 _33=1.00001 _43=-0.15 (aspect 1.778)
camera: pos 116.1 8.4 220.8 | proj _11=1.3774 _22=2.4486 _33=1.00001 _43=-0.15 (aspect 1.778)
camera: pos 116.5 8.4 221.0 | proj _11=1.3978 _22=2.4850 _33=1.00001 _43=-0.15 (aspect 1.778)
camera: pos 116.9 8.5 221.3 | proj _11=1.4202 _22=2.5247 _33=1.00001 _43=-0.15 (aspect 1.778)
camera: pos 117.1 8.5 221.7 | proj _11=1.4421 _22=2.5637 _33=1.00001 _43=-0.15 (aspect 1.778)
camera: pos 117.2 8.5 222.0 | proj _11=1.4629 _22=2.6007 _33=1.00001 _43=-0.15 (aspect 1.778)
camera: pos 117.3 8.5 222.3 | proj _11=1.4782 _22=2.6279 _33=1.00001 _43=-0.15 (aspect 1.778)
camera: pos 117.4 8.5 222.6 | proj _11=1.4925 _22=2.6532 _33=1.00001 _43=-0.15 (aspect 1.778)
camera: pos 117.5 8.5 222.9 | proj _11=1.5046 _22=2.6748 _33=1.00001 _43=-0.15 (aspect 1.778)
camera: pos 117.6 8.5 223.1 | proj _11=1.5151 _22=2.6935 _33=1.00001 _43=-0.15 (aspect 1.778)
camera: pos 117.6 8.5 223.2 | proj _11=1.5259 _22=2.7126 _33=1.00001 _43=-0.15 (aspect 1.778)
camera: pos 117.7 8.5 223.4 | proj _11=1.5366 _22=2.7316 _33=1.00001 _43=-0.15 (aspect 1.778)
camera: pos 117.8 8.5 223.5 | proj _11=1.5480 _22=2.7519 _33=1.00001 _43=-0.15 (aspect 1.778)
camera: pos 117.8 8.5 223.6 | proj _11=1.5606 _22=2.7743 _33=1.00001 _43=-0.15 (aspect 1.778)
camera: pos 117.8 8.5 223.6 | proj _11=1.5729 _22=2.7963 _33=1.00001 _43=-0.15 (aspect 1.778)
camera: pos 117.8 8.5 223.6 | proj _11=1.5843 _22=2.8164 _33=1.00001 _43=-0.15 (aspect 1.778)
camera: pos 117.8 8.5 223.6 | proj _11=1.5964 _22=2.8380 _33=1.00001 _43=-0.15 (aspect 1.778)
camera: pos 117.8 8.5 223.6 | proj _11=1.6085 _22=2.8594 _33=1.00001 _43=-0.15 (aspect 1.778)
camera: pos 114.3 10.4 216.8 | proj _11=1.5915 _22=2.8293 _33=1.00001 _43=-0.15 (aspect 1.778)
camera: pos 114.7 10.4 216.4 | proj _11=1.5738 _22=2.7979 _33=1.00001 _43=-0.15 (aspect 1.778)
camera: pos 115.1 10.4 216.0 | proj _11=1.5581 _22=2.7700 _33=1.00001 _43=-0.15 (aspect 1.778)
camera: pos 115.6 10.3 215.8 | proj _11=1.5406 _22=2.7388 _33=1.00001 _43=-0.15 (aspect 1.778)
camera: pos 116.2 10.3 215.4 | proj _11=1.5229 _22=2.7074 _33=1.00001 _43=-0.15 (aspect 1.778)
camera: pos 116.7 10.3 215.2 | proj _11=1.5080 _22=2.6808 _33=1.00001 _43=-0.15 (aspect 1.778)
camera: pos 117.4 10.4 214.5 | proj _11=1.4934 _22=2.6549 _33=1.00001 _43=-0.15 (aspect 1.778)
camera: pos 118.5 10.5 213.1 | proj _11=1.4779 _22=2.6274 _33=1.00001 _43=-0.15 (aspect 1.778)
camera: pos 120.1 10.6 211.6 | proj _11=1.4942 _22=2.6563 _33=1.00001 _43=-0.15 (aspect 1.778)
camera: pos 121.1 10.7 210.9 | proj _11=1.5110 _22=2.6861 _33=1.00001 _43=-0.15 (aspect 1.778)
camera: pos 122.3 10.8 210.4 | proj _11=1.5259 _22=2.7126 _33=1.00001 _43=-0.15 (aspect 1.778)
camera: pos 123.6 10.8 210.1 | proj _11=1.5402 _22=2.7380 _33=1.00001 _43=-0.15 (aspect 1.778)
camera: pos 124.9 10.9 210.0 | proj _11=1.5551 _22=2.7645 _33=1.00001 _43=-0.15 (aspect 1.778)
camera: pos 125.2 11.0 209.9 | proj _11=1.5710 _22=2.7929 _33=1.00001 _43=-0.15 (aspect 1.778)
camera: pos 125.0 11.0 209.8 | proj _11=1.5875 _22=2.8221 _33=1.00001 _43=-0.15 (aspect 1.778)
camera: pos 124.8 11.0 209.7 | proj _11=1.6032 _22=2.8501 _33=1.00001 _43=-0.15 (aspect 1.778)
camera: pos 114.0 10.9 227.3 | proj _11=1.5880 _22=2.8230 _33=1.00001 _43=-0.15 (aspect 1.778)
camera: pos 114.3 10.9 226.9 | proj _11=1.5750 _22=2.8000 _33=1.00001 _43=-0.15 (aspect 1.778)
camera: pos 114.3 10.9 226.6 | proj _11=1.5626 _22=2.7779 _33=1.00001 _43=-0.15 (aspect 1.778)
camera: pos 113.9 10.9 226.3 | proj _11=1.5500 _22=2.7554 _33=1.00001 _43=-0.15 (aspect 1.778)
camera: pos 113.7 10.8 226.1 | proj _11=1.5365 _22=2.7315 _33=1.00001 _43=-0.15 (aspect 1.778)
camera: pos 113.4 10.8 225.8 | proj _11=1.5238 _22=2.7089 _33=1.00001 _43=-0.15 (aspect 1.778)
camera: pos 113.0 10.8 225.6 | proj _11=1.5114 _22=2.6868 _33=1.00001 _43=-0.15 (aspect 1.778)
camera: pos 112.6 10.8 225.4 | proj _11=1.4993 _22=2.6654 _33=1.00001 _43=-0.15 (aspect 1.778)
camera: pos 112.3 10.7 225.1 | proj _11=1.4869 _22=2.6434 _33=1.00001 _43=-0.15 (aspect 1.778)
camera: pos 111.9 10.7 224.9 | proj _11=1.4749 _22=2.6220 _33=1.00001 _43=-0.15 (aspect 1.778)
camera: pos 111.5 10.7 224.6 | proj _11=1.4622 _22=2.5995 _33=1.00001 _43=-0.15 (aspect 1.778)
camera: pos 111.2 10.7 224.2 | proj _11=1.4500 _22=2.5777 _33=1.00001 _43=-0.15 (aspect 1.778)
camera: pos 110.6 11.0 223.6 | proj _11=1.4331 _22=2.5477 _33=1.00001 _43=-0.15 (aspect 1.778)
camera: pos 110.2 11.1 223.3 | proj _11=1.4211 _22=2.5263 _33=1.00001 _43=-0.15 (aspect 1.778)
camera: pos 109.8 11.2 223.0 | proj _11=1.4108 _22=2.5080 _33=1.00001 _43=-0.15 (aspect 1.778)
camera: pos 108.8 11.5 222.7 | proj _11=1.3958 _22=2.4813 _33=1.00001 _43=-0.15 (aspect 1.778)
camera: pos 108.1 11.5 222.5 | proj _11=1.3852 _22=2.4626 _33=1.00001 _43=-0.15 (aspect 1.778)
camera: pos 107.3 11.5 222.2 | proj _11=1.3730 _22=2.4409 _33=1.00001 _43=-0.15 (aspect 1.778)
camera: pos 106.6 11.5 221.9 | proj _11=1.3611 _22=2.4197 _33=1.00001 _43=-0.15 (aspect 1.778)
camera: pos 105.9 11.5 221.5 | proj _11=1.3495 _22=2.3991 _33=1.00001 _43=-0.15 (aspect 1.778)
camera: pos 105.3 11.4 221.1 | proj _11=1.3369 _22=2.3767 _33=1.00001 _43=-0.15 (aspect 1.778)
camera: pos 104.5 11.4 220.6 | proj _11=1.3253 _22=2.3560 _33=1.00001 _43=-0.15 (aspect 1.778)
camera: pos 103.9 11.3 220.1 | proj _11=1.3130 _22=2.3341 _33=1.00001 _43=-0.15 (aspect 1.778)
camera: pos 103.5 11.3 219.6 | proj _11=1.3023 _22=2.3151 _33=1.00001 _43=-0.15 (aspect 1.778)
camera: pos 97.6 9.2 198.8 | proj _11=1.3196 _22=2.3460 _33=1.00001 _43=-0.15 (aspect 1.778)
camera: pos 97.4 9.0 198.8 | proj _11=1.3397 _22=2.3817 _33=1.00001 _43=-0.15 (aspect 1.778)
camera: pos 97.1 8.7 198.9 | proj _11=1.3618 _22=2.4210 _33=1.00001 _43=-0.15 (aspect 1.778)
camera: pos 96.9 8.6 199.1 | proj _11=1.3870 _22=2.4657 _33=1.00001 _43=-0.15 (aspect 1.778)
camera: pos 96.7 8.4 199.2 | proj _11=1.4049 _22=2.4976 _33=1.00001 _43=-0.15 (aspect 1.778)
camera: pos 96.6 8.4 199.3 | proj _11=1.4248 _22=2.5330 _33=1.00001 _43=-0.15 (aspect 1.778)
camera: pos 96.6 8.4 199.6 | proj _11=1.4460 _22=2.5707 _33=1.00001 _43=-0.15 (aspect 1.778)
camera: pos 96.5 8.4 199.7 | proj _11=1.4671 _22=2.6081 _33=1.00001 _43=-0.15 (aspect 1.778)
camera: pos 96.4 8.4 199.8 | proj _11=1.4884 _22=2.6460 _33=1.00001 _43=-0.15 (aspect 1.778)
camera: pos 96.3 8.4 199.7 | proj _11=1.5133 _22=2.6902 _33=1.00001 _43=-0.15 (aspect 1.778)
camera: pos 96.2 8.4 199.7 | proj _11=1.5352 _22=2.7291 _33=1.00001 _43=-0.15 (aspect 1.778)
camera: pos 96.0 8.4 199.6 | proj _11=1.5575 _22=2.7689 _33=1.00001 _43=-0.15 (aspect 1.778)
camera: pos 95.8 8.4 199.5 | proj _11=1.5802 _22=2.8092 _33=1.00001 _43=-0.15 (aspect 1.778)
camera: pos 95.7 8.4 199.5 | proj _11=1.6043 _22=2.8521 _33=1.00001 _43=-0.15 (aspect 1.778)
camera: pos 94.8 9.8 201.6 | proj _11=1.5905 _22=2.8275 _33=1.00001 _43=-0.15 (aspect 1.778)
camera: pos 94.8 9.8 202.3 | proj _11=1.5741 _22=2.7983 _33=1.00001 _43=-0.15 (aspect 1.778)
camera: pos 94.9 9.9 202.9 | proj _11=1.5560 _22=2.7661 _33=1.00001 _43=-0.15 (aspect 1.778)
camera: pos 95.0 9.9 203.5 | proj _11=1.5389 _22=2.7357 _33=1.00001 _43=-0.15 (aspect 1.778)
camera: pos 95.3 9.9 204.1 | proj _11=1.5216 _22=2.7050 _33=1.00001 _43=-0.15 (aspect 1.778)
camera: pos 95.5 9.9 204.7 | proj _11=1.5053 _22=2.6760 _33=1.00001 _43=-0.15 (aspect 1.778)
camera: pos 95.7 9.9 205.4 | proj _11=1.4884 _22=2.6460 _33=1.00001 _43=-0.15 (aspect 1.778)
camera: pos 95.9 9.9 206.0 | proj _11=1.4725 _22=2.6177 _33=1.00001 _43=-0.15 (aspect 1.778)
camera: pos 96.1 9.9 206.6 | proj _11=1.4569 _22=2.5900 _33=1.00001 _43=-0.15 (aspect 1.778)
camera: pos 96.3 9.9 207.2 | proj _11=1.4413 _22=2.5622 _33=1.00001 _43=-0.15 (aspect 1.778)
camera: pos 96.5 9.9 207.7 | proj _11=1.4270 _22=2.5368 _33=1.00001 _43=-0.15 (aspect 1.778)
camera: pos 96.7 9.9 208.4 | proj _11=1.4132 _22=2.5123 _33=1.00001 _43=-0.15 (aspect 1.778)
camera: pos 96.7 9.8 209.5 | proj _11=1.3989 _22=2.4870 _33=1.00001 _43=-0.15 (aspect 1.778)
camera: pos 96.8 9.8 211.3 | proj _11=1.3853 _22=2.4628 _33=1.00001 _43=-0.15 (aspect 1.778)
camera: pos 97.4 9.9 213.0 | proj _11=1.3708 _22=2.4369 _33=1.00001 _43=-0.15 (aspect 1.778)
camera: pos 98.4 9.9 214.2 | proj _11=1.3574 _22=2.4130 _33=1.00001 _43=-0.15 (aspect 1.778)
camera: pos 99.5 9.9 214.7 | proj _11=1.3423 _22=2.3862 _33=1.00001 _43=-0.15 (aspect 1.778)
camera: pos 100.6 9.8 214.9 | proj _11=1.3284 _22=2.3615 _33=1.00001 _43=-0.15 (aspect 1.778)
camera: pos 101.3 9.8 214.8 | proj _11=1.3156 _22=2.3388 _33=1.00001 _43=-0.15 (aspect 1.778)
camera: pos 101.6 9.8 214.5 | proj _11=1.3041 _22=2.3183 _33=1.00001 _43=-0.15 (aspect 1.778)
camera: pos 102.0 10.8 195.7 | proj _11=1.3175 _22=2.3421 _33=1.00001 _43=-0.15 (aspect 1.778)
camera: pos 102.0 10.8 195.7 | proj _11=1.3368 _22=2.3764 _33=1.00001 _43=-0.15 (aspect 1.778)
camera: pos 102.0 10.8 195.6 | proj _11=1.3562 _22=2.4110 _33=1.00001 _43=-0.15 (aspect 1.778)
camera: pos 102.0 10.9 195.6 | proj _11=1.3757 _22=2.4456 _33=1.00001 _43=-0.15 (aspect 1.778)
camera: pos 101.9 10.8 195.5 | proj _11=1.3953 _22=2.4805 _33=1.00001 _43=-0.15 (aspect 1.778)
camera: pos 101.5 10.7 195.5 | proj _11=1.4179 _22=2.5207 _33=1.00001 _43=-0.15 (aspect 1.778)
camera: pos 100.9 10.5 195.5 | proj _11=1.4412 _22=2.5620 _33=1.00001 _43=-0.15 (aspect 1.778)
camera: pos 100.3 10.3 195.5 | proj _11=1.4656 _22=2.6055 _33=1.00001 _43=-0.15 (aspect 1.778)
camera: pos 99.5 10.1 195.3 | proj _11=1.4905 _22=2.6498 _33=1.00001 _43=-0.15 (aspect 1.778)
camera: pos 98.7 9.8 195.1 | proj _11=1.5153 _22=2.6939 _33=1.00001 _43=-0.15 (aspect 1.778)
camera: pos 98.0 9.5 194.6 | proj _11=1.5410 _22=2.7395 _33=1.00001 _43=-0.15 (aspect 1.778)
camera: pos 97.2 9.3 194.1 | proj _11=1.5647 _22=2.7817 _33=1.00001 _43=-0.15 (aspect 1.778)
camera: pos 96.5 9.1 193.4 | proj _11=1.5887 _22=2.8243 _33=1.00001 _43=-0.15 (aspect 1.778)
camera: pos 96.0 9.0 192.7 | proj _11=1.6085 _22=2.8594 _33=1.00001 _43=-0.15 (aspect 1.778)
frame 13200 | draws 3605/frame | FFP converted 852/frame (23.6%)
    not converted: screen-space 290  skinned 0  ortho 0  vertex-format 5  untextured 1892  instanced 0  mirrored 0  other-camera 275  no camera 0  other 0 (per frame)
    prepasses hidden: sampler-less 1892/frame, stipple-with-no-colour 193/frame (these used to convert WHITE) | post/composite quads marked 290/frame
    constant-colour materials (no diffuse map, albedo from the shader's own constant) 136/frame | HUD quads demoted to UI 0/frame | back-buffer clears 1/frame | sky draws 86/frame | UI-pass draws converted 0/frame
    instancing: 959 converted from the instance stream/frame, 0 refused/frame (largest single draw 1 instances, 0.9 buffer writes snooped/frame)
    SKINNING: 71 draws skinned/frame, 9 refused/frame, 57 REPEATS/frame (same mesh twice in one frame) | 68 meshes decoded, 68 cached
    ALBEDO: constant-only 136/frame, tinted fallback 31/frame, genuinely blank 0/frame (of 136 rank-0 draws/frame)
    ALBEDO WHITE (previously uncounted): named-but-not-bound 0/frame, render-target exclusion left nothing 0/frame | colourless passes now hidden 11/frame
    SKIPPED entirely 0/frame (mode 3) | demoted to UI overlay 0/frame | no-albedo materials left to Remix 136/frame
    MARKED with the marker texture 2662/frame (refused as unsafe 0/frame, 8807 SetTexture calls/frame, marker created)
    albedo: moved off stage 0 121/frame, blanked 136/frame, restored from mesh cache 229/frame (3500 meshes cached) | RT textures known 55 | lights 265.5/frame (24 shaders)
    camera 100.9 7.7 187.7 | distinct cameras this frame 1 (max 1) | transform writes 595/frame | redundant state calls dropped 17847/frame
    world matrix changes 593/frame | objTM used without a fresh upload 0/frame | uv matrix writes 8/frame (last scale 0.00098, 0.00098)
    TIMING: frame 24.8 ms avg (40 fps), worst 120 ms | shim 11.36 ms avg (45.8% of frame), worst 28.4 ms
    TIMING tail: 310 frames >=33 ms, 2 >=100 ms in this window of 600 | inside real Present 2.84 ms avg, worst 73.9 ms | our other hooks 0.00 ms avg
    converted -> target 14EA2D78 1280x720 fmt=34 : 27 draws/frame
    converted -> target 14EA6D88 1280x720 fmt=113 : 804 draws/frame
    converted -> target 14EA2C80 1280x720 fmt=113 : 12 draws/frame
    converted -> target 14EA3918 1280x720 fmt=21 : 0 draws/frame
frame 13800 | draws 3591/frame | FFP converted 859/frame (23.9%)
    not converted: screen-space 283  skinned 0  ortho 0  vertex-format 5  untextured 1875  instanced 0  mirrored 0  other-camera 272  no camera 0  other 0 (per frame)
    prepasses hidden: sampler-less 1875/frame, stipple-with-no-colour 198/frame (these used to convert WHITE) | post/composite quads marked 283/frame
    constant-colour materials (no diffuse map, albedo from the shader's own constant) 132/frame | HUD quads demoted to UI 0/frame | back-buffer clears 1/frame | sky draws 85/frame | UI-pass draws converted 0/frame
    instancing: 958 converted from the instance stream/frame, 0 refused/frame (largest single draw 1 instances, 0.9 buffer writes snooped/frame)
    SKINNING: 73 draws skinned/frame, 11 refused/frame, 59 REPEATS/frame (same mesh twice in one frame) | 68 meshes decoded, 68 cached
    ALBEDO: constant-only 132/frame, tinted fallback 33/frame, genuinely blank 0/frame (of 132 rank-0 draws/frame)
    ALBEDO WHITE (previously uncounted): named-but-not-bound 0/frame, render-target exclusion left nothing 0/frame | colourless passes now hidden 14/frame
    SKIPPED entirely 0/frame (mode 3) | demoted to UI overlay 0/frame | no-albedo materials left to Remix 132/frame
    MARKED with the marker texture 2642/frame (refused as unsafe 0/frame, 8679 SetTexture calls/frame, marker created)
    albedo: moved off stage 0 128/frame, blanked 132/frame, restored from mesh cache 232/frame (3525 meshes cached) | RT textures known 55 | lights 258.0/frame (24 shaders)
    camera 97.4 10.2 184.7 | distinct cameras this frame 1 (max 1) | transform writes 595/frame | redundant state calls dropped 17990/frame
    world matrix changes 594/frame | objTM used without a fresh upload 0/frame | uv matrix writes 9/frame (last scale 0.00098, 0.00098)
    TIMING: frame 24.9 ms avg (40 fps), worst 98 ms | shim 11.51 ms avg (46.3% of frame), worst 44.0 ms
    TIMING tail: 52 frames >=33 ms, 0 >=100 ms in this window of 600 | inside real Present 2.79 ms avg, worst 84.0 ms | our other hooks 0.00 ms avg
    converted -> target 14EA2D78 1280x720 fmt=34 : 28 draws/frame
    converted -> target 14EA6D88 1280x720 fmt=113 : 806 draws/frame
    converted -> target 14EA2C80 1280x720 fmt=113 : 14 draws/frame
    converted -> target 14EA3918 1280x720 fmt=21 : 0 draws/frame
frame 14400 | draws 3636/frame | FFP converted 884/frame (24.3%)
    not converted: screen-space 277  skinned 0  ortho 0  vertex-format 6  untextured 1885  instanced 0  mirrored 0  other-camera 274  no camera 0  other 0 (per frame)
    prepasses hidden: sampler-less 1885/frame, stipple-with-no-colour 209/frame (these used to convert WHITE) | post/composite quads marked 277/frame
    constant-colour materials (no diffuse map, albedo from the shader's own constant) 130/frame | HUD quads demoted to UI 0/frame | back-buffer clears 1/frame | sky draws 84/frame | UI-pass draws converted 0/frame
    instancing: 970 converted from the instance stream/frame, 0 refused/frame (largest single draw 1 instances, 0.9 buffer writes snooped/frame)
    SKINNING: 78 draws skinned/frame, 16 refused/frame, 62 REPEATS/frame (same mesh twice in one frame) | 70 meshes decoded, 70 cached
    ALBEDO: constant-only 130/frame, tinted fallback 38/frame, genuinely blank 0/frame (of 130 rank-0 draws/frame)
    ALBEDO WHITE (previously uncounted): named-but-not-bound 0/frame, render-target exclusion left nothing 0/frame | colourless passes now hidden 18/frame
    SKIPPED entirely 0/frame (mode 3) | demoted to UI overlay 0/frame | no-albedo materials left to Remix 130/frame
    MARKED with the marker texture 2662/frame (refused as unsafe 0/frame, 8647 SetTexture calls/frame, marker created)
    albedo: moved off stage 0 140/frame, blanked 130/frame, restored from mesh cache 239/frame (3551 meshes cached) | RT textures known 55 | lights 251.8/frame (24 shaders)
    camera 97.4 10.2 184.7 | distinct cameras this frame 1 (max 1) | transform writes 606/frame | redundant state calls dropped 18516/frame
    world matrix changes 604/frame | objTM used without a fresh upload 0/frame | uv matrix writes 10/frame (last scale 0.00098, 0.00098)
    TIMING: frame 25.4 ms avg (39 fps), worst 54 ms | shim 11.98 ms avg (47.2% of frame), worst 36.9 ms
    TIMING tail: 547 frames >=33 ms, 0 >=100 ms in this window of 600 | inside real Present 2.69 ms avg, worst 5.0 ms | our other hooks 0.00 ms avg
    converted -> target 14EA2D78 1280x720 fmt=34 : 29 draws/frame
    converted -> target 14EA6D88 1280x720 fmt=113 : 822 draws/frame
    converted -> target 14EA2C80 1280x720 fmt=113 : 17 draws/frame
    converted -> target 14EA3918 1280x720 fmt=21 : 0 draws/frame
frame 15000 | draws 3596/frame | FFP converted 881/frame (24.5%)
    not converted: screen-space 270  skinned 0  ortho 0  vertex-format 6  untextured 1858  instanced 0  mirrored 0  other-camera 269  no camera 0  other 0 (per frame)
    prepasses hidden: sampler-less 1858/frame, stipple-with-no-colour 211/frame (these used to convert WHITE) | post/composite quads marked 270/frame
    constant-colour materials (no diffuse map, albedo from the shader's own constant) 126/frame | HUD quads demoted to UI 0/frame | back-buffer clears 1/frame | sky draws 83/frame | UI-pass draws converted 0/frame
    instancing: 958 converted from the instance stream/frame, 0 refused/frame (largest single draw 1 instances, 0.9 buffer writes snooped/frame)
    SKINNING: 79 draws skinned/frame, 18 refused/frame, 63 REPEATS/frame (same mesh twice in one frame) | 70 meshes decoded, 70 cached
    ALBEDO: constant-only 126/frame, tinted fallback 40/frame, genuinely blank 0/frame (of 126 rank-0 draws/frame)
    ALBEDO WHITE (previously uncounted): named-but-not-bound 0/frame, render-target exclusion left nothing 0/frame | colourless passes now hidden 19/frame
    SKIPPED entirely 0/frame (mode 3) | demoted to UI overlay 0/frame | no-albedo materials left to Remix 126/frame
    MARKED with the marker texture 2627/frame (refused as unsafe 0/frame, 8490 SetTexture calls/frame, marker created)
    albedo: moved off stage 0 144/frame, blanked 126/frame, restored from mesh cache 238/frame (3569 meshes cached) | RT textures known 55 | lights 244.5/frame (24 shaders)
    camera 101.6 7.9 190.2 | distinct cameras this frame 1 (max 1) | transform writes 600/frame | redundant state calls dropped 18450/frame
    world matrix changes 598/frame | objTM used without a fresh upload 0/frame | uv matrix writes 11/frame (last scale 0.00098, 0.00098)
    TIMING: frame 25.4 ms avg (39 fps), worst 96 ms | shim 12.09 ms avg (47.6% of frame), worst 31.4 ms
    TIMING tail: 283 frames >=33 ms, 0 >=100 ms in this window of 600 | inside real Present 2.72 ms avg, worst 82.0 ms | our other hooks 0.00 ms avg
    converted -> target 14EA2D78 1280x720 fmt=34 : 29 draws/frame
    converted -> target 14EA6D88 1280x720 fmt=113 : 816 draws/frame
    converted -> target 14EA2C80 1280x720 fmt=113 : 18 draws/frame
    converted -> target 14EA3918 1280x720 fmt=21 : 0 draws/frame
frame 15600 | draws 3482/frame | FFP converted 854/frame (24.5%)
    not converted: screen-space 261  skinned 0  ortho 0  vertex-format 5  untextured 1798  instanced 0  mirrored 0  other-camera 259  no camera 0  other 0 (per frame)
    prepasses hidden: sampler-less 1798/frame, stipple-with-no-colour 205/frame (these used to convert WHITE) | post/composite quads marked 261/frame
    constant-colour materials (no diffuse map, albedo from the shader's own constant) 121/frame | HUD quads demoted to UI 0/frame | back-buffer clears 1/frame | sky draws 80/frame | UI-pass draws converted 0/frame
    instancing: 925 converted from the instance stream/frame, 0 refused/frame (largest single draw 1 instances, 0.9 buffer writes snooped/frame)
    SKINNING: 78 draws skinned/frame, 18 refused/frame, 63 REPEATS/frame (same mesh twice in one frame) | 70 meshes decoded, 70 cached
    ALBEDO: constant-only 121/frame, tinted fallback 38/frame, genuinely blank 0/frame (of 121 rank-0 draws/frame)
    ALBEDO WHITE (previously uncounted): named-but-not-bound 0/frame, render-target exclusion left nothing 0/frame | colourless passes now hidden 18/frame
    SKIPPED entirely 0/frame (mode 3) | demoted to UI overlay 0/frame | no-albedo materials left to Remix 121/frame
    MARKED with the marker texture 2543/frame (refused as unsafe 0/frame, 8220 SetTexture calls/frame, marker created)
    albedo: moved off stage 0 140/frame, blanked 121/frame, restored from mesh cache 231/frame (3569 meshes cached) | RT textures known 55 | lights 236.0/frame (24 shaders)
    camera 101.3 7.9 189.9 | distinct cameras this frame 1 (max 1) | transform writes 580/frame | redundant state calls dropped 17887/frame
    world matrix changes 579/frame | objTM used without a fresh upload 0/frame | uv matrix writes 11/frame (last scale 0.00098, 0.00098)
    TIMING: frame 25.1 ms avg (40 fps), worst 43 ms | shim 11.87 ms avg (47.3% of frame), worst 9.4 ms
    TIMING tail: 1 frames >=33 ms, 0 >=100 ms in this window of 600 | inside real Present 2.87 ms avg, worst 7.8 ms | our other hooks 0.00 ms avg
    converted -> target 14EA2D78 1280x720 fmt=34 : 28 draws/frame
    converted -> target 14EA6D88 1280x720 fmt=113 : 791 draws/frame
    converted -> target 14EA2C80 1280x720 fmt=113 : 18 draws/frame
    converted -> target 14EA3918 1280x720 fmt=21 : 0 draws/frame
frame 16200 | draws 3451/frame | FFP converted 853/frame (24.7%)
    not converted: screen-space 255  skinned 0  ortho 0  vertex-format 6  untextured 1775  instanced 0  mirrored 0  other-camera 259  no camera 0  other 0 (per frame)
    prepasses hidden: sampler-less 1775/frame, stipple-with-no-colour 206/frame (these used to convert WHITE) | post/composite quads marked 254/frame
    constant-colour materials (no diffuse map, albedo from the shader's own constant) 118/frame | HUD quads demoted to UI 0/frame | back-buffer clears 1/frame | sky draws 79/frame | UI-pass draws converted 0/frame
    instancing: 921 converted from the instance stream/frame, 0 refused/frame (largest single draw 1 instances, 0.9 buffer writes snooped/frame)
    SKINNING: 80 draws skinned/frame, 19 refused/frame, 63 REPEATS/frame (same mesh twice in one frame) | 72 meshes decoded, 72 cached
    ALBEDO: constant-only 118/frame, tinted fallback 39/frame, genuinely blank 0/frame (of 118 rank-0 draws/frame)
    ALBEDO WHITE (previously uncounted): named-but-not-bound 0/frame, render-target exclusion left nothing 0/frame | colourless passes now hidden 20/frame
    SKIPPED entirely 0/frame (mode 3) | demoted to UI overlay 0/frame | no-albedo materials left to Remix 118/frame
    MARKED with the marker texture 2514/frame (refused as unsafe 0/frame, 8082 SetTexture calls/frame, marker created)
    albedo: moved off stage 0 142/frame, blanked 118/frame, restored from mesh cache 231/frame (3602 meshes cached) | RT textures known 55 | lights 229.1/frame (24 shaders)
    camera 95.7 9.2 186.9 | distinct cameras this frame 1 (max 1) | transform writes 578/frame | redundant state calls dropped 17859/frame
    world matrix changes 577/frame | objTM used without a fresh upload 0/frame | uv matrix writes 11/frame (last scale 0.00098, 0.00098)
    TIMING: frame 25.0 ms avg (40 fps), worst 109 ms | shim 11.92 ms avg (47.6% of frame), worst 22.8 ms
    TIMING tail: 14 frames >=33 ms, 1 >=100 ms in this window of 600 | inside real Present 2.85 ms avg, worst 7.3 ms | our other hooks 0.00 ms avg
    converted -> target 14EA2D78 1280x720 fmt=34 : 28 draws/frame
    converted -> target 14EA6D88 1280x720 fmt=113 : 787 draws/frame
    converted -> target 14EA2C80 1280x720 fmt=113 : 18 draws/frame
    converted -> target 14EA3918 1280x720 fmt=21 : 0 draws/frame
frame 16800 | draws 3464/frame | FFP converted 865/frame (25.0%)
    not converted: screen-space 249  skinned 0  ortho 0  vertex-format 6  untextured 1771  instanced 0  mirrored 0  other-camera 265  no camera 0  other 0 (per frame)
    prepasses hidden: sampler-less 1771/frame, stipple-with-no-colour 210/frame (these used to convert WHITE) | post/composite quads marked 249/frame
    constant-colour materials (no diffuse map, albedo from the shader's own constant) 116/frame | HUD quads demoted to UI 0/frame | back-buffer clears 1/frame | sky draws 78/frame | UI-pass draws converted 0/frame
    instancing: 932 converted from the instance stream/frame, 0 refused/frame (largest single draw 1 instances, 0.9 buffer writes snooped/frame)
    SKINNING: 82 draws skinned/frame, 21 refused/frame, 65 REPEATS/frame (same mesh twice in one frame) | 75 meshes decoded, 75 cached
    ALBEDO: constant-only 116/frame, tinted fallback 42/frame, genuinely blank 0/frame (of 116 rank-0 draws/frame)
    ALBEDO WHITE (previously uncounted): named-but-not-bound 0/frame, render-target exclusion left nothing 0/frame | colourless passes now hidden 22/frame
    SKIPPED entirely 0/frame (mode 3) | demoted to UI overlay 0/frame | no-albedo materials left to Remix 116/frame
    MARKED with the marker texture 2516/frame (refused as unsafe 0/frame, 8015 SetTexture calls/frame, marker created)
    albedo: moved off stage 0 147/frame, blanked 116/frame, restored from mesh cache 234/frame (3627 meshes cached) | RT textures known 55 | lights 223.1/frame (24 shaders)
    camera 95.7 9.2 186.9 | distinct cameras this frame 1 (max 1) | transform writes 585/frame | redundant state calls dropped 18114/frame
    world matrix changes 583/frame | objTM used without a fresh upload 0/frame | uv matrix writes 12/frame (last scale 0.00098, 0.00098)
    TIMING: frame 25.2 ms avg (40 fps), worst 41 ms | shim 12.13 ms avg (48.1% of frame), worst 26.6 ms
    TIMING tail: 39 frames >=33 ms, 0 >=100 ms in this window of 600 | inside real Present 2.75 ms avg, worst 0.5 ms | our other hooks 0.00 ms avg
    converted -> target 14EA2D78 1280x720 fmt=34 : 30 draws/frame
    converted -> target 14EA6D88 1280x720 fmt=113 : 793 draws/frame
    converted -> target 14EA2C80 1280x720 fmt=113 : 20 draws/frame
    converted -> target 14EA3918 1280x720 fmt=21 : 0 draws/frame
frame 17400 | draws 3474/frame | FFP converted 875/frame (25.2%)
    not converted: screen-space 243  skinned 0  ortho 0  vertex-format 6  untextured 1766  instanced 0  mirrored 0  other-camera 270  no camera 0  other 0 (per frame)
    prepasses hidden: sampler-less 1766/frame, stipple-with-no-colour 213/frame (these used to convert WHITE) | post/composite quads marked 243/frame
    constant-colour materials (no diffuse map, albedo from the shader's own constant) 114/frame | HUD quads demoted to UI 0/frame | back-buffer clears 1/frame | sky draws 77/frame | UI-pass draws converted 0/frame
    instancing: 941 converted from the instance stream/frame, 0 refused/frame (largest single draw 1 instances, 0.9 buffer writes snooped/frame)
    SKINNING: 84 draws skinned/frame, 23 refused/frame, 66 REPEATS/frame (same mesh twice in one frame) | 81 meshes decoded, 81 cached
    ALBEDO: constant-only 114/frame, tinted fallback 43/frame, genuinely blank 0/frame (of 114 rank-0 draws/frame)
    ALBEDO WHITE (previously uncounted): named-but-not-bound 0/frame, render-target exclusion left nothing 0/frame | colourless passes now hidden 24/frame
    SKIPPED entirely 0/frame (mode 3) | demoted to UI overlay 0/frame | no-albedo materials left to Remix 114/frame
    MARKED with the marker texture 2516/frame (refused as unsafe 0/frame, 7946 SetTexture calls/frame, marker created)
    albedo: moved off stage 0 152/frame, blanked 114/frame, restored from mesh cache 237/frame (3672 meshes cached) | RT textures known 55 | lights 217.4/frame (24 shaders)
    camera 95.7 9.2 186.9 | distinct cameras this frame 1 (max 1) | transform writes 591/frame | redundant state calls dropped 18331/frame
    world matrix changes 589/frame | objTM used without a fresh upload 0/frame | uv matrix writes 12/frame (last scale 0.00098, 0.00098)
    TIMING: frame 25.3 ms avg (40 fps), worst 36 ms | shim 12.30 ms avg (48.6% of frame), worst 23.6 ms
    TIMING tail: 12 frames >=33 ms, 0 >=100 ms in this window of 600 | inside real Present 2.67 ms avg, worst 0.9 ms | our other hooks 0.00 ms avg
    converted -> target 14EA2D78 1280x720 fmt=34 : 31 draws/frame
    converted -> target 14EA6D88 1280x720 fmt=113 : 799 draws/frame
    converted -> target 14EA2C80 1280x720 fmt=113 : 21 draws/frame
    converted -> target 14EA3918 1280x720 fmt=21 : 0 draws/frame
frame 18000 | draws 3481/frame | FFP converted 884/frame (25.4%)
    not converted: screen-space 238  skinned 0  ortho 0  vertex-format 6  untextured 1761  instanced 0  mirrored 0  other-camera 274  no camera 0  other 0 (per frame)
    prepasses hidden: sampler-less 1761/frame, stipple-with-no-colour 216/frame (these used to convert WHITE) | post/composite quads marked 238/frame
    constant-colour materials (no diffuse map, albedo from the shader's own constant) 113/frame | HUD quads demoted to UI 0/frame | back-buffer clears 1/frame | sky draws 76/frame | UI-pass draws converted 0/frame
    instancing: 951 converted from the instance stream/frame, 0 refused/frame (largest single draw 1 instances, 0.9 buffer writes snooped/frame)
    SKINNING: 86 draws skinned/frame, 25 refused/frame, 68 REPEATS/frame (same mesh twice in one frame) | 83 meshes decoded, 83 cached
    ALBEDO: constant-only 113/frame, tinted fallback 45/frame, genuinely blank 0/frame (of 113 rank-0 draws/frame)
    ALBEDO WHITE (previously uncounted): named-but-not-bound 0/frame, render-target exclusion left nothing 0/frame | colourless passes now hidden 25/frame
    SKIPPED entirely 0/frame (mode 3) | demoted to UI overlay 0/frame | no-albedo materials left to Remix 113/frame
    MARKED with the marker texture 2514/frame (refused as unsafe 0/frame, 7880 SetTexture calls/frame, marker created)
    albedo: moved off stage 0 156/frame, blanked 113/frame, restored from mesh cache 240/frame (3703 meshes cached) | RT textures known 55 | lights 212.0/frame (24 shaders)
    camera 95.7 9.2 186.9 | distinct cameras this frame 1 (max 1) | transform writes 596/frame | redundant state calls dropped 18524/frame
    world matrix changes 594/frame | objTM used without a fresh upload 0/frame | uv matrix writes 13/frame (last scale 0.00098, 0.00098)
    TIMING: frame 25.4 ms avg (39 fps), worst 44 ms | shim 12.51 ms avg (49.2% of frame), worst 32.0 ms
    TIMING tail: 33 frames >=33 ms, 0 >=100 ms in this window of 600 | inside real Present 2.59 ms avg, worst 0.9 ms | our other hooks 0.00 ms avg
    converted -> target 14EA2D78 1280x720 fmt=34 : 32 draws/frame
    converted -> target 14EA6D88 1280x720 fmt=113 : 805 draws/frame
    converted -> target 14EA2C80 1280x720 fmt=113 : 22 draws/frame
    converted -> target 14EA3918 1280x720 fmt=21 : 0 draws/frame
camera: pos 100.4 11.9 186.2 | proj _11=1.5957 _22=2.8368 _33=1.00001 _43=-0.15 (aspect 1.778)
camera: pos 100.2 11.8 186.7 | proj _11=1.5827 _22=2.8137 _33=1.00001 _43=-0.15 (aspect 1.778)
camera: pos 100.0 11.8 187.2 | proj _11=1.5696 _22=2.7904 _33=1.00001 _43=-0.15 (aspect 1.778)
camera: pos 99.7 11.7 187.8 | proj _11=1.5572 _22=2.7684 _33=1.00001 _43=-0.15 (aspect 1.778)
camera: pos 99.4 11.6 188.5 | proj _11=1.5435 _22=2.7440 _33=1.00001 _43=-0.15 (aspect 1.778)
camera: pos 99.1 11.5 188.9 | proj _11=1.5303 _22=2.7205 _33=1.00001 _43=-0.15 (aspect 1.778)
camera: pos 98.9 11.5 189.2 | proj _11=1.5177 _22=2.6981 _33=1.00001 _43=-0.15 (aspect 1.778)
camera: pos 99.1 11.5 189.1 | proj _11=1.5031 _22=2.6720 _33=1.00001 _43=-0.15 (aspect 1.778)
camera: pos 99.3 11.5 188.8 | proj _11=1.4891 _22=2.6473 _33=1.00001 _43=-0.15 (aspect 1.778)
camera: pos 99.6 11.4 188.4 | proj _11=1.4772 _22=2.6261 _33=1.00001 _43=-0.15 (aspect 1.778)
camera: pos 99.9 11.4 188.1 | proj _11=1.4652 _22=2.6047 _33=1.00001 _43=-0.15 (aspect 1.778)
camera: pos 100.2 11.3 187.7 | proj _11=1.4534 _22=2.5838 _33=1.00001 _43=-0.15 (aspect 1.778)
camera: pos 100.4 11.2 187.4 | proj _11=1.4420 _22=2.5634 _33=1.00001 _43=-0.15 (aspect 1.778)
camera: pos 100.7 11.2 187.1 | proj _11=1.4309 _22=2.5438 _33=1.00001 _43=-0.15 (aspect 1.778)
camera: pos 100.9 11.1 186.8 | proj _11=1.4202 _22=2.5247 _33=1.00001 _43=-0.15 (aspect 1.778)
camera: pos 101.2 11.0 186.6 | proj _11=1.4090 _22=2.5048 _33=1.00001 _43=-0.15 (aspect 1.778)
camera: pos 101.5 11.0 186.5 | proj _11=1.3988 _22=2.4866 _33=1.00001 _43=-0.15 (aspect 1.778)
camera: pos 102.0 10.9 186.4 | proj _11=1.3841 _22=2.4606 _33=1.00001 _43=-0.15 (aspect 1.778)
camera: pos 102.6 10.8 186.2 | proj _11=1.3706 _22=2.4365 _33=1.00001 _43=-0.15 (aspect 1.778)
camera: pos 103.2 10.8 186.1 | proj _11=1.3564 _22=2.4114 _33=1.00001 _43=-0.15 (aspect 1.778)
camera: pos 103.5 10.9 185.9 | proj _11=1.3431 _22=2.3877 _33=1.00001 _43=-0.15 (aspect 1.778)
camera: pos 104.3 10.9 185.7 | proj _11=1.3297 _22=2.3638 _33=1.00001 _43=-0.15 (aspect 1.778)
camera: pos 105.2 11.0 185.6 | proj _11=1.3146 _22=2.3370 _33=1.00001 _43=-0.15 (aspect 1.778)
camera: pos 106.0 11.0 185.8 | proj _11=1.3003 _22=2.3116 _33=1.00001 _43=-0.15 (aspect 1.778)
frame 18600 | draws 3488/frame | FFP converted 893/frame (25.6%)
    not converted: screen-space 233  skinned 0  ortho 0  vertex-format 6  untextured 1755  instanced 0  mirrored 0  other-camera 278  no camera 0  other 0 (per frame)
    prepasses hidden: sampler-less 1755/frame, stipple-with-no-colour 220/frame (these used to convert WHITE) | post/composite quads marked 233/frame
    constant-colour materials (no diffuse map, albedo from the shader's own constant) 111/frame | HUD quads demoted to UI 0/frame | back-buffer clears 1/frame | sky draws 75/frame | UI-pass draws converted 0/frame
    instancing: 958 converted from the instance stream/frame, 0 refused/frame (largest single draw 1 instances, 0.9 buffer writes snooped/frame)
    SKINNING: 89 draws skinned/frame, 26 refused/frame, 70 REPEATS/frame (same mesh twice in one frame) | 85 meshes decoded, 85 cached
    ALBEDO: constant-only 111/frame, tinted fallback 47/frame, genuinely blank 0/frame (of 111 rank-0 draws/frame)
    ALBEDO WHITE (previously uncounted): named-but-not-bound 0/frame, render-target exclusion left nothing 0/frame | colourless passes now hidden 27/frame
    SKIPPED entirely 0/frame (mode 3) | demoted to UI overlay 0/frame | no-albedo materials left to Remix 111/frame
    MARKED with the marker texture 2513/frame (refused as unsafe 0/frame, 7819 SetTexture calls/frame, marker created)
    albedo: moved off stage 0 160/frame, blanked 111/frame, restored from mesh cache 242/frame (3725 meshes cached) | RT textures known 55 | lights 207.0/frame (24 shaders)
    camera 108.8 11.3 190.3 | distinct cameras this frame 1 (max 1) | transform writes 600/frame | redundant state calls dropped 18700/frame
    world matrix changes 599/frame | objTM used without a fresh upload 0/frame | uv matrix writes 13/frame (last scale 0.00098, 0.00098)
    TIMING: frame 25.6 ms avg (39 fps), worst 54 ms | shim 12.75 ms avg (49.8% of frame), worst 28.6 ms
    TIMING tail: 117 frames >=33 ms, 0 >=100 ms in this window of 600 | inside real Present 2.51 ms avg, worst 2.1 ms | our other hooks 0.00 ms avg
    converted -> target 14EA2D78 1280x720 fmt=34 : 33 draws/frame
    converted -> target 14EA6D88 1280x720 fmt=113 : 810 draws/frame
    converted -> target 14EA2C80 1280x720 fmt=113 : 23 draws/frame
    converted -> target 14EA3918 1280x720 fmt=21 : 0 draws/frame
camera: pos 121.0 10.9 208.8 | proj _11=1.3164 _22=2.3403 _33=1.00001 _43=-0.15 (aspect 1.778)
camera: pos 120.9 10.9 208.8 | proj _11=1.3339 _22=2.3713 _33=1.00001 _43=-0.15 (aspect 1.778)
camera: pos 120.8 11.0 208.8 | proj _11=1.3518 _22=2.4031 _33=1.00001 _43=-0.15 (aspect 1.778)
camera: pos 120.7 11.0 208.8 | proj _11=1.3698 _22=2.4352 _33=1.00001 _43=-0.15 (aspect 1.778)
camera: pos 120.7 11.0 208.8 | proj _11=1.3878 _22=2.4671 _33=1.00001 _43=-0.15 (aspect 1.778)
camera: pos 120.6 11.0 208.9 | proj _11=1.4059 _22=2.4993 _33=1.00001 _43=-0.15 (aspect 1.778)
camera: pos 120.6 11.0 208.9 | proj _11=1.4242 _22=2.5318 _33=1.00001 _43=-0.15 (aspect 1.778)
camera: pos 120.5 11.0 209.0 | proj _11=1.4423 _22=2.5639 _33=1.00001 _43=-0.15 (aspect 1.778)
camera: pos 120.5 11.0 209.1 | proj _11=1.4607 _22=2.5967 _33=1.00001 _43=-0.15 (aspect 1.778)
camera: pos 120.5 10.9 209.3 | proj _11=1.4820 _22=2.6347 _33=1.00001 _43=-0.15 (aspect 1.778)
camera: pos 120.5 10.8 209.6 | proj _11=1.5013 _22=2.6690 _33=1.00001 _43=-0.15 (aspect 1.778)
camera: pos 120.5 10.7 209.9 | proj _11=1.5214 _22=2.7046 _33=1.00001 _43=-0.15 (aspect 1.778)
camera: pos 120.4 10.7 210.1 | proj _11=1.5415 _22=2.7404 _33=1.00001 _43=-0.15 (aspect 1.778)
camera: pos 120.4 10.7 210.3 | proj _11=1.5613 _22=2.7756 _33=1.00001 _43=-0.15 (aspect 1.778)
camera: pos 120.3 10.7 210.4 | proj _11=1.5795 _22=2.8079 _33=1.00001 _43=-0.15 (aspect 1.778)
camera: pos 120.3 10.7 210.5 | proj _11=1.6032 _22=2.8500 _33=1.00001 _43=-0.15 (aspect 1.778)
camera: pos 107.5 11.3 197.4 | proj _11=1.5882 _22=2.8233 _33=1.00001 _43=-0.15 (aspect 1.778)
camera: pos 107.4 11.4 196.9 | proj _11=1.5735 _22=2.7973 _33=1.00001 _43=-0.15 (aspect 1.778)
camera: pos 107.3 11.3 196.3 | proj _11=1.5590 _22=2.7715 _33=1.00001 _43=-0.15 (aspect 1.778)
camera: pos 107.1 11.3 195.8 | proj _11=1.5445 _22=2.7458 _33=1.00001 _43=-0.15 (aspect 1.778)
camera: pos 107.0 11.2 195.3 | proj _11=1.5305 _22=2.7209 _33=1.00001 _43=-0.15 (aspect 1.778)
camera: pos 106.9 11.2 194.7 | proj _11=1.5170 _22=2.6969 _33=1.00001 _43=-0.15 (aspect 1.778)
camera: pos 106.8 11.1 194.2 | proj _11=1.5025 _22=2.6711 _33=1.00001 _43=-0.15 (aspect 1.778)
camera: pos 106.6 11.1 193.6 | proj _11=1.4885 _22=2.6462 _33=1.00001 _43=-0.15 (aspect 1.778)
camera: pos 106.5 11.0 193.1 | proj _11=1.4745 _22=2.6213 _33=1.00001 _43=-0.15 (aspect 1.778)
camera: pos 106.4 11.0 192.5 | proj _11=1.4607 _22=2.5968 _33=1.00001 _43=-0.15 (aspect 1.778)
camera: pos 106.3 11.0 192.0 | proj _11=1.4468 _22=2.5720 _33=1.00001 _43=-0.15 (aspect 1.778)
camera: pos 106.2 11.0 191.5 | proj _11=1.4333 _22=2.5481 _33=1.00001 _43=-0.15 (aspect 1.778)
camera: pos 106.1 10.9 191.1 | proj _11=1.4199 _22=2.5241 _33=1.00001 _43=-0.15 (aspect 1.778)
camera: pos 105.9 10.9 190.3 | proj _11=1.4076 _22=2.5023 _33=1.00001 _43=-0.15 (aspect 1.778)
camera: pos 105.8 10.9 189.6 | proj _11=1.3952 _22=2.4803 _33=1.00001 _43=-0.15 (aspect 1.778)
camera: pos 105.4 10.8 189.1 | proj _11=1.4071 _22=2.5015 _33=1.00001 _43=-0.15 (aspect 1.778)
camera: pos 105.2 10.8 189.0 | proj _11=1.4199 _22=2.5243 _33=1.00001 _43=-0.15 (aspect 1.778)
camera: pos 105.0 10.8 188.9 | proj _11=1.4328 _22=2.5472 _33=1.00001 _43=-0.15 (aspect 1.778)
camera: pos 104.9 10.8 188.8 | proj _11=1.4452 _22=2.5692 _33=1.00001 _43=-0.15 (aspect 1.778)
camera: pos 104.9 10.8 188.7 | proj _11=1.4575 _22=2.5910 _33=1.00001 _43=-0.15 (aspect 1.778)
camera: pos 104.8 10.8 188.6 | proj _11=1.4696 _22=2.6126 _33=1.00001 _43=-0.15 (aspect 1.778)
camera: pos 104.8 10.8 188.6 | proj _11=1.4822 _22=2.6350 _33=1.00001 _43=-0.15 (aspect 1.778)
camera: pos 104.7 10.8 188.6 | proj _11=1.4949 _22=2.6576 _33=1.00001 _43=-0.15 (aspect 1.778)
camera: pos 104.7 10.8 188.5 | proj _11=1.5086 _22=2.6818 _33=1.00001 _43=-0.15 (aspect 1.778)
camera: pos 104.6 10.8 188.5 | proj _11=1.5239 _22=2.7090 _33=1.00001 _43=-0.15 (aspect 1.778)
camera: pos 104.6 10.8 188.5 | proj _11=1.5378 _22=2.7338 _33=1.00001 _43=-0.15 (aspect 1.778)
camera: pos 104.5 10.8 188.5 | proj _11=1.5514 _22=2.7580 _33=1.00001 _43=-0.15 (aspect 1.778)
camera: pos 104.3 10.9 188.5 | proj _11=1.5669 _22=2.7855 _33=1.00001 _43=-0.15 (aspect 1.778)
camera: pos 104.1 10.8 188.5 | proj _11=1.5811 _22=2.8108 _33=1.00001 _43=-0.15 (aspect 1.778)
camera: pos 103.6 10.8 188.5 | proj _11=1.5948 _22=2.8351 _33=1.00001 _43=-0.15 (aspect 1.778)
camera: pos 103.1 10.7 188.4 | proj _11=1.6085 _22=2.8594 _33=1.00001 _43=-0.15 (aspect 1.778)
camera: pos 101.2 10.2 185.4 | proj _11=1.5939 _22=2.8335 _33=1.00001 _43=-0.15 (aspect 1.778)
camera: pos 101.7 10.2 185.3 | proj _11=1.5792 _22=2.8074 _33=1.00001 _43=-0.15 (aspect 1.778)
camera: pos 102.1 10.2 185.2 | proj _11=1.5684 _22=2.7883 _33=1.00001 _43=-0.15 (aspect 1.778)
camera: pos 102.6 10.2 185.1 | proj _11=1.5540 _22=2.7627 _33=1.00001 _43=-0.15 (aspect 1.778)
camera: pos 103.1 10.2 185.0 | proj _11=1.5396 _22=2.7370 _33=1.00001 _43=-0.15 (aspect 1.778)
camera: pos 103.5 10.2 184.9 | proj _11=1.5258 _22=2.7125 _33=1.00001 _43=-0.15 (aspect 1.778)
camera: pos 103.8 10.4 184.7 | proj _11=1.5121 _22=2.6881 _33=1.00001 _43=-0.15 (aspect 1.778)
camera: pos 104.2 10.4 184.6 | proj _11=1.4986 _22=2.6641 _33=1.00001 _43=-0.15 (aspect 1.778)
camera: pos 104.7 10.4 184.5 | proj _11=1.4844 _22=2.6389 _33=1.00001 _43=-0.15 (aspect 1.778)
camera: pos 104.9 10.4 184.0 | proj _11=1.4710 _22=2.6150 _33=1.00001 _43=-0.15 (aspect 1.778)
camera: pos 105.3 10.4 183.8 | proj _11=1.4570 _22=2.5901 _33=1.00001 _43=-0.15 (aspect 1.778)
camera: pos 106.0 10.4 183.9 | proj _11=1.4426 _22=2.5645 _33=1.00001 _43=-0.15 (aspect 1.778)
camera: pos 106.6 10.4 183.8 | proj _11=1.4292 _22=2.5408 _33=1.00001 _43=-0.15 (aspect 1.778)
camera: pos 106.7 10.4 183.8 | proj _11=1.4170 _22=2.5190 _33=1.00001 _43=-0.15 (aspect 1.778)
camera: pos 106.5 10.4 183.7 | proj _11=1.4304 _22=2.5429 _33=1.00001 _43=-0.15 (aspect 1.778)
camera: pos 106.0 10.2 182.9 | proj _11=1.4446 _22=2.5680 _33=1.00001 _43=-0.15 (aspect 1.778)
camera: pos 105.6 10.2 181.8 | proj _11=1.4580 _22=2.5920 _33=1.00001 _43=-0.15 (aspect 1.778)
camera: pos 105.4 10.1 180.4 | proj _11=1.4712 _22=2.6154 _33=1.00001 _43=-0.15 (aspect 1.778)
camera: pos 105.6 10.1 179.0 | proj _11=1.4855 _22=2.6408 _33=1.00001 _43=-0.15 (aspect 1.778)
camera: pos 106.1 10.1 177.8 | proj _11=1.5004 _22=2.6673 _33=1.00001 _43=-0.15 (aspect 1.778)
camera: pos 106.4 10.1 177.2 | proj _11=1.5160 _22=2.6951 _33=1.00001 _43=-0.15 (aspect 1.778)
camera: pos 106.3 10.2 177.3 | proj _11=1.5311 _22=2.7220 _33=1.00001 _43=-0.15 (aspect 1.778)
camera: pos 106.2 10.2 177.3 | proj _11=1.5468 _22=2.7497 _33=1.00001 _43=-0.15 (aspect 1.778)
camera: pos 106.2 10.2 177.2 | proj _11=1.5570 _22=2.7679 _33=1.00001 _43=-0.15 (aspect 1.778)
camera: pos 106.1 10.3 177.2 | proj _11=1.5729 _22=2.7962 _33=1.00001 _43=-0.15 (aspect 1.778)
camera: pos 106.1 10.3 177.2 | proj _11=1.5933 _22=2.8324 _33=1.00001 _43=-0.15 (aspect 1.778)
camera: pos 106.0 10.3 177.1 | proj _11=1.6085 _22=2.8594 _33=1.00001 _43=-0.15 (aspect 1.778)
frame 19200 | draws 3506/frame | FFP converted 902/frame (25.7%)
    not converted: screen-space 229  skinned 0  ortho 0  vertex-format 7  untextured 1757  instanced 0  mirrored 0  other-camera 285  no camera 0  other 0 (per frame)
    prepasses hidden: sampler-less 1757/frame, stipple-with-no-colour 222/frame (these used to convert WHITE) | post/composite quads marked 229/frame
    constant-colour materials (no diffuse map, albedo from the shader's own constant) 109/frame | HUD quads demoted to UI 0/frame | back-buffer clears 1/frame | sky draws 75/frame | UI-pass draws converted 0/frame
    instancing: 966 converted from the instance stream/frame, 0 refused/frame (largest single draw 1 instances, 0.9 buffer writes snooped/frame)
    SKINNING: 90 draws skinned/frame, 29 refused/frame, 71 REPEATS/frame (same mesh twice in one frame) | 91 meshes decoded, 91 cached
    ALBEDO: constant-only 109/frame, tinted fallback 50/frame, genuinely blank 0/frame (of 109 rank-0 draws/frame)
    ALBEDO WHITE (previously uncounted): named-but-not-bound 0/frame, render-target exclusion left nothing 0/frame | colourless passes now hidden 28/frame
    SKIPPED entirely 0/frame (mode 3) | demoted to UI overlay 0/frame | no-albedo materials left to Remix 109/frame
    MARKED with the marker texture 2522/frame (refused as unsafe 0/frame, 7797 SetTexture calls/frame, marker created)
    albedo: moved off stage 0 164/frame, blanked 109/frame, restored from mesh cache 245/frame (3980 meshes cached) | RT textures known 55 | lights 203.6/frame (24 shaders)
    camera 110.0 10.4 175.3 | distinct cameras this frame 1 (max 1) | transform writes 604/frame | redundant state calls dropped 18898/frame
    world matrix changes 602/frame | objTM used without a fresh upload 0/frame | uv matrix writes 14/frame (last scale 0.00098, 0.00098)
    TIMING: frame 25.7 ms avg (39 fps), worst 122 ms | shim 12.89 ms avg (50.1% of frame), worst 25.9 ms
    TIMING tail: 120 frames >=33 ms, 3 >=100 ms in this window of 600 | inside real Present 2.44 ms avg, worst 0.5 ms | our other hooks 0.00 ms avg
    converted -> target 14EA2D78 1280x720 fmt=34 : 34 draws/frame
    converted -> target 14EA6D88 1280x720 fmt=113 : 815 draws/frame
    converted -> target 14EA2C80 1280x720 fmt=113 : 24 draws/frame
    converted -> target 14EA3918 1280x720 fmt=21 : 0 draws/frame
mesh albedo cache full at 4096 entries - no longer growing
frame 19800 | draws 3492/frame | FFP converted 902/frame (25.8%)
    not converted: screen-space 226  skinned 0  ortho 0  vertex-format 7  untextured 1746  instanced 0  mirrored 0  other-camera 285  no camera 0  other 0 (per frame)
    prepasses hidden: sampler-less 1746/frame, stipple-with-no-colour 223/frame (these used to convert WHITE) | post/composite quads marked 226/frame
    constant-colour materials (no diffuse map, albedo from the shader's own constant) 107/frame | HUD quads demoted to UI 0/frame | back-buffer clears 1/frame | sky draws 74/frame | UI-pass draws converted 0/frame
    instancing: 965 converted from the instance stream/frame, 0 refused/frame (largest single draw 1 instances, 0.9 buffer writes snooped/frame)
    SKINNING: 91 draws skinned/frame, 29 refused/frame, 71 REPEATS/frame (same mesh twice in one frame) | 95 meshes decoded, 95 cached
    ALBEDO: constant-only 107/frame, tinted fallback 50/frame, genuinely blank 0/frame (of 107 rank-0 draws/frame)
    ALBEDO WHITE (previously uncounted): named-but-not-bound 0/frame, render-target exclusion left nothing 0/frame | colourless passes now hidden 29/frame
    SKIPPED entirely 0/frame (mode 3) | demoted to UI overlay 0/frame | no-albedo materials left to Remix 107/frame
    MARKED with the marker texture 2509/frame (refused as unsafe 0/frame, 7734 SetTexture calls/frame, marker created)
    albedo: moved off stage 0 165/frame, blanked 107/frame, restored from mesh cache 246/frame (4096 meshes cached) | RT textures known 55 | lights 200.4/frame (24 shaders)
    camera 116.5 9.2 209.4 | distinct cameras this frame 1 (max 1) | transform writes 603/frame | redundant state calls dropped 18887/frame
    world matrix changes 601/frame | objTM used without a fresh upload 0/frame | uv matrix writes 14/frame (last scale 0.00098, 0.00098)
    TIMING: frame 25.7 ms avg (39 fps), worst 116 ms | shim 12.90 ms avg (50.2% of frame), worst 26.1 ms
    TIMING tail: 63 frames >=33 ms, 2 >=100 ms in this window of 600 | inside real Present 2.41 ms avg, worst 70.5 ms | our other hooks 0.00 ms avg
    converted -> target 14EA2D78 1280x720 fmt=34 : 34 draws/frame
    converted -> target 14EA6D88 1280x720 fmt=113 : 814 draws/frame
    converted -> target 14EA2C80 1280x720 fmt=113 : 25 draws/frame
    converted -> target 14EA3918 1280x720 fmt=21 : 0 draws/frame
frame 20400 | draws 3483/frame | FFP converted 903/frame (25.9%)
    not converted: screen-space 223  skinned 0  ortho 0  vertex-format 8  untextured 1737  instanced 0  mirrored 0  other-camera 286  no camera 0  other 0 (per frame)
    prepasses hidden: sampler-less 1737/frame, stipple-with-no-colour 223/frame (these used to convert WHITE) | post/composite quads marked 223/frame
    constant-colour materials (no diffuse map, albedo from the shader's own constant) 105/frame | HUD quads demoted to UI 0/frame | back-buffer clears 1/frame | sky draws 73/frame | UI-pass draws converted 0/frame
    instancing: 965 converted from the instance stream/frame, 0 refused/frame (largest single draw 1 instances, 0.9 buffer writes snooped/frame)
    SKINNING: 91 draws skinned/frame, 30 refused/frame, 72 REPEATS/frame (same mesh twice in one frame) | 101 meshes decoded, 101 cached
    ALBEDO: constant-only 105/frame, tinted fallback 51/frame, genuinely blank 0/frame (of 105 rank-0 draws/frame)
    ALBEDO WHITE (previously uncounted): named-but-not-bound 0/frame, render-target exclusion left nothing 0/frame | colourless passes now hidden 30/frame
    SKIPPED entirely 0/frame (mode 3) | demoted to UI overlay 0/frame | no-albedo materials left to Remix 105/frame
    MARKED with the marker texture 2499/frame (refused as unsafe 0/frame, 7679 SetTexture calls/frame, marker created)
    albedo: moved off stage 0 166/frame, blanked 105/frame, restored from mesh cache 247/frame (4096 meshes cached) | RT textures known 55 | lights 197.5/frame (24 shaders)
    camera 108.5 8.7 202.3 | distinct cameras this frame 1 (max 1) | transform writes 602/frame | redundant state calls dropped 18902/frame
    world matrix changes 600/frame | objTM used without a fresh upload 0/frame | uv matrix writes 15/frame (last scale 0.00098, 0.00098)
    TIMING: frame 25.7 ms avg (39 fps), worst 115 ms | shim 12.92 ms avg (50.3% of frame), worst 25.5 ms
    TIMING tail: 50 frames >=33 ms, 1 >=100 ms in this window of 600 | inside real Present 2.35 ms avg, worst 5.4 ms | our other hooks 0.00 ms avg
    converted -> target 14EA2D78 1280x720 fmt=34 : 34 draws/frame
    converted -> target 14EA6D88 1280x720 fmt=113 : 813 draws/frame
    converted -> target 14EA2C80 1280x720 fmt=113 : 26 draws/frame
    converted -> target 14EA3918 1280x720 fmt=21 : 0 draws/frame
frame 21000 | draws 3445/frame | FFP converted 895/frame (26.0%)
    not converted: screen-space 222  skinned 0  ortho 0  vertex-format 8  untextured 1718  instanced 0  mirrored 0  other-camera 279  no camera 0  other 0 (per frame)
    prepasses hidden: sampler-less 1718/frame, stipple-with-no-colour 222/frame (these used to convert WHITE) | post/composite quads marked 222/frame
    constant-colour materials (no diffuse map, albedo from the shader's own constant) 103/frame | HUD quads demoted to UI 0/frame | back-buffer clears 1/frame | sky draws 72/frame | UI-pass draws converted 0/frame
    instancing: 949 converted from the instance stream/frame, 0 refused/frame (largest single draw 1 instances, 0.9 buffer writes snooped/frame)
    SKINNING: 91 draws skinned/frame, 31 refused/frame, 72 REPEATS/frame (same mesh twice in one frame) | 101 meshes decoded, 101 cached
    ALBEDO: constant-only 103/frame, tinted fallback 51/frame, genuinely blank 0/frame (of 103 rank-0 draws/frame)
    ALBEDO WHITE (previously uncounted): named-but-not-bound 0/frame, render-target exclusion left nothing 0/frame | colourless passes now hidden 30/frame
    SKIPPED entirely 0/frame (mode 3) | demoted to UI overlay 0/frame | no-albedo materials left to Remix 103/frame
    MARKED with the marker texture 2470/frame (refused as unsafe 0/frame, 7599 SetTexture calls/frame, marker created)
    albedo: moved off stage 0 165/frame, blanked 103/frame, restored from mesh cache 246/frame (4096 meshes cached) | RT textures known 55 | lights 195.7/frame (24 shaders)
    camera 114.9 8.3 201.6 | distinct cameras this frame 1 (max 1) | transform writes 595/frame | redundant state calls dropped 18739/frame
    world matrix changes 593/frame | objTM used without a fresh upload 0/frame | uv matrix writes 15/frame (last scale 0.00098, 0.00098)
    TIMING: frame 25.5 ms avg (39 fps), worst 111 ms | shim 12.87 ms avg (50.4% of frame), worst 21.1 ms
    TIMING tail: 10 frames >=33 ms, 1 >=100 ms in this window of 600 | inside real Present 2.31 ms avg, worst 5.2 ms | our other hooks 0.00 ms avg
    converted -> target 14EA2D78 1280x720 fmt=34 : 33 draws/frame
    converted -> target 14EA6D88 1280x720 fmt=113 : 804 draws/frame
    converted -> target 14EA2C80 1280x720 fmt=113 : 27 draws/frame
    converted -> target 14EA3918 1280x720 fmt=21 : 0 draws/frame
frame 21600 | draws 3432/frame | FFP converted 894/frame (26.1%)
    not converted: screen-space 219  skinned 0  ortho 0  vertex-format 9  untextured 1706  instanced 0  mirrored 0  other-camera 279  no camera 0  other 0 (per frame)
    prepasses hidden: sampler-less 1706/frame, stipple-with-no-colour 223/frame (these used to convert WHITE) | post/composite quads marked 219/frame
    constant-colour materials (no diffuse map, albedo from the shader's own constant) 100/frame | HUD quads demoted to UI 0/frame | back-buffer clears 1/frame | sky draws 72/frame | UI-pass draws converted 0/frame
    instancing: 948 converted from the instance stream/frame, 0 refused/frame (largest single draw 1 instances, 0.9 buffer writes snooped/frame)
    SKINNING: 91 draws skinned/frame, 31 refused/frame, 72 REPEATS/frame (same mesh twice in one frame) | 101 meshes decoded, 101 cached
    ALBEDO: constant-only 100/frame, tinted fallback 51/frame, genuinely blank 0/frame (of 100 rank-0 draws/frame)
    ALBEDO WHITE (previously uncounted): named-but-not-bound 0/frame, render-target exclusion left nothing 0/frame | colourless passes now hidden 31/frame
    SKIPPED entirely 0/frame (mode 3) | demoted to UI overlay 0/frame | no-albedo materials left to Remix 100/frame
    MARKED with the marker texture 2458/frame (refused as unsafe 0/frame, 7538 SetTexture calls/frame, marker created)
    albedo: moved off stage 0 168/frame, blanked 100/frame, restored from mesh cache 246/frame (4096 meshes cached) | RT textures known 55 | lights 192.5/frame (24 shaders)
    camera 145.0 11.5 229.1 | distinct cameras this frame 1 (max 1) | transform writes 593/frame | redundant state calls dropped 18729/frame
    world matrix changes 591/frame | objTM used without a fresh upload 0/frame | uv matrix writes 15/frame (last scale 0.00098, 0.00098)
    TIMING: frame 25.4 ms avg (39 fps), worst 35 ms | shim 12.82 ms avg (50.4% of frame), worst 19.8 ms
    TIMING tail: 2 frames >=33 ms, 0 >=100 ms in this window of 600 | inside real Present 2.27 ms avg, worst 6.6 ms | our other hooks 0.00 ms avg
    converted -> target 14EA2D78 1280x720 fmt=34 : 33 draws/frame
    converted -> target 14EA6D88 1280x720 fmt=113 : 803 draws/frame
    converted -> target 14EA2C80 1280x720 fmt=113 : 28 draws/frame
    converted -> target 14EA3918 1280x720 fmt=21 : 0 draws/frame
camera: pos 172.6 8.7 236.7 | proj _11=1.5914 _22=2.8291 _33=1.00001 _43=-0.15 (aspect 1.778)
camera: pos 172.9 8.7 236.7 | proj _11=1.5747 _22=2.7994 _33=1.00001 _43=-0.15 (aspect 1.778)
camera: pos 173.2 8.7 236.7 | proj _11=1.5583 _22=2.7703 _33=1.00001 _43=-0.15 (aspect 1.778)
camera: pos 174.0 8.7 236.7 | proj _11=1.5685 _22=2.7884 _33=1.00001 _43=-0.15 (aspect 1.778)
camera: pos 174.5 8.7 236.7 | proj _11=1.5793 _22=2.8076 _33=1.00001 _43=-0.15 (aspect 1.778)
camera: pos 175.1 8.6 236.7 | proj _11=1.5897 _22=2.8261 _33=1.00001 _43=-0.15 (aspect 1.778)
camera: pos 175.7 8.6 236.7 | proj _11=1.6004 _22=2.8450 _33=1.00001 _43=-0.15 (aspect 1.778)
frame 22200 | draws 3469/frame | FFP converted 911/frame (26.3%)
    not converted: screen-space 217  skinned 0  ortho 0  vertex-format 10  untextured 1719  instanced 0  mirrored 0  other-camera 282  no camera 0  other 0 (per frame)
    prepasses hidden: sampler-less 1719/frame, stipple-with-no-colour 226/frame (these used to convert WHITE) | post/composite quads marked 217/frame
    constant-colour materials (no diffuse map, albedo from the shader's own constant) 99/frame | HUD quads demoted to UI 0/frame | back-buffer clears 1/frame | sky draws 71/frame | UI-pass draws converted 0/frame
    instancing: 961 converted from the instance stream/frame, 0 refused/frame (largest single draw 1 instances, 0.9 buffer writes snooped/frame)
    SKINNING: 92 draws skinned/frame, 33 refused/frame, 72 REPEATS/frame (same mesh twice in one frame) | 109 meshes decoded, 109 cached
    ALBEDO: constant-only 99/frame, tinted fallback 53/frame, genuinely blank 0/frame (of 99 rank-0 draws/frame)
    ALBEDO WHITE (previously uncounted): named-but-not-bound 0/frame, render-target exclusion left nothing 0/frame | colourless passes now hidden 33/frame
    SKIPPED entirely 0/frame (mode 3) | demoted to UI overlay 0/frame | no-albedo materials left to Remix 99/frame
    MARKED with the marker texture 2477/frame (refused as unsafe 0/frame, 7557 SetTexture calls/frame, marker created)
    albedo: moved off stage 0 173/frame, blanked 99/frame, restored from mesh cache 253/frame (4096 meshes cached) | RT textures known 55 | lights 190.8/frame (24 shaders)
    camera 177.7 9.4 232.6 | distinct cameras this frame 1 (max 1) | transform writes 603/frame | redundant state calls dropped 19073/frame
    world matrix changes 602/frame | objTM used without a fresh upload 0/frame | uv matrix writes 15/frame (last scale 0.00098, 0.00098)
    TIMING: frame 25.6 ms avg (39 fps), worst 42 ms | shim 12.99 ms avg (50.7% of frame), worst 27.9 ms
    TIMING tail: 337 frames >=33 ms, 0 >=100 ms in this window of 600 | inside real Present 2.22 ms avg, worst 3.0 ms | our other hooks 0.00 ms avg
    converted -> target 14EA2D78 1280x720 fmt=34 : 33 draws/frame
    converted -> target 14EA6D88 1280x720 fmt=113 : 817 draws/frame
    converted -> target 14EA2C80 1280x720 fmt=113 : 28 draws/frame
    converted -> target 14EA3918 1280x720 fmt=21 : 0 draws/frame
frame 22800 | draws 3434/frame | FFP converted 902/frame (26.3%)
    not converted: screen-space 213  skinned 0  ortho 0  vertex-format 10  untextured 1696  instanced 0  mirrored 0  other-camera 284  no camera 0  other 0 (per frame)
    prepasses hidden: sampler-less 1696/frame, stipple-with-no-colour 225/frame (these used to convert WHITE) | post/composite quads marked 213/frame
    constant-colour materials (no diffuse map, albedo from the shader's own constant) 97/frame | HUD quads demoted to UI 0/frame | back-buffer clears 1/frame | sky draws 71/frame | UI-pass draws converted 0/frame
    instancing: 956 converted from the instance stream/frame, 0 refused/frame (largest single draw 1 instances, 0.9 buffer writes snooped/frame)
    SKINNING: 92 draws skinned/frame, 32 refused/frame, 72 REPEATS/frame (same mesh twice in one frame) | 111 meshes decoded, 111 cached
    ALBEDO: constant-only 97/frame, tinted fallback 52/frame, genuinely blank 0/frame (of 97 rank-0 draws/frame)
    ALBEDO WHITE (previously uncounted): named-but-not-bound 0/frame, render-target exclusion left nothing 0/frame | colourless passes now hidden 33/frame
    SKIPPED entirely 0/frame (mode 3) | demoted to UI overlay 0/frame | no-albedo materials left to Remix 97/frame
    MARKED with the marker texture 2452/frame (refused as unsafe 0/frame, 7463 SetTexture calls/frame, marker created)
    albedo: moved off stage 0 173/frame, blanked 97/frame, restored from mesh cache 250/frame (4096 meshes cached) | RT textures known 55 | lights 187.1/frame (24 shaders)
    camera 192.9 10.9 232.4 | distinct cameras this frame 1 (max 1) | transform writes 596/frame | redundant state calls dropped 18888/frame
    world matrix changes 594/frame | objTM used without a fresh upload 0/frame | uv matrix writes 15/frame (last scale 0.00098, 0.00098)
    TIMING: frame 25.4 ms avg (39 fps), worst 33 ms | shim 12.92 ms avg (50.8% of frame), worst 20.6 ms
    TIMING tail: 0 frames >=33 ms, 0 >=100 ms in this window of 600 | inside real Present 2.18 ms avg, worst 3.9 ms | our other hooks 0.00 ms avg
    converted -> target 14EA2D78 1280x720 fmt=34 : 33 draws/frame
    converted -> target 14EA6D88 1280x720 fmt=113 : 808 draws/frame
    converted -> target 14EA2C80 1280x720 fmt=113 : 28 draws/frame
    converted -> target 14EA3918 1280x720 fmt=21 : 0 draws/frame
camera: pos 196.6 11.6 235.5 | proj _11=1.5848 _22=2.8173 _33=1.00001 _43=-0.15 (aspect 1.778)
camera: pos 197.1 11.6 235.6 | proj _11=1.5698 _22=2.7906 _33=1.00001 _43=-0.15 (aspect 1.778)
camera: pos 197.7 11.6 235.7 | proj _11=1.5541 _22=2.7628 _33=1.00001 _43=-0.15 (aspect 1.778)
camera: pos 198.3 11.5 235.8 | proj _11=1.5385 _22=2.7350 _33=1.00001 _43=-0.15 (aspect 1.778)
camera: pos 198.9 11.5 236.0 | proj _11=1.5232 _22=2.7079 _33=1.00001 _43=-0.15 (aspect 1.778)
camera: pos 199.5 11.5 236.1 | proj _11=1.5083 _22=2.6813 _33=1.00001 _43=-0.15 (aspect 1.778)
camera: pos 200.1 11.4 236.2 | proj _11=1.4934 _22=2.6550 _33=1.00001 _43=-0.15 (aspect 1.778)
camera: pos 200.1 11.4 236.3 | proj _11=1.4780 _22=2.6276 _33=1.00001 _43=-0.15 (aspect 1.778)
camera: pos 200.5 11.5 236.3 | proj _11=1.4621 _22=2.5992 _33=1.00001 _43=-0.15 (aspect 1.778)
camera: pos 201.0 11.5 236.2 | proj _11=1.4479 _22=2.5740 _33=1.00001 _43=-0.15 (aspect 1.778)
camera: pos 201.5 11.5 235.9 | proj _11=1.4333 _22=2.5480 _33=1.00001 _43=-0.15 (aspect 1.778)
camera: pos 202.1 11.5 235.6 | proj _11=1.4196 _22=2.5238 _33=1.00001 _43=-0.15 (aspect 1.778)
camera: pos 202.6 11.4 235.4 | proj _11=1.4045 _22=2.4969 _33=1.00001 _43=-0.15 (aspect 1.778)
camera: pos 203.2 11.4 235.4 | proj _11=1.3895 _22=2.4701 _33=1.00001 _43=-0.15 (aspect 1.778)
camera: pos 203.9 11.4 235.5 | proj _11=1.3753 _22=2.4449 _33=1.00001 _43=-0.15 (aspect 1.778)
camera: pos 204.4 11.4 235.5 | proj _11=1.3618 _22=2.4209 _33=1.00001 _43=-0.15 (aspect 1.778)
camera: pos 204.8 11.4 235.6 | proj _11=1.3480 _22=2.3964 _33=1.00001 _43=-0.15 (aspect 1.778)
camera: pos 205.3 11.4 235.7 | proj _11=1.3352 _22=2.3736 _33=1.00001 _43=-0.15 (aspect 1.778)
camera: pos 205.7 11.4 235.8 | proj _11=1.3457 _22=2.3924 _33=1.00001 _43=-0.15 (aspect 1.778)
camera: pos 205.8 11.4 235.8 | proj _11=1.3634 _22=2.4237 _33=1.00001 _43=-0.15 (aspect 1.778)
camera: pos 205.9 11.4 235.8 | proj _11=1.3815 _22=2.4560 _33=1.00001 _43=-0.15 (aspect 1.778)
camera: pos 206.0 11.4 235.8 | proj _11=1.3988 _22=2.4868 _33=1.00001 _43=-0.15 (aspect 1.778)
camera: pos 206.1 11.4 235.8 | proj _11=1.4182 _22=2.5211 _33=1.00001 _43=-0.15 (aspect 1.778)
camera: pos 206.2 11.5 235.9 | proj _11=1.4367 _22=2.5540 _33=1.00001 _43=-0.15 (aspect 1.778)
camera: pos 206.3 11.5 235.9 | proj _11=1.4560 _22=2.5884 _33=1.00001 _43=-0.15 (aspect 1.778)
camera: pos 206.4 11.5 235.9 | proj _11=1.4759 _22=2.6238 _33=1.00001 _43=-0.15 (aspect 1.778)
camera: pos 206.5 11.5 235.9 | proj _11=1.4963 _22=2.6600 _33=1.00001 _43=-0.15 (aspect 1.778)
camera: pos 206.6 11.5 235.9 | proj _11=1.5169 _22=2.6967 _33=1.00001 _43=-0.15 (aspect 1.778)
camera: pos 206.7 11.5 236.0 | proj _11=1.5412 _22=2.7399 _33=1.00001 _43=-0.15 (aspect 1.778)
camera: pos 206.8 11.6 236.0 | proj _11=1.5653 _22=2.7828 _33=1.00001 _43=-0.15 (aspect 1.778)
camera: pos 206.9 11.6 236.0 | proj _11=1.5888 _22=2.8246 _33=1.00001 _43=-0.15 (aspect 1.778)
camera: pos 207.1 11.6 236.0 | proj _11=1.6085 _22=2.8594 _33=1.00001 _43=-0.15 (aspect 1.778)
frame 23400 | draws 3408/frame | FFP converted 897/frame (26.3%)
    not converted: screen-space 210  skinned 0  ortho 0  vertex-format 10  untextured 1678  instanced 0  mirrored 0  other-camera 284  no camera 0  other 0 (per frame)
    prepasses hidden: sampler-less 1678/frame, stipple-with-no-colour 225/frame (these used to convert WHITE) | post/composite quads marked 210/frame
    constant-colour materials (no diffuse map, albedo from the shader's own constant) 95/frame | HUD quads demoted to UI 0/frame | back-buffer clears 1/frame | sky draws 70/frame | UI-pass draws converted 0/frame
    instancing: 952 converted from the instance stream/frame, 0 refused/frame (largest single draw 1 instances, 0.9 buffer writes snooped/frame)
    SKINNING: 92 draws skinned/frame, 32 refused/frame, 72 REPEATS/frame (same mesh twice in one frame) | 115 meshes decoded, 115 cached
    ALBEDO: constant-only 95/frame, tinted fallback 52/frame, genuinely blank 0/frame (of 95 rank-0 draws/frame)
    ALBEDO WHITE (previously uncounted): named-but-not-bound 0/frame, render-target exclusion left nothing 0/frame | colourless passes now hidden 34/frame
    SKIPPED entirely 0/frame (mode 3) | demoted to UI overlay 0/frame | no-albedo materials left to Remix 95/frame
    MARKED with the marker texture 2431/frame (refused as unsafe 0/frame, 7382 SetTexture calls/frame, marker created)
    albedo: moved off stage 0 174/frame, blanked 95/frame, restored from mesh cache 248/frame (4096 meshes cached) | RT textures known 55 | lights 183.7/frame (24 shaders)
    camera 219.2 9.4 235.3 | distinct cameras this frame 1 (max 1) | transform writes 591/frame | redundant state calls dropped 18786/frame
    world matrix changes 589/frame | objTM used without a fresh upload 0/frame | uv matrix writes 15/frame (last scale 0.00098, 0.00098)
    TIMING: frame 25.3 ms avg (40 fps), worst 112 ms | shim 12.89 ms avg (51.0% of frame), worst 28.9 ms
    TIMING tail: 71 frames >=33 ms, 3 >=100 ms in this window of 600 | inside real Present 2.14 ms avg, worst 79.0 ms | our other hooks 0.00 ms avg
    converted -> target 14EA2D78 1280x720 fmt=34 : 33 draws/frame
    converted -> target 14EA6D88 1280x720 fmt=113 : 804 draws/frame
    converted -> target 14EA2C80 1280x720 fmt=113 : 28 draws/frame
    converted -> target 14EA3918 1280x720 fmt=21 : 0 draws/frame
frame 24000 | draws 3372/frame | FFP converted 888/frame (26.3%)
    not converted: screen-space 207  skinned 0  ortho 0  vertex-format 10  untextured 1655  instanced 0  mirrored 0  other-camera 285  no camera 0  other 0 (per frame)
    prepasses hidden: sampler-less 1655/frame, stipple-with-no-colour 223/frame (these used to convert WHITE) | post/composite quads marked 207/frame
    constant-colour materials (no diffuse map, albedo from the shader's own constant) 93/frame | HUD quads demoted to UI 0/frame | back-buffer clears 1/frame | sky draws 69/frame | UI-pass draws converted 0/frame
    instancing: 946 converted from the instance stream/frame, 0 refused/frame (largest single draw 1 instances, 0.9 buffer writes snooped/frame)
    SKINNING: 92 draws skinned/frame, 31 refused/frame, 72 REPEATS/frame (same mesh twice in one frame) | 118 meshes decoded, 118 cached
    ALBEDO: constant-only 93/frame, tinted fallback 51/frame, genuinely blank 0/frame (of 93 rank-0 draws/frame)
    ALBEDO WHITE (previously uncounted): named-but-not-bound 0/frame, render-target exclusion left nothing 0/frame | colourless passes now hidden 34/frame
    SKIPPED entirely 0/frame (mode 3) | demoted to UI overlay 0/frame | no-albedo materials left to Remix 93/frame
    MARKED with the marker texture 2405/frame (refused as unsafe 0/frame, 7289 SetTexture calls/frame, marker created)
    albedo: moved off stage 0 173/frame, blanked 93/frame, restored from mesh cache 245/frame (4096 meshes cached) | RT textures known 55 | lights 180.4/frame (24 shaders)
    camera 212.2 10.5 234.3 | distinct cameras this frame 1 (max 1) | transform writes 584/frame | redundant state calls dropped 18597/frame
    world matrix changes 582/frame | objTM used without a fresh upload 0/frame | uv matrix writes 15/frame (last scale 0.00098, 0.00098)
    TIMING: frame 25.1 ms avg (40 fps), worst 29 ms | shim 12.83 ms avg (51.1% of frame), worst 15.3 ms
    TIMING tail: 0 frames >=33 ms, 0 >=100 ms in this window of 600 | inside real Present 2.10 ms avg, worst 2.8 ms | our other hooks 0.00 ms avg
    converted -> target 14EA2D78 1280x720 fmt=34 : 32 draws/frame
    converted -> target 14EA6D88 1280x720 fmt=113 : 796 draws/frame
    converted -> target 14EA2C80 1280x720 fmt=113 : 28 draws/frame
    converted -> target 14EA3918 1280x720 fmt=21 : 0 draws/frame
frame 24600 | draws 3325/frame | FFP converted 876/frame (26.4%)
    not converted: screen-space 203  skinned 0  ortho 0  vertex-format 10  untextured 1631  instanced 0  mirrored 0  other-camera 282  no camera 0  other 0 (per frame)
    prepasses hidden: sampler-less 1631/frame, stipple-with-no-colour 220/frame (these used to convert WHITE) | post/composite quads marked 203/frame
    constant-colour materials (no diffuse map, albedo from the shader's own constant) 91/frame | HUD quads demoted to UI 0/frame | back-buffer clears 1/frame | sky draws 68/frame | UI-pass draws converted 0/frame
    instancing: 934 converted from the instance stream/frame, 0 refused/frame (largest single draw 1 instances, 0.9 buffer writes snooped/frame)
    SKINNING: 91 draws skinned/frame, 31 refused/frame, 72 REPEATS/frame (same mesh twice in one frame) | 125 meshes decoded, 125 cached
    ALBEDO: constant-only 91/frame, tinted fallback 50/frame, genuinely blank 0/frame (of 91 rank-0 draws/frame)
    ALBEDO WHITE (previously uncounted): named-but-not-bound 0/frame, render-target exclusion left nothing 0/frame | colourless passes now hidden 34/frame
    SKIPPED entirely 0/frame (mode 3) | demoted to UI overlay 0/frame | no-albedo materials left to Remix 91/frame
    MARKED with the marker texture 2370/frame (refused as unsafe 0/frame, 7180 SetTexture calls/frame, marker created)
    albedo: moved off stage 0 171/frame, blanked 91/frame, restored from mesh cache 243/frame (4096 meshes cached) | RT textures known 55 | lights 177.0/frame (24 shaders)
    camera 216.9 8.3 239.4 | distinct cameras this frame 1 (max 1) | transform writes 576/frame | redundant state calls dropped 18349/frame
    world matrix changes 574/frame | objTM used without a fresh upload 0/frame | uv matrix writes 15/frame (last scale 0.00098, 0.00098)
    TIMING: frame 25.0 ms avg (40 fps), worst 93 ms | shim 12.74 ms avg (51.0% of frame), worst 25.7 ms
    TIMING tail: 16 frames >=33 ms, 0 >=100 ms in this window of 600 | inside real Present 2.12 ms avg, worst 60.9 ms | our other hooks 0.00 ms avg
    converted -> target 14EA2D78 1280x720 fmt=34 : 32 draws/frame
    converted -> target 14EA6D88 1280x720 fmt=113 : 785 draws/frame
    converted -> target 14EA2C80 1280x720 fmt=113 : 28 draws/frame
    converted -> target 14EA3918 1280x720 fmt=21 : 0 draws/frame
camera: pos 220.7 13.1 233.3 | proj _11=1.6926 _22=3.0090 _33=1.00001 _43=-0.15 (aspect 1.778)
camera: pos 220.5 12.8 233.6 | proj _11=1.7927 _22=3.1870 _33=1.00001 _43=-0.15 (aspect 1.778)
camera: pos 220.4 12.6 233.9 | proj _11=1.9023 _22=3.3819 _33=1.00001 _43=-0.15 (aspect 1.778)
camera: pos 220.2 12.3 234.3 | proj _11=2.0181 _22=3.5877 _33=1.00001 _43=-0.15 (aspect 1.778)
camera: pos 220.0 12.1 234.6 | proj _11=2.1559 _22=3.8327 _33=1.00001 _43=-0.15 (aspect 1.778)
camera: pos 219.9 11.9 234.9 | proj _11=2.2987 _22=4.0865 _33=1.00001 _43=-0.15 (aspect 1.778)
camera: pos 219.7 11.6 235.2 | proj _11=2.4600 _22=4.3732 _33=1.00001 _43=-0.15 (aspect 1.778)
camera: pos 219.5 11.4 235.5 | proj _11=2.6426 _22=4.6979 _33=1.00001 _43=-0.15 (aspect 1.778)
camera: pos 219.3 11.3 235.7 | proj _11=2.7992 _22=4.9762 _33=1.00001 _43=-0.15 (aspect 1.778)
camera: pos 218.8 11.0 234.8 | proj _11=2.7380 _22=4.8675 _33=1.00001 _43=-0.15 (aspect 1.778)
camera: pos 218.8 11.1 234.7 | proj _11=2.6764 _22=4.7579 _33=1.00001 _43=-0.15 (aspect 1.778)
camera: pos 218.8 11.2 234.6 | proj _11=2.6158 _22=4.6502 _33=1.00001 _43=-0.15 (aspect 1.778)
camera: pos 218.8 11.2 234.4 | proj _11=2.5600 _22=4.5511 _33=1.00001 _43=-0.15 (aspect 1.778)
camera: pos 218.8 11.3 234.3 | proj _11=2.5054 _22=4.4540 _33=1.00001 _43=-0.15 (aspect 1.778)
camera: pos 218.8 11.3 234.2 | proj _11=2.4535 _22=4.3616 _33=1.00001 _43=-0.15 (aspect 1.778)
camera: pos 218.8 11.4 234.1 | proj _11=2.4036 _22=4.2730 _33=1.00001 _43=-0.15 (aspect 1.778)
camera: pos 218.8 11.5 234.0 | proj _11=2.3554 _22=4.1874 _33=1.00001 _43=-0.15 (aspect 1.778)
camera: pos 218.8 11.5 233.9 | proj _11=2.3084 _22=4.1038 _33=1.00001 _43=-0.15 (aspect 1.778)
camera: pos 218.8 11.6 233.8 | proj _11=2.2634 _22=4.0238 _33=1.00001 _43=-0.15 (aspect 1.778)
camera: pos 218.8 11.7 233.7 | proj _11=2.2206 _22=3.9476 _33=1.00001 _43=-0.15 (aspect 1.778)
camera: pos 218.8 11.7 233.5 | proj _11=2.1786 _22=3.8731 _33=1.00001 _43=-0.15 (aspect 1.778)
camera: pos 218.8 11.8 233.4 | proj _11=2.1381 _22=3.8009 _33=1.00001 _43=-0.15 (aspect 1.778)
camera: pos 218.8 11.9 233.3 | proj _11=2.0973 _22=3.7284 _33=1.00001 _43=-0.15 (aspect 1.778)
camera: pos 218.8 11.9 233.2 | proj _11=2.0597 _22=3.6617 _33=1.00001 _43=-0.15 (aspect 1.778)
camera: pos 218.8 12.0 233.1 | proj _11=2.0228 _22=3.5961 _33=1.00001 _43=-0.15 (aspect 1.778)
camera: pos 218.7 12.1 233.0 | proj _11=1.9871 _22=3.5326 _33=1.00001 _43=-0.15 (aspect 1.778)
camera: pos 218.7 12.2 232.9 | proj _11=1.9527 _22=3.4715 _33=1.00001 _43=-0.15 (aspect 1.778)
camera: pos 218.7 12.2 232.8 | proj _11=1.9195 _22=3.4124 _33=1.00001 _43=-0.15 (aspect 1.778)
camera: pos 218.7 12.3 232.7 | proj _11=1.8868 _22=3.3543 _33=1.00001 _43=-0.15 (aspect 1.778)
camera: pos 218.7 12.4 232.5 | proj _11=1.8552 _22=3.2982 _33=1.00001 _43=-0.15 (aspect 1.778)
camera: pos 218.7 12.4 232.4 | proj _11=1.8230 _22=3.2408 _33=1.00001 _43=-0.15 (aspect 1.778)
camera: pos 218.7 12.5 232.3 | proj _11=1.7951 _22=3.1913 _33=1.00001 _43=-0.15 (aspect 1.778)
camera: pos 218.6 12.6 232.2 | proj _11=1.7662 _22=3.1399 _33=1.00001 _43=-0.15 (aspect 1.778)
camera: pos 218.6 12.6 232.1 | proj _11=1.7380 _22=3.0897 _33=1.00001 _43=-0.15 (aspect 1.778)
camera: pos 218.6 12.7 232.0 | proj _11=1.7103 _22=3.0405 _33=1.00001 _43=-0.15 (aspect 1.778)
camera: pos 218.6 12.8 231.9 | proj _11=1.6811 _22=2.9886 _33=1.00001 _43=-0.15 (aspect 1.778)
camera: pos 218.6 12.9 231.8 | proj _11=1.6579 _22=2.9474 _33=1.00001 _43=-0.15 (aspect 1.778)
camera: pos 218.5 12.9 231.7 | proj _11=1.6322 _22=2.9016 _33=1.00001 _43=-0.15 (aspect 1.778)
camera: pos 218.6 13.0 231.6 | proj _11=1.6085 _22=2.8594 _33=1.00001 _43=-0.15 (aspect 1.778)
frame 25200 | draws 3271/frame | FFP converted 862/frame (26.4%)
    not converted: screen-space 200  skinned 0  ortho 0  vertex-format 10  untextured 1603  instanced 0  mirrored 0  other-camera 277  no camera 0  other 0 (per frame)
    prepasses hidden: sampler-less 1603/frame, stipple-with-no-colour 217/frame (these used to convert WHITE) | post/composite quads marked 200/frame
    constant-colour materials (no diffuse map, albedo from the shader's own constant) 89/frame | HUD quads demoted to UI 0/frame | back-buffer clears 1/frame | sky draws 67/frame | UI-pass draws converted 0/frame
    instancing: 916 converted from the instance stream/frame, 0 refused/frame (largest single draw 1 instances, 0.9 buffer writes snooped/frame)
    SKINNING: 91 draws skinned/frame, 30 refused/frame, 72 REPEATS/frame (same mesh twice in one frame) | 131 meshes decoded, 131 cached
    ALBEDO: constant-only 89/frame, tinted fallback 49/frame, genuinely blank 0/frame (of 89 rank-0 draws/frame)
    ALBEDO WHITE (previously uncounted): named-but-not-bound 0/frame, render-target exclusion left nothing 0/frame | colourless passes now hidden 34/frame
    SKIPPED entirely 0/frame (mode 3) | demoted to UI overlay 0/frame | no-albedo materials left to Remix 89/frame
    MARKED with the marker texture 2331/frame (refused as unsafe 0/frame, 7061 SetTexture calls/frame, marker created)
    albedo: moved off stage 0 168/frame, blanked 89/frame, restored from mesh cache 239/frame (4096 meshes cached) | RT textures known 55 | lights 173.6/frame (24 shaders)
    camera 216.6 8.3 238.3 | distinct cameras this frame 1 (max 1) | transform writes 565/frame | redundant state calls dropped 18055/frame
    world matrix changes 563/frame | objTM used without a fresh upload 0/frame | uv matrix writes 15/frame (last scale 0.00098, 0.00098)
    TIMING: frame 24.8 ms avg (40 fps), worst 45 ms | shim 12.65 ms avg (51.0% of frame), worst 22.7 ms
    TIMING tail: 6 frames >=33 ms, 0 >=100 ms in this window of 600 | inside real Present 2.16 ms avg, worst 26.3 ms | our other hooks 0.00 ms avg
    converted -> target 14EA2D78 1280x720 fmt=34 : 31 draws/frame
    converted -> target 14EA6D88 1280x720 fmt=113 : 772 draws/frame
    converted -> target 14EA2C80 1280x720 fmt=113 : 28 draws/frame
    converted -> target 14EA3918 1280x720 fmt=21 : 0 draws/frame
frame 25800 | draws 3218/frame | FFP converted 849/frame (26.4%)
    not converted: screen-space 196  skinned 0  ortho 0  vertex-format 10  untextured 1576  instanced 0  mirrored 0  other-camera 272  no camera 0  other 0 (per frame)
    prepasses hidden: sampler-less 1576/frame, stipple-with-no-colour 215/frame (these used to convert WHITE) | post/composite quads marked 196/frame
    constant-colour materials (no diffuse map, albedo from the shader's own constant) 87/frame | HUD quads demoted to UI 0/frame | back-buffer clears 1/frame | sky draws 66/frame | UI-pass draws converted 0/frame
    instancing: 901 converted from the instance stream/frame, 0 refused/frame (largest single draw 1 instances, 0.9 buffer writes snooped/frame)
    SKINNING: 91 draws skinned/frame, 30 refused/frame, 71 REPEATS/frame (same mesh twice in one frame) | 131 meshes decoded, 131 cached
    ALBEDO: constant-only 87/frame, tinted fallback 49/frame, genuinely blank 0/frame (of 88 rank-0 draws/frame)
    ALBEDO WHITE (previously uncounted): named-but-not-bound 0/frame, render-target exclusion left nothing 0/frame | colourless passes now hidden 33/frame
    SKIPPED entirely 0/frame (mode 3) | demoted to UI overlay 0/frame | no-albedo materials left to Remix 88/frame
    MARKED with the marker texture 2292/frame (refused as unsafe 0/frame, 6941 SetTexture calls/frame, marker created)
    albedo: moved off stage 0 166/frame, blanked 87/frame, restored from mesh cache 235/frame (4096 meshes cached) | RT textures known 55 | lights 170.0/frame (24 shaders)
    camera 213.1 9.0 231.9 | distinct cameras this frame 1 (max 1) | transform writes 555/frame | redundant state calls dropped 17770/frame
    world matrix changes 553/frame | objTM used without a fresh upload 0/frame | uv matrix writes 15/frame (last scale 0.00098, 0.00098)
    TIMING: frame 24.6 ms avg (41 fps), worst 101 ms | shim 12.54 ms avg (50.9% of frame), worst 13.4 ms
    TIMING tail: 5 frames >=33 ms, 2 >=100 ms in this window of 600 | inside real Present 2.20 ms avg, worst 78.9 ms | our other hooks 0.00 ms avg
    converted -> target 14EA2D78 1280x720 fmt=34 : 31 draws/frame
    converted -> target 14EA6D88 1280x720 fmt=113 : 760 draws/frame
    converted -> target 14EA2C80 1280x720 fmt=113 : 28 draws/frame
    converted -> target 14EA3918 1280x720 fmt=21 : 0 draws/frame
frame 26400 | draws 3194/frame | FFP converted 842/frame (26.4%)
    not converted: screen-space 194  skinned 0  ortho 0  vertex-format 11  untextured 1558  instanced 0  mirrored 0  other-camera 276  no camera 0  other 0 (per frame)
    prepasses hidden: sampler-less 1558/frame, stipple-with-no-colour 214/frame (these used to convert WHITE) | post/composite quads marked 194/frame
    constant-colour materials (no diffuse map, albedo from the shader's own constant) 86/frame | HUD quads demoted to UI 0/frame | back-buffer clears 1/frame | sky draws 66/frame | UI-pass draws converted 0/frame
    instancing: 901 converted from the instance stream/frame, 0 refused/frame (largest single draw 1 instances, 0.9 buffer writes snooped/frame)
    SKINNING: 90 draws skinned/frame, 29 refused/frame, 71 REPEATS/frame (same mesh twice in one frame) | 131 meshes decoded, 131 cached
    ALBEDO: constant-only 86/frame, tinted fallback 48/frame, genuinely blank 0/frame (of 86 rank-0 draws/frame)
    ALBEDO WHITE (previously uncounted): named-but-not-bound 0/frame, render-target exclusion left nothing 0/frame | colourless passes now hidden 33/frame
    SKIPPED entirely 0/frame (mode 3) | demoted to UI overlay 0/frame | no-albedo materials left to Remix 86/frame
    MARKED with the marker texture 2275/frame (refused as unsafe 0/frame, 6874 SetTexture calls/frame, marker created)
    albedo: moved off stage 0 166/frame, blanked 86/frame, restored from mesh cache 233/frame (4096 meshes cached) | RT textures known 55 | lights 167.2/frame (24 shaders)
    camera 213.0 10.1 231.8 | distinct cameras this frame 1 (max 1) | transform writes 551/frame | redundant state calls dropped 17635/frame
    world matrix changes 549/frame | objTM used without a fresh upload 0/frame | uv matrix writes 15/frame (last scale 0.00098, 0.00098)
    TIMING: frame 24.5 ms avg (41 fps), worst 93 ms | shim 12.47 ms avg (51.0% of frame), worst 13.8 ms
    TIMING tail: 2 frames >=33 ms, 0 >=100 ms in this window of 600 | inside real Present 2.17 ms avg, worst 68.0 ms | our other hooks 0.00 ms avg
    converted -> target 14EA2D78 1280x720 fmt=34 : 31 draws/frame
    converted -> target 14EA6D88 1280x720 fmt=113 : 755 draws/frame
    converted -> target 14EA2C80 1280x720 fmt=113 : 27 draws/frame
    converted -> target 14EA3918 1280x720 fmt=21 : 0 draws/frame
frame 27000 | draws 3169/frame | FFP converted 835/frame (26.4%)
    not converted: screen-space 191  skinned 0  ortho 0  vertex-format 11  untextured 1541  instanced 0  mirrored 0  other-camera 280  no camera 0  other 0 (per frame)
    prepasses hidden: sampler-less 1541/frame, stipple-with-no-colour 213/frame (these used to convert WHITE) | post/composite quads marked 191/frame
    constant-colour materials (no diffuse map, albedo from the shader's own constant) 85/frame | HUD quads demoted to UI 0/frame | back-buffer clears 1/frame | sky draws 65/frame | UI-pass draws converted 0/frame
    instancing: 900 converted from the instance stream/frame, 0 refused/frame (largest single draw 1 instances, 0.9 buffer writes snooped/frame)
    SKINNING: 90 draws skinned/frame, 28 refused/frame, 70 REPEATS/frame (same mesh twice in one frame) | 131 meshes decoded, 131 cached
    ALBEDO: constant-only 85/frame, tinted fallback 47/frame, genuinely blank 0/frame (of 85 rank-0 draws/frame)
    ALBEDO WHITE (previously uncounted): named-but-not-bound 0/frame, render-target exclusion left nothing 0/frame | colourless passes now hidden 33/frame
    SKIPPED entirely 0/frame (mode 3) | demoted to UI overlay 0/frame | no-albedo materials left to Remix 85/frame
    MARKED with the marker texture 2258/frame (refused as unsafe 0/frame, 6807 SetTexture calls/frame, marker created)
    albedo: moved off stage 0 166/frame, blanked 85/frame, restored from mesh cache 231/frame (4096 meshes cached) | RT textures known 55 | lights 164.5/frame (24 shaders)
    camera 213.0 10.1 231.8 | distinct cameras this frame 1 (max 1) | transform writes 546/frame | redundant state calls dropped 17489/frame
    world matrix changes 544/frame | objTM used without a fresh upload 0/frame | uv matrix writes 15/frame (last scale 0.00098, 0.00098)
    TIMING: frame 24.3 ms avg (41 fps), worst 112 ms | shim 12.40 ms avg (51.0% of frame), worst 12.8 ms
    TIMING tail: 2 frames >=33 ms, 2 >=100 ms in this window of 600 | inside real Present 2.14 ms avg, worst 2.7 ms | our other hooks 0.00 ms avg
    converted -> target 14EA2D78 1280x720 fmt=34 : 31 draws/frame
    converted -> target 14EA6D88 1280x720 fmt=113 : 749 draws/frame
    converted -> target 14EA2C80 1280x720 fmt=113 : 27 draws/frame
    converted -> target 14EA3918 1280x720 fmt=21 : 0 draws/frame
frame 27600 | draws 3145/frame | FFP converted 828/frame (26.3%)
    not converted: screen-space 188  skinned 0  ortho 0  vertex-format 11  untextured 1523  instanced 0  mirrored 0  other-camera 284  no camera 0  other 0 (per frame)
    prepasses hidden: sampler-less 1523/frame, stipple-with-no-colour 212/frame (these used to convert WHITE) | post/composite quads marked 188/frame
    constant-colour materials (no diffuse map, albedo from the shader's own constant) 83/frame | HUD quads demoted to UI 0/frame | back-buffer clears 1/frame | sky draws 65/frame | UI-pass draws converted 0/frame
    instancing: 899 converted from the instance stream/frame, 0 refused/frame (largest single draw 1 instances, 0.9 buffer writes snooped/frame)
    SKINNING: 89 draws skinned/frame, 28 refused/frame, 70 REPEATS/frame (same mesh twice in one frame) | 131 meshes decoded, 131 cached
    ALBEDO: constant-only 83/frame, tinted fallback 46/frame, genuinely blank 0/frame (of 83 rank-0 draws/frame)
    ALBEDO WHITE (previously uncounted): named-but-not-bound 0/frame, render-target exclusion left nothing 0/frame | colourless passes now hidden 33/frame
    SKIPPED entirely 0/frame (mode 3) | demoted to UI overlay 0/frame | no-albedo materials left to Remix 83/frame
    MARKED with the marker texture 2241/frame (refused as unsafe 0/frame, 6742 SetTexture calls/frame, marker created)
    albedo: moved off stage 0 166/frame, blanked 83/frame, restored from mesh cache 229/frame (4096 meshes cached) | RT textures known 55 | lights 162.0/frame (24 shaders)
    camera 213.0 10.1 231.8 | distinct cameras this frame 1 (max 1) | transform writes 542/frame | redundant state calls dropped 17345/frame
    world matrix changes 540/frame | objTM used without a fresh upload 0/frame | uv matrix writes 15/frame (last scale 0.00098, 0.00098)
    TIMING: frame 24.2 ms avg (41 fps), worst 99 ms | shim 12.31 ms avg (50.9% of frame), worst 11.9 ms
    TIMING tail: 1 frames >=33 ms, 0 >=100 ms in this window of 600 | inside real Present 2.12 ms avg, worst 3.0 ms | our other hooks 0.00 ms avg
    converted -> target 14EA2D78 1280x720 fmt=34 : 30 draws/frame
    converted -> target 14EA6D88 1280x720 fmt=113 : 743 draws/frame
    converted -> target 14EA2C80 1280x720 fmt=113 : 27 draws/frame
    converted -> target 14EA3918 1280x720 fmt=21 : 0 draws/frame
frame 28200 | draws 3122/frame | FFP converted 822/frame (26.3%)
    not converted: screen-space 186  skinned 0  ortho 0  vertex-format 12  untextured 1507  instanced 0  mirrored 0  other-camera 287  no camera 0  other 0 (per frame)
    prepasses hidden: sampler-less 1507/frame, stipple-with-no-colour 211/frame (these used to convert WHITE) | post/composite quads marked 186/frame
    constant-colour materials (no diffuse map, albedo from the shader's own constant) 82/frame | HUD quads demoted to UI 0/frame | back-buffer clears 1/frame | sky draws 64/frame | UI-pass draws converted 0/frame
    instancing: 898 converted from the instance stream/frame, 0 refused/frame (largest single draw 1 instances, 0.9 buffer writes snooped/frame)
    SKINNING: 88 draws skinned/frame, 27 refused/frame, 69 REPEATS/frame (same mesh twice in one frame) | 131 meshes decoded, 131 cached
    ALBEDO: constant-only 82/frame, tinted fallback 45/frame, genuinely blank 0/frame (of 82 rank-0 draws/frame)
    ALBEDO WHITE (previously uncounted): named-but-not-bound 0/frame, render-target exclusion left nothing 0/frame | colourless passes now hidden 33/frame
    SKIPPED entirely 0/frame (mode 3) | demoted to UI overlay 0/frame | no-albedo materials left to Remix 82/frame
    MARKED with the marker texture 2224/frame (refused as unsafe 0/frame, 6680 SetTexture calls/frame, marker created)
    albedo: moved off stage 0 166/frame, blanked 82/frame, restored from mesh cache 227/frame (4096 meshes cached) | RT textures known 55 | lights 159.5/frame (24 shaders)
    camera 213.0 10.1 231.8 | distinct cameras this frame 1 (max 1) | transform writes 537/frame | redundant state calls dropped 17207/frame
    world matrix changes 535/frame | objTM used without a fresh upload 0/frame | uv matrix writes 14/frame (last scale 0.00098, 0.00098)
    TIMING: frame 24.0 ms avg (42 fps), worst 97 ms | shim 12.22 ms avg (50.9% of frame), worst 11.9 ms
    TIMING tail: 1 frames >=33 ms, 0 >=100 ms in this window of 600 | inside real Present 2.11 ms avg, worst 2.8 ms | our other hooks 0.00 ms avg
    converted -> target 14EA2D78 1280x720 fmt=34 : 30 draws/frame
    converted -> target 14EA6D88 1280x720 fmt=113 : 738 draws/frame
    converted -> target 14EA2C80 1280x720 fmt=113 : 26 draws/frame
    converted -> target 14EA3918 1280x720 fmt=21 : 0 draws/frame
frame 28800 | draws 3100/frame | FFP converted 815/frame (26.3%)
    not converted: screen-space 184  skinned 0  ortho 0  vertex-format 12  untextured 1491  instanced 0  mirrored 0  other-camera 291  no camera 0  other 0 (per frame)
    prepasses hidden: sampler-less 1491/frame, stipple-with-no-colour 210/frame (these used to convert WHITE) | post/composite quads marked 184/frame
    constant-colour materials (no diffuse map, albedo from the shader's own constant) 80/frame | HUD quads demoted to UI 0/frame | back-buffer clears 1/frame | sky draws 64/frame | UI-pass draws converted 0/frame
    instancing: 897 converted from the instance stream/frame, 0 refused/frame (largest single draw 1 instances, 0.9 buffer writes snooped/frame)
    SKINNING: 88 draws skinned/frame, 26 refused/frame, 69 REPEATS/frame (same mesh twice in one frame) | 131 meshes decoded, 131 cached
    ALBEDO: constant-only 80/frame, tinted fallback 44/frame, genuinely blank 0/frame (of 80 rank-0 draws/frame)
    ALBEDO WHITE (previously uncounted): named-but-not-bound 0/frame, render-target exclusion left nothing 0/frame | colourless passes now hidden 33/frame
    SKIPPED entirely 0/frame (mode 3) | demoted to UI overlay 0/frame | no-albedo materials left to Remix 80/frame
    MARKED with the marker texture 2208/frame (refused as unsafe 0/frame, 6621 SetTexture calls/frame, marker created)
    albedo: moved off stage 0 166/frame, blanked 80/frame, restored from mesh cache 225/frame (4096 meshes cached) | RT textures known 55 | lights 157.1/frame (24 shaders)
    camera 213.0 10.1 231.8 | distinct cameras this frame 1 (max 1) | transform writes 533/frame | redundant state calls dropped 17075/frame
    world matrix changes 531/frame | objTM used without a fresh upload 0/frame | uv matrix writes 14/frame (last scale 0.00098, 0.00098)
    TIMING: frame 23.9 ms avg (42 fps), worst 30 ms | shim 12.14 ms avg (50.9% of frame), worst 11.8 ms
    TIMING tail: 0 frames >=33 ms, 0 >=100 ms in this window of 600 | inside real Present 2.10 ms avg, worst 2.8 ms | our other hooks 0.00 ms avg
    converted -> target 14EA2D78 1280x720 fmt=34 : 30 draws/frame
    converted -> target 14EA6D88 1280x720 fmt=113 : 733 draws/frame
    converted -> target 14EA2C80 1280x720 fmt=113 : 26 draws/frame
    converted -> target 14EA3918 1280x720 fmt=21 : 0 draws/frame
frame 29400 | draws 3078/frame | FFP converted 809/frame (26.3%)
    not converted: screen-space 181  skinned 0  ortho 0  vertex-format 12  untextured 1475  instanced 0  mirrored 0  other-camera 294  no camera 0  other 0 (per frame)
    prepasses hidden: sampler-less 1475/frame, stipple-with-no-colour 209/frame (these used to convert WHITE) | post/composite quads marked 181/frame
    constant-colour materials (no diffuse map, albedo from the shader's own constant) 79/frame | HUD quads demoted to UI 0/frame | back-buffer clears 1/frame | sky draws 63/frame | UI-pass draws converted 0/frame
    instancing: 897 converted from the instance stream/frame, 0 refused/frame (largest single draw 1 instances, 0.9 buffer writes snooped/frame)
    SKINNING: 87 draws skinned/frame, 26 refused/frame, 68 REPEATS/frame (same mesh twice in one frame) | 131 meshes decoded, 131 cached
    ALBEDO: constant-only 79/frame, tinted fallback 43/frame, genuinely blank 0/frame (of 79 rank-0 draws/frame)
    ALBEDO WHITE (previously uncounted): named-but-not-bound 0/frame, render-target exclusion left nothing 0/frame | colourless passes now hidden 33/frame
    SKIPPED entirely 0/frame (mode 3) | demoted to UI overlay 0/frame | no-albedo materials left to Remix 79/frame
    MARKED with the marker texture 2193/frame (refused as unsafe 0/frame, 6563 SetTexture calls/frame, marker created)
    albedo: moved off stage 0 166/frame, blanked 79/frame, restored from mesh cache 223/frame (4096 meshes cached) | RT textures known 55 | lights 154.9/frame (24 shaders)
    camera 213.0 10.1 231.8 | distinct cameras this frame 1 (max 1) | transform writes 529/frame | redundant state calls dropped 16948/frame
    world matrix changes 527/frame | objTM used without a fresh upload 0/frame | uv matrix writes 14/frame (last scale 0.00098, 0.00098)
    TIMING: frame 23.7 ms avg (42 fps), worst 94 ms | shim 12.07 ms avg (50.9% of frame), worst 12.0 ms
    TIMING tail: 2 frames >=33 ms, 0 >=100 ms in this window of 600 | inside real Present 2.09 ms avg, worst 75.0 ms | our other hooks 0.00 ms avg
    converted -> target 14EA2D78 1280x720 fmt=34 : 30 draws/frame
    converted -> target 14EA6D88 1280x720 fmt=113 : 727 draws/frame
    converted -> target 14EA2C80 1280x720 fmt=113 : 26 draws/frame
    converted -> target 14EA3918 1280x720 fmt=21 : 0 draws/frame
frame 30000 | draws 3058/frame | FFP converted 804/frame (26.3%)
    not converted: screen-space 179  skinned 0  ortho 0  vertex-format 13  untextured 1461  instanced 0  mirrored 0  other-camera 297  no camera 0  other 0 (per frame)
    prepasses hidden: sampler-less 1461/frame, stipple-with-no-colour 208/frame (these used to convert WHITE) | post/composite quads marked 179/frame
    constant-colour materials (no diffuse map, albedo from the shader's own constant) 78/frame | HUD quads demoted to UI 0/frame | back-buffer clears 1/frame | sky draws 63/frame | UI-pass draws converted 0/frame
    instancing: 896 converted from the instance stream/frame, 0 refused/frame (largest single draw 1 instances, 0.9 buffer writes snooped/frame)
    SKINNING: 86 draws skinned/frame, 25 refused/frame, 68 REPEATS/frame (same mesh twice in one frame) | 131 meshes decoded, 131 cached
    ALBEDO: constant-only 78/frame, tinted fallback 42/frame, genuinely blank 0/frame (of 78 rank-0 draws/frame)
    ALBEDO WHITE (previously uncounted): named-but-not-bound 0/frame, render-target exclusion left nothing 0/frame | colourless passes now hidden 33/frame
    SKIPPED entirely 0/frame (mode 3) | demoted to UI overlay 0/frame | no-albedo materials left to Remix 78/frame
    MARKED with the marker texture 2179/frame (refused as unsafe 0/frame, 6509 SetTexture calls/frame, marker created)
    albedo: moved off stage 0 165/frame, blanked 78/frame, restored from mesh cache 221/frame (4096 meshes cached) | RT textures known 55 | lights 152.7/frame (24 shaders)
    camera 213.0 10.1 231.8 | distinct cameras this frame 1 (max 1) | transform writes 525/frame | redundant state calls dropped 16826/frame
    world matrix changes 523/frame | objTM used without a fresh upload 0/frame | uv matrix writes 14/frame (last scale 0.00098, 0.00098)
    TIMING: frame 23.6 ms avg (42 fps), worst 21 ms | shim 11.99 ms avg (50.8% of frame), worst 11.4 ms
    TIMING tail: 0 frames >=33 ms, 0 >=100 ms in this window of 600 | inside real Present 2.09 ms avg, worst 3.0 ms | our other hooks 0.00 ms avg
    converted -> target 14EA2D78 1280x720 fmt=34 : 30 draws/frame
    converted -> target 14EA6D88 1280x720 fmt=113 : 723 draws/frame
    converted -> target 14EA2C80 1280x720 fmt=113 : 25 draws/frame
    converted -> target 14EA3918 1280x720 fmt=21 : 0 draws/frame
frame 30600 | draws 3038/frame | FFP converted 798/frame (26.3%)
    not converted: screen-space 177  skinned 0  ortho 0  vertex-format 13  untextured 1447  instanced 0  mirrored 0  other-camera 300  no camera 0  other 0 (per frame)
    prepasses hidden: sampler-less 1447/frame, stipple-with-no-colour 207/frame (these used to convert WHITE) | post/composite quads marked 177/frame
    constant-colour materials (no diffuse map, albedo from the shader's own constant) 77/frame | HUD quads demoted to UI 0/frame | back-buffer clears 1/frame | sky draws 62/frame | UI-pass draws converted 0/frame
    instancing: 895 converted from the instance stream/frame, 0 refused/frame (largest single draw 1 instances, 1.0 buffer writes snooped/frame)
    SKINNING: 86 draws skinned/frame, 25 refused/frame, 68 REPEATS/frame (same mesh twice in one frame) | 131 meshes decoded, 131 cached
    ALBEDO: constant-only 77/frame, tinted fallback 42/frame, genuinely blank 0/frame (of 77 rank-0 draws/frame)
    ALBEDO WHITE (previously uncounted): named-but-not-bound 0/frame, render-target exclusion left nothing 0/frame | colourless passes now hidden 34/frame
    SKIPPED entirely 0/frame (mode 3) | demoted to UI overlay 0/frame | no-albedo materials left to Remix 77/frame
    MARKED with the marker texture 2165/frame (refused as unsafe 0/frame, 6456 SetTexture calls/frame, marker created)
    albedo: moved off stage 0 165/frame, blanked 77/frame, restored from mesh cache 220/frame (4096 meshes cached) | RT textures known 55 | lights 150.6/frame (24 shaders)
    camera 213.0 10.1 231.8 | distinct cameras this frame 1 (max 1) | transform writes 521/frame | redundant state calls dropped 16709/frame
    world matrix changes 519/frame | objTM used without a fresh upload 0/frame | uv matrix writes 14/frame (last scale 0.00098, 0.00098)
    TIMING: frame 23.5 ms avg (43 fps), worst 25 ms | shim 11.92 ms avg (50.8% of frame), worst 11.7 ms
    TIMING tail: 0 frames >=33 ms, 0 >=100 ms in this window of 600 | inside real Present 2.08 ms avg, worst 9.2 ms | our other hooks 0.00 ms avg
    converted -> target 14EA2D78 1280x720 fmt=34 : 30 draws/frame
    converted -> target 14EA6D88 1280x720 fmt=113 : 718 draws/frame
    converted -> target 14EA2C80 1280x720 fmt=113 : 25 draws/frame
    converted -> target 14EA3918 1280x720 fmt=21 : 0 draws/frame
frame 31200 | draws 3019/frame | FFP converted 793/frame (26.3%)
    not converted: screen-space 175  skinned 0  ortho 0  vertex-format 13  untextured 1433  instanced 0  mirrored 0  other-camera 303  no camera 0  other 0 (per frame)
    prepasses hidden: sampler-less 1433/frame, stipple-with-no-colour 206/frame (these used to convert WHITE) | post/composite quads marked 175/frame
    constant-colour materials (no diffuse map, albedo from the shader's own constant) 76/frame | HUD quads demoted to UI 0/frame | back-buffer clears 1/frame | sky draws 62/frame | UI-pass draws converted 0/frame
    instancing: 895 converted from the instance stream/frame, 0 refused/frame (largest single draw 1 instances, 1.0 buffer writes snooped/frame)
    SKINNING: 85 draws skinned/frame, 24 refused/frame, 67 REPEATS/frame (same mesh twice in one frame) | 131 meshes decoded, 131 cached
    ALBEDO: constant-only 76/frame, tinted fallback 41/frame, genuinely blank 0/frame (of 76 rank-0 draws/frame)
    ALBEDO WHITE (previously uncounted): named-but-not-bound 0/frame, render-target exclusion left nothing 0/frame | colourless passes now hidden 34/frame
    SKIPPED entirely 0/frame (mode 3) | demoted to UI overlay 0/frame | no-albedo materials left to Remix 76/frame
    MARKED with the marker texture 2151/frame (refused as unsafe 0/frame, 6405 SetTexture calls/frame, marker created)
    albedo: moved off stage 0 165/frame, blanked 76/frame, restored from mesh cache 218/frame (4096 meshes cached) | RT textures known 55 | lights 148.6/frame (24 shaders)
    camera 213.0 10.1 231.8 | distinct cameras this frame 1 (max 1) | transform writes 517/frame | redundant state calls dropped 16596/frame
    world matrix changes 515/frame | objTM used without a fresh upload 0/frame | uv matrix writes 14/frame (last scale 0.00098, 0.00098)
    TIMING: frame 23.3 ms avg (43 fps), worst 112 ms | shim 11.85 ms avg (50.8% of frame), worst 12.3 ms
    TIMING tail: 2 frames >=33 ms, 2 >=100 ms in this window of 600 | inside real Present 2.08 ms avg, worst 85.1 ms | our other hooks 0.00 ms avg
    converted -> target 14EA2D78 1280x720 fmt=34 : 30 draws/frame
    converted -> target 14EA6D88 1280x720 fmt=113 : 713 draws/frame
    converted -> target 14EA2C80 1280x720 fmt=113 : 25 draws/frame
    converted -> target 14EA3918 1280x720 fmt=21 : 0 draws/frame
frame 31800 | draws 3001/frame | FFP converted 788/frame (26.2%)
    not converted: screen-space 173  skinned 0  ortho 0  vertex-format 13  untextured 1420  instanced 0  mirrored 0  other-camera 306  no camera 0  other 0 (per frame)
    prepasses hidden: sampler-less 1420/frame, stipple-with-no-colour 205/frame (these used to convert WHITE) | post/composite quads marked 173/frame
    constant-colour materials (no diffuse map, albedo from the shader's own constant) 75/frame | HUD quads demoted to UI 0/frame | back-buffer clears 1/frame | sky draws 62/frame | UI-pass draws converted 0/frame
    instancing: 894 converted from the instance stream/frame, 0 refused/frame (largest single draw 1 instances, 1.0 buffer writes snooped/frame)
    SKINNING: 85 draws skinned/frame, 24 refused/frame, 67 REPEATS/frame (same mesh twice in one frame) | 131 meshes decoded, 131 cached
    ALBEDO: constant-only 75/frame, tinted fallback 40/frame, genuinely blank 0/frame (of 75 rank-0 draws/frame)
    ALBEDO WHITE (previously uncounted): named-but-not-bound 0/frame, render-target exclusion left nothing 0/frame | colourless passes now hidden 34/frame
    SKIPPED entirely 0/frame (mode 3) | demoted to UI overlay 0/frame | no-albedo materials left to Remix 75/frame
    MARKED with the marker texture 2138/frame (refused as unsafe 0/frame, 6357 SetTexture calls/frame, marker created)
    albedo: moved off stage 0 165/frame, blanked 75/frame, restored from mesh cache 217/frame (4096 meshes cached) | RT textures known 55 | lights 146.6/frame (24 shaders)
    camera 213.0 10.1 231.8 | distinct cameras this frame 1 (max 1) | transform writes 514/frame | redundant state calls dropped 16488/frame
    world matrix changes 512/frame | objTM used without a fresh upload 0/frame | uv matrix writes 14/frame (last scale 0.00098, 0.00098)
    TIMING: frame 23.2 ms avg (43 fps), worst 22 ms | shim 11.78 ms avg (50.8% of frame), worst 11.7 ms
    TIMING tail: 0 frames >=33 ms, 0 >=100 ms in this window of 600 | inside real Present 2.07 ms avg, worst 2.8 ms | our other hooks 0.00 ms avg
    converted -> target 14EA2D78 1280x720 fmt=34 : 30 draws/frame
    converted -> target 14EA6D88 1280x720 fmt=113 : 709 draws/frame
    converted -> target 14EA2C80 1280x720 fmt=113 : 25 draws/frame
    converted -> target 14EA3918 1280x720 fmt=21 : 0 draws/frame
frame 32400 | draws 2984/frame | FFP converted 783/frame (26.2%)
    not converted: screen-space 172  skinned 0  ortho 0  vertex-format 14  untextured 1408  instanced 0  mirrored 0  other-camera 309  no camera 0  other 0 (per frame)
    prepasses hidden: sampler-less 1408/frame, stipple-with-no-colour 204/frame (these used to convert WHITE) | post/composite quads marked 171/frame
    constant-colour materials (no diffuse map, albedo from the shader's own constant) 74/frame | HUD quads demoted to UI 0/frame | back-buffer clears 1/frame | sky draws 61/frame | UI-pass draws converted 0/frame
    instancing: 893 converted from the instance stream/frame, 0 refused/frame (largest single draw 1 instances, 1.0 buffer writes snooped/frame)
    SKINNING: 84 draws skinned/frame, 24 refused/frame, 66 REPEATS/frame (same mesh twice in one frame) | 131 meshes decoded, 131 cached
    ALBEDO: constant-only 74/frame, tinted fallback 39/frame, genuinely blank 0/frame (of 74 rank-0 draws/frame)
    ALBEDO WHITE (previously uncounted): named-but-not-bound 0/frame, render-target exclusion left nothing 0/frame | colourless passes now hidden 34/frame
    SKIPPED entirely 0/frame (mode 3) | demoted to UI overlay 0/frame | no-albedo materials left to Remix 74/frame
    MARKED with the marker texture 2126/frame (refused as unsafe 0/frame, 6310 SetTexture calls/frame, marker created)
    albedo: moved off stage 0 165/frame, blanked 74/frame, restored from mesh cache 215/frame (4096 meshes cached) | RT textures known 55 | lights 144.8/frame (24 shaders)
    camera 213.0 10.1 231.8 | distinct cameras this frame 1 (max 1) | transform writes 510/frame | redundant state calls dropped 16383/frame
    world matrix changes 508/frame | objTM used without a fresh upload 0/frame | uv matrix writes 14/frame (last scale 0.00098, 0.00098)
    TIMING: frame 23.1 ms avg (43 fps), worst 111 ms | shim 11.72 ms avg (50.7% of frame), worst 11.8 ms
    TIMING tail: 3 frames >=33 ms, 1 >=100 ms in this window of 600 | inside real Present 2.07 ms avg, worst 77.0 ms | our other hooks 0.00 ms avg
    converted -> target 14EA2D78 1280x720 fmt=34 : 30 draws/frame
    converted -> target 14EA6D88 1280x720 fmt=113 : 705 draws/frame
    converted -> target 14EA2C80 1280x720 fmt=113 : 24 draws/frame
    converted -> target 14EA3918 1280x720 fmt=21 : 0 draws/frame
frame 33000 | draws 2967/frame | FFP converted 778/frame (26.2%)
    not converted: screen-space 170  skinned 0  ortho 0  vertex-format 14  untextured 1396  instanced 0  mirrored 0  other-camera 312  no camera 0  other 0 (per frame)
    prepasses hidden: sampler-less 1396/frame, stipple-with-no-colour 204/frame (these used to convert WHITE) | post/composite quads marked 170/frame
    constant-colour materials (no diffuse map, albedo from the shader's own constant) 73/frame | HUD quads demoted to UI 0/frame | back-buffer clears 1/frame | sky draws 61/frame | UI-pass draws converted 0/frame
    instancing: 893 converted from the instance stream/frame, 0 refused/frame (largest single draw 1 instances, 1.0 buffer writes snooped/frame)
    SKINNING: 84 draws skinned/frame, 23 refused/frame, 66 REPEATS/frame (same mesh twice in one frame) | 131 meshes decoded, 131 cached
    ALBEDO: constant-only 73/frame, tinted fallback 39/frame, genuinely blank 0/frame (of 73 rank-0 draws/frame)
    ALBEDO WHITE (previously uncounted): named-but-not-bound 0/frame, render-target exclusion left nothing 0/frame | colourless passes now hidden 34/frame
    SKIPPED entirely 0/frame (mode 3) | demoted to UI overlay 0/frame | no-albedo materials left to Remix 73/frame
    MARKED with the marker texture 2114/frame (refused as unsafe 0/frame, 6265 SetTexture calls/frame, marker created)
    albedo: moved off stage 0 165/frame, blanked 73/frame, restored from mesh cache 214/frame (4096 meshes cached) | RT textures known 55 | lights 143.0/frame (24 shaders)
    camera 213.0 10.1 231.8 | distinct cameras this frame 1 (max 1) | transform writes 507/frame | redundant state calls dropped 16283/frame
    world matrix changes 505/frame | objTM used without a fresh upload 0/frame | uv matrix writes 14/frame (last scale 0.00098, 0.00098)
    TIMING: frame 23.0 ms avg (43 fps), worst 98 ms | shim 11.65 ms avg (50.7% of frame), worst 12.5 ms
    TIMING tail: 2 frames >=33 ms, 0 >=100 ms in this window of 600 | inside real Present 2.06 ms avg, worst 74.8 ms | our other hooks 0.00 ms avg
    converted -> target 14EA2D78 1280x720 fmt=34 : 30 draws/frame
    converted -> target 14EA6D88 1280x720 fmt=113 : 701 draws/frame
    converted -> target 14EA2C80 1280x720 fmt=113 : 24 draws/frame
    converted -> target 14EA3918 1280x720 fmt=21 : 0 draws/frame
frame 33600 | draws 2950/frame | FFP converted 773/frame (26.2%)
    not converted: screen-space 168  skinned 0  ortho 0  vertex-format 14  untextured 1384  instanced 0  mirrored 0  other-camera 314  no camera 0  other 0 (per frame)
    prepasses hidden: sampler-less 1384/frame, stipple-with-no-colour 203/frame (these used to convert WHITE) | post/composite quads marked 168/frame
    constant-colour materials (no diffuse map, albedo from the shader's own constant) 72/frame | HUD quads demoted to UI 0/frame | back-buffer clears 1/frame | sky draws 60/frame | UI-pass draws converted 0/frame
    instancing: 892 converted from the instance stream/frame, 0 refused/frame (largest single draw 1 instances, 1.0 buffer writes snooped/frame)
    SKINNING: 83 draws skinned/frame, 23 refused/frame, 66 REPEATS/frame (same mesh twice in one frame) | 131 meshes decoded, 131 cached
    ALBEDO: constant-only 72/frame, tinted fallback 38/frame, genuinely blank 0/frame (of 72 rank-0 draws/frame)
    ALBEDO WHITE (previously uncounted): named-but-not-bound 0/frame, render-target exclusion left nothing 0/frame | colourless passes now hidden 34/frame
    SKIPPED entirely 0/frame (mode 3) | demoted to UI overlay 0/frame | no-albedo materials left to Remix 72/frame
    MARKED with the marker texture 2103/frame (refused as unsafe 0/frame, 6221 SetTexture calls/frame, marker created)
    albedo: moved off stage 0 165/frame, blanked 72/frame, restored from mesh cache 212/frame (4096 meshes cached) | RT textures known 55 | lights 141.3/frame (24 shaders)
    camera 213.0 10.1 231.8 | distinct cameras this frame 1 (max 1) | transform writes 504/frame | redundant state calls dropped 16186/frame
    world matrix changes 502/frame | objTM used without a fresh upload 0/frame | uv matrix writes 14/frame (last scale 0.00098, 0.00098)
    TIMING: frame 22.9 ms avg (44 fps), worst 22 ms | shim 11.59 ms avg (50.7% of frame), worst 11.7 ms
    TIMING tail: 0 frames >=33 ms, 0 >=100 ms in this window of 600 | inside real Present 2.06 ms avg, worst 2.8 ms | our other hooks 0.00 ms avg
    converted -> target 14EA2D78 1280x720 fmt=34 : 29 draws/frame
    converted -> target 14EA6D88 1280x720 fmt=113 : 697 draws/frame
    converted -> target 14EA2C80 1280x720 fmt=113 : 24 draws/frame
    converted -> target 14EA3918 1280x720 fmt=21 : 0 draws/frame
frame 34200 | draws 2935/frame | FFP converted 769/frame (26.2%)
    not converted: screen-space 166  skinned 0  ortho 0  vertex-format 14  untextured 1373  instanced 0  mirrored 0  other-camera 317  no camera 0  other 0 (per frame)
    prepasses hidden: sampler-less 1373/frame, stipple-with-no-colour 202/frame (these used to convert WHITE) | post/composite quads marked 166/frame
    constant-colour materials (no diffuse map, albedo from the shader's own constant) 71/frame | HUD quads demoted to UI 0/frame | back-buffer clears 1/frame | sky draws 60/frame | UI-pass draws converted 0/frame
    instancing: 892 converted from the instance stream/frame, 0 refused/frame (largest single draw 1 instances, 1.0 buffer writes snooped/frame)
    SKINNING: 83 draws skinned/frame, 22 refused/frame, 65 REPEATS/frame (same mesh twice in one frame) | 131 meshes decoded, 131 cached
    ALBEDO: constant-only 71/frame, tinted fallback 38/frame, genuinely blank 0/frame (of 71 rank-0 draws/frame)
    ALBEDO WHITE (previously uncounted): named-but-not-bound 0/frame, render-target exclusion left nothing 0/frame | colourless passes now hidden 34/frame
    SKIPPED entirely 0/frame (mode 3) | demoted to UI overlay 0/frame | no-albedo materials left to Remix 71/frame
    MARKED with the marker texture 2091/frame (refused as unsafe 0/frame, 6179 SetTexture calls/frame, marker created)
    albedo: moved off stage 0 165/frame, blanked 71/frame, restored from mesh cache 211/frame (4096 meshes cached) | RT textures known 55 | lights 139.6/frame (24 shaders)
    camera 213.0 10.1 231.8 | distinct cameras this frame 1 (max 1) | transform writes 501/frame | redundant state calls dropped 16092/frame
    world matrix changes 499/frame | objTM used without a fresh upload 0/frame | uv matrix writes 14/frame (last scale 0.00098, 0.00098)
    TIMING: frame 22.8 ms avg (44 fps), worst 114 ms | shim 11.54 ms avg (50.6% of frame), worst 11.3 ms
    TIMING tail: 1 frames >=33 ms, 1 >=100 ms in this window of 600 | inside real Present 2.05 ms avg, worst 5.5 ms | our other hooks 0.00 ms avg
    converted -> target 14EA2D78 1280x720 fmt=34 : 29 draws/frame
    converted -> target 14EA6D88 1280x720 fmt=113 : 693 draws/frame
    converted -> target 14EA2C80 1280x720 fmt=113 : 24 draws/frame
    converted -> target 14EA3918 1280x720 fmt=21 : 0 draws/frame
frame 34800 | draws 2919/frame | FFP converted 764/frame (26.2%)
    not converted: screen-space 165  skinned 0  ortho 0  vertex-format 15  untextured 1362  instanced 0  mirrored 0  other-camera 319  no camera 0  other 0 (per frame)
    prepasses hidden: sampler-less 1362/frame, stipple-with-no-colour 201/frame (these used to convert WHITE) | post/composite quads marked 165/frame
    constant-colour materials (no diffuse map, albedo from the shader's own constant) 70/frame | HUD quads demoted to UI 0/frame | back-buffer clears 1/frame | sky draws 60/frame | UI-pass draws converted 0/frame
    instancing: 891 converted from the instance stream/frame, 0 refused/frame (largest single draw 1 instances, 1.0 buffer writes snooped/frame)
    SKINNING: 82 draws skinned/frame, 22 refused/frame, 65 REPEATS/frame (same mesh twice in one frame) | 131 meshes decoded, 131 cached
    ALBEDO: constant-only 70/frame, tinted fallback 37/frame, genuinely blank 0/frame (of 70 rank-0 draws/frame)
    ALBEDO WHITE (previously uncounted): named-but-not-bound 0/frame, render-target exclusion left nothing 0/frame | colourless passes now hidden 34/frame
    SKIPPED entirely 0/frame (mode 3) | demoted to UI overlay 0/frame | no-albedo materials left to Remix 70/frame
    MARKED with the marker texture 2081/frame (refused as unsafe 0/frame, 6138 SetTexture calls/frame, marker created)
    albedo: moved off stage 0 165/frame, blanked 70/frame, restored from mesh cache 210/frame (4096 meshes cached) | RT textures known 55 | lights 138.0/frame (24 shaders)
    camera 213.0 10.1 231.8 | distinct cameras this frame 1 (max 1) | transform writes 498/frame | redundant state calls dropped 16002/frame
    world matrix changes 496/frame | objTM used without a fresh upload 0/frame | uv matrix writes 14/frame (last scale 0.00098, 0.00098)
    TIMING: frame 22.7 ms avg (44 fps), worst 24 ms | shim 11.48 ms avg (50.6% of frame), worst 12.4 ms
    TIMING tail: 0 frames >=33 ms, 0 >=100 ms in this window of 600 | inside real Present 2.05 ms avg, worst 2.9 ms | our other hooks 0.00 ms avg
    converted -> target 14EA2D78 1280x720 fmt=34 : 29 draws/frame
    converted -> target 14EA6D88 1280x720 fmt=113 : 689 draws/frame
    converted -> target 14EA2C80 1280x720 fmt=113 : 23 draws/frame
    converted -> target 14EA3918 1280x720 fmt=21 : 0 draws/frame
frame 35400 | draws 2905/frame | FFP converted 760/frame (26.2%)
    not converted: screen-space 163  skinned 0  ortho 0  vertex-format 15  untextured 1351  instanced 0  mirrored 0  other-camera 321  no camera 0  other 0 (per frame)
    prepasses hidden: sampler-less 1351/frame, stipple-with-no-colour 201/frame (these used to convert WHITE) | post/composite quads marked 163/frame
    constant-colour materials (no diffuse map, albedo from the shader's own constant) 69/frame | HUD quads demoted to UI 0/frame | back-buffer clears 1/frame | sky draws 59/frame | UI-pass draws converted 0/frame
    instancing: 891 converted from the instance stream/frame, 0 refused/frame (largest single draw 1 instances, 1.0 buffer writes snooped/frame)
    SKINNING: 82 draws skinned/frame, 22 refused/frame, 65 REPEATS/frame (same mesh twice in one frame) | 131 meshes decoded, 131 cached
    ALBEDO: constant-only 69/frame, tinted fallback 36/frame, genuinely blank 0/frame (of 69 rank-0 draws/frame)
    ALBEDO WHITE (previously uncounted): named-but-not-bound 0/frame, render-target exclusion left nothing 0/frame | colourless passes now hidden 34/frame
    SKIPPED entirely 0/frame (mode 3) | demoted to UI overlay 0/frame | no-albedo materials left to Remix 69/frame
    MARKED with the marker texture 2070/frame (refused as unsafe 0/frame, 6099 SetTexture calls/frame, marker created)
    albedo: moved off stage 0 165/frame, blanked 69/frame, restored from mesh cache 208/frame (4096 meshes cached) | RT textures known 55 | lights 136.4/frame (24 shaders)
    camera 213.1 10.1 231.8 | distinct cameras this frame 1 (max 1) | transform writes 495/frame | redundant state calls dropped 15914/frame
    world matrix changes 493/frame | objTM used without a fresh upload 0/frame | uv matrix writes 14/frame (last scale 0.00098, 0.00098)
    TIMING: frame 22.6 ms avg (44 fps), worst 81 ms | shim 11.43 ms avg (50.6% of frame), worst 13.1 ms
    TIMING tail: 2 frames >=33 ms, 0 >=100 ms in this window of 600 | inside real Present 2.03 ms avg, worst 55.5 ms | our other hooks 0.00 ms avg
    converted -> target 14EA2D78 1280x720 fmt=34 : 29 draws/frame
    converted -> target 14EA6D88 1280x720 fmt=113 : 686 draws/frame
    converted -> target 14EA2C80 1280x720 fmt=113 : 23 draws/frame
    converted -> target 14EA3918 1280x720 fmt=21 : 0 draws/frame
frame 36000 | draws 2891/frame | FFP converted 756/frame (26.2%)
    not converted: screen-space 162  skinned 0  ortho 0  vertex-format 15  untextured 1341  instanced 0  mirrored 0  other-camera 323  no camera 0  other 0 (per frame)
    prepasses hidden: sampler-less 1341/frame, stipple-with-no-colour 200/frame (these used to convert WHITE) | post/composite quads marked 162/frame
    constant-colour materials (no diffuse map, albedo from the shader's own constant) 68/frame | HUD quads demoted to UI 0/frame | back-buffer clears 1/frame | sky draws 59/frame | UI-pass draws converted 0/frame
    instancing: 890 converted from the instance stream/frame, 0 refused/frame (largest single draw 1 instances, 1.0 buffer writes snooped/frame)
    SKINNING: 82 draws skinned/frame, 21 refused/frame, 64 REPEATS/frame (same mesh twice in one frame) | 131 meshes decoded, 131 cached
    ALBEDO: constant-only 68/frame, tinted fallback 36/frame, genuinely blank 0/frame (of 68 rank-0 draws/frame)
    ALBEDO WHITE (previously uncounted): named-but-not-bound 0/frame, render-target exclusion left nothing 0/frame | colourless passes now hidden 34/frame
    SKIPPED entirely 0/frame (mode 3) | demoted to UI overlay 0/frame | no-albedo materials left to Remix 68/frame
    MARKED with the marker texture 2060/frame (refused as unsafe 0/frame, 6062 SetTexture calls/frame, marker created)
    albedo: moved off stage 0 165/frame, blanked 68/frame, restored from mesh cache 207/frame (4096 meshes cached) | RT textures known 55 | lights 134.9/frame (24 shaders)
    camera 213.1 10.1 231.8 | distinct cameras this frame 1 (max 1) | transform writes 492/frame | redundant state calls dropped 15831/frame
    world matrix changes 491/frame | objTM used without a fresh upload 0/frame | uv matrix writes 14/frame (last scale 0.00098, 0.00098)
    TIMING: frame 22.5 ms avg (44 fps), worst 22 ms | shim 11.39 ms avg (50.6% of frame), worst 12.2 ms
    TIMING tail: 0 frames >=33 ms, 0 >=100 ms in this window of 600 | inside real Present 2.02 ms avg, worst 3.1 ms | our other hooks 0.00 ms avg
    converted -> target 14EA2D78 1280x720 fmt=34 : 29 draws/frame
    converted -> target 14EA6D88 1280x720 fmt=113 : 683 draws/frame
    converted -> target 14EA2C80 1280x720 fmt=113 : 23 draws/frame
    converted -> target 14EA3918 1280x720 fmt=21 : 0 draws/frame
frame 36600 | draws 2877/frame | FFP converted 752/frame (26.1%)
    not converted: screen-space 160  skinned 0  ortho 0  vertex-format 15  untextured 1332  instanced 0  mirrored 0  other-camera 326  no camera 0  other 0 (per frame)
    prepasses hidden: sampler-less 1332/frame, stipple-with-no-colour 200/frame (these used to convert WHITE) | post/composite quads marked 160/frame
    constant-colour materials (no diffuse map, albedo from the shader's own constant) 68/frame | HUD quads demoted to UI 0/frame | back-buffer clears 1/frame | sky draws 59/frame | UI-pass draws converted 0/frame
    instancing: 890 converted from the instance stream/frame, 0 refused/frame (largest single draw 1 instances, 1.0 buffer writes snooped/frame)
    SKINNING: 81 draws skinned/frame, 21 refused/frame, 64 REPEATS/frame (same mesh twice in one frame) | 131 meshes decoded, 131 cached
    ALBEDO: constant-only 68/frame, tinted fallback 35/frame, genuinely blank 0/frame (of 68 rank-0 draws/frame)
    ALBEDO WHITE (previously uncounted): named-but-not-bound 0/frame, render-target exclusion left nothing 0/frame | colourless passes now hidden 34/frame
    SKIPPED entirely 0/frame (mode 3) | demoted to UI overlay 0/frame | no-albedo materials left to Remix 68/frame
    MARKED with the marker texture 2051/frame (refused as unsafe 0/frame, 6025 SetTexture calls/frame, marker created)
    albedo: moved off stage 0 165/frame, blanked 68/frame, restored from mesh cache 206/frame (4096 meshes cached) | RT textures known 55 | lights 133.4/frame (24 shaders)
    camera 213.1 10.1 231.8 | distinct cameras this frame 1 (max 1) | transform writes 490/frame | redundant state calls dropped 15751/frame
    world matrix changes 488/frame | objTM used without a fresh upload 0/frame | uv matrix writes 14/frame (last scale 0.00098, 0.00098)
    TIMING: frame 22.4 ms avg (45 fps), worst 22 ms | shim 11.34 ms avg (50.6% of frame), worst 12.3 ms
    TIMING tail: 0 frames >=33 ms, 0 >=100 ms in this window of 600 | inside real Present 2.01 ms avg, worst 3.0 ms | our other hooks 0.00 ms avg
    converted -> target 14EA2D78 1280x720 fmt=34 : 29 draws/frame
    converted -> target 14EA6D88 1280x720 fmt=113 : 679 draws/frame
    converted -> target 14EA2C80 1280x720 fmt=113 : 23 draws/frame
    converted -> target 14EA3918 1280x720 fmt=21 : 0 draws/frame
frame 37200 | draws 2864/frame | FFP converted 749/frame (26.1%)
    not converted: screen-space 159  skinned 0  ortho 0  vertex-format 15  untextured 1322  instanced 0  mirrored 0  other-camera 328  no camera 0  other 0 (per frame)
    prepasses hidden: sampler-less 1322/frame, stipple-with-no-colour 199/frame (these used to convert WHITE) | post/composite quads marked 159/frame
    constant-colour materials (no diffuse map, albedo from the shader's own constant) 67/frame | HUD quads demoted to UI 0/frame | back-buffer clears 1/frame | sky draws 59/frame | UI-pass draws converted 0/frame
    instancing: 889 converted from the instance stream/frame, 0 refused/frame (largest single draw 1 instances, 1.0 buffer writes snooped/frame)
    SKINNING: 81 draws skinned/frame, 20 refused/frame, 64 REPEATS/frame (same mesh twice in one frame) | 131 meshes decoded, 131 cached
    ALBEDO: constant-only 67/frame, tinted fallback 35/frame, genuinely blank 0/frame (of 67 rank-0 draws/frame)
    ALBEDO WHITE (previously uncounted): named-but-not-bound 0/frame, render-target exclusion left nothing 0/frame | colourless passes now hidden 34/frame
    SKIPPED entirely 0/frame (mode 3) | demoted to UI overlay 0/frame | no-albedo materials left to Remix 67/frame
    MARKED with the marker texture 2042/frame (refused as unsafe 0/frame, 5990 SetTexture calls/frame, marker created)
    albedo: moved off stage 0 165/frame, blanked 67/frame, restored from mesh cache 205/frame (4096 meshes cached) | RT textures known 55 | lights 132.0/frame (24 shaders)
    camera 213.1 10.1 231.8 | distinct cameras this frame 1 (max 1) | transform writes 487/frame | redundant state calls dropped 15673/frame
    world matrix changes 485/frame | objTM used without a fresh upload 0/frame | uv matrix writes 14/frame (last scale 0.00098, 0.00098)
    TIMING: frame 22.3 ms avg (45 fps), worst 107 ms | shim 11.31 ms avg (50.6% of frame), worst 12.7 ms
    TIMING tail: 3 frames >=33 ms, 1 >=100 ms in this window of 600 | inside real Present 2.00 ms avg, worst 81.7 ms | our other hooks 0.00 ms avg
    converted -> target 14EA2D78 1280x720 fmt=34 : 29 draws/frame
    converted -> target 14EA6D88 1280x720 fmt=113 : 676 draws/frame
    converted -> target 14EA2C80 1280x720 fmt=113 : 23 draws/frame
    converted -> target 14EA3918 1280x720 fmt=21 : 0 draws/frame
frame 37800 | draws 2852/frame | FFP converted 745/frame (26.1%)
    not converted: screen-space 158  skinned 0  ortho 0  vertex-format 16  untextured 1313  instanced 0  mirrored 0  other-camera 330  no camera 0  other 0 (per frame)
    prepasses hidden: sampler-less 1313/frame, stipple-with-no-colour 198/frame (these used to convert WHITE) | post/composite quads marked 158/frame
    constant-colour materials (no diffuse map, albedo from the shader's own constant) 66/frame | HUD quads demoted to UI 0/frame | back-buffer clears 1/frame | sky draws 58/frame | UI-pass draws converted 0/frame
    instancing: 889 converted from the instance stream/frame, 0 refused/frame (largest single draw 1 instances, 1.0 buffer writes snooped/frame)
    SKINNING: 81 draws skinned/frame, 20 refused/frame, 64 REPEATS/frame (same mesh twice in one frame) | 131 meshes decoded, 131 cached
    ALBEDO: constant-only 66/frame, tinted fallback 34/frame, genuinely blank 0/frame (of 66 rank-0 draws/frame)
    ALBEDO WHITE (previously uncounted): named-but-not-bound 0/frame, render-target exclusion left nothing 0/frame | colourless passes now hidden 34/frame
    SKIPPED entirely 0/frame (mode 3) | demoted to UI overlay 0/frame | no-albedo materials left to Remix 66/frame
    MARKED with the marker texture 2033/frame (refused as unsafe 0/frame, 5956 SetTexture calls/frame, marker created)
    albedo: moved off stage 0 165/frame, blanked 66/frame, restored from mesh cache 204/frame (4096 meshes cached) | RT textures known 55 | lights 130.7/frame (24 shaders)
    camera 213.1 10.1 231.8 | distinct cameras this frame 1 (max 1) | transform writes 485/frame | redundant state calls dropped 15598/frame
    world matrix changes 483/frame | objTM used without a fresh upload 0/frame | uv matrix writes 14/frame (last scale 0.00098, 0.00098)
    TIMING: frame 22.2 ms avg (45 fps), worst 113 ms | shim 11.27 ms avg (50.6% of frame), worst 12.0 ms
    TIMING tail: 3 frames >=33 ms, 2 >=100 ms in this window of 600 | inside real Present 1.99 ms avg, worst 82.8 ms | our other hooks 0.00 ms avg
    converted -> target 14EA2D78 1280x720 fmt=34 : 29 draws/frame
    converted -> target 14EA6D88 1280x720 fmt=113 : 673 draws/frame
    converted -> target 14EA2C80 1280x720 fmt=113 : 22 draws/frame
    converted -> target 14EA3918 1280x720 fmt=21 : 0 draws/frame
frame 38400 | draws 2840/frame | FFP converted 742/frame (26.1%)
    not converted: screen-space 156  skinned 0  ortho 0  vertex-format 16  untextured 1304  instanced 0  mirrored 0  other-camera 332  no camera 0  other 0 (per frame)
    prepasses hidden: sampler-less 1304/frame, stipple-with-no-colour 198/frame (these used to convert WHITE) | post/composite quads marked 156/frame
    constant-colour materials (no diffuse map, albedo from the shader's own constant) 65/frame | HUD quads demoted to UI 0/frame | back-buffer clears 1/frame | sky draws 58/frame | UI-pass draws converted 0/frame
    instancing: 889 converted from the instance stream/frame, 0 refused/frame (largest single draw 1 instances, 1.0 buffer writes snooped/frame)
    SKINNING: 80 draws skinned/frame, 20 refused/frame, 64 REPEATS/frame (same mesh twice in one frame) | 131 meshes decoded, 131 cached
    ALBEDO: constant-only 65/frame, tinted fallback 34/frame, genuinely blank 0/frame (of 65 rank-0 draws/frame)
    ALBEDO WHITE (previously uncounted): named-but-not-bound 0/frame, render-target exclusion left nothing 0/frame | colourless passes now hidden 34/frame
    SKIPPED entirely 0/frame (mode 3) | demoted to UI overlay 0/frame | no-albedo materials left to Remix 65/frame
    MARKED with the marker texture 2024/frame (refused as unsafe 0/frame, 5923 SetTexture calls/frame, marker created)
    albedo: moved off stage 0 165/frame, blanked 65/frame, restored from mesh cache 203/frame (4096 meshes cached) | RT textures known 55 | lights 129.3/frame (24 shaders)
    camera 213.1 10.1 231.8 | distinct cameras this frame 1 (max 1) | transform writes 482/frame | redundant state calls dropped 15525/frame
    world matrix changes 480/frame | objTM used without a fresh upload 0/frame | uv matrix writes 14/frame (last scale 0.00098, 0.00098)
    TIMING: frame 22.2 ms avg (45 fps), worst 97 ms | shim 11.23 ms avg (50.7% of frame), worst 12.0 ms
    TIMING tail: 2 frames >=33 ms, 0 >=100 ms in this window of 600 | inside real Present 1.98 ms avg, worst 78.3 ms | our other hooks 0.00 ms avg
    converted -> target 14EA2D78 1280x720 fmt=34 : 29 draws/frame
    converted -> target 14EA6D88 1280x720 fmt=113 : 670 draws/frame
    converted -> target 14EA2C80 1280x720 fmt=113 : 22 draws/frame
    converted -> target 14EA3918 1280x720 fmt=21 : 0 draws/frame
frame 39000 | draws 2828/frame | FFP converted 738/frame (26.1%)
    not converted: screen-space 155  skinned 0  ortho 0  vertex-format 16  untextured 1296  instanced 0  mirrored 0  other-camera 334  no camera 0  other 0 (per frame)
    prepasses hidden: sampler-less 1296/frame, stipple-with-no-colour 197/frame (these used to convert WHITE) | post/composite quads marked 155/frame
    constant-colour materials (no diffuse map, albedo from the shader's own constant) 65/frame | HUD quads demoted to UI 0/frame | back-buffer clears 1/frame | sky draws 58/frame | UI-pass draws converted 0/frame
    instancing: 888 converted from the instance stream/frame, 0 refused/frame (largest single draw 1 instances, 1.0 buffer writes snooped/frame)
    SKINNING: 80 draws skinned/frame, 20 refused/frame, 63 REPEATS/frame (same mesh twice in one frame) | 131 meshes decoded, 131 cached
    ALBEDO: constant-only 65/frame, tinted fallback 33/frame, genuinely blank 0/frame (of 65 rank-0 draws/frame)
    ALBEDO WHITE (previously uncounted): named-but-not-bound 0/frame, render-target exclusion left nothing 0/frame | colourless passes now hidden 34/frame
    SKIPPED entirely 0/frame (mode 3) | demoted to UI overlay 0/frame | no-albedo materials left to Remix 65/frame
    MARKED with the marker texture 2016/frame (refused as unsafe 0/frame, 5891 SetTexture calls/frame, marker created)
    albedo: moved off stage 0 165/frame, blanked 65/frame, restored from mesh cache 202/frame (4096 meshes cached) | RT textures known 55 | lights 128.1/frame (24 shaders)
    camera 213.1 10.1 231.8 | distinct cameras this frame 1 (max 1) | transform writes 480/frame | redundant state calls dropped 15455/frame
    world matrix changes 478/frame | objTM used without a fresh upload 0/frame | uv matrix writes 13/frame (last scale 0.00098, 0.00098)
    TIMING: frame 22.1 ms avg (45 fps), worst 22 ms | shim 11.19 ms avg (50.7% of frame), worst 12.9 ms
    TIMING tail: 0 frames >=33 ms, 0 >=100 ms in this window of 600 | inside real Present 1.97 ms avg, worst 2.7 ms | our other hooks 0.00 ms avg
    converted -> target 14EA2D78 1280x720 fmt=34 : 29 draws/frame
    converted -> target 14EA6D88 1280x720 fmt=113 : 668 draws/frame
    converted -> target 14EA2C80 1280x720 fmt=113 : 22 draws/frame
    converted -> target 14EA3918 1280x720 fmt=21 : 0 draws/frame
frame 39600 | draws 2816/frame | FFP converted 735/frame (26.1%)
    not converted: screen-space 154  skinned 0  ortho 0  vertex-format 16  untextured 1287  instanced 0  mirrored 0  other-camera 335  no camera 0  other 0 (per frame)
    prepasses hidden: sampler-less 1287/frame, stipple-with-no-colour 197/frame (these used to convert WHITE) | post/composite quads marked 154/frame
    constant-colour materials (no diffuse map, albedo from the shader's own constant) 64/frame | HUD quads demoted to UI 0/frame | back-buffer clears 1/frame | sky draws 58/frame | UI-pass draws converted 0/frame
    instancing: 888 converted from the instance stream/frame, 0 refused/frame (largest single draw 1 instances, 1.0 buffer writes snooped/frame)
    SKINNING: 80 draws skinned/frame, 19 refused/frame, 63 REPEATS/frame (same mesh twice in one frame) | 131 meshes decoded, 131 cached
    ALBEDO: constant-only 64/frame, tinted fallback 33/frame, genuinely blank 0/frame (of 64 rank-0 draws/frame)
    ALBEDO WHITE (previously uncounted): named-but-not-bound 0/frame, render-target exclusion left nothing 0/frame | colourless passes now hidden 34/frame
    SKIPPED entirely 0/frame (mode 3) | demoted to UI overlay 0/frame | no-albedo materials left to Remix 64/frame
    MARKED with the marker texture 2007/frame (refused as unsafe 0/frame, 5860 SetTexture calls/frame, marker created)
    albedo: moved off stage 0 165/frame, blanked 64/frame, restored from mesh cache 201/frame (4096 meshes cached) | RT textures known 55 | lights 126.8/frame (24 shaders)
    camera 213.1 10.1 231.8 | distinct cameras this frame 1 (max 1) | transform writes 478/frame | redundant state calls dropped 15386/frame
    world matrix changes 476/frame | objTM used without a fresh upload 0/frame | uv matrix writes 13/frame (last scale 0.00098, 0.00098)
    TIMING: frame 22.0 ms avg (45 fps), worst 111 ms | shim 11.16 ms avg (50.7% of frame), worst 13.1 ms
    TIMING tail: 2 frames >=33 ms, 2 >=100 ms in this window of 600 | inside real Present 1.96 ms avg, worst 2.7 ms | our other hooks 0.00 ms avg
    converted -> target 14EA2D78 1280x720 fmt=34 : 29 draws/frame
    converted -> target 14EA6D88 1280x720 fmt=113 : 665 draws/frame
    converted -> target 14EA2C80 1280x720 fmt=113 : 22 draws/frame
    converted -> target 14EA3918 1280x720 fmt=21 : 0 draws/frame
instanced draw declaration #1 (instances=10000) streams: 0 stride=8  1 stride=28  2 stride=0  3 stride=0
    stream=0 offset= 0 type=float2   usage=TEXCOORD     index=0
    stream=1 offset= 0 type=float3   usage=POSITION     index=0
    stream=1 offset=12 type=float3   usage=POSITION     index=1
    stream=1 offset=24 type=float1   usage=TEXCOORD     index=1
instanced draw declaration #2 (instances=10000) streams: 0 stride=8  1 stride=28  2 stride=0  3 stride=0
    stream=0 offset= 0 type=float2   usage=TEXCOORD     index=0
    stream=1 offset= 0 type=float3   usage=POSITION     index=0
    stream=1 offset=12 type=float3   usage=POSITION     index=1
    stream=1 offset=24 type=float1   usage=TEXCOORD     index=1
instanced draw declaration #3 (instances=10000) streams: 0 stride=8  1 stride=28  2 stride=0  3 stride=0
    stream=0 offset= 0 type=float2   usage=TEXCOORD     index=0
    stream=1 offset= 0 type=float3   usage=POSITION     index=0
    stream=1 offset=12 type=float3   usage=POSITION     index=1
    stream=1 offset=24 type=float1   usage=TEXCOORD     index=1
frame 40200 | draws 2813/frame | FFP converted 732/frame (26.0%)
    not converted: screen-space 153  skinned 0  ortho 0  vertex-format 16  untextured 1287  instanced 0  mirrored 0  other-camera 337  no camera 0  other 0 (per frame)
    prepasses hidden: sampler-less 1287/frame, stipple-with-no-colour 197/frame (these used to convert WHITE) | post/composite quads marked 153/frame
    constant-colour materials (no diffuse map, albedo from the shader's own constant) 63/frame | HUD quads demoted to UI 0/frame | back-buffer clears 1/frame | sky draws 57/frame | UI-pass draws converted 0/frame
    instancing: 888 converted from the instance stream/frame, 0 refused/frame (largest single draw 10000 instances, 1.0 buffer writes snooped/frame)
    SKINNING: 80 draws skinned/frame, 19 refused/frame, 63 REPEATS/frame (same mesh twice in one frame) | 131 meshes decoded, 131 cached
    ALBEDO: constant-only 63/frame, tinted fallback 33/frame, genuinely blank 0/frame (of 63 rank-0 draws/frame)
    ALBEDO WHITE (previously uncounted): named-but-not-bound 0/frame, render-target exclusion left nothing 0/frame | colourless passes now hidden 34/frame
    SKIPPED entirely 0/frame (mode 3) | demoted to UI overlay 0/frame | no-albedo materials left to Remix 63/frame
    MARKED with the marker texture 2007/frame (refused as unsafe 0/frame, 5846 SetTexture calls/frame, marker created)
    albedo: moved off stage 0 165/frame, blanked 63/frame, restored from mesh cache 200/frame (4096 meshes cached) | RT textures known 55 | lights 125.6/frame (24 shaders)
    camera 213.1 10.1 231.8 | distinct cameras this frame 1 (max 1) | transform writes 476/frame | redundant state calls dropped 15327/frame
    world matrix changes 474/frame | objTM used without a fresh upload 0/frame | uv matrix writes 13/frame (last scale 0.00098, 0.00098)
    TIMING: frame 22.0 ms avg (45 fps), worst 28 ms | shim 11.13 ms avg (50.6% of frame), worst 12.6 ms
    TIMING tail: 0 frames >=33 ms, 0 >=100 ms in this window of 600 | inside real Present 1.94 ms avg, worst 2.6 ms | our other hooks 0.00 ms avg
    converted -> target 14EA2D78 1280x720 fmt=34 : 29 draws/frame
    converted -> target 14EA6D88 1280x720 fmt=113 : 663 draws/frame
    converted -> target 14EA2C80 1280x720 fmt=113 : 22 draws/frame
    converted -> target 14EA3918 1280x720 fmt=21 : 0 draws/frame
frame 40800 | draws 2813/frame | FFP converted 730/frame (25.9%)
    not converted: screen-space 151  skinned 0  ortho 1  vertex-format 16  untextured 1289  instanced 0  mirrored 0  other-camera 339  no camera 0  other 0 (per frame)
    prepasses hidden: sampler-less 1289/frame, stipple-with-no-colour 196/frame (these used to convert WHITE) | post/composite quads marked 151/frame
    constant-colour materials (no diffuse map, albedo from the shader's own constant) 63/frame | HUD quads demoted to UI 0/frame | back-buffer clears 1/frame | sky draws 57/frame | UI-pass draws converted 0/frame
    instancing: 888 converted from the instance stream/frame, 0 refused/frame (largest single draw 10000 instances, 1.0 buffer writes snooped/frame)
    SKINNING: 79 draws skinned/frame, 19 refused/frame, 63 REPEATS/frame (same mesh twice in one frame) | 131 meshes decoded, 131 cached
    ALBEDO: constant-only 63/frame, tinted fallback 32/frame, genuinely blank 0/frame (of 63 rank-0 draws/frame)
    ALBEDO WHITE (previously uncounted): named-but-not-bound 0/frame, render-target exclusion left nothing 0/frame | colourless passes now hidden 34/frame
    SKIPPED entirely 0/frame (mode 3) | demoted to UI overlay 0/frame | no-albedo materials left to Remix 63/frame
    MARKED with the marker texture 2009/frame (refused as unsafe 1/frame, 5836 SetTexture calls/frame, marker created)
    albedo: moved off stage 0 165/frame, blanked 63/frame, restored from mesh cache 199/frame (4096 meshes cached) | RT textures known 55 | lights 124.4/frame (24 shaders)
    camera 213.1 10.1 231.8 | distinct cameras this frame 1 (max 1) | transform writes 474/frame | redundant state calls dropped 15272/frame
    world matrix changes 472/frame | objTM used without a fresh upload 0/frame | uv matrix writes 13/frame (last scale 0.00098, 0.00098)
    TIMING: frame 22.0 ms avg (46 fps), worst 109 ms | shim 11.10 ms avg (50.5% of frame), worst 13.1 ms
    TIMING tail: 5 frames >=33 ms, 1 >=100 ms in this window of 600 | inside real Present 1.92 ms avg, worst 66.9 ms | our other hooks 0.00 ms avg
    converted -> target 14EA2D78 1280x720 fmt=34 : 29 draws/frame
    converted -> target 14EA6D88 1280x720 fmt=113 : 660 draws/frame
    converted -> target 14EA2C80 1280x720 fmt=113 : 22 draws/frame
    converted -> target 14EA3918 1280x720 fmt=21 : 0 draws/frame
frame 41400 | draws 2835/frame | FFP converted 735/frame (25.9%)
    not converted: screen-space 151  skinned 0  ortho 1  vertex-format 16  untextured 1302  instanced 0  mirrored 0  other-camera 342  no camera 0  other 0 (per frame)
    prepasses hidden: sampler-less 1302/frame, stipple-with-no-colour 197/frame (these used to convert WHITE) | post/composite quads marked 151/frame
    constant-colour materials (no diffuse map, albedo from the shader's own constant) 63/frame | HUD quads demoted to UI 0/frame | back-buffer clears 1/frame | sky draws 57/frame | UI-pass draws converted 0/frame
    instancing: 895 converted from the instance stream/frame, 0 refused/frame (largest single draw 10000 instances, 1.0 buffer writes snooped/frame)
    SKINNING: 80 draws skinned/frame, 19 refused/frame, 63 REPEATS/frame (same mesh twice in one frame) | 134 meshes decoded, 134 cached
    ALBEDO: constant-only 63/frame, tinted fallback 33/frame, genuinely blank 0/frame (of 63 rank-0 draws/frame)
    ALBEDO WHITE (previously uncounted): named-but-not-bound 0/frame, render-target exclusion left nothing 0/frame | colourless passes now hidden 35/frame
    SKIPPED entirely 0/frame (mode 3) | demoted to UI overlay 0/frame | no-albedo materials left to Remix 63/frame
    MARKED with the marker texture 2026/frame (refused as unsafe 1/frame, 5859 SetTexture calls/frame, marker created)
    albedo: moved off stage 0 166/frame, blanked 63/frame, restored from mesh cache 200/frame (4096 meshes cached) | RT textures known 55 | lights 123.6/frame (24 shaders)
    camera 221.8 10.2 237.5 | distinct cameras this frame 1 (max 1) | transform writes 477/frame | redundant state calls dropped 15381/frame
    world matrix changes 475/frame | objTM used without a fresh upload 0/frame | uv matrix writes 14/frame (last scale 0.00098, 0.00098)
    TIMING: frame 22.1 ms avg (45 fps), worst 68 ms | shim 11.16 ms avg (50.5% of frame), worst 27.1 ms
    TIMING tail: 271 frames >=33 ms, 0 >=100 ms in this window of 600 | inside real Present 1.90 ms avg, worst 4.5 ms | our other hooks 0.00 ms avg
    converted -> target 14EA2D78 1280x720 fmt=34 : 29 draws/frame
    converted -> target 14EA6D88 1280x720 fmt=113 : 665 draws/frame
    converted -> target 14EA2C80 1280x720 fmt=113 : 22 draws/frame
    converted -> target 14EA3918 1280x720 fmt=21 : 0 draws/frame
frame 42000 | draws 2855/frame | FFP converted 739/frame (25.9%)
    not converted: screen-space 151  skinned 0  ortho 2  vertex-format 16  untextured 1315  instanced 0  mirrored 0  other-camera 342  no camera 0  other 0 (per frame)
    prepasses hidden: sampler-less 1315/frame, stipple-with-no-colour 198/frame (these used to convert WHITE) | post/composite quads marked 151/frame
    constant-colour materials (no diffuse map, albedo from the shader's own constant) 62/frame | HUD quads demoted to UI 0/frame | back-buffer clears 1/frame | sky draws 57/frame | UI-pass draws converted 0/frame
    instancing: 898 converted from the instance stream/frame, 0 refused/frame (largest single draw 10000 instances, 1.0 buffer writes snooped/frame)
    SKINNING: 80 draws skinned/frame, 19 refused/frame, 63 REPEATS/frame (same mesh twice in one frame) | 134 meshes decoded, 134 cached
    ALBEDO: constant-only 62/frame, tinted fallback 34/frame, genuinely blank 0/frame (of 62 rank-0 draws/frame)
    ALBEDO WHITE (previously uncounted): named-but-not-bound 0/frame, render-target exclusion left nothing 0/frame | colourless passes now hidden 36/frame
    SKIPPED entirely 0/frame (mode 3) | demoted to UI overlay 0/frame | no-albedo materials left to Remix 62/frame
    MARKED with the marker texture 2041/frame (refused as unsafe 2/frame, 5888 SetTexture calls/frame, marker created)
    albedo: moved off stage 0 168/frame, blanked 62/frame, restored from mesh cache 202/frame (4096 meshes cached) | RT textures known 55 | lights 123.5/frame (24 shaders)
    camera 221.8 10.2 237.5 | distinct cameras this frame 1 (max 1) | transform writes 480/frame | redundant state calls dropped 15473/frame
    world matrix changes 478/frame | objTM used without a fresh upload 0/frame | uv matrix writes 14/frame (last scale 0.00098, 0.00098)
    TIMING: frame 22.2 ms avg (45 fps), worst 45 ms | shim 11.20 ms avg (50.5% of frame), worst 19.4 ms
    TIMING tail: 10 frames >=33 ms, 0 >=100 ms in this window of 600 | inside real Present 1.87 ms avg, worst 1.0 ms | our other hooks 0.00 ms avg
    converted -> target 14EA2D78 1280x720 fmt=34 : 29 draws/frame
    converted -> target 14EA6D88 1280x720 fmt=113 : 669 draws/frame
    converted -> target 14EA2C80 1280x720 fmt=113 : 22 draws/frame
    converted -> target 14EA3918 1280x720 fmt=21 : 0 draws/frame
frame 42600 | draws 2876/frame | FFP converted 744/frame (25.9%)
    not converted: screen-space 151  skinned 0  ortho 2  vertex-format 16  untextured 1328  instanced 0  mirrored 0  other-camera 342  no camera 0  other 0 (per frame)
    prepasses hidden: sampler-less 1328/frame, stipple-with-no-colour 199/frame (these used to convert WHITE) | post/composite quads marked 151/frame
    constant-colour materials (no diffuse map, albedo from the shader's own constant) 62/frame | HUD quads demoted to UI 0/frame | back-buffer clears 1/frame | sky draws 57/frame | UI-pass draws converted 0/frame
    instancing: 900 converted from the instance stream/frame, 0 refused/frame (largest single draw 10000 instances, 1.0 buffer writes snooped/frame)
    SKINNING: 81 draws skinned/frame, 20 refused/frame, 64 REPEATS/frame (same mesh twice in one frame) | 138 meshes decoded, 138 cached
    ALBEDO: constant-only 62/frame, tinted fallback 35/frame, genuinely blank 0/frame (of 62 rank-0 draws/frame)
    ALBEDO WHITE (previously uncounted): named-but-not-bound 0/frame, render-target exclusion left nothing 0/frame | colourless passes now hidden 37/frame
    SKIPPED entirely 0/frame (mode 3) | demoted to UI overlay 0/frame | no-albedo materials left to Remix 62/frame
    MARKED with the marker texture 2057/frame (refused as unsafe 2/frame, 5920 SetTexture calls/frame, marker created)
    albedo: moved off stage 0 169/frame, blanked 62/frame, restored from mesh cache 204/frame (4096 meshes cached) | RT textures known 55 | lights 123.5/frame (24 shaders)
    camera 221.8 10.2 237.5 | distinct cameras this frame 1 (max 1) | transform writes 483/frame | redundant state calls dropped 15573/frame
    world matrix changes 481/frame | objTM used without a fresh upload 0/frame | uv matrix writes 14/frame (last scale 0.00098, 0.00098)
    TIMING: frame 22.2 ms avg (45 fps), worst 36 ms | shim 11.23 ms avg (50.5% of frame), worst 18.6 ms
    TIMING tail: 7 frames >=33 ms, 0 >=100 ms in this window of 600 | inside real Present 1.85 ms avg, worst 1.0 ms | our other hooks 0.00 ms avg
    converted -> target 14EA2D78 1280x720 fmt=34 : 29 draws/frame
    converted -> target 14EA6D88 1280x720 fmt=113 : 672 draws/frame
    converted -> target 14EA2C80 1280x720 fmt=113 : 23 draws/frame
    converted -> target 14EA3918 1280x720 fmt=21 : 0 draws/frame
frame 43200 | draws 2896/frame | FFP converted 748/frame (25.8%)
    not converted: screen-space 151  skinned 0  ortho 2  vertex-format 16  untextured 1341  instanced 0  mirrored 0  other-camera 342  no camera 0  other 0 (per frame)
    prepasses hidden: sampler-less 1341/frame, stipple-with-no-colour 200/frame (these used to convert WHITE) | post/composite quads marked 150/frame
    constant-colour materials (no diffuse map, albedo from the shader's own constant) 61/frame | HUD quads demoted to UI 0/frame | back-buffer clears 1/frame | sky draws 57/frame | UI-pass draws converted 0/frame
    instancing: 903 converted from the instance stream/frame, 0 refused/frame (largest single draw 10000 instances, 1.0 buffer writes snooped/frame)
    SKINNING: 81 draws skinned/frame, 20 refused/frame, 64 REPEATS/frame (same mesh twice in one frame) | 140 meshes decoded, 140 cached
    ALBEDO: constant-only 61/frame, tinted fallback 35/frame, genuinely blank 0/frame (of 61 rank-0 draws/frame)
    ALBEDO WHITE (previously uncounted): named-but-not-bound 0/frame, render-target exclusion left nothing 0/frame | colourless passes now hidden 38/frame
    SKIPPED entirely 0/frame (mode 3) | demoted to UI overlay 0/frame | no-albedo materials left to Remix 61/frame
    MARKED with the marker texture 2072/frame (refused as unsafe 2/frame, 5949 SetTexture calls/frame, marker created)
    albedo: moved off stage 0 171/frame, blanked 61/frame, restored from mesh cache 205/frame (4096 meshes cached) | RT textures known 55 | lights 123.4/frame (24 shaders)
    camera 221.8 10.2 237.5 | distinct cameras this frame 1 (max 1) | transform writes 485/frame | redundant state calls dropped 15662/frame
    world matrix changes 483/frame | objTM used without a fresh upload 0/frame | uv matrix writes 14/frame (last scale 0.00098, 0.00098)
    TIMING: frame 22.4 ms avg (45 fps), worst 61 ms | shim 11.29 ms avg (50.5% of frame), worst 25.8 ms
    TIMING tail: 109 frames >=33 ms, 0 >=100 ms in this window of 600 | inside real Present 1.83 ms avg, worst 4.8 ms | our other hooks 0.00 ms avg
    converted -> target 14EA2D78 1280x720 fmt=34 : 29 draws/frame
    converted -> target 14EA6D88 1280x720 fmt=113 : 676 draws/frame
    converted -> target 14EA2C80 1280x720 fmt=113 : 24 draws/frame
    converted -> target 14EA3918 1280x720 fmt=21 : 0 draws/frame
frame 43800 | draws 2914/frame | FFP converted 752/frame (25.8%)
    not converted: screen-space 151  skinned 0  ortho 3  vertex-format 16  untextured 1353  instanced 0  mirrored 0  other-camera 342  no camera 0  other 0 (per frame)
    prepasses hidden: sampler-less 1353/frame, stipple-with-no-colour 201/frame (these used to convert WHITE) | post/composite quads marked 150/frame
    constant-colour materials (no diffuse map, albedo from the shader's own constant) 61/frame | HUD quads demoted to UI 0/frame | back-buffer clears 1/frame | sky draws 57/frame | UI-pass draws converted 0/frame
    instancing: 906 converted from the instance stream/frame, 0 refused/frame (largest single draw 10000 instances, 1.0 buffer writes snooped/frame)
    SKINNING: 82 draws skinned/frame, 20 refused/frame, 64 REPEATS/frame (same mesh twice in one frame) | 144 meshes decoded, 144 cached
    ALBEDO: constant-only 61/frame, tinted fallback 36/frame, genuinely blank 0/frame (of 61 rank-0 draws/frame)
    ALBEDO WHITE (previously uncounted): named-but-not-bound 0/frame, render-target exclusion left nothing 0/frame | colourless passes now hidden 39/frame
    SKIPPED entirely 0/frame (mode 3) | demoted to UI overlay 0/frame | no-albedo materials left to Remix 61/frame
    MARKED with the marker texture 2086/frame (refused as unsafe 3/frame, 5977 SetTexture calls/frame, marker created)
    albedo: moved off stage 0 173/frame, blanked 61/frame, restored from mesh cache 207/frame (4096 meshes cached) | RT textures known 55 | lights 123.3/frame (24 shaders)
    camera 221.8 10.2 237.5 | distinct cameras this frame 1 (max 1) | transform writes 488/frame | redundant state calls dropped 15746/frame
    world matrix changes 486/frame | objTM used without a fresh upload 0/frame | uv matrix writes 14/frame (last scale 0.00098, 0.00098)
    TIMING: frame 22.5 ms avg (45 fps), worst 40 ms | shim 11.34 ms avg (50.5% of frame), worst 24.2 ms
    TIMING tail: 102 frames >=33 ms, 0 >=100 ms in this window of 600 | inside real Present 1.81 ms avg, worst 3.2 ms | our other hooks 0.00 ms avg
    converted -> target 14EA2D78 1280x720 fmt=34 : 29 draws/frame
    converted -> target 14EA6D88 1280x720 fmt=113 : 679 draws/frame
    converted -> target 14EA2C80 1280x720 fmt=113 : 24 draws/frame
    converted -> target 14EA3918 1280x720 fmt=21 : 0 draws/frame
frame 44400 | draws 2933/frame | FFP converted 756/frame (25.8%)
    not converted: screen-space 150  skinned 0  ortho 3  vertex-format 16  untextured 1365  instanced 0  mirrored 0  other-camera 342  no camera 0  other 0 (per frame)
    prepasses hidden: sampler-less 1365/frame, stipple-with-no-colour 202/frame (these used to convert WHITE) | post/composite quads marked 150/frame
    constant-colour materials (no diffuse map, albedo from the shader's own constant) 60/frame | HUD quads demoted to UI 0/frame | back-buffer clears 1/frame | sky draws 57/frame | UI-pass draws converted 0/frame
    instancing: 908 converted from the instance stream/frame, 0 refused/frame (largest single draw 10000 instances, 1.0 buffer writes snooped/frame)
    SKINNING: 82 draws skinned/frame, 20 refused/frame, 65 REPEATS/frame (same mesh twice in one frame) | 146 meshes decoded, 146 cached
    ALBEDO: constant-only 60/frame, tinted fallback 37/frame, genuinely blank 0/frame (of 60 rank-0 draws/frame)
    ALBEDO WHITE (previously uncounted): named-but-not-bound 0/frame, render-target exclusion left nothing 0/frame | colourless passes now hidden 41/frame
    SKIPPED entirely 0/frame (mode 3) | demoted to UI overlay 0/frame | no-albedo materials left to Remix 60/frame
    MARKED with the marker texture 2100/frame (refused as unsafe 3/frame, 6005 SetTexture calls/frame, marker created)
    albedo: moved off stage 0 175/frame, blanked 60/frame, restored from mesh cache 209/frame (4096 meshes cached) | RT textures known 55 | lights 123.2/frame (24 shaders)
    camera 221.8 10.2 237.5 | distinct cameras this frame 1 (max 1) | transform writes 490/frame | redundant state calls dropped 15834/frame
    world matrix changes 489/frame | objTM used without a fresh upload 0/frame | uv matrix writes 14/frame (last scale 0.00098, 0.00098)
    TIMING: frame 22.6 ms avg (44 fps), worst 45 ms | shim 11.40 ms avg (50.5% of frame), worst 25.0 ms
    TIMING tail: 189 frames >=33 ms, 0 >=100 ms in this window of 600 | inside real Present 1.79 ms avg, worst 1.1 ms | our other hooks 0.00 ms avg
    converted -> target 14EA2D78 1280x720 fmt=34 : 29 draws/frame
    converted -> target 14EA6D88 1280x720 fmt=113 : 683 draws/frame
    converted -> target 14EA2C80 1280x720 fmt=113 : 25 draws/frame
    converted -> target 14EA3918 1280x720 fmt=21 : 0 draws/frame
frame 45000 | draws 2944/frame | FFP converted 760/frame (25.8%)
    not converted: screen-space 150  skinned 0  ortho 3  vertex-format 16  untextured 1370  instanced 0  mirrored 0  other-camera 342  no camera 0  other 0 (per frame)
    prepasses hidden: sampler-less 1370/frame, stipple-with-no-colour 202/frame (these used to convert WHITE) | post/composite quads marked 150/frame
    constant-colour materials (no diffuse map, albedo from the shader's own constant) 60/frame | HUD quads demoted to UI 0/frame | back-buffer clears 1/frame | sky draws 57/frame | UI-pass draws converted 0/frame
    instancing: 911 converted from the instance stream/frame, 0 refused/frame (largest single draw 10000 instances, 1.0 buffer writes snooped/frame)
    SKINNING: 83 draws skinned/frame, 20 refused/frame, 65 REPEATS/frame (same mesh twice in one frame) | 146 meshes decoded, 146 cached
    ALBEDO: constant-only 60/frame, tinted fallback 37/frame, genuinely blank 0/frame (of 60 rank-0 draws/frame)
    ALBEDO WHITE (previously uncounted): named-but-not-bound 0/frame, render-target exclusion left nothing 0/frame | colourless passes now hidden 42/frame
    SKIPPED entirely 0/frame (mode 3) | demoted to UI overlay 0/frame | no-albedo materials left to Remix 60/frame
    MARKED with the marker texture 2107/frame (refused as unsafe 3/frame, 6018 SetTexture calls/frame, marker created)
    albedo: moved off stage 0 176/frame, blanked 60/frame, restored from mesh cache 210/frame (4096 meshes cached) | RT textures known 55 | lights 123.2/frame (24 shaders)
    camera 221.8 10.2 237.5 | distinct cameras this frame 1 (max 1) | transform writes 493/frame | redundant state calls dropped 15915/frame
    world matrix changes 491/frame | objTM used without a fresh upload 0/frame | uv matrix writes 14/frame (last scale 0.00098, 0.00098)
    TIMING: frame 22.6 ms avg (44 fps), worst 48 ms | shim 11.43 ms avg (50.5% of frame), worst 20.1 ms
    TIMING tail: 16 frames >=33 ms, 0 >=100 ms in this window of 600 | inside real Present 1.77 ms avg, worst 1.0 ms | our other hooks 0.00 ms avg
    converted -> target 14EA2D78 1280x720 fmt=34 : 29 draws/frame
    converted -> target 14EA6D88 1280x720 fmt=113 : 686 draws/frame
    converted -> target 14EA2C80 1280x720 fmt=113 : 25 draws/frame
    converted -> target 14EA3918 1280x720 fmt=21 : 0 draws/frame
frame 45600 | draws 2952/frame | FFP converted 764/frame (25.9%)
    not converted: screen-space 150  skinned 0  ortho 3  vertex-format 16  untextured 1373  instanced 0  mirrored 0  other-camera 342  no camera 0  other 0 (per frame)
    prepasses hidden: sampler-less 1373/frame, stipple-with-no-colour 204/frame (these used to convert WHITE) | post/composite quads marked 150/frame
    constant-colour materials (no diffuse map, albedo from the shader's own constant) 59/frame | HUD quads demoted to UI 0/frame | back-buffer clears 1/frame | sky draws 57/frame | UI-pass draws converted 0/frame
    instancing: 913 converted from the instance stream/frame, 0 refused/frame (largest single draw 10000 instances, 1.0 buffer writes snooped/frame)
    SKINNING: 83 draws skinned/frame, 20 refused/frame, 66 REPEATS/frame (same mesh twice in one frame) | 146 meshes decoded, 146 cached
    ALBEDO: constant-only 59/frame, tinted fallback 38/frame, genuinely blank 0/frame (of 59 rank-0 draws/frame)
    ALBEDO WHITE (previously uncounted): named-but-not-bound 0/frame, render-target exclusion left nothing 0/frame | colourless passes now hidden 43/frame
    SKIPPED entirely 0/frame (mode 3) | demoted to UI overlay 0/frame | no-albedo materials left to Remix 59/frame
    MARKED with the marker texture 2111/frame (refused as unsafe 3/frame, 6027 SetTexture calls/frame, marker created)
    albedo: moved off stage 0 178/frame, blanked 59/frame, restored from mesh cache 212/frame (4096 meshes cached) | RT textures known 55 | lights 123.1/frame (24 shaders)
    camera 221.8 10.2 237.5 | distinct cameras this frame 1 (max 1) | transform writes 495/frame | redundant state calls dropped 16001/frame
    world matrix changes 493/frame | objTM used without a fresh upload 0/frame | uv matrix writes 14/frame (last scale 0.00098, 0.00098)
    TIMING: frame 22.7 ms avg (44 fps), worst 38 ms | shim 11.48 ms avg (50.6% of frame), worst 22.4 ms
    TIMING tail: 6 frames >=33 ms, 0 >=100 ms in this window of 600 | inside real Present 1.74 ms avg, worst 0.4 ms | our other hooks 0.00 ms avg
    converted -> target 14EA2D78 1280x720 fmt=34 : 29 draws/frame
    converted -> target 14EA6D88 1280x720 fmt=113 : 689 draws/frame
    converted -> target 14EA2C80 1280x720 fmt=113 : 26 draws/frame
    converted -> target 14EA3918 1280x720 fmt=21 : 0 draws/frame
camera: pos 220.4 11.2 236.7 | proj _11=1.5964 _22=2.8379 _33=1.00001 _43=-0.15 (aspect 1.778)
camera: pos 220.1 11.3 236.5 | proj _11=1.5847 _22=2.8173 _33=1.00001 _43=-0.15 (aspect 1.778)
camera: pos 219.7 11.3 236.4 | proj _11=1.5726 _22=2.7956 _33=1.00001 _43=-0.15 (aspect 1.778)
camera: pos 219.2 11.3 236.4 | proj _11=1.5612 _22=2.7755 _33=1.00001 _43=-0.15 (aspect 1.778)
camera: pos 218.8 11.3 236.5 | proj _11=1.5500 _22=2.7554 _33=1.00001 _43=-0.15 (aspect 1.778)
camera: pos 218.4 11.3 236.6 | proj _11=1.5386 _22=2.7351 _33=1.00001 _43=-0.15 (aspect 1.778)
camera: pos 218.0 11.3 236.8 | proj _11=1.5271 _22=2.7148 _33=1.00001 _43=-0.15 (aspect 1.778)
camera: pos 217.6 11.3 236.8 | proj _11=1.5157 _22=2.6945 _33=1.00001 _43=-0.15 (aspect 1.778)
camera: pos 217.1 11.2 236.8 | proj _11=1.5038 _22=2.6734 _33=1.00001 _43=-0.15 (aspect 1.778)
camera: pos 216.7 11.2 236.7 | proj _11=1.4925 _22=2.6532 _33=1.00001 _43=-0.15 (aspect 1.778)
camera: pos 216.2 11.2 236.7 | proj _11=1.4808 _22=2.6324 _33=1.00001 _43=-0.15 (aspect 1.778)
camera: pos 215.8 11.2 236.7 | proj _11=1.4695 _22=2.6123 _33=1.00001 _43=-0.15 (aspect 1.778)
camera: pos 215.3 11.2 236.6 | proj _11=1.4584 _22=2.5926 _33=1.00001 _43=-0.15 (aspect 1.778)
camera: pos 214.8 11.2 236.6 | proj _11=1.4470 _22=2.5724 _33=1.00001 _43=-0.15 (aspect 1.778)
camera: pos 214.3 11.2 236.5 | proj _11=1.4360 _22=2.5529 _33=1.00001 _43=-0.15 (aspect 1.778)
camera: pos 213.7 11.2 235.9 | proj _11=1.4248 _22=2.5330 _33=1.00001 _43=-0.15 (aspect 1.778)
camera: pos 213.3 11.2 235.9 | proj _11=1.4097 _22=2.5061 _33=1.00001 _43=-0.15 (aspect 1.778)
camera: pos 212.9 11.3 236.2 | proj _11=1.3987 _22=2.4865 _33=1.00001 _43=-0.15 (aspect 1.778)
camera: pos 212.5 11.3 236.5 | proj _11=1.3874 _22=2.4664 _33=1.00001 _43=-0.15 (aspect 1.778)
camera: pos 212.1 11.2 236.7 | proj _11=1.3772 _22=2.4484 _33=1.00001 _43=-0.15 (aspect 1.778)
camera: pos 211.6 11.2 236.8 | proj _11=1.3667 _22=2.4296 _33=1.00001 _43=-0.15 (aspect 1.778)
camera: pos 211.2 11.2 236.8 | proj _11=1.3563 _22=2.4111 _33=1.00001 _43=-0.15 (aspect 1.778)
camera: pos 210.5 11.0 236.9 | proj _11=1.3414 _22=2.3846 _33=1.00001 _43=-0.15 (aspect 1.778)
camera: pos 209.8 10.9 237.3 | proj _11=1.3266 _22=2.3584 _33=1.00001 _43=-0.15 (aspect 1.778)
camera: pos 209.0 10.9 238.0 | proj _11=1.3117 _22=2.3318 _33=1.00001 _43=-0.15 (aspect 1.778)
camera: pos 208.4 10.9 238.4 | proj _11=1.3012 _22=2.3132 _33=1.00001 _43=-0.15 (aspect 1.778)
frame 46200 | draws 2960/frame | FFP converted 768/frame (26.0%)
    not converted: screen-space 150  skinned 0  ortho 3  vertex-format 16  untextured 1375  instanced 0  mirrored 0  other-camera 342  no camera 0  other 0 (per frame)
    prepasses hidden: sampler-less 1375/frame, stipple-with-no-colour 205/frame (these used to convert WHITE) | post/composite quads marked 150/frame
    constant-colour materials (no diffuse map, albedo from the shader's own constant) 59/frame | HUD quads demoted to UI 0/frame | back-buffer clears 1/frame | sky draws 57/frame | UI-pass draws converted 0/frame
    instancing: 914 converted from the instance stream/frame, 0 refused/frame (largest single draw 10000 instances, 1.0 buffer writes snooped/frame)
    SKINNING: 84 draws skinned/frame, 21 refused/frame, 66 REPEATS/frame (same mesh twice in one frame) | 152 meshes decoded, 152 cached
    ALBEDO: constant-only 59/frame, tinted fallback 39/frame, genuinely blank 0/frame (of 59 rank-0 draws/frame)
    ALBEDO WHITE (previously uncounted): named-but-not-bound 0/frame, render-target exclusion left nothing 0/frame | colourless passes now hidden 44/frame
    SKIPPED entirely 0/frame (mode 3) | demoted to UI overlay 0/frame | no-albedo materials left to Remix 59/frame
    MARKED with the marker texture 2116/frame (refused as unsafe 3/frame, 6033 SetTexture calls/frame, marker created)
    albedo: moved off stage 0 180/frame, blanked 59/frame, restored from mesh cache 213/frame (4096 meshes cached) | RT textures known 55 | lights 123.0/frame (24 shaders)
    camera 207.8 10.9 238.7 | distinct cameras this frame 1 (max 1) | transform writes 497/frame | redundant state calls dropped 16082/frame
    world matrix changes 495/frame | objTM used without a fresh upload 0/frame | uv matrix writes 14/frame (last scale 0.00098, 0.00098)
    TIMING: frame 22.7 ms avg (44 fps), worst 117 ms | shim 11.54 ms avg (50.8% of frame), worst 28.4 ms
    TIMING tail: 22 frames >=33 ms, 1 >=100 ms in this window of 600 | inside real Present 1.73 ms avg, worst 2.7 ms | our other hooks 0.00 ms avg
    converted -> target 14EA2D78 1280x720 fmt=34 : 29 draws/frame
    converted -> target 14EA6D88 1280x720 fmt=113 : 692 draws/frame
    converted -> target 14EA2C80 1280x720 fmt=113 : 26 draws/frame
    converted -> target 14EA3918 1280x720 fmt=21 : 0 draws/frame
camera: pos 203.4 11.1 233.0 | proj _11=1.3130 _22=2.3341 _33=1.00001 _43=-0.15 (aspect 1.778)
camera: pos 203.1 11.2 232.4 | proj _11=1.3270 _22=2.3591 _33=1.00001 _43=-0.15 (aspect 1.778)
camera: pos 202.7 11.3 231.9 | proj _11=1.3417 _22=2.3852 _33=1.00001 _43=-0.15 (aspect 1.778)
camera: pos 202.4 11.3 231.5 | proj _11=1.3553 _22=2.4093 _33=1.00001 _43=-0.15 (aspect 1.778)
camera: pos 202.0 11.4 231.2 | proj _11=1.3685 _22=2.4328 _33=1.00001 _43=-0.15 (aspect 1.778)
camera: pos 201.7 11.5 231.1 | proj _11=1.3816 _22=2.4561 _33=1.00001 _43=-0.15 (aspect 1.778)
camera: pos 201.7 11.5 231.1 | proj _11=1.3954 _22=2.4806 _33=1.00001 _43=-0.15 (aspect 1.778)
camera: pos 201.7 11.5 231.1 | proj _11=1.4099 _22=2.5065 _33=1.00001 _43=-0.15 (aspect 1.778)
camera: pos 201.7 11.5 231.2 | proj _11=1.4237 _22=2.5310 _33=1.00001 _43=-0.15 (aspect 1.778)
camera: pos 201.8 11.5 231.3 | proj _11=1.4395 _22=2.5591 _33=1.00001 _43=-0.15 (aspect 1.778)
camera: pos 201.8 11.5 231.3 | proj _11=1.4544 _22=2.5856 _33=1.00001 _43=-0.15 (aspect 1.778)
camera: pos 201.9 11.5 231.4 | proj _11=1.4700 _22=2.6134 _33=1.00001 _43=-0.15 (aspect 1.778)
camera: pos 201.9 11.6 231.5 | proj _11=1.4841 _22=2.6383 _33=1.00001 _43=-0.15 (aspect 1.778)
camera: pos 202.0 11.6 231.5 | proj _11=1.5004 _22=2.6673 _33=1.00001 _43=-0.15 (aspect 1.778)
camera: pos 202.0 11.6 231.6 | proj _11=1.5154 _22=2.6940 _33=1.00001 _43=-0.15 (aspect 1.778)
camera: pos 202.1 11.6 231.7 | proj _11=1.5323 _22=2.7241 _33=1.00001 _43=-0.15 (aspect 1.778)
camera: pos 202.2 11.6 231.8 | proj _11=1.5492 _22=2.7541 _33=1.00001 _43=-0.15 (aspect 1.778)
camera: pos 202.0 11.5 231.7 | proj _11=1.5663 _22=2.7845 _33=1.00001 _43=-0.15 (aspect 1.778)
camera: pos 201.5 11.5 231.4 | proj _11=1.5874 _22=2.8219 _33=1.00001 _43=-0.15 (aspect 1.778)
camera: pos 201.3 11.6 231.3 | proj _11=1.6085 _22=2.8594 _33=1.00001 _43=-0.15 (aspect 1.778)
camera: pos 199.2 11.5 232.0 | proj _11=1.5974 _22=2.8397 _33=1.00001 _43=-0.15 (aspect 1.778)
camera: pos 199.2 11.5 232.3 | proj _11=1.5864 _22=2.8202 _33=1.00001 _43=-0.15 (aspect 1.778)
camera: pos 198.9 11.5 232.7 | proj _11=1.5750 _22=2.7999 _33=1.00001 _43=-0.15 (aspect 1.778)
camera: pos 198.0 11.7 233.3 | proj _11=1.5643 _22=2.7809 _33=1.00001 _43=-0.15 (aspect 1.778)
camera: pos 197.2 11.7 234.3 | proj _11=1.5537 _22=2.7622 _33=1.00001 _43=-0.15 (aspect 1.778)
camera: pos 197.0 11.8 235.0 | proj _11=1.5401 _22=2.7380 _33=1.00001 _43=-0.15 (aspect 1.778)
camera: pos 197.4 11.8 235.1 | proj _11=1.5278 _22=2.7161 _33=1.00001 _43=-0.15 (aspect 1.778)
camera: pos 197.8 11.7 235.2 | proj _11=1.5164 _22=2.6957 _33=1.00001 _43=-0.15 (aspect 1.778)
camera: pos 198.3 11.7 235.2 | proj _11=1.5049 _22=2.6753 _33=1.00001 _43=-0.15 (aspect 1.778)
camera: pos 198.7 11.7 235.2 | proj _11=1.4934 _22=2.6549 _33=1.00001 _43=-0.15 (aspect 1.778)
camera: pos 198.9 11.6 235.5 | proj _11=1.4826 _22=2.6357 _33=1.00001 _43=-0.15 (aspect 1.778)
camera: pos 198.4 11.5 236.6 | proj _11=1.4719 _22=2.6166 _33=1.00001 _43=-0.15 (aspect 1.778)
camera: pos 198.2 11.3 238.4 | proj _11=1.4597 _22=2.5950 _33=1.00001 _43=-0.15 (aspect 1.778)
camera: pos 198.7 11.1 239.8 | proj _11=1.4437 _22=2.5664 _33=1.00001 _43=-0.15 (aspect 1.778)
camera: pos 199.2 11.0 240.0 | proj _11=1.4335 _22=2.5484 _33=1.00001 _43=-0.15 (aspect 1.778)
camera: pos 199.8 11.0 240.0 | proj _11=1.4226 _22=2.5290 _33=1.00001 _43=-0.15 (aspect 1.778)
camera: pos 200.3 11.0 240.1 | proj _11=1.4104 _22=2.5074 _33=1.00001 _43=-0.15 (aspect 1.778)
camera: pos 200.7 11.2 239.9 | proj _11=1.3983 _22=2.4859 _33=1.00001 _43=-0.15 (aspect 1.778)
camera: pos 201.1 11.2 239.8 | proj _11=1.3873 _22=2.4662 _33=1.00001 _43=-0.15 (aspect 1.778)
camera: pos 201.6 11.2 239.6 | proj _11=1.3763 _22=2.4467 _33=1.00001 _43=-0.15 (aspect 1.778)
camera: pos 202.1 11.1 239.5 | proj _11=1.3647 _22=2.4260 _33=1.00001 _43=-0.15 (aspect 1.778)
camera: pos 202.6 11.1 239.5 | proj _11=1.3541 _22=2.4072 _33=1.00001 _43=-0.15 (aspect 1.778)
camera: pos 203.2 10.9 239.7 | proj _11=1.3439 _22=2.3891 _33=1.00001 _43=-0.15 (aspect 1.778)
camera: pos 203.8 10.9 239.9 | proj _11=1.3334 _22=2.3704 _33=1.00001 _43=-0.15 (aspect 1.778)
camera: pos 204.4 10.8 239.9 | proj _11=1.3220 _22=2.3503 _33=1.00001 _43=-0.15 (aspect 1.778)
camera: pos 204.9 10.8 239.6 | proj _11=1.3109 _22=2.3304 _33=1.00001 _43=-0.15 (aspect 1.778)
camera: pos 205.4 10.8 239.3 | proj _11=1.3005 _22=2.3119 _33=1.00001 _43=-0.15 (aspect 1.778)
camera: pos 209.4 8.6 227.3 | proj _11=1.3141 _22=2.3361 _33=1.00001 _43=-0.15 (aspect 1.778)
camera: pos 209.3 8.6 227.3 | proj _11=1.3281 _22=2.3611 _33=1.00001 _43=-0.15 (aspect 1.778)
camera: pos 209.3 8.6 227.3 | proj _11=1.3431 _22=2.3878 _33=1.00001 _43=-0.15 (aspect 1.778)
camera: pos 209.2 8.6 227.4 | proj _11=1.3620 _22=2.4212 _33=1.00001 _43=-0.15 (aspect 1.778)
camera: pos 209.2 8.5 227.4 | proj _11=1.3782 _22=2.4501 _33=1.00001 _43=-0.15 (aspect 1.778)
camera: pos 209.2 8.5 227.5 | proj _11=1.3947 _22=2.4793 _33=1.00001 _43=-0.15 (aspect 1.778)
camera: pos 209.2 8.5 227.6 | proj _11=1.4115 _22=2.5092 _33=1.00001 _43=-0.15 (aspect 1.778)
camera: pos 209.2 8.5 227.6 | proj _11=1.4279 _22=2.5385 _33=1.00001 _43=-0.15 (aspect 1.778)
camera: pos 209.1 8.5 227.7 | proj _11=1.4442 _22=2.5675 _33=1.00001 _43=-0.15 (aspect 1.778)
camera: pos 209.1 8.4 227.7 | proj _11=1.4601 _22=2.5958 _33=1.00001 _43=-0.15 (aspect 1.778)
camera: pos 209.1 8.4 227.8 | proj _11=1.4766 _22=2.6250 _33=1.00001 _43=-0.15 (aspect 1.778)
camera: pos 209.1 8.4 227.8 | proj _11=1.4926 _22=2.6534 _33=1.00001 _43=-0.15 (aspect 1.778)
camera: pos 209.1 8.4 227.8 | proj _11=1.5112 _22=2.6866 _33=1.00001 _43=-0.15 (aspect 1.778)
camera: pos 209.1 8.4 227.8 | proj _11=1.5285 _22=2.7173 _33=1.00001 _43=-0.15 (aspect 1.778)
camera: pos 208.9 8.4 227.8 | proj _11=1.5465 _22=2.7493 _33=1.00001 _43=-0.15 (aspect 1.778)
camera: pos 208.7 8.5 227.8 | proj _11=1.5642 _22=2.7807 _33=1.00001 _43=-0.15 (aspect 1.778)
camera: pos 208.5 8.5 227.8 | proj _11=1.5848 _22=2.8173 _33=1.00001 _43=-0.15 (aspect 1.778)
camera: pos 208.4 8.6 227.7 | proj _11=1.6045 _22=2.8524 _33=1.00001 _43=-0.15 (aspect 1.778)
camera: pos 212.5 8.4 229.6 | proj _11=1.5919 _22=2.8299 _33=1.00001 _43=-0.15 (aspect 1.778)
camera: pos 212.8 8.4 229.5 | proj _11=1.5788 _22=2.8067 _33=1.00001 _43=-0.15 (aspect 1.778)
camera: pos 213.4 9.4 226.5 | proj _11=1.5645 _22=2.7812 _33=1.00001 _43=-0.15 (aspect 1.778)
camera: pos 213.7 9.5 226.2 | proj _11=1.5541 _22=2.7628 _33=1.00001 _43=-0.15 (aspect 1.778)
camera: pos 214.0 9.6 226.1 | proj _11=1.5413 _22=2.7401 _33=1.00001 _43=-0.15 (aspect 1.778)
camera: pos 214.3 9.6 226.1 | proj _11=1.5277 _22=2.7158 _33=1.00001 _43=-0.15 (aspect 1.778)
camera: pos 214.6 9.5 226.6 | proj _11=1.5127 _22=2.6892 _33=1.00001 _43=-0.15 (aspect 1.778)
camera: pos 214.6 8.7 229.5 | proj _11=1.4985 _22=2.6639 _33=1.00001 _43=-0.15 (aspect 1.778)
camera: pos 214.9 8.7 229.5 | proj _11=1.4881 _22=2.6455 _33=1.00001 _43=-0.15 (aspect 1.778)
camera: pos 215.2 8.8 229.4 | proj _11=1.4769 _22=2.6256 _33=1.00001 _43=-0.15 (aspect 1.778)
camera: pos 215.6 8.8 229.3 | proj _11=1.4657 _22=2.6055 _33=1.00001 _43=-0.15 (aspect 1.778)
camera: pos 215.9 8.8 229.2 | proj _11=1.4556 _22=2.5876 _33=1.00001 _43=-0.15 (aspect 1.778)
camera: pos 216.4 8.8 229.1 | proj _11=1.4409 _22=2.5616 _33=1.00001 _43=-0.15 (aspect 1.778)
camera: pos 216.9 8.9 229.0 | proj _11=1.4270 _22=2.5369 _33=1.00001 _43=-0.15 (aspect 1.778)
camera: pos 217.4 8.9 228.9 | proj _11=1.4129 _22=2.5118 _33=1.00001 _43=-0.15 (aspect 1.778)
camera: pos 217.8 8.9 228.7 | proj _11=1.3992 _22=2.4874 _33=1.00001 _43=-0.15 (aspect 1.778)
camera: pos 218.0 9.0 228.6 | proj _11=1.3857 _22=2.4634 _33=1.00001 _43=-0.15 (aspect 1.778)
camera: pos 218.2 9.0 228.4 | proj _11=1.3711 _22=2.4374 _33=1.00001 _43=-0.15 (aspect 1.778)
camera: pos 218.4 9.0 228.1 | proj _11=1.3575 _22=2.4133 _33=1.00001 _43=-0.15 (aspect 1.778)
camera: pos 218.7 9.1 227.9 | proj _11=1.3428 _22=2.3872 _33=1.00001 _43=-0.15 (aspect 1.778)
camera: pos 219.0 9.2 227.6 | proj _11=1.3293 _22=2.3632 _33=1.00001 _43=-0.15 (aspect 1.778)
camera: pos 219.1 9.3 227.3 | proj _11=1.3185 _22=2.3440 _33=1.00001 _43=-0.15 (aspect 1.778)
camera: pos 219.3 9.4 226.9 | proj _11=1.3047 _22=2.3194 _33=1.00001 _43=-0.15 (aspect 1.778)
camera: pos 214.2 9.5 229.1 | proj _11=1.3233 _22=2.3525 _33=1.00001 _43=-0.15 (aspect 1.778)
camera: pos 214.1 9.5 229.1 | proj _11=1.3356 _22=2.3743 _33=1.00001 _43=-0.15 (aspect 1.778)
camera: pos 214.0 9.5 229.0 | proj _11=1.3483 _22=2.3969 _33=1.00001 _43=-0.15 (aspect 1.778)
camera: pos 213.9 9.5 229.0 | proj _11=1.3605 _22=2.4186 _33=1.00001 _43=-0.15 (aspect 1.778)
camera: pos 213.7 9.5 228.9 | proj _11=1.3736 _22=2.4419 _33=1.00001 _43=-0.15 (aspect 1.778)
camera: pos 213.5 9.5 228.8 | proj _11=1.3877 _22=2.4670 _33=1.00001 _43=-0.15 (aspect 1.778)
camera: pos 213.4 9.5 228.8 | proj _11=1.4029 _22=2.4940 _33=1.00001 _43=-0.15 (aspect 1.778)
frame 46800 | draws 2967/frame | FFP converted 771/frame (26.0%)
    not converted: screen-space 150  skinned 0  ortho 3  vertex-format 16  untextured 1377  instanced 0  mirrored 0  other-camera 344  no camera 0  other 0 (per frame)
    prepasses hidden: sampler-less 1377/frame, stipple-with-no-colour 205/frame (these used to convert WHITE) | post/composite quads marked 150/frame
    constant-colour materials (no diffuse map, albedo from the shader's own constant) 59/frame | HUD quads demoted to UI 0/frame | back-buffer clears 1/frame | sky draws 57/frame | UI-pass draws converted 0/frame
    instancing: 917 converted from the instance stream/frame, 0 refused/frame (largest single draw 10000 instances, 1.0 buffer writes snooped/frame)
    SKINNING: 84 draws skinned/frame, 22 refused/frame, 67 REPEATS/frame (same mesh twice in one frame) | 164 meshes decoded, 164 cached
    ALBEDO: constant-only 59/frame, tinted fallback 40/frame, genuinely blank 0/frame (of 59 rank-0 draws/frame)
    ALBEDO WHITE (previously uncounted): named-but-not-bound 0/frame, render-target exclusion left nothing 0/frame | colourless passes now hidden 44/frame
    SKIPPED entirely 0/frame (mode 3) | demoted to UI overlay 0/frame | no-albedo materials left to Remix 59/frame
    MARKED with the marker texture 2120/frame (refused as unsafe 3/frame, 6037 SetTexture calls/frame, marker created)
    albedo: moved off stage 0 180/frame, blanked 59/frame, restored from mesh cache 213/frame (4096 meshes cached) | RT textures known 55 | lights 122.5/frame (24 shaders)
    camera 213.4 9.5 228.8 | distinct cameras this frame 1 (max 1) | transform writes 499/frame | redundant state calls dropped 16142/frame
    world matrix changes 497/frame | objTM used without a fresh upload 0/frame | uv matrix writes 14/frame (last scale 0.00098, 0.00098)
    TIMING: frame 22.8 ms avg (44 fps), worst 115 ms | shim 11.57 ms avg (50.8% of frame), worst 25.3 ms
    TIMING tail: 25 frames >=33 ms, 1 >=100 ms in this window of 600 | inside real Present 1.71 ms avg, worst 69.5 ms | our other hooks 0.00 ms avg
    converted -> target 14EA2D78 1280x720 fmt=34 : 29 draws/frame
    converted -> target 14EA6D88 1280x720 fmt=113 : 694 draws/frame
    converted -> target 14EA2C80 1280x720 fmt=113 : 26 draws/frame
    converted -> target 14EA3918 1280x720 fmt=21 : 0 draws/frame
camera: pos 213.2 9.6 228.7 | proj _11=1.4162 _22=2.5176 _33=1.00001 _43=-0.15 (aspect 1.778)
camera: pos 213.1 9.6 228.7 | proj _11=1.4304 _22=2.5429 _33=1.00001 _43=-0.15 (aspect 1.778)
camera: pos 212.9 9.6 228.6 | proj _11=1.4447 _22=2.5684 _33=1.00001 _43=-0.15 (aspect 1.778)
camera: pos 212.8 9.7 228.5 | proj _11=1.4586 _22=2.5930 _33=1.00001 _43=-0.15 (aspect 1.778)
camera: pos 212.7 9.7 228.5 | proj _11=1.4724 _22=2.6176 _33=1.00001 _43=-0.15 (aspect 1.778)
camera: pos 212.6 9.7 228.4 | proj _11=1.4861 _22=2.6420 _33=1.00001 _43=-0.15 (aspect 1.778)
camera: pos 212.5 9.7 228.4 | proj _11=1.5012 _22=2.6687 _33=1.00001 _43=-0.15 (aspect 1.778)
camera: pos 212.4 9.8 228.4 | proj _11=1.5163 _22=2.6957 _33=1.00001 _43=-0.15 (aspect 1.778)
camera: pos 212.4 9.8 228.4 | proj _11=1.5337 _22=2.7265 _33=1.00001 _43=-0.15 (aspect 1.778)
camera: pos 212.3 9.9 228.3 | proj _11=1.5480 _22=2.7520 _33=1.00001 _43=-0.15 (aspect 1.778)
camera: pos 212.4 9.9 228.3 | proj _11=1.5669 _22=2.7855 _33=1.00001 _43=-0.15 (aspect 1.778)
camera: pos 212.5 9.9 228.3 | proj _11=1.5828 _22=2.8139 _33=1.00001 _43=-0.15 (aspect 1.778)
camera: pos 212.7 9.9 228.4 | proj _11=1.5993 _22=2.8431 _33=1.00001 _43=-0.15 (aspect 1.778)
frame 47400 | draws 2966/frame | FFP converted 772/frame (26.0%)
    not converted: screen-space 149  skinned 0  ortho 3  vertex-format 16  untextured 1375  instanced 0  mirrored 0  other-camera 343  no camera 0  other 0 (per frame)
    prepasses hidden: sampler-less 1375/frame, stipple-with-no-colour 206/frame (these used to convert WHITE) | post/composite quads marked 149/frame
    constant-colour materials (no diffuse map, albedo from the shader's own constant) 58/frame | HUD quads demoted to UI 0/frame | back-buffer clears 1/frame | sky draws 57/frame | UI-pass draws converted 0/frame
    instancing: 915 converted from the instance stream/frame, 0 refused/frame (largest single draw 10000 instances, 1.0 buffer writes snooped/frame)
    SKINNING: 85 draws skinned/frame, 22 refused/frame, 67 REPEATS/frame (same mesh twice in one frame) | 166 meshes decoded, 166 cached
    ALBEDO: constant-only 58/frame, tinted fallback 41/frame, genuinely blank 0/frame (of 58 rank-0 draws/frame)
    ALBEDO WHITE (previously uncounted): named-but-not-bound 0/frame, render-target exclusion left nothing 0/frame | colourless passes now hidden 44/frame
    SKIPPED entirely 0/frame (mode 3) | demoted to UI overlay 0/frame | no-albedo materials left to Remix 58/frame
    MARKED with the marker texture 2117/frame (refused as unsafe 3/frame, 6023 SetTexture calls/frame, marker created)
    albedo: moved off stage 0 181/frame, blanked 58/frame, restored from mesh cache 213/frame (4096 meshes cached) | RT textures known 55 | lights 121.8/frame (24 shaders)
    camera 194.6 10.7 30.3 | distinct cameras this frame 1 (max 1) | transform writes 498/frame | redundant state calls dropped 16166/frame
    world matrix changes 496/frame | objTM used without a fresh upload 0/frame | uv matrix writes 15/frame (last scale 0.00098, 0.00098)
    TIMING: frame 22.8 ms avg (44 fps), worst 43 ms | shim 11.62 ms avg (51.0% of frame), worst 28.8 ms
    TIMING tail: 48 frames >=33 ms, 0 >=100 ms in this window of 600 | inside real Present 1.69 ms avg, worst 3.5 ms | our other hooks 0.00 ms avg
    converted -> target 14EA2D78 1280x720 fmt=34 : 29 draws/frame
    converted -> target 14EA6D88 1280x720 fmt=113 : 694 draws/frame
    converted -> target 14EA2C80 1280x720 fmt=113 : 27 draws/frame
    converted -> target 14EA3918 1280x720 fmt=21 : 0 draws/frame
frame 48000 | draws 2947/frame | FFP converted 769/frame (26.1%)
    not converted: screen-space 148  skinned 0  ortho 3  vertex-format 16  untextured 1366  instanced 0  mirrored 0  other-camera 339  no camera 0  other 0 (per frame)
    prepasses hidden: sampler-less 1366/frame, stipple-with-no-colour 206/frame (these used to convert WHITE) | post/composite quads marked 148/frame
    constant-colour materials (no diffuse map, albedo from the shader's own constant) 58/frame | HUD quads demoted to UI 0/frame | back-buffer clears 1/frame | sky draws 56/frame | UI-pass draws converted 0/frame
    instancing: 907 converted from the instance stream/frame, 0 refused/frame (largest single draw 10000 instances, 1.0 buffer writes snooped/frame)
    SKINNING: 85 draws skinned/frame, 22 refused/frame, 67 REPEATS/frame (same mesh twice in one frame) | 166 meshes decoded, 166 cached
    ALBEDO: constant-only 58/frame, tinted fallback 41/frame, genuinely blank 0/frame (of 58 rank-0 draws/frame)
    ALBEDO WHITE (previously uncounted): named-but-not-bound 0/frame, render-target exclusion left nothing 0/frame | colourless passes now hidden 44/frame
    SKIPPED entirely 0/frame (mode 3) | demoted to UI overlay 0/frame | no-albedo materials left to Remix 58/frame
    MARKED with the marker texture 2103/frame (refused as unsafe 3/frame, 5982 SetTexture calls/frame, marker created)
    albedo: moved off stage 0 181/frame, blanked 58/frame, restored from mesh cache 211/frame (4096 meshes cached) | RT textures known 55 | lights 120.8/frame (24 shaders)
    camera 201.9 8.3 40.4 | distinct cameras this frame 1 (max 1) | transform writes 494/frame | redundant state calls dropped 16086/frame
    world matrix changes 492/frame | objTM used without a fresh upload 0/frame | uv matrix writes 14/frame (last scale 0.00098, 0.00098)
    TIMING: frame 22.8 ms avg (44 fps), worst 96 ms | shim 11.60 ms avg (51.0% of frame), worst 24.5 ms
    TIMING tail: 11 frames >=33 ms, 0 >=100 ms in this window of 600 | inside real Present 1.71 ms avg, worst 79.0 ms | our other hooks 0.00 ms avg
    converted -> target 14EA2D78 1280x720 fmt=34 : 29 draws/frame
    converted -> target 14EA6D88 1280x720 fmt=113 : 691 draws/frame
    converted -> target 14EA2C80 1280x720 fmt=113 : 27 draws/frame
    converted -> target 14EA3918 1280x720 fmt=21 : 0 draws/frame
frame 48600 | draws 2934/frame | FFP converted 766/frame (26.1%)
    not converted: screen-space 147  skinned 0  ortho 3  vertex-format 16  untextured 1359  instanced 0  mirrored 0  other-camera 338  no camera 0  other 0 (per frame)
    prepasses hidden: sampler-less 1359/frame, stipple-with-no-colour 206/frame (these used to convert WHITE) | post/composite quads marked 147/frame
    constant-colour materials (no diffuse map, albedo from the shader's own constant) 57/frame | HUD quads demoted to UI 0/frame | back-buffer clears 1/frame | sky draws 56/frame | UI-pass draws converted 0/frame
    instancing: 902 converted from the instance stream/frame, 0 refused/frame (largest single draw 10000 instances, 1.0 buffer writes snooped/frame)
    SKINNING: 85 draws skinned/frame, 22 refused/frame, 67 REPEATS/frame (same mesh twice in one frame) | 166 meshes decoded, 166 cached
    ALBEDO: constant-only 57/frame, tinted fallback 41/frame, genuinely blank 0/frame (of 57 rank-0 draws/frame)
    ALBEDO WHITE (previously uncounted): named-but-not-bound 0/frame, render-target exclusion left nothing 0/frame | colourless passes now hidden 43/frame
    SKIPPED entirely 0/frame (mode 3) | demoted to UI overlay 0/frame | no-albedo materials left to Remix 57/frame
    MARKED with the marker texture 2093/frame (refused as unsafe 3/frame, 5953 SetTexture calls/frame, marker created)
    albedo: moved off stage 0 180/frame, blanked 57/frame, restored from mesh cache 209/frame (4096 meshes cached) | RT textures known 55 | lights 120.0/frame (24 shaders)
    camera 200.1 10.0 37.7 | distinct cameras this frame 1 (max 1) | transform writes 491/frame | redundant state calls dropped 16028/frame
    world matrix changes 489/frame | objTM used without a fresh upload 0/frame | uv matrix writes 14/frame (last scale 0.00098, 0.00098)
    TIMING: frame 22.7 ms avg (44 fps), worst 99 ms | shim 11.61 ms avg (51.1% of frame), worst 17.6 ms
    TIMING tail: 3 frames >=33 ms, 0 >=100 ms in this window of 600 | inside real Present 1.70 ms avg, worst 70.0 ms | our other hooks 0.00 ms avg
    converted -> target 14EA2D78 1280x720 fmt=34 : 29 draws/frame
    converted -> target 14EA6D88 1280x720 fmt=113 : 688 draws/frame
    converted -> target 14EA2C80 1280x720 fmt=113 : 27 draws/frame
    converted -> target 14EA3918 1280x720 fmt=21 : 0 draws/frame
frame 49200 | draws 2923/frame | FFP converted 764/frame (26.1%)
    not converted: screen-space 147  skinned 0  ortho 3  vertex-format 16  untextured 1353  instanced 0  mirrored 0  other-camera 336  no camera 0  other 0 (per frame)
    prepasses hidden: sampler-less 1353/frame, stipple-with-no-colour 206/frame (these used to convert WHITE) | post/composite quads marked 146/frame
    constant-colour materials (no diffuse map, albedo from the shader's own constant) 57/frame | HUD quads demoted to UI 0/frame | back-buffer clears 1/frame | sky draws 56/frame | UI-pass draws converted 0/frame
    instancing: 897 converted from the instance stream/frame, 0 refused/frame (largest single draw 10000 instances, 1.0 buffer writes snooped/frame)
    SKINNING: 85 draws skinned/frame, 22 refused/frame, 67 REPEATS/frame (same mesh twice in one frame) | 166 meshes decoded, 166 cached
    ALBEDO: constant-only 57/frame, tinted fallback 41/frame, genuinely blank 0/frame (of 57 rank-0 draws/frame)
    ALBEDO WHITE (previously uncounted): named-but-not-bound 0/frame, render-target exclusion left nothing 0/frame | colourless passes now hidden 43/frame
    SKIPPED entirely 0/frame (mode 3) | demoted to UI overlay 0/frame | no-albedo materials left to Remix 57/frame
    MARKED with the marker texture 2085/frame (refused as unsafe 3/frame, 5927 SetTexture calls/frame, marker created)
    albedo: moved off stage 0 181/frame, blanked 57/frame, restored from mesh cache 208/frame (4096 meshes cached) | RT textures known 55 | lights 119.2/frame (24 shaders)
    camera 200.2 9.9 37.7 | distinct cameras this frame 1 (max 1) | transform writes 488/frame | redundant state calls dropped 15980/frame
    world matrix changes 487/frame | objTM used without a fresh upload 0/frame | uv matrix writes 14/frame (last scale 0.00098, 0.00098)
    TIMING: frame 22.7 ms avg (44 fps), worst 112 ms | shim 11.62 ms avg (51.2% of frame), worst 18.1 ms
    TIMING tail: 1 frames >=33 ms, 1 >=100 ms in this window of 600 | inside real Present 1.69 ms avg, worst 0.8 ms | our other hooks 0.00 ms avg
    converted -> target 14EA2D78 1280x720 fmt=34 : 29 draws/frame
    converted -> target 14EA6D88 1280x720 fmt=113 : 685 draws/frame
    converted -> target 14EA2C80 1280x720 fmt=113 : 28 draws/frame
    converted -> target 14EA3918 1280x720 fmt=21 : 0 draws/frame
frame 49800 | draws 2914/frame | FFP converted 762/frame (26.1%)
    not converted: screen-space 146  skinned 0  ortho 3  vertex-format 16  untextured 1347  instanced 0  mirrored 0  other-camera 335  no camera 0  other 0 (per frame)
    prepasses hidden: sampler-less 1347/frame, stipple-with-no-colour 206/frame (these used to convert WHITE) | post/composite quads marked 146/frame
    constant-colour materials (no diffuse map, albedo from the shader's own constant) 56/frame | HUD quads demoted to UI 0/frame | back-buffer clears 1/frame | sky draws 56/frame | UI-pass draws converted 0/frame
    instancing: 893 converted from the instance stream/frame, 0 refused/frame (largest single draw 10000 instances, 1.0 buffer writes snooped/frame)
    SKINNING: 86 draws skinned/frame, 22 refused/frame, 68 REPEATS/frame (same mesh twice in one frame) | 168 meshes decoded, 168 cached
    ALBEDO: constant-only 56/frame, tinted fallback 41/frame, genuinely blank 0/frame (of 56 rank-0 draws/frame)
    ALBEDO WHITE (previously uncounted): named-but-not-bound 0/frame, render-target exclusion left nothing 0/frame | colourless passes now hidden 43/frame
    SKIPPED entirely 0/frame (mode 3) | demoted to UI overlay 0/frame | no-albedo materials left to Remix 56/frame
    MARKED with the marker texture 2077/frame (refused as unsafe 3/frame, 5904 SetTexture calls/frame, marker created)
    albedo: moved off stage 0 181/frame, blanked 56/frame, restored from mesh cache 206/frame (4096 meshes cached) | RT textures known 55 | lights 118.5/frame (24 shaders)
    camera 200.2 9.9 37.7 | distinct cameras this frame 1 (max 1) | transform writes 486/frame | redundant state calls dropped 15940/frame
    world matrix changes 484/frame | objTM used without a fresh upload 0/frame | uv matrix writes 14/frame (last scale 0.00098, 0.00098)
    TIMING: frame 22.7 ms avg (44 fps), worst 103 ms | shim 11.66 ms avg (51.3% of frame), worst 25.2 ms
    TIMING tail: 4 frames >=33 ms, 1 >=100 ms in this window of 600 | inside real Present 1.67 ms avg, worst 3.8 ms | our other hooks 0.00 ms avg
    converted -> target 14EA2D78 1280x720 fmt=34 : 29 draws/frame
    converted -> target 14EA6D88 1280x720 fmt=113 : 683 draws/frame
    converted -> target 14EA2C80 1280x720 fmt=113 : 28 draws/frame
    converted -> target 14EA3918 1280x720 fmt=21 : 0 draws/frame
frame 50400 | draws 2906/frame | FFP converted 760/frame (26.2%)
    not converted: screen-space 145  skinned 0  ortho 3  vertex-format 16  untextured 1342  instanced 0  mirrored 0  other-camera 334  no camera 0  other 0 (per frame)
    prepasses hidden: sampler-less 1342/frame, stipple-with-no-colour 207/frame (these used to convert WHITE) | post/composite quads marked 145/frame
    constant-colour materials (no diffuse map, albedo from the shader's own constant) 56/frame | HUD quads demoted to UI 0/frame | back-buffer clears 1/frame | sky draws 56/frame | UI-pass draws converted 0/frame
    instancing: 888 converted from the instance stream/frame, 0 refused/frame (largest single draw 10000 instances, 1.0 buffer writes snooped/frame)
    SKINNING: 86 draws skinned/frame, 22 refused/frame, 68 REPEATS/frame (same mesh twice in one frame) | 168 meshes decoded, 168 cached
    ALBEDO: constant-only 56/frame, tinted fallback 42/frame, genuinely blank 0/frame (of 56 rank-0 draws/frame)
    ALBEDO WHITE (previously uncounted): named-but-not-bound 0/frame, render-target exclusion left nothing 0/frame | colourless passes now hidden 43/frame
    SKIPPED entirely 0/frame (mode 3) | demoted to UI overlay 0/frame | no-albedo materials left to Remix 56/frame
    MARKED with the marker texture 2071/frame (refused as unsafe 3/frame, 5884 SetTexture calls/frame, marker created)
    albedo: moved off stage 0 181/frame, blanked 56/frame, restored from mesh cache 205/frame (4096 meshes cached) | RT textures known 55 | lights 117.8/frame (24 shaders)
    camera 200.2 9.9 37.7 | distinct cameras this frame 1 (max 1) | transform writes 483/frame | redundant state calls dropped 15914/frame
    world matrix changes 482/frame | objTM used without a fresh upload 0/frame | uv matrix writes 15/frame (last scale 0.00098, 0.00098)
    TIMING: frame 22.7 ms avg (44 fps), worst 103 ms | shim 11.70 ms avg (51.5% of frame), worst 22.1 ms
    TIMING tail: 2 frames >=33 ms, 1 >=100 ms in this window of 600 | inside real Present 1.66 ms avg, worst 1.2 ms | our other hooks 0.00 ms avg
    converted -> target 14EA2D78 1280x720 fmt=34 : 29 draws/frame
    converted -> target 14EA6D88 1280x720 fmt=113 : 681 draws/frame
    converted -> target 14EA2C80 1280x720 fmt=113 : 29 draws/frame
    converted -> target 14EA3918 1280x720 fmt=21 : 0 draws/frame
frame 51000 | draws 2902/frame | FFP converted 760/frame (26.2%)
    not converted: screen-space 145  skinned 0  ortho 3  vertex-format 16  untextured 1339  instanced 0  mirrored 0  other-camera 333  no camera 0  other 0 (per frame)
    prepasses hidden: sampler-less 1339/frame, stipple-with-no-colour 207/frame (these used to convert WHITE) | post/composite quads marked 144/frame
    constant-colour materials (no diffuse map, albedo from the shader's own constant) 55/frame | HUD quads demoted to UI 0/frame | back-buffer clears 1/frame | sky draws 56/frame | UI-pass draws converted 0/frame
    instancing: 885 converted from the instance stream/frame, 0 refused/frame (largest single draw 10000 instances, 1.0 buffer writes snooped/frame)
    SKINNING: 87 draws skinned/frame, 22 refused/frame, 69 REPEATS/frame (same mesh twice in one frame) | 172 meshes decoded, 172 cached
    ALBEDO: constant-only 55/frame, tinted fallback 43/frame, genuinely blank 0/frame (of 55 rank-0 draws/frame)
    ALBEDO WHITE (previously uncounted): named-but-not-bound 0/frame, render-target exclusion left nothing 0/frame | colourless passes now hidden 43/frame
    SKIPPED entirely 0/frame (mode 3) | demoted to UI overlay 0/frame | no-albedo materials left to Remix 55/frame
    MARKED with the marker texture 2067/frame (refused as unsafe 3/frame, 5868 SetTexture calls/frame, marker created)
    albedo: moved off stage 0 182/frame, blanked 55/frame, restored from mesh cache 204/frame (4096 meshes cached) | RT textures known 55 | lights 117.2/frame (24 shaders)
    camera 207.4 11.1 47.0 | distinct cameras this frame 1 (max 1) | transform writes 482/frame | redundant state calls dropped 15909/frame
    world matrix changes 480/frame | objTM used without a fresh upload 0/frame | uv matrix writes 15/frame (last scale 0.00098, 0.00098)
    TIMING: frame 22.7 ms avg (44 fps), worst 36 ms | shim 11.73 ms avg (51.6% of frame), worst 24.8 ms
    TIMING tail: 2 frames >=33 ms, 0 >=100 ms in this window of 600 | inside real Present 1.64 ms avg, worst 1.2 ms | our other hooks 0.00 ms avg
    converted -> target 14EA2D78 1280x720 fmt=34 : 29 draws/frame
    converted -> target 14EA6D88 1280x720 fmt=113 : 680 draws/frame
    converted -> target 14EA2C80 1280x720 fmt=113 : 29 draws/frame
    converted -> target 14EA3918 1280x720 fmt=21 : 0 draws/frame
frame 51600 | draws 2903/frame | FFP converted 762/frame (26.3%)
    not converted: screen-space 144  skinned 0  ortho 3  vertex-format 16  untextured 1340  instanced 0  mirrored 0  other-camera 331  no camera 0  other 0 (per frame)
    prepasses hidden: sampler-less 1340/frame, stipple-with-no-colour 208/frame (these used to convert WHITE) | post/composite quads marked 144/frame
    constant-colour materials (no diffuse map, albedo from the shader's own constant) 55/frame | HUD quads demoted to UI 0/frame | back-buffer clears 1/frame | sky draws 56/frame | UI-pass draws converted 0/frame
    instancing: 882 converted from the instance stream/frame, 0 refused/frame (largest single draw 10000 instances, 1.0 buffer writes snooped/frame)
    SKINNING: 88 draws skinned/frame, 23 refused/frame, 69 REPEATS/frame (same mesh twice in one frame) | 174 meshes decoded, 174 cached
    ALBEDO: constant-only 55/frame, tinted fallback 43/frame, genuinely blank 0/frame (of 55 rank-0 draws/frame)
    ALBEDO WHITE (previously uncounted): named-but-not-bound 0/frame, render-target exclusion left nothing 0/frame | colourless passes now hidden 43/frame
    SKIPPED entirely 0/frame (mode 3) | demoted to UI overlay 0/frame | no-albedo materials left to Remix 55/frame
    MARKED with the marker texture 2066/frame (refused as unsafe 3/frame, 5859 SetTexture calls/frame, marker created)
    albedo: moved off stage 0 182/frame, blanked 55/frame, restored from mesh cache 203/frame (4096 meshes cached) | RT textures known 55 | lights 116.6/frame (24 shaders)
    camera 207.4 11.1 47.0 | distinct cameras this frame 1 (max 1) | transform writes 482/frame | redundant state calls dropped 15955/frame
    world matrix changes 480/frame | objTM used without a fresh upload 0/frame | uv matrix writes 15/frame (last scale 0.00098, 0.00098)
    TIMING: frame 22.8 ms avg (44 fps), worst 41 ms | shim 11.80 ms avg (51.8% of frame), worst 27.7 ms
    TIMING tail: 28 frames >=33 ms, 0 >=100 ms in this window of 600 | inside real Present 1.62 ms avg, worst 2.8 ms | our other hooks 0.00 ms avg
    converted -> target 14EA2D78 1280x720 fmt=34 : 29 draws/frame
    converted -> target 14EA6D88 1280x720 fmt=113 : 681 draws/frame
    converted -> target 14EA2C80 1280x720 fmt=113 : 30 draws/frame
    converted -> target 14EA3918 1280x720 fmt=21 : 0 draws/frame
frame 52200 | draws 2903/frame | FFP converted 764/frame (26.3%)
    not converted: screen-space 143  skinned 0  ortho 3  vertex-format 16  untextured 1339  instanced 0  mirrored 0  other-camera 329  no camera 0  other 0 (per frame)
    prepasses hidden: sampler-less 1339/frame, stipple-with-no-colour 209/frame (these used to convert WHITE) | post/composite quads marked 143/frame
    constant-colour materials (no diffuse map, albedo from the shader's own constant) 54/frame | HUD quads demoted to UI 0/frame | back-buffer clears 1/frame | sky draws 56/frame | UI-pass draws converted 0/frame
    instancing: 880 converted from the instance stream/frame, 0 refused/frame (largest single draw 10000 instances, 1.0 buffer writes snooped/frame)
    SKINNING: 88 draws skinned/frame, 23 refused/frame, 70 REPEATS/frame (same mesh twice in one frame) | 176 meshes decoded, 176 cached
    ALBEDO: constant-only 54/frame, tinted fallback 44/frame, genuinely blank 0/frame (of 54 rank-0 draws/frame)
    ALBEDO WHITE (previously uncounted): named-but-not-bound 0/frame, render-target exclusion left nothing 0/frame | colourless passes now hidden 43/frame
    SKIPPED entirely 0/frame (mode 3) | demoted to UI overlay 0/frame | no-albedo materials left to Remix 54/frame
    MARKED with the marker texture 2064/frame (refused as unsafe 3/frame, 5848 SetTexture calls/frame, marker created)
    albedo: moved off stage 0 183/frame, blanked 54/frame, restored from mesh cache 203/frame (4096 meshes cached) | RT textures known 55 | lights 116.0/frame (24 shaders)
    camera 207.4 11.1 47.0 | distinct cameras this frame 1 (max 1) | transform writes 482/frame | redundant state calls dropped 15989/frame
    world matrix changes 480/frame | objTM used without a fresh upload 0/frame | uv matrix writes 15/frame (last scale 0.00098, 0.00098)
    TIMING: frame 22.8 ms avg (44 fps), worst 34 ms | shim 11.85 ms avg (51.9% of frame), worst 23.3 ms
    TIMING tail: 6 frames >=33 ms, 0 >=100 ms in this window of 600 | inside real Present 1.61 ms avg, worst 0.7 ms | our other hooks 0.00 ms avg
    converted -> target 14EA2D78 1280x720 fmt=34 : 29 draws/frame
    converted -> target 14EA6D88 1280x720 fmt=113 : 682 draws/frame
    converted -> target 14EA2C80 1280x720 fmt=113 : 31 draws/frame
    converted -> target 14EA3918 1280x720 fmt=21 : 0 draws/frame
