sr3-rtx loaded (pid 15432) - FFP conversion, ported from sr2-rtx-remix-proxy
settings: ffp=1 convertSkinned=1 hiddenPassMode=3 skipUntextured=1 screenSpaceMode=2 hideLightVolumes=1 skipMirrored=1 dumpFrame=1800
          rankAlbedo=1 excludeRTAlbedo=1 cacheMeshAlbedo=1 injectLights=1
CreateDevice hook installed
CreateDeviceEx hook installed
CreateDeviceEx -> hooking device (backbuffer 1280x720, aspect 1.778)
marker texture created: 4x4 A8R8G8B8 magenta at 037FE368. Tag it in the Remix menu (Alt+X -> Game Setup) and put its hash in rtx.ignoreTextures.
back buffer surface 038A0590 (cleared once a frame; the composite no longer writes it)
light shader: directional (pos=c0 dir=c-1 color=c2 info=c-1 spot=c-1)
light shader: directional (pos=c0 dir=c-1 color=c2 info=c-1 spot=c-1)
light shader: directional (pos=c0 dir=c-1 color=c2 info=c-1 spot=c-1)
light shader: directional (pos=c0 dir=c-1 color=c2 info=c-1 spot=c-1)
light shader: directional (pos=c0 dir=c-1 color=c2 info=c-1 spot=c-1)
light shader: directional (pos=c0 dir=c-1 color=c2 info=c-1 spot=c-1)
HITCH frame 2: 108.1 ms = present 108.0 + our-present 0.0 + draws 0.0 + other-hooks 0.0 + game/bridge 0.1 | draws 0 | new shaders 0 textures 0
vertex layout #1: elems=3 pos=float4@0(stream 0) uv=float2 normal=0 color=1 skinned=0 positionT=0
HITCH frame 3: 247.4 ms = present 16.5 + our-present 0.0 + draws 0.0 + other-hooks 0.0 + game/bridge 230.9 | draws 0 | new shaders 0 textures 4
frame 60 | draws 0/frame | FFP converted 0/frame (0.0%)
    not converted: screen-space 0  skinned 0  ortho 0  vertex-format 0  untextured 0  instanced 0  mirrored 0  other-camera 0  no camera 0  other 0 (per frame)
    prepasses hidden: sampler-less 0/frame, stipple-with-no-colour 0/frame (these used to convert WHITE) | post/composite quads marked 0/frame
    constant-colour materials (no diffuse map, albedo from the shader's own constant) 0/frame | HUD quads demoted to UI 0/frame | back-buffer clears 0/frame | sky draws 0/frame | UI-pass draws converted 0/frame
    instancing: 0 converted from the instance stream/frame, 0 refused/frame (largest single draw 0 instances, 0.0 buffer writes snooped/frame)
    SKINNING: 0 skinned/frame, 0 refused/frame, 0 exact duplicates dropped/frame | 0 meshes decoded, 0 cached, 0 cache flushes
    ALBEDO stage 0 taken raw (no shader reflection) 0/frame
    ALBEDO: constant-only 0/frame, tinted fallback 0/frame, genuinely blank 0/frame (of 0 rank-0 draws/frame)
    ALBEDO WHITE (previously uncounted): named-but-not-bound 0/frame, render-target exclusion left nothing 0/frame | colourless passes now hidden 0/frame | screen-space passes hidden 0/frame | particle billboards hidden 0/frame
    SKIPPED entirely 0/frame (mode 3) | demoted to UI overlay 0/frame | no-albedo materials left to Remix 0/frame
    MARKED with the marker texture 0/frame (refused as unsafe 0/frame, 0 SetTexture calls/frame, marker created)
    albedo: moved off stage 0 0/frame, blanked 0/frame, restored from mesh cache 0/frame (0 meshes cached, 0 flushes) | RT textures known 55 | lights 0.0/frame (24 shaders)
    camera 0.0 0.0 0.0 | distinct cameras this frame 0 (max 0) | transform writes 0/frame | redundant state calls dropped 0/frame
    world matrix changes 0/frame | objTM used without a fresh upload 0/frame | uv matrix writes 0/frame (last scale 0.00000, 0.00000)
    TIMING: frame 21.9 ms avg (46 fps), worst 247 ms | shim 0.00 ms avg (0.0% of frame), worst 0.0 ms
    TIMING tail: 2 frames >=33 ms, 2 >=100 ms in this window of 60 | inside real Present 17.39 ms avg, worst 108.0 ms | our other hooks 0.00 ms avg
HITCH frame 193: 44.0 ms = present 13.3 + our-present 0.0 + draws 0.0 + other-hooks 0.0 + game/bridge 30.7 | draws 0 | new shaders 0 textures 3
HITCH frame 194: 44.3 ms = present 0.3 + our-present 0.0 + draws 0.0 + other-hooks 0.0 + game/bridge 44.0 | draws 0 | new shaders 0 textures 0
HITCH frame 356: 46.4 ms = present 0.2 + our-present 0.0 + draws 0.0 + other-hooks 0.0 + game/bridge 46.2 | draws 0 | new shaders 0 textures 0
HITCH frame 441: 45.6 ms = present 0.2 + our-present 0.0 + draws 0.0 + other-hooks 0.0 + game/bridge 45.4 | draws 0 | new shaders 0 textures 0
HITCH frame 481: 45.6 ms = present 0.2 + our-present 0.0 + draws 0.0 + other-hooks 0.0 + game/bridge 45.4 | draws 0 | new shaders 0 textures 0
HITCH frame 529: 66.1 ms = present 16.5 + our-present 0.0 + draws 0.0 + other-hooks 0.0 + game/bridge 49.6 | draws 0 | new shaders 0 textures 0
frame 600 | draws 0/frame | FFP converted 0/frame (0.0%)
    not converted: screen-space 0  skinned 0  ortho 0  vertex-format 0  untextured 0  instanced 0  mirrored 0  other-camera 0  no camera 0  other 0 (per frame)
    prepasses hidden: sampler-less 0/frame, stipple-with-no-colour 0/frame (these used to convert WHITE) | post/composite quads marked 0/frame
    constant-colour materials (no diffuse map, albedo from the shader's own constant) 0/frame | HUD quads demoted to UI 0/frame | back-buffer clears 0/frame | sky draws 0/frame | UI-pass draws converted 0/frame
    instancing: 0 converted from the instance stream/frame, 0 refused/frame (largest single draw 0 instances, 0.0 buffer writes snooped/frame)
    SKINNING: 0 skinned/frame, 0 refused/frame, 0 exact duplicates dropped/frame | 0 meshes decoded, 0 cached, 0 cache flushes
    ALBEDO stage 0 taken raw (no shader reflection) 0/frame
    ALBEDO: constant-only 0/frame, tinted fallback 0/frame, genuinely blank 0/frame (of 0 rank-0 draws/frame)
    ALBEDO WHITE (previously uncounted): named-but-not-bound 0/frame, render-target exclusion left nothing 0/frame | colourless passes now hidden 0/frame | screen-space passes hidden 0/frame | particle billboards hidden 0/frame
    SKIPPED entirely 0/frame (mode 3) | demoted to UI overlay 0/frame | no-albedo materials left to Remix 0/frame
    MARKED with the marker texture 0/frame (refused as unsafe 0/frame, 0 SetTexture calls/frame, marker created)
    albedo: moved off stage 0 0/frame, blanked 0/frame, restored from mesh cache 0/frame (0 meshes cached, 0 flushes) | RT textures known 55 | lights 0.0/frame (24 shaders)
    camera 0.0 0.0 0.0 | distinct cameras this frame 0 (max 0) | transform writes 0/frame | redundant state calls dropped 0/frame
    world matrix changes 0/frame | objTM used without a fresh upload 0/frame | uv matrix writes 0/frame (last scale 0.00000, 0.00000)
    TIMING: frame 24.9 ms avg (40 fps), worst 66 ms | shim 0.00 ms avg (0.0% of frame), worst 0.0 ms
    TIMING tail: 6 frames >=33 ms, 0 >=100 ms in this window of 600 | inside real Present 7.57 ms avg, worst 17.0 ms | our other hooks 0.00 ms avg
frame 1200 | draws 0/frame | FFP converted 0/frame (0.0%)
    not converted: screen-space 0  skinned 0  ortho 0  vertex-format 0  untextured 0  instanced 0  mirrored 0  other-camera 0  no camera 0  other 0 (per frame)
    prepasses hidden: sampler-less 0/frame, stipple-with-no-colour 0/frame (these used to convert WHITE) | post/composite quads marked 0/frame
    constant-colour materials (no diffuse map, albedo from the shader's own constant) 0/frame | HUD quads demoted to UI 0/frame | back-buffer clears 0/frame | sky draws 0/frame | UI-pass draws converted 0/frame
    instancing: 0 converted from the instance stream/frame, 0 refused/frame (largest single draw 0 instances, 0.0 buffer writes snooped/frame)
    SKINNING: 0 skinned/frame, 0 refused/frame, 0 exact duplicates dropped/frame | 0 meshes decoded, 0 cached, 0 cache flushes
    ALBEDO stage 0 taken raw (no shader reflection) 0/frame
    ALBEDO: constant-only 0/frame, tinted fallback 0/frame, genuinely blank 0/frame (of 0 rank-0 draws/frame)
    ALBEDO WHITE (previously uncounted): named-but-not-bound 0/frame, render-target exclusion left nothing 0/frame | colourless passes now hidden 0/frame | screen-space passes hidden 0/frame | particle billboards hidden 0/frame
    SKIPPED entirely 0/frame (mode 3) | demoted to UI overlay 0/frame | no-albedo materials left to Remix 0/frame
    MARKED with the marker texture 0/frame (refused as unsafe 0/frame, 0 SetTexture calls/frame, marker created)
    albedo: moved off stage 0 0/frame, blanked 0/frame, restored from mesh cache 0/frame (0 meshes cached, 0 flushes) | RT textures known 55 | lights 0.0/frame (24 shaders)
    camera 0.0 0.0 0.0 | distinct cameras this frame 0 (max 0) | transform writes 0/frame | redundant state calls dropped 0/frame
    world matrix changes 0/frame | objTM used without a fresh upload 0/frame | uv matrix writes 0/frame (last scale 0.00000, 0.00000)
    TIMING: frame 20.8 ms avg (48 fps), worst 17 ms | shim 0.00 ms avg (0.0% of frame), worst 0.0 ms
    TIMING tail: 0 frames >=33 ms, 0 >=100 ms in this window of 600 | inside real Present 11.96 ms avg, worst 16.6 ms | our other hooks 0.00 ms avg
frame 1800 | draws 0/frame | FFP converted 0/frame (0.0%)
    not converted: screen-space 0  skinned 0  ortho 0  vertex-format 0  untextured 0  instanced 0  mirrored 0  other-camera 0  no camera 0  other 0 (per frame)
    prepasses hidden: sampler-less 0/frame, stipple-with-no-colour 0/frame (these used to convert WHITE) | post/composite quads marked 0/frame
    constant-colour materials (no diffuse map, albedo from the shader's own constant) 0/frame | HUD quads demoted to UI 0/frame | back-buffer clears 0/frame | sky draws 0/frame | UI-pass draws converted 0/frame
    instancing: 0 converted from the instance stream/frame, 0 refused/frame (largest single draw 0 instances, 0.0 buffer writes snooped/frame)
    SKINNING: 0 skinned/frame, 0 refused/frame, 0 exact duplicates dropped/frame | 0 meshes decoded, 0 cached, 0 cache flushes
    ALBEDO stage 0 taken raw (no shader reflection) 0/frame
    ALBEDO: constant-only 0/frame, tinted fallback 0/frame, genuinely blank 0/frame (of 0 rank-0 draws/frame)
    ALBEDO WHITE (previously uncounted): named-but-not-bound 0/frame, render-target exclusion left nothing 0/frame | colourless passes now hidden 0/frame | screen-space passes hidden 0/frame | particle billboards hidden 0/frame
    SKIPPED entirely 0/frame (mode 3) | demoted to UI overlay 0/frame | no-albedo materials left to Remix 0/frame
    MARKED with the marker texture 0/frame (refused as unsafe 0/frame, 0 SetTexture calls/frame, marker created)
    albedo: moved off stage 0 0/frame, blanked 0/frame, restored from mesh cache 0/frame (0 meshes cached, 0 flushes) | RT textures known 55 | lights 0.0/frame (24 shaders)
    camera 0.0 0.0 0.0 | distinct cameras this frame 0 (max 0) | transform writes 0/frame | redundant state calls dropped 0/frame
    world matrix changes 0/frame | objTM used without a fresh upload 0/frame | uv matrix writes 0/frame (last scale 0.00000, 0.00000)
    TIMING: frame 19.4 ms avg (52 fps), worst 20 ms | shim 0.00 ms avg (0.0% of frame), worst 0.0 ms
    TIMING tail: 0 frames >=33 ms, 0 >=100 ms in this window of 600 | inside real Present 13.42 ms avg, worst 19.3 ms | our other hooks 0.00 ms avg
frame 2400 | draws 0/frame | FFP converted 0/frame (0.0%)
    not converted: screen-space 0  skinned 0  ortho 0  vertex-format 0  untextured 0  instanced 0  mirrored 0  other-camera 0  no camera 0  other 0 (per frame)
    prepasses hidden: sampler-less 0/frame, stipple-with-no-colour 0/frame (these used to convert WHITE) | post/composite quads marked 0/frame
    constant-colour materials (no diffuse map, albedo from the shader's own constant) 0/frame | HUD quads demoted to UI 0/frame | back-buffer clears 0/frame | sky draws 0/frame | UI-pass draws converted 0/frame
    instancing: 0 converted from the instance stream/frame, 0 refused/frame (largest single draw 0 instances, 0.0 buffer writes snooped/frame)
    SKINNING: 0 skinned/frame, 0 refused/frame, 0 exact duplicates dropped/frame | 0 meshes decoded, 0 cached, 0 cache flushes
    ALBEDO stage 0 taken raw (no shader reflection) 0/frame
    ALBEDO: constant-only 0/frame, tinted fallback 0/frame, genuinely blank 0/frame (of 0 rank-0 draws/frame)
    ALBEDO WHITE (previously uncounted): named-but-not-bound 0/frame, render-target exclusion left nothing 0/frame | colourless passes now hidden 0/frame | screen-space passes hidden 0/frame | particle billboards hidden 0/frame
    SKIPPED entirely 0/frame (mode 3) | demoted to UI overlay 0/frame | no-albedo materials left to Remix 0/frame
    MARKED with the marker texture 0/frame (refused as unsafe 0/frame, 0 SetTexture calls/frame, marker created)
    albedo: moved off stage 0 0/frame, blanked 0/frame, restored from mesh cache 0/frame (0 meshes cached, 0 flushes) | RT textures known 55 | lights 0.0/frame (24 shaders)
    camera 0.0 0.0 0.0 | distinct cameras this frame 0 (max 0) | transform writes 0/frame | redundant state calls dropped 0/frame
    world matrix changes 0/frame | objTM used without a fresh upload 0/frame | uv matrix writes 0/frame (last scale 0.00000, 0.00000)
    TIMING: frame 18.7 ms avg (53 fps), worst 17 ms | shim 0.00 ms avg (0.0% of frame), worst 0.0 ms
    TIMING tail: 0 frames >=33 ms, 0 >=100 ms in this window of 600 | inside real Present 14.15 ms avg, worst 16.7 ms | our other hooks 0.00 ms avg
frame 3000 | draws 0/frame | FFP converted 0/frame (0.0%)
    not converted: screen-space 0  skinned 0  ortho 0  vertex-format 0  untextured 0  instanced 0  mirrored 0  other-camera 0  no camera 0  other 0 (per frame)
    prepasses hidden: sampler-less 0/frame, stipple-with-no-colour 0/frame (these used to convert WHITE) | post/composite quads marked 0/frame
    constant-colour materials (no diffuse map, albedo from the shader's own constant) 0/frame | HUD quads demoted to UI 0/frame | back-buffer clears 0/frame | sky draws 0/frame | UI-pass draws converted 0/frame
    instancing: 0 converted from the instance stream/frame, 0 refused/frame (largest single draw 0 instances, 0.0 buffer writes snooped/frame)
    SKINNING: 0 skinned/frame, 0 refused/frame, 0 exact duplicates dropped/frame | 0 meshes decoded, 0 cached, 0 cache flushes
    ALBEDO stage 0 taken raw (no shader reflection) 0/frame
    ALBEDO: constant-only 0/frame, tinted fallback 0/frame, genuinely blank 0/frame (of 0 rank-0 draws/frame)
    ALBEDO WHITE (previously uncounted): named-but-not-bound 0/frame, render-target exclusion left nothing 0/frame | colourless passes now hidden 0/frame | screen-space passes hidden 0/frame | particle billboards hidden 0/frame
    SKIPPED entirely 0/frame (mode 3) | demoted to UI overlay 0/frame | no-albedo materials left to Remix 0/frame
    MARKED with the marker texture 0/frame (refused as unsafe 0/frame, 0 SetTexture calls/frame, marker created)
    albedo: moved off stage 0 0/frame, blanked 0/frame, restored from mesh cache 0/frame (0 meshes cached, 0 flushes) | RT textures known 55 | lights 0.0/frame (24 shaders)
    camera 0.0 0.0 0.0 | distinct cameras this frame 0 (max 0) | transform writes 0/frame | redundant state calls dropped 0/frame
    world matrix changes 0/frame | objTM used without a fresh upload 0/frame | uv matrix writes 0/frame (last scale 0.00000, 0.00000)
    TIMING: frame 18.3 ms avg (55 fps), worst 23 ms | shim 0.00 ms avg (0.0% of frame), worst 0.0 ms
    TIMING tail: 0 frames >=33 ms, 0 >=100 ms in this window of 600 | inside real Present 14.59 ms avg, worst 22.4 ms | our other hooks 0.00 ms avg
HITCH frame 3417: 49.8 ms = present 49.6 + our-present 0.0 + draws 0.0 + other-hooks 0.0 + game/bridge 0.2 | draws 0 | new shaders 0 textures 0
frame 3600 | draws 0/frame | FFP converted 0/frame (0.0%)
    not converted: screen-space 0  skinned 0  ortho 0  vertex-format 0  untextured 0  instanced 0  mirrored 0  other-camera 0  no camera 0  other 0 (per frame)
    prepasses hidden: sampler-less 0/frame, stipple-with-no-colour 0/frame (these used to convert WHITE) | post/composite quads marked 0/frame
    constant-colour materials (no diffuse map, albedo from the shader's own constant) 0/frame | HUD quads demoted to UI 0/frame | back-buffer clears 0/frame | sky draws 0/frame | UI-pass draws converted 0/frame
    instancing: 0 converted from the instance stream/frame, 0 refused/frame (largest single draw 0 instances, 0.0 buffer writes snooped/frame)
    SKINNING: 0 skinned/frame, 0 refused/frame, 0 exact duplicates dropped/frame | 0 meshes decoded, 0 cached, 0 cache flushes
    ALBEDO stage 0 taken raw (no shader reflection) 0/frame
    ALBEDO: constant-only 0/frame, tinted fallback 0/frame, genuinely blank 0/frame (of 0 rank-0 draws/frame)
    ALBEDO WHITE (previously uncounted): named-but-not-bound 0/frame, render-target exclusion left nothing 0/frame | colourless passes now hidden 0/frame | screen-space passes hidden 0/frame | particle billboards hidden 0/frame
    SKIPPED entirely 0/frame (mode 3) | demoted to UI overlay 0/frame | no-albedo materials left to Remix 0/frame
    MARKED with the marker texture 0/frame (refused as unsafe 0/frame, 0 SetTexture calls/frame, marker created)
    albedo: moved off stage 0 0/frame, blanked 0/frame, restored from mesh cache 0/frame (0 meshes cached, 0 flushes) | RT textures known 55 | lights 0.0/frame (24 shaders)
    camera 0.0 0.0 0.0 | distinct cameras this frame 0 (max 0) | transform writes 0/frame | redundant state calls dropped 0/frame
    world matrix changes 0/frame | objTM used without a fresh upload 0/frame | uv matrix writes 0/frame (last scale 0.00000, 0.00000)
    TIMING: frame 18.1 ms avg (55 fps), worst 50 ms | shim 0.00 ms avg (0.0% of frame), worst 0.0 ms
    TIMING tail: 2 frames >=33 ms, 0 >=100 ms in this window of 600 | inside real Present 14.90 ms avg, worst 49.6 ms | our other hooks 0.00 ms avg
frame 4200 | draws 0/frame | FFP converted 0/frame (0.0%)
    not converted: screen-space 0  skinned 0  ortho 0  vertex-format 0  untextured 0  instanced 0  mirrored 0  other-camera 0  no camera 0  other 0 (per frame)
    prepasses hidden: sampler-less 0/frame, stipple-with-no-colour 0/frame (these used to convert WHITE) | post/composite quads marked 0/frame
    constant-colour materials (no diffuse map, albedo from the shader's own constant) 0/frame | HUD quads demoted to UI 0/frame | back-buffer clears 0/frame | sky draws 0/frame | UI-pass draws converted 0/frame
    instancing: 0 converted from the instance stream/frame, 0 refused/frame (largest single draw 0 instances, 0.0 buffer writes snooped/frame)
    SKINNING: 0 skinned/frame, 0 refused/frame, 0 exact duplicates dropped/frame | 0 meshes decoded, 0 cached, 0 cache flushes
    ALBEDO stage 0 taken raw (no shader reflection) 0/frame
    ALBEDO: constant-only 0/frame, tinted fallback 0/frame, genuinely blank 0/frame (of 0 rank-0 draws/frame)
    ALBEDO WHITE (previously uncounted): named-but-not-bound 0/frame, render-target exclusion left nothing 0/frame | colourless passes now hidden 0/frame | screen-space passes hidden 0/frame | particle billboards hidden 0/frame
    SKIPPED entirely 0/frame (mode 3) | demoted to UI overlay 0/frame | no-albedo materials left to Remix 0/frame
    MARKED with the marker texture 0/frame (refused as unsafe 0/frame, 0 SetTexture calls/frame, marker created)
    albedo: moved off stage 0 0/frame, blanked 0/frame, restored from mesh cache 0/frame (0 meshes cached, 0 flushes) | RT textures known 55 | lights 0.0/frame (24 shaders)
    camera 0.0 0.0 0.0 | distinct cameras this frame 0 (max 0) | transform writes 0/frame | redundant state calls dropped 0/frame
    world matrix changes 0/frame | objTM used without a fresh upload 0/frame | uv matrix writes 0/frame (last scale 0.00000, 0.00000)
    TIMING: frame 17.9 ms avg (56 fps), worst 36 ms | shim 0.00 ms avg (0.0% of frame), worst 0.0 ms
    TIMING tail: 1 frames >=33 ms, 0 >=100 ms in this window of 600 | inside real Present 15.11 ms avg, worst 35.4 ms | our other hooks 0.00 ms avg
frame 4800 | draws 0/frame | FFP converted 0/frame (0.0%)
    not converted: screen-space 0  skinned 0  ortho 0  vertex-format 0  untextured 0  instanced 0  mirrored 0  other-camera 0  no camera 0  other 0 (per frame)
    prepasses hidden: sampler-less 0/frame, stipple-with-no-colour 0/frame (these used to convert WHITE) | post/composite quads marked 0/frame
    constant-colour materials (no diffuse map, albedo from the shader's own constant) 0/frame | HUD quads demoted to UI 0/frame | back-buffer clears 0/frame | sky draws 0/frame | UI-pass draws converted 0/frame
    instancing: 0 converted from the instance stream/frame, 0 refused/frame (largest single draw 0 instances, 0.0 buffer writes snooped/frame)
    SKINNING: 0 skinned/frame, 0 refused/frame, 0 exact duplicates dropped/frame | 0 meshes decoded, 0 cached, 0 cache flushes
    ALBEDO stage 0 taken raw (no shader reflection) 0/frame
    ALBEDO: constant-only 0/frame, tinted fallback 0/frame, genuinely blank 0/frame (of 0 rank-0 draws/frame)
    ALBEDO WHITE (previously uncounted): named-but-not-bound 0/frame, render-target exclusion left nothing 0/frame | colourless passes now hidden 0/frame | screen-space passes hidden 0/frame | particle billboards hidden 0/frame
    SKIPPED entirely 0/frame (mode 3) | demoted to UI overlay 0/frame | no-albedo materials left to Remix 0/frame
    MARKED with the marker texture 0/frame (refused as unsafe 0/frame, 0 SetTexture calls/frame, marker created)
    albedo: moved off stage 0 0/frame, blanked 0/frame, restored from mesh cache 0/frame (0 meshes cached, 0 flushes) | RT textures known 55 | lights 0.0/frame (24 shaders)
    camera 0.0 0.0 0.0 | distinct cameras this frame 0 (max 0) | transform writes 0/frame | redundant state calls dropped 0/frame
    world matrix changes 0/frame | objTM used without a fresh upload 0/frame | uv matrix writes 0/frame (last scale 0.00000, 0.00000)
    TIMING: frame 17.7 ms avg (56 fps), worst 23 ms | shim 0.00 ms avg (0.0% of frame), worst 0.0 ms
    TIMING tail: 0 frames >=33 ms, 0 >=100 ms in this window of 600 | inside real Present 15.26 ms avg, worst 22.6 ms | our other hooks 0.00 ms avg
HITCH frame 4868: 43.0 ms = present 42.9 + our-present 0.0 + draws 0.0 + other-hooks 0.0 + game/bridge 0.2 | draws 0 | new shaders 0 textures 0
HITCH frame 5224: 43.4 ms = present 43.3 + our-present 0.0 + draws 0.0 + other-hooks 0.0 + game/bridge 0.2 | draws 0 | new shaders 0 textures 0
HITCH frame 5241: 55.7 ms = present 55.5 + our-present 0.0 + draws 0.0 + other-hooks 0.0 + game/bridge 0.2 | draws 0 | new shaders 0 textures 0
HITCH frame 5306: 49.2 ms = present 16.5 + our-present 0.0 + draws 0.0 + other-hooks 0.0 + game/bridge 32.7 | draws 0 | new shaders 0 textures 445
frame 5400 | draws 0/frame | FFP converted 0/frame (0.0%)
    not converted: screen-space 0  skinned 0  ortho 0  vertex-format 0  untextured 0  instanced 0  mirrored 0  other-camera 0  no camera 0  other 0 (per frame)
    prepasses hidden: sampler-less 0/frame, stipple-with-no-colour 0/frame (these used to convert WHITE) | post/composite quads marked 0/frame
    constant-colour materials (no diffuse map, albedo from the shader's own constant) 0/frame | HUD quads demoted to UI 0/frame | back-buffer clears 0/frame | sky draws 0/frame | UI-pass draws converted 0/frame
    instancing: 0 converted from the instance stream/frame, 0 refused/frame (largest single draw 0 instances, 0.0 buffer writes snooped/frame)
    SKINNING: 0 skinned/frame, 0 refused/frame, 0 exact duplicates dropped/frame | 0 meshes decoded, 0 cached, 0 cache flushes
    ALBEDO stage 0 taken raw (no shader reflection) 0/frame
    ALBEDO: constant-only 0/frame, tinted fallback 0/frame, genuinely blank 0/frame (of 0 rank-0 draws/frame)
    ALBEDO WHITE (previously uncounted): named-but-not-bound 0/frame, render-target exclusion left nothing 0/frame | colourless passes now hidden 0/frame | screen-space passes hidden 0/frame | particle billboards hidden 0/frame
    SKIPPED entirely 0/frame (mode 3) | demoted to UI overlay 0/frame | no-albedo materials left to Remix 0/frame
    MARKED with the marker texture 0/frame (refused as unsafe 0/frame, 0 SetTexture calls/frame, marker created)
    albedo: moved off stage 0 0/frame, blanked 0/frame, restored from mesh cache 0/frame (0 meshes cached, 0 flushes) | RT textures known 55 | lights 0.0/frame (24 shaders)
    camera 0.0 0.0 0.0 | distinct cameras this frame 0 (max 0) | transform writes 0/frame | redundant state calls dropped 0/frame
    world matrix changes 0/frame | objTM used without a fresh upload 0/frame | uv matrix writes 0/frame (last scale 0.00000, 0.00000)
    TIMING: frame 17.6 ms avg (57 fps), worst 56 ms | shim 0.00 ms avg (0.0% of frame), worst 0.0 ms
    TIMING tail: 4 frames >=33 ms, 0 >=100 ms in this window of 600 | inside real Present 15.41 ms avg, worst 55.5 ms | our other hooks 0.00 ms avg
HITCH frame 5584: 45.8 ms = present 45.6 + our-present 0.0 + draws 0.0 + other-hooks 0.0 + game/bridge 0.2 | draws 0 | new shaders 0 textures 1
HITCH frame 5849: 52.3 ms = present 52.1 + our-present 0.0 + draws 0.0 + other-hooks 0.0 + game/bridge 0.2 | draws 0 | new shaders 0 textures 0
vertex layout #2: elems=2 pos=float4@0(stream 0) uv=float2 normal=0 color=0 skinned=0 positionT=0
stream freq #1: stream=0 setting=0x00000001 -> plain count=1
stream freq #2: stream=0 setting=0x00000001 -> plain count=1
stream freq #3: stream=0 setting=0x00000001 -> plain count=1
stream freq #4: stream=0 setting=0x00000001 -> plain count=1
stream freq #5: stream=0 setting=0x00000001 -> plain count=1
stream freq #6: stream=0 setting=0x00000001 -> plain count=1
stream freq #7: stream=0 setting=0x00000001 -> plain count=1
HITCH frame 5936: 57.6 ms = present 16.3 + our-present 0.0 + draws 0.0 + other-hooks 0.0 + game/bridge 41.3 | draws 9 | new shaders 0 textures 18
stream freq #8: stream=0 setting=0x00000001 -> plain count=1
vertex layout #3: elems=12 pos=float3@0(stream 0) uv=short2 normal=1 color=0 skinned=0 positionT=0
stream freq #9: stream=4 setting=0x80000001 -> INSTANCEDATA count=1
stream freq #10: stream=0 setting=0x40000001 -> INDEXEDDATA count=1
skinning: vertex buffer created (8192 KB, 32-byte vertices)
stream freq #11: stream=4 setting=0x80000001 -> INSTANCEDATA count=1
stream freq #12: stream=4 setting=0x80000001 -> INSTANCEDATA count=1
vertex layout #4: elems=13 pos=float3@0(stream 0) uv=short2 normal=1 color=0 skinned=0 positionT=0
vertex layout #5: elems=12 pos=float3@0(stream 0) uv=short2 normal=1 color=0 skinned=0 positionT=0
vertex layout #6: elems=11 pos=float3@0(stream 0) uv=short2 normal=1 color=0 skinned=0 positionT=0
vertex layout #7: elems=7 pos=float3@0(stream 0) uv=short2 normal=0 color=0 skinned=0 positionT=0
vertex layout #8: elems=8 pos=float3@0(stream 0) uv=? normal=1 color=1 skinned=0 positionT=0
vertex layout #9: elems=10 pos=float3@0(stream 0) uv=? normal=1 color=0 skinned=0 positionT=0
vertex layout #10: elems=13 pos=float3@0(stream 0) uv=short2 normal=1 color=0 skinned=0 positionT=0
vertex layout #11: elems=6 pos=float3@0(stream 0) uv=short2 normal=1 color=1 skinned=0 positionT=0
view handedness baseline: determinant 1.000 (positive)
camera: pos -145.2 20.0 -192.3 | proj _11=1.6085 _22=2.8594 _33=1.00001 _43=-0.15 (aspect 1.778)
short2 UV range #1: u 396..949  v 148..1029  (verts=12 stride=32 off=20)
DECAL/PARTICLE #1: ps='Diffuse_MapSampler' rank=100 verts=12 usesObjTM=0 | world scale (1.00 1.00 1.00) translation (0.0 0.0 0.0) | camera (-145.2 20.0 -192.3) | blend=1
ALBEDO BOUND #1: ps='Diffuse_MapSampler' rank=100 -> 512x512 fmt=894720068 mips=8 pool=0 usage=0x200 
  depth-disabled draw #1666: verts=1408  prims=704   zwrite=0 tex0=48962C78 objTM=0 lightVolume=no ps='' size=453.8x54.8x271.8 centre=(-238.1 31.4 148.8) distFromCam=353.8
  depth-disabled draw #1667: verts=540   prims=270   zwrite=0 tex0=48964BF8 objTM=0 lightVolume=no ps='Diffuse_MapSampler' size=456.2x21.0x330.6 centre=(-174.3 18.9 146.4) distFromCam=340.0
short2 UV range #2: u -3..1232  v -1..1015  (verts=540 stride=32 off=20)
  depth-disabled draw #1668: verts=320   prims=160   zwrite=0 tex0=48965918 objTM=0 lightVolume=no ps='Diffuse_MapSampler' size=170.4x30.7x170.4 centre=(910.3 28.4 1191.1) distFromCam=1740.1
short2 UV range #3: u 273..492  v -829..516  (verts=320 stride=32 off=20)
  depth-disabled draw #1669: verts=60    prims=30    zwrite=0 tex0=48965138 objTM=0 lightVolume=no ps='Diffuse_MapSampler' size=46.3x51.2x30.9 centre=(-303.7 37.5 231.3) distFromCam=452.6
short2 UV range #4: u 279..1763  v -1243..2787  (verts=60 stride=32 off=20)
  depth-disabled draw #1670: verts=192   prims=96    zwrite=0 tex0=48967518 objTM=0 lightVolume=no ps='Normal_MapSampler' size=71.7x17.8x47.0 centre=(-289.8 22.4 88.7) distFromCam=316.1
  depth-disabled draw #1671: verts=20    prims=10    zwrite=0 tex0=48965918 objTM=0 lightVolume=no ps='Diffuse_MapSampler' size=11.4x19.0x0.0 centre=(-289.9 19.5 75.9) distFromCam=304.8
short2 UV range #5: u -8..777  v -2286..2883  (verts=20 stride=32 off=20)
  depth-disabled draw #1672: verts=80    prims=40    zwrite=0 tex0=489677B8 objTM=0 lightVolume=no ps='' size=53.7x3.7x53.7 centre=(80.5 116.6 240.4) distFromCam=497.5
  depth-disabled draw #1673: verts=396   prims=198   zwrite=0 tex0=48969D58 objTM=0 lightVolume=no ps='' size=54.2x11.2x54.2 centre=(80.7 23.2 240.3) distFromCam=488.1
  depth-disabled draw #1674: verts=56    prims=28    zwrite=0 tex0=4C161618 objTM=0 lightVolume=no ps='Normal_MapSampler' size=86.5x14.4x32.7 centre=(-134.7 30.9 -157.4) distFromCam=38.0
  depth-disabled draw #1675: verts=108   prims=54    zwrite=0 tex0=4896A458 objTM=0 lightVolume=no ps='Diffuse_MapSampler' size=91.8x13.8x45.2 centre=(-135.5 24.7 -162.5) distFromCam=31.6
short2 UV range #6: u -3..1015  v -227..1739  (verts=108 stride=32 off=20)
  depth-disabled draw #1676: verts=720   prims=360   zwrite=0 tex0=48967358 objTM=0 lightVolume=no ps='' size=558.0x22.1x308.1 centre=(-144.7 19.7 164.6) distFromCam=357.0
  depth-disabled draw #1677: verts=252   prims=126   zwrite=0 tex0=48964178 objTM=0 lightVolume=no ps='' size=410.5x20.4x109.5 centre=(-164.2 20.5 194.1) distFromCam=386.9
  depth-disabled draw #1678: verts=204   prims=102   zwrite=0 tex0=48967518 objTM=0 lightVolume=no ps='Normal_MapSampler' size=217.7x18.9x294.4 centre=(-212.3 30.6 -35.0) distFromCam=171.4
  depth-disabled draw #1679: verts=4     prims=2     zwrite=0 tex0=48965E58 objTM=0 lightVolume=no ps='' size=1.4x3.2x1.3 centre=(-272.3 16.3 -17.4) distFromCam=216.2
  depth-disabled draw #1680: verts=76    prims=38    zwrite=0 tex0=489628F8 objTM=0 lightVolume=no ps='' size=64.1x4.6x42.1 centre=(-135.5 25.4 -161.1) distFromCam=33.1
vertex layout #12: elems=2 pos=float4@0(stream 0) uv=float4 normal=0 color=0 skinned=0 positionT=0
ALBEDO BOUND #2: ps='Diffuse_mapSampler' rank=100 -> 1024x512 fmt=894720068 mips=8 pool=0 usage=0x200 
DECAL/PARTICLE #2: ps='Diffuse_mapSampler' rank=100 verts=40 usesObjTM=0 | world scale (1.00 1.00 1.00) translation (0.0 0.0 0.0) | camera (-145.2 20.0 -192.3) | blend=1
vertex layout #13: elems=15 pos=float3@0(stream 0) uv=short2 normal=1 color=0 skinned=1 positionT=0
    stream=0 offset= 0 type=float3  (2) usage=POSITION     index=0
    stream=0 offset=12 type=ubyte4n (8) usage=NORMAL       index=0
    stream=0 offset=16 type=ubyte4n (8) usage=TANGENT      index=0
    stream=0 offset=20 type=ubyte4  (5) usage=BLENDWEIGHT  index=0
    stream=0 offset=24 type=ubyte4  (5) usage=BLENDINDICES index=0
    stream=0 offset=28 type=short2  (6) usage=TEXCOORD     index=0
    stream=0 offset=32 type=short2  (6) usage=TEXCOORD     index=1
    stream=2 offset= 0 type=short4  (7) usage=POSITION     index=1
    stream=2 offset= 8 type=ubyte4n (8) usage=NORMAL       index=1
    stream=3 offset= 0 type=ubyte4n (8) usage=COLOR        index=0
    stream=4 offset= 0 type=float4  (3) usage=POSITION     index=2
    stream=4 offset=16 type=float4  (3) usage=POSITION     index=3
    stream=4 offset=32 type=float4  (3) usage=POSITION     index=4
    stream=4 offset=48 type=d3dcolor(4) usage=COLOR        index=1
    stream=4 offset=52 type=d3dcolor(4) usage=COLOR        index=2
SKINNED draw #1: verts=1080 disp=4 stride=36 | VB usage=0x8 static | live bone regs 7 | objTM t=(-145.15 18.08 -185.82)
    decl: pos type=float3@0  normal type=ubyte4n@12  weights type=ubyte4@20  indices type=ubyte4@24
    bone[0] rows (0.775 0.617 -0.135 -0.880) (-0.631 0.767 -0.119 0.449) (0.030 0.177 0.984 -0.308)
    vert 0: pos(0.456 1.099 -0.043) weightBytes[129 126 0 0] indexBytes[0 3 255 255]
    vert 1: pos(0.461 1.099 -0.063) weightBytes[128 127 0 0] indexBytes[0 3 255 255]
    vert 2: pos(0.450 1.099 -0.043) weightBytes[131 124 0 0] indexBytes[0 3 255 255]
SKINNED draw #2: verts=1080 disp=4 stride=36 | VB usage=0x8 static | live bone regs 7 | objTM t=(-145.15 18.08 -185.82)
    decl: pos type=float3@0  normal type=ubyte4n@12  weights type=ubyte4@20  indices type=ubyte4@24
    bone[0] rows (0.775 0.617 -0.135 -0.880) (-0.631 0.767 -0.119 0.449) (0.030 0.177 0.984 -0.308)
    vert 0: pos(0.456 1.099 -0.043) weightBytes[129 126 0 0] indexBytes[0 3 255 255]
    vert 1: pos(0.461 1.099 -0.063) weightBytes[128 127 0 0] indexBytes[0 3 255 255]
    vert 2: pos(0.450 1.099 -0.043) weightBytes[131 124 0 0] indexBytes[0 3 255 255]
SKINNED draw #3: verts=1080 disp=4 stride=36 | VB usage=0x8 static | live bone regs 7 | objTM t=(-145.15 18.08 -185.82)
    decl: pos type=float3@0  normal type=ubyte4n@12  weights type=ubyte4@20  indices type=ubyte4@24
    bone[0] rows (0.775 0.617 -0.135 -0.880) (-0.631 0.767 -0.119 0.449) (0.030 0.177 0.984 -0.308)
    vert 0: pos(0.456 1.099 -0.043) weightBytes[129 126 0 0] indexBytes[0 3 255 255]
    vert 1: pos(0.461 1.099 -0.063) weightBytes[128 127 0 0] indexBytes[0 3 255 255]
    vert 2: pos(0.450 1.099 -0.043) weightBytes[131 124 0 0] indexBytes[0 3 255 255]
SKINNED draw #4: verts=1080 disp=4 stride=36 | VB usage=0x8 static | live bone regs 7 | objTM t=(-145.15 18.08 -185.82)
    decl: pos type=float3@0  normal type=ubyte4n@12  weights type=ubyte4@20  indices type=ubyte4@24
    bone[0] rows (0.590 -0.428 0.684 0.573) (0.666 0.738 -0.113 0.501) (-0.456 0.522 0.720 -0.738)
    vert 0: pos(-0.546 1.091 -0.046) weightBytes[46 180 28 0] indexBytes[0 3 1 255]
    vert 1: pos(-0.529 1.082 -0.060) weightBytes[77 176 2 0] indexBytes[0 3 1 255]
    vert 2: pos(-0.547 1.096 -0.050) weightBytes[74 177 4 0] indexBytes[0 3 1 255]
SKINNED draw #5: verts=1080 disp=4 stride=36 | VB usage=0x8 static | live bone regs 7 | objTM t=(-145.15 18.08 -185.82)
    decl: pos type=float3@0  normal type=ubyte4n@12  weights type=ubyte4@20  indices type=ubyte4@24
    bone[0] rows (0.590 -0.428 0.684 0.573) (0.666 0.738 -0.113 0.501) (-0.456 0.522 0.720 -0.738)
    vert 0: pos(-0.546 1.091 -0.046) weightBytes[46 180 28 0] indexBytes[0 3 1 255]
    vert 1: pos(-0.529 1.082 -0.060) weightBytes[77 176 2 0] indexBytes[0 3 1 255]
    vert 2: pos(-0.547 1.096 -0.050) weightBytes[74 177 4 0] indexBytes[0 3 1 255]
SKINNED draw #6: verts=1080 disp=4 stride=36 | VB usage=0x8 static | live bone regs 7 | objTM t=(-145.15 18.08 -185.82)
    decl: pos type=float3@0  normal type=ubyte4n@12  weights type=ubyte4@20  indices type=ubyte4@24
    bone[0] rows (0.590 -0.428 0.684 0.573) (0.666 0.738 -0.113 0.501) (-0.456 0.522 0.720 -0.738)
    vert 0: pos(-0.546 1.091 -0.046) weightBytes[46 180 28 0] indexBytes[0 3 1 255]
    vert 1: pos(-0.529 1.082 -0.060) weightBytes[77 176 2 0] indexBytes[0 3 1 255]
    vert 2: pos(-0.547 1.096 -0.050) weightBytes[74 177 4 0] indexBytes[0 3 1 255]
SKINNED draw #7: verts=536 disp=4 stride=36 | VB usage=0x8 static | live bone regs 8 | objTM t=(-145.15 18.08 -185.82)
    decl: pos type=float3@0  normal type=ubyte4n@12  weights type=ubyte4@20  indices type=ubyte4@24
    bone[0] rows (0.882 0.167 0.441 -0.218) (-0.051 0.964 -0.262 0.029) (-0.469 0.208 0.858 -0.278)
    vert 0: pos(-0.044 1.572 -0.121) weightBytes[28 183 44 0] indexBytes[0 2 4 255]
    vert 1: pos(-0.045 1.564 -0.118) weightBytes[30 1 182 42] indexBytes[0 1 2 4]
    vert 2: pos(-0.047 1.561 -0.127) weightBytes[59 10 168 18] indexBytes[0 1 2 4]
SKINNED draw #8: verts=536 disp=4 stride=36 | VB usage=0x8 static | live bone regs 8 | objTM t=(-145.15 18.08 -185.82)
    decl: pos type=float3@0  normal type=ubyte4n@12  weights type=ubyte4@20  indices type=ubyte4@24
    bone[0] rows (0.882 0.167 0.441 -0.218) (-0.051 0.964 -0.262 0.029) (-0.469 0.208 0.858 -0.278)
    vert 0: pos(-0.044 1.572 -0.121) weightBytes[28 183 44 0] indexBytes[0 2 4 255]
    vert 1: pos(-0.045 1.564 -0.118) weightBytes[30 1 182 42] indexBytes[0 1 2 4]
    vert 2: pos(-0.047 1.561 -0.127) weightBytes[59 10 168 18] indexBytes[0 1 2 4]
vertex layout #14: elems=14 pos=float3@0(stream 0) uv=short2 normal=1 color=0 skinned=1 positionT=0
    stream=0 offset= 0 type=float3  (2) usage=POSITION     index=0
    stream=0 offset=12 type=ubyte4n (8) usage=NORMAL       index=0
    stream=0 offset=16 type=ubyte4n (8) usage=TANGENT      index=0
    stream=0 offset=20 type=ubyte4  (5) usage=BLENDWEIGHT  index=0
    stream=0 offset=24 type=ubyte4  (5) usage=BLENDINDICES index=0
    stream=0 offset=28 type=short2  (6) usage=TEXCOORD     index=0
    stream=2 offset= 0 type=short4  (7) usage=POSITION     index=1
    stream=2 offset= 8 type=ubyte4n (8) usage=NORMAL       index=1
    stream=3 offset= 0 type=ubyte4n (8) usage=COLOR        index=0
    stream=4 offset= 0 type=float4  (3) usage=POSITION     index=2
    stream=4 offset=16 type=float4  (3) usage=POSITION     index=3
    stream=4 offset=32 type=float4  (3) usage=POSITION     index=4
    stream=4 offset=48 type=d3dcolor(4) usage=COLOR        index=1
    stream=4 offset=52 type=d3dcolor(4) usage=COLOR        index=2
SKINNED draw #9: verts=416 disp=4 stride=32 | VB usage=0x8 static | live bone regs 8 | objTM t=(-145.15 18.08 -185.82)
    decl: pos type=float3@0  normal type=ubyte4n@12  weights type=ubyte4@20  indices type=ubyte4@24
    bone[0] rows (0.953 0.293 0.073 -0.492) (-0.290 0.956 -0.044 0.051) (-0.083 0.021 0.996 0.026)
    vert 0: pos(0.079 1.617 -0.057) weightBytes[255 0 0 0] indexBytes[2 255 255 255]
    vert 1: pos(0.079 1.613 -0.057) weightBytes[255 0 0 0] indexBytes[3 255 255 255]
    vert 2: pos(0.079 1.617 -0.057) weightBytes[255 0 0 0] indexBytes[2 255 255 255]
SKINNED draw #10: verts=990 disp=4 stride=36 | VB usage=0x8 static | live bone regs 9 | objTM t=(-145.15 18.08 -185.82)
    decl: pos type=float3@0  normal type=ubyte4n@12  weights type=ubyte4@20  indices type=ubyte4@24
    bone[0] rows (0.915 0.150 0.375 -0.113) (-0.108 0.985 -0.132 -0.022) (-0.390 0.080 0.917 -0.011)
    vert 0: pos(-0.202 0.037 0.058) weightBytes[174 81 0 0] indexBytes[2 4 255 255]
    vert 1: pos(-0.217 0.010 0.106) weightBytes[255 0 0 0] indexBytes[4 255 255 255]
    vert 2: pos(-0.201 0.029 0.109) weightBytes[2 253 0 0] indexBytes[2 4 255 255]
SKINNED draw #11: verts=990 disp=4 stride=36 | VB usage=0x8 static | live bone regs 9 | objTM t=(-145.15 18.08 -185.82)
    decl: pos type=float3@0  normal type=ubyte4n@12  weights type=ubyte4@20  indices type=ubyte4@24
    bone[0] rows (0.915 0.150 0.375 -0.113) (-0.108 0.985 -0.132 -0.022) (-0.390 0.080 0.917 -0.011)
    vert 0: pos(-0.202 0.037 0.058) weightBytes[174 81 0 0] indexBytes[2 4 255 255]
    vert 1: pos(-0.217 0.010 0.106) weightBytes[255 0 0 0] indexBytes[4 255 255 255]
    vert 2: pos(-0.201 0.029 0.109) weightBytes[2 253 0 0] indexBytes[2 4 255 255]
SKINNED draw #12: verts=764 disp=4 stride=32 | VB usage=0x8 static | live bone regs 9 | objTM t=(-145.15 18.08 -185.82)
    decl: pos type=float3@0  normal type=ubyte4n@12  weights type=ubyte4@20  indices type=ubyte4@24
    bone[0] rows (0.997 0.046 0.068 -0.084) (-0.042 0.997 -0.061 -0.000) (-0.071 0.057 0.996 -0.034)
    vert 0: pos(0.058 1.607 -0.006) weightBytes[191 64 0 0] indexBytes[4 3 255 255]
    vert 1: pos(0.058 1.608 -0.003) weightBytes[191 64 0 0] indexBytes[4 3 255 255]
    vert 2: pos(0.058 1.624 -0.010) weightBytes[191 64 0 0] indexBytes[4 3 255 255]
vertex layout #15: elems=6 pos=float3@0(stream 0) uv=? normal=0 color=0 skinned=0 positionT=0
  depth-disabled draw #1736: verts=8     prims=12    zwrite=0 tex0=161E2F88 objTM=0 lightVolume=no ps='' size=1.0x1.0x1.0 centre=(0.0 0.0 0.0) distFromCam=241.8
  depth-disabled draw #1737: verts=8     prims=12    zwrite=0 tex0=161E2F88 objTM=0 lightVolume=no ps='' size=1.0x1.0x1.0 centre=(0.0 0.0 0.0) distFromCam=241.8
  depth-disabled draw #1738: verts=8     prims=12    zwrite=0 tex0=161E2F88 objTM=0 lightVolume=no ps='' size=1.0x1.0x1.0 centre=(0.0 0.0 0.0) distFromCam=241.8
  depth-disabled draw #1739: verts=8     prims=12    zwrite=0 tex0=161E2F88 objTM=0 lightVolume=no ps='' size=1.0x1.0x1.0 centre=(0.0 0.0 0.0) distFromCam=241.8
  depth-disabled draw #1740: verts=8     prims=12    zwrite=0 tex0=161E2F88 objTM=0 lightVolume=no ps='' size=1.0x1.0x1.0 centre=(0.0 0.0 0.0) distFromCam=241.8
  depth-disabled draw #1741: verts=8     prims=12    zwrite=0 tex0=161E2F88 objTM=0 lightVolume=no ps='' size=1.0x1.0x1.0 centre=(0.0 0.0 0.0) distFromCam=241.8
  depth-disabled draw #1742: verts=8     prims=12    zwrite=0 tex0=161E2F88 objTM=0 lightVolume=no ps='' size=1.0x1.0x1.0 centre=(0.0 0.0 0.0) distFromCam=241.8
  depth-disabled draw #1743: verts=8     prims=12    zwrite=0 tex0=161E2F88 objTM=0 lightVolume=no ps='' size=1.0x1.0x1.0 centre=(0.0 0.0 0.0) distFromCam=241.8
  depth-disabled draw #1744: verts=8     prims=12    zwrite=0 tex0=161E2F88 objTM=0 lightVolume=no ps='' size=1.0x1.0x1.0 centre=(0.0 0.0 0.0) distFromCam=241.8
  depth-disabled draw #1745: verts=8     prims=12    zwrite=0 tex0=161E2F88 objTM=0 lightVolume=no ps='' size=1.0x1.0x1.0 centre=(0.0 0.0 0.0) distFromCam=241.8
  depth-disabled draw #1746: verts=8     prims=12    zwrite=0 tex0=161E2F88 objTM=0 lightVolume=no ps='' size=1.0x1.0x1.0 centre=(0.0 0.0 0.0) distFromCam=241.8
  depth-disabled draw #1747: verts=8     prims=12    zwrite=0 tex0=161E2F88 objTM=0 lightVolume=no ps='' size=1.0x1.0x1.0 centre=(0.0 0.0 0.0) distFromCam=241.8
  depth-disabled draw #1748: verts=8     prims=12    zwrite=0 tex0=161E2F88 objTM=0 lightVolume=no ps='' size=1.0x1.0x1.0 centre=(0.0 0.0 0.0) distFromCam=241.8
  depth-disabled draw #1749: verts=8     prims=12    zwrite=0 tex0=161E2F88 objTM=0 lightVolume=no ps='' size=1.0x1.0x1.0 centre=(0.0 0.0 0.0) distFromCam=241.8
  depth-disabled draw #1750: verts=8     prims=12    zwrite=0 tex0=161E2F88 objTM=0 lightVolume=no ps='' size=1.0x1.0x1.0 centre=(0.0 0.0 0.0) distFromCam=241.8
  depth-disabled draw #1751: verts=8     prims=12    zwrite=0 tex0=161E2F88 objTM=0 lightVolume=no ps='' size=1.0x1.0x1.0 centre=(0.0 0.0 0.0) distFromCam=241.8
  depth-disabled draw #1752: verts=8     prims=12    zwrite=0 tex0=161E2F88 objTM=0 lightVolume=no ps='' size=1.0x1.0x1.0 centre=(0.0 0.0 0.0) distFromCam=241.8
  depth-disabled draw #1753: verts=8     prims=12    zwrite=0 tex0=161E2F88 objTM=0 lightVolume=no ps='' size=1.0x1.0x1.0 centre=(0.0 0.0 0.0) distFromCam=241.8
  depth-disabled draw #1754: verts=8     prims=12    zwrite=0 tex0=161E2F88 objTM=0 lightVolume=no ps='' size=1.0x1.0x1.0 centre=(0.0 0.0 0.0) distFromCam=241.8
  depth-disabled draw #1755: verts=8     prims=12    zwrite=0 tex0=161E2F88 objTM=0 lightVolume=no ps='' size=1.0x1.0x1.0 centre=(0.0 0.0 0.0) distFromCam=241.8
  depth-disabled draw #1756: verts=8     prims=12    zwrite=0 tex0=161E2F88 objTM=0 lightVolume=no ps='' size=1.0x1.0x1.0 centre=(0.0 0.0 0.0) distFromCam=241.8
  depth-disabled draw #1757: verts=8     prims=12    zwrite=0 tex0=161E2F88 objTM=0 lightVolume=no ps='' size=1.0x1.0x1.0 centre=(0.0 0.0 0.0) distFromCam=241.8
  depth-disabled draw #1758: verts=8     prims=12    zwrite=0 tex0=161E2F88 objTM=0 lightVolume=no ps='' size=1.0x1.0x1.0 centre=(0.0 0.0 0.0) distFromCam=241.8
  depth-disabled draw #1759: verts=8     prims=12    zwrite=0 tex0=161E2F88 objTM=0 lightVolume=no ps='' size=1.0x1.0x1.0 centre=(0.0 0.0 0.0) distFromCam=241.8
  depth-disabled draw #1760: verts=8     prims=12    zwrite=0 tex0=161E2F88 objTM=0 lightVolume=no ps='' size=1.0x1.0x1.0 centre=(0.0 0.0 0.0) distFromCam=241.8
short2 UV range #7: u -1098..2854  v -424..2800  (verts=271 stride=36 off=28)
vertex layout #16: elems=3 pos=float3@0(stream 0) uv=float2 normal=0 color=1 skinned=0 positionT=0
SKY draw: PASS verts=343 ps='Diffuse_Map_1Sampler' rank=100 | size 36x9x36 centre (-145 21 -192) 1 from camera | why: sky (rfg-skybox family) - left for Remix to capture and tag
SKY draw: PASS verts=343 ps='Diffuse_Map_1Sampler' rank=100 | size 36x9x36 centre (-145 21 -192) 1 from camera | why: sky (rfg-skybox family) - left for Remix to capture and tag
SKY draw: PASS verts=343 ps='Diffuse_MapSampler' rank=100 | size 36x9x36 centre (-145 21 -192) 1 from camera | why: sky (rfg-skybox family) - left for Remix to capture and tag
SKY draw: PASS verts=343 ps='Diffuse_Map_1Sampler' rank=100 | size 36x9x36 centre (-145 21 -192) 1 from camera | why: sky (rfg-skybox family) - left for Remix to capture and tag
SKY draw: PASS verts=343 ps='Diffuse_Map_1Sampler' rank=100 | size 36x9x36 centre (-145 21 -192) 1 from camera | why: sky (rfg-skybox family) - left for Remix to capture and tag
SKY draw: PASS verts=343 ps='Diffuse_MapSampler' rank=100 | size 36x9x36 centre (-145 21 -192) 1 from camera | why: sky (rfg-skybox family) - left for Remix to capture and tag
SKY draw: PASS verts=343 ps='Diffuse_Map_1Sampler' rank=100 | size 36x9x36 centre (-145 21 -192) 1 from camera | why: sky (rfg-skybox family) - left for Remix to capture and tag
SKY draw: PASS verts=343 ps='Diffuse_Map_1Sampler' rank=100 | size 36x9x36 centre (-145 21 -192) 1 from camera | why: sky (rfg-skybox family) - left for Remix to capture and tag
SKY draw: PASS verts=343 ps='Diffuse_MapSampler' rank=100 | size 36x9x36 centre (-145 21 -192) 1 from camera | why: sky (rfg-skybox family) - left for Remix to capture and tag
vertex layout #17: elems=11 pos=float3@0(stream 0) uv=? normal=1 color=0 skinned=0 positionT=0
SKY draw: PASS verts=173 ps='Blend_MapSampler' rank=100 | size 102541x0x102511 centre (7 -0 0) 246 from camera | why: sky (rfg-skybox family) - left for Remix to capture and tag
SKY draw: PASS verts=11 ps='Blend_MapSampler' rank=100 | size 320x0x262 centre (0 0 -9) 235 from camera | why: sky (rfg-skybox family) - left for Remix to capture and tag
SKY draw: PASS verts=22 ps='Blend_MapSampler' rank=100 | size 320x0x280 centre (0 0 0) 242 from camera | why: sky (rfg-skybox family) - left for Remix to capture and tag
short2 UV range #8: u 0..1073  v -260..1031  (verts=180 stride=32 off=20)
short2 UV range #9: u 396..949  v 148..1029  (verts=12 stride=32 off=20)
short2 UV range #10: u -1019..2903  v 0..521  (verts=1408 stride=32 off=20)
short2 UV range #11: u -3..1232  v -1..1015  (verts=540 stride=32 off=20)
short2 UV range #12: u 273..492  v -829..516  (verts=320 stride=32 off=20)
ALBEDO BOUND #3: ps='IR_GBuffer_DSF_DataSampler' rank=80 -> 32x32 fmt=827611204 mips=4 pool=0 usage=0x200 
ALBEDO BOUND #4: ps='Blend_MapSampler' rank=100 -> 2048x1024 fmt=22 mips=9 pool=0 usage=0x200 
DECAL/PARTICLE #3: ps='Decal_MapSampler' rank=90 verts=4 usesObjTM=1 | world scale (1.00 1.00 1.00) translation (-132.1 27.1 -34.2) | camera (-145.2 20.0 -192.3) | blend=1
ALBEDO BOUND #5: ps='Decal_MapSampler' rank=90 -> 512x512 fmt=28 mips=10 pool=0 usage=0x200 
DECAL/PARTICLE #4: ps='Blend_MapSampler' rank=70 verts=11 usesObjTM=1 | world scale (1.00 1.00 1.00) translation (1120.0 0.0 2424.0) | camera (-145.2 20.0 -192.3) | blend=1
vertex layout #18: elems=14 pos=float3@0(stream 0) uv=short2 normal=1 color=0 skinned=0 positionT=0
DECAL/PARTICLE #5: ps='Alpha_MaskSampler' rank=100 verts=4 usesObjTM=1 | world scale (1.32 1.32 1.32) translation (-177.4 26.2 -50.4) | camera (-145.2 20.0 -192.3) | blend=1
ALBEDO BOUND #6: ps='Alpha_MaskSampler' rank=100 -> 512x512 fmt=894720068 mips=8 pool=0 usage=0x200 
vertex layout #19: elems=11 pos=float4@0(stream 0) uv=float4 normal=0 color=1 skinned=0 positionT=0
DECAL/PARTICLE #6: ps='Diffuse_Map_1Sampler' rank=100 verts=4 usesObjTM=1 | world scale (1.00 1.00 1.00) translation (1280.0 0.0 1024.0) | camera (-145.2 20.0 -192.3) | blend=1
ALBEDO BOUND #7: ps='Diffuse_Map_1Sampler' rank=100 -> 128x128 fmt=894720068 mips=6 pool=0 usage=0x200 
HITCH frame 5939: 183.0 ms = present 16.2 + our-present 0.0 + draws 11.8 + other-hooks 0.0 + game/bridge 155.0 | draws 4979 | new shaders 0 textures 1
call-order trace (V/v=SetVertexShader with/without objTM, P=projTM c28, O=objTM c32, W=view c48, D=draw converted, x=draw skipped):
  DvmvDDDvmvDvmmvmvDvmmvmvmmOOPWvDDDOOVmmmOmmmOmmOVmOVmmOVmOVmOmOVmVmOmOmOmOmOmOmOmOmOmOmOmOmOmOmOmOmO
  mOmOmOmOmOmOmOmOmOmOmOmOmOmOmOmOmOVDOVmOVmOOPWPvmmmmmmmmmmmmmmmmmmmmmmmmmmmmmmmmmmmmmmmmmmmmmmmmmmmm
  mmmmmmmmmmmmmmmmmmmmmmmmmmmmmmmmmmmmmmmmmmmmmmmmmmmmmmmmmmmmmmmmmmmmmmmmmmmmmmmmmmmmmmmmmmmmmmmmmmmm
  mmmmmmmmmmmmmmmmmmmmmmmmmmmmmmmmmmmmmmmmmmmmmmmmmmmmmmmmmmmmmmmmmmmmmmmmmmmmmmmmmmmmmmmmmmmmmmmmmmmm
sky probe: 40 depth-disabled draws in a frame of 4979
auxiliary camera at (-145.2 -20.0 -192.3), main camera at (-145.2 20.0 -192.3), 40.0 units apart | aspect 1.778 vs back buffer 1.778
    aux  forward (-0.000 0.008 1.000) up (-0.000 -1.000 0.008) det -1.000
    main forward (0.000 -0.008 1.000) up (0.000 1.000 0.008) det 1.000
ALBEDO BOUND #8: ps='Detail_Normal_MapSampler' rank=100 -> 512x512 fmt=827611204 mips=8 pool=0 usage=0x200 
DECAL/PARTICLE #7: ps='Detail_Normal_MapSampler' rank=100 verts=56 usesObjTM=0 | world scale (1.00 1.00 1.00) translation (0.0 0.0 0.0) | camera (-145.2 20.0 -192.3) | blend=1
untextured material #1: first sampler is 'IR_GBuffer_DSF_DataSampler'
DECAL/PARTICLE #8: ps='IR_GBuffer_DSF_DataSampler' rank=0 verts=38 usesObjTM=0 | world scale (1.00 1.00 1.00) translation (0.0 0.0 0.0) | camera (-145.2 20.0 -192.3) | blend=1
HITCH frame 5940: 170.1 ms = present 0.1 + our-present 0.1 + draws 21.3 + other-hooks 0.0 + game/bridge 148.7 | draws 5119 | new shaders 0 textures 1
shape probe written to sr3-rtx-shapes.log (400 shapes)
vertex layout #20: elems=7 pos=float3@0(stream 0) uv=float3 normal=0 color=1 skinned=0 positionT=0
HITCH frame 5946: 98.5 ms = present 74.6 + our-present 0.0 + draws 14.2 + other-hooks 0.0 + game/bridge 9.8 | draws 5016 | new shaders 0 textures 7
frame 6000 | draws 52/frame | FFP converted 19/frame (36.3%)
    not converted: screen-space 0  skinned 0  ortho 0  vertex-format 0  untextured 23  instanced 0  mirrored 0  other-camera 2  no camera 0  other 0 (per frame)
    prepasses hidden: sampler-less 23/frame, stipple-with-no-colour 4/frame (these used to convert WHITE) | post/composite quads marked 0/frame
    constant-colour materials (no diffuse map, albedo from the shader's own constant) 2/frame | HUD quads demoted to UI 0/frame | back-buffer clears 0/frame | sky draws 1/frame | UI-pass draws converted 0/frame
    instancing: 19 converted from the instance stream/frame, 0 refused/frame (largest single draw 1 instances, 0.0 buffer writes snooped/frame)
    SKINNING: 1 skinned/frame, 0 refused/frame, 0 exact duplicates dropped/frame | 19 meshes decoded, 19 cached, 0 cache flushes
    ALBEDO stage 0 taken raw (no shader reflection) 0/frame
    ALBEDO: constant-only 2/frame, tinted fallback 0/frame, genuinely blank 0/frame (of 2 rank-0 draws/frame)
    ALBEDO WHITE (previously uncounted): named-but-not-bound 0/frame, render-target exclusion left nothing 0/frame | colourless passes now hidden 2/frame | screen-space passes hidden 0/frame | particle billboards hidden 0/frame
    SKIPPED entirely 0/frame (mode 3) | demoted to UI overlay 0/frame | no-albedo materials left to Remix 2/frame
    MARKED with the marker texture 32/frame (refused as unsafe 0/frame, 68 SetTexture calls/frame, marker created)
    albedo: moved off stage 0 5/frame, blanked 2/frame, restored from mesh cache 7/frame (771 meshes cached, 0 flushes) | RT textures known 55 | lights 0.0/frame (24 shaders)
    camera -145.2 20.0 -192.3 | distinct cameras this frame 1 (max 1) | transform writes 14/frame | redundant state calls dropped 398/frame
    world matrix changes 14/frame | objTM used without a fresh upload 0/frame | uv matrix writes 0/frame (last scale 0.00098, 0.00098)
    TIMING: frame 17.7 ms avg (56 fps), worst 183 ms | shim 0.16 ms avg (0.9% of frame), worst 23.6 ms
    TIMING tail: 10 frames >=33 ms, 2 >=100 ms in this window of 600 | inside real Present 15.37 ms avg, worst 74.6 ms | our other hooks 0.00 ms avg
    converted -> target 14E5CA90 1280x720 fmt=34 : 1 draws/frame
    converted -> target 14E64370 1280x720 fmt=113 : 18 draws/frame
    converted -> target 14E5D060 1280x720 fmt=113 : 0 draws/frame
HITCH frame 6031: 65.2 ms = present 0.3 + our-present 0.0 + draws 16.8 + other-hooks 0.0 + game/bridge 48.2 | draws 5215 | new shaders 0 textures 0
HITCH frame 6037: 54.3 ms = present 27.9 + our-present 0.0 + draws 17.2 + other-hooks 0.0 + game/bridge 9.2 | draws 5203 | new shaders 0 textures 0
vertex layout #21: elems=9 pos=float3@0(stream 0) uv=float2 normal=0 color=1 skinned=0 positionT=0
vertex layout #22: elems=15 pos=float3@0(stream 0) uv=short2 normal=1 color=0 skinned=1 positionT=0
    stream=0 offset= 0 type=float3  (2) usage=POSITION     index=0
    stream=0 offset=12 type=ubyte4n (8) usage=NORMAL       index=0
    stream=0 offset=16 type=ubyte4n (8) usage=TANGENT      index=0
    stream=0 offset=20 type=ubyte4  (5) usage=BLENDINDICES index=0
    stream=0 offset=24 type=short2  (6) usage=TEXCOORD     index=0
    stream=0 offset=28 type=short2  (6) usage=TEXCOORD     index=1
    stream=0 offset=32 type=short2  (6) usage=TEXCOORD     index=2
    stream=2 offset= 0 type=short4  (7) usage=POSITION     index=1
    stream=2 offset= 8 type=ubyte4n (8) usage=NORMAL       index=1
    stream=3 offset= 0 type=ubyte4n (8) usage=COLOR        index=0
    stream=4 offset= 0 type=float4  (3) usage=POSITION     index=2
    stream=4 offset=16 type=float4  (3) usage=POSITION     index=3
    stream=4 offset=32 type=float4  (3) usage=POSITION     index=4
    stream=4 offset=48 type=d3dcolor(4) usage=COLOR        index=1
    stream=4 offset=52 type=d3dcolor(4) usage=COLOR        index=2
vertex layout #23: elems=13 pos=float3@0(stream 0) uv=short2 normal=1 color=0 skinned=1 positionT=0
    stream=0 offset= 0 type=float3  (2) usage=POSITION     index=0
    stream=0 offset=12 type=ubyte4n (8) usage=NORMAL       index=0
    stream=0 offset=16 type=ubyte4n (8) usage=TANGENT      index=0
    stream=0 offset=20 type=ubyte4  (5) usage=BLENDINDICES index=0
    stream=0 offset=24 type=short2  (6) usage=TEXCOORD     index=0
    stream=2 offset= 0 type=short4  (7) usage=POSITION     index=1
    stream=2 offset= 8 type=ubyte4n (8) usage=NORMAL       index=1
    stream=3 offset= 0 type=ubyte4n (8) usage=COLOR        index=0
    stream=4 offset= 0 type=float4  (3) usage=POSITION     index=2
    stream=4 offset=16 type=float4  (3) usage=POSITION     index=3
    stream=4 offset=32 type=float4  (3) usage=POSITION     index=4
    stream=4 offset=48 type=d3dcolor(4) usage=COLOR        index=1
    stream=4 offset=52 type=d3dcolor(4) usage=COLOR        index=2
vertex layout #24: elems=12 pos=float3@0(stream 0) uv=short2 normal=1 color=0 skinned=1 positionT=0
skinning REFUSED #1: blend weights are a type this decoder does not read | verts=3044 stride=36 decl: pos=float3(2)@0 normal=ubyte4n(8)@12 weights=?(-1)@-1 indices=ubyte4(5)@20 uv=short2(6)@24
ALBEDO BOUND #9: ps='Damage_Normal_MapSampler' rank=60 -> 512x512 fmt=894720068 mips=8 pool=0 usage=0x200 
HITCH frame 6076: 48.7 ms = present 0.2 + our-present 0.0 + draws 17.3 + other-hooks 0.0 + game/bridge 31.3 | draws 1733 | new shaders 0 textures 6
camera: pos -155.9 20.5 -191.5 | proj _11=1.5951 _22=2.8357 _33=1.00001 _43=-0.15 (aspect 1.778)
camera: pos -157.2 21.8 -188.0 | proj _11=1.5818 _22=2.8120 _33=1.00001 _43=-0.15 (aspect 1.778)
camera: pos -157.8 22.0 -188.7 | proj _11=1.5693 _22=2.7898 _33=1.00001 _43=-0.15 (aspect 1.778)
camera: pos -157.8 22.0 -189.1 | proj _11=1.5576 _22=2.7691 _33=1.00001 _43=-0.15 (aspect 1.778)
camera: pos -157.8 22.0 -189.5 | proj _11=1.5462 _22=2.7487 _33=1.00001 _43=-0.15 (aspect 1.778)
camera: pos -157.8 22.0 -190.0 | proj _11=1.5348 _22=2.7284 _33=1.00001 _43=-0.15 (aspect 1.778)
camera: pos -157.7 22.0 -190.4 | proj _11=1.5235 _22=2.7084 _33=1.00001 _43=-0.15 (aspect 1.778)
camera: pos -157.6 22.0 -190.8 | proj _11=1.5124 _22=2.6886 _33=1.00001 _43=-0.15 (aspect 1.778)
camera: pos -157.4 22.0 -191.2 | proj _11=1.5014 _22=2.6691 _33=1.00001 _43=-0.15 (aspect 1.778)
camera: pos -157.3 21.9 -191.6 | proj _11=1.4906 _22=2.6498 _33=1.00001 _43=-0.15 (aspect 1.778)
camera: pos -157.2 21.8 -192.0 | proj _11=1.4798 _22=2.6308 _33=1.00001 _43=-0.15 (aspect 1.778)
camera: pos -157.2 21.7 -192.5 | proj _11=1.4688 _22=2.6112 _33=1.00001 _43=-0.15 (aspect 1.778)
camera: pos -157.5 21.6 -193.0 | proj _11=1.4587 _22=2.5932 _33=1.00001 _43=-0.15 (aspect 1.778)
camera: pos -158.1 21.5 -193.8 | proj _11=1.4483 _22=2.5747 _33=1.00001 _43=-0.15 (aspect 1.778)
camera: pos -159.2 21.4 -195.4 | proj _11=1.4380 _22=2.5564 _33=1.00001 _43=-0.15 (aspect 1.778)
camera: pos -159.8 21.4 -197.3 | proj _11=1.4279 _22=2.5384 _33=1.00001 _43=-0.15 (aspect 1.778)
camera: pos -159.7 21.3 -198.5 | proj _11=1.4170 _22=2.5191 _33=1.00001 _43=-0.15 (aspect 1.778)
camera: pos -159.3 21.3 -198.9 | proj _11=1.4043 _22=2.4965 _33=1.00001 _43=-0.15 (aspect 1.778)
camera: pos -159.0 21.3 -199.4 | proj _11=1.3915 _22=2.4738 _33=1.00001 _43=-0.15 (aspect 1.778)
camera: pos -158.7 21.4 -199.8 | proj _11=1.3790 _22=2.4515 _33=1.00001 _43=-0.15 (aspect 1.778)
camera: pos -158.3 21.4 -200.1 | proj _11=1.3667 _22=2.4297 _33=1.00001 _43=-0.15 (aspect 1.778)
camera: pos -157.8 21.4 -200.4 | proj _11=1.3541 _22=2.4072 _33=1.00001 _43=-0.15 (aspect 1.778)
camera: pos -157.3 21.2 -200.6 | proj _11=1.3416 _22=2.3849 _33=1.00001 _43=-0.15 (aspect 1.778)
camera: pos -156.8 20.9 -200.7 | proj _11=1.3288 _22=2.3622 _33=1.00001 _43=-0.15 (aspect 1.778)
camera: pos -156.2 20.4 -200.5 | proj _11=1.3161 _22=2.3397 _33=1.00001 _43=-0.15 (aspect 1.778)
camera: pos -155.5 20.1 -200.4 | proj _11=1.3045 _22=2.3190 _33=1.00001 _43=-0.15 (aspect 1.778)
HITCH frame 6319: 41.8 ms = present 0.2 + our-present 0.0 + draws 22.0 + other-hooks 0.0 + game/bridge 19.6 | draws 9463 | new shaders 0 textures 0
HITCH frame 6323: 42.1 ms = present 0.3 + our-present 0.0 + draws 26.2 + other-hooks 0.0 + game/bridge 15.6 | draws 9476 | new shaders 0 textures 0
HITCH frame 6324: 40.7 ms = present 0.2 + our-present 0.0 + draws 25.1 + other-hooks 0.0 + game/bridge 15.3 | draws 9448 | new shaders 0 textures 0
HITCH frame 6325: 40.1 ms = present 0.3 + our-present 0.0 + draws 21.4 + other-hooks 0.0 + game/bridge 18.3 | draws 9596 | new shaders 0 textures 0
HITCH frame 6326: 40.5 ms = present 0.3 + our-present 0.0 + draws 24.9 + other-hooks 0.0 + game/bridge 15.3 | draws 9524 | new shaders 0 textures 0
HITCH frame 6327: 43.2 ms = present 0.3 + our-present 0.0 + draws 23.4 + other-hooks 0.0 + game/bridge 19.4 | draws 9400 | new shaders 0 textures 0
camera: pos -122.6 18.1 -196.9 | proj _11=1.3168 _22=2.3409 _33=1.00001 _43=-0.15 (aspect 1.778)
camera: pos -122.5 18.1 -196.9 | proj _11=1.3348 _22=2.3729 _33=1.00001 _43=-0.15 (aspect 1.778)
camera: pos -122.3 18.1 -196.9 | proj _11=1.3532 _22=2.4056 _33=1.00001 _43=-0.15 (aspect 1.778)
camera: pos -122.2 18.1 -196.9 | proj _11=1.3719 _22=2.4389 _33=1.00001 _43=-0.15 (aspect 1.778)
camera: pos -122.1 18.1 -196.8 | proj _11=1.3911 _22=2.4729 _33=1.00001 _43=-0.15 (aspect 1.778)
camera: pos -122.0 18.1 -196.8 | proj _11=1.4107 _22=2.5078 _33=1.00001 _43=-0.15 (aspect 1.778)
camera: pos -121.9 18.1 -196.8 | proj _11=1.4307 _22=2.5434 _33=1.00001 _43=-0.15 (aspect 1.778)
camera: pos -121.9 18.1 -196.8 | proj _11=1.4408 _22=2.5614 _33=1.00001 _43=-0.15 (aspect 1.778)
camera: pos -121.9 18.1 -196.8 | proj _11=1.4511 _22=2.5797 _33=1.00001 _43=-0.15 (aspect 1.778)
camera: pos -121.8 18.1 -196.8 | proj _11=1.4615 _22=2.5982 _33=1.00001 _43=-0.15 (aspect 1.778)
camera: pos -121.8 18.1 -196.8 | proj _11=1.4720 _22=2.6169 _33=1.00001 _43=-0.15 (aspect 1.778)
camera: pos -121.8 18.1 -196.8 | proj _11=1.4826 _22=2.6357 _33=1.00001 _43=-0.15 (aspect 1.778)
camera: pos -121.8 18.1 -196.8 | proj _11=1.4934 _22=2.6550 _33=1.00001 _43=-0.15 (aspect 1.778)
camera: pos -121.7 18.1 -196.8 | proj _11=1.5043 _22=2.6743 _33=1.00001 _43=-0.15 (aspect 1.778)
camera: pos -121.7 18.1 -196.8 | proj _11=1.5153 _22=2.6939 _33=1.00001 _43=-0.15 (aspect 1.778)
camera: pos -121.7 18.1 -196.7 | proj _11=1.5265 _22=2.7137 _33=1.00001 _43=-0.15 (aspect 1.778)
camera: pos -121.7 18.1 -196.7 | proj _11=1.5378 _22=2.7338 _33=1.00001 _43=-0.15 (aspect 1.778)
camera: pos -121.6 18.1 -196.7 | proj _11=1.5492 _22=2.7540 _33=1.00001 _43=-0.15 (aspect 1.778)
camera: pos -121.6 18.1 -196.7 | proj _11=1.5608 _22=2.7747 _33=1.00001 _43=-0.15 (aspect 1.778)
camera: pos -121.6 18.1 -196.7 | proj _11=1.5725 _22=2.7955 _33=1.00001 _43=-0.15 (aspect 1.778)
camera: pos -121.6 18.1 -196.7 | proj _11=1.5843 _22=2.8165 _33=1.00001 _43=-0.15 (aspect 1.778)
camera: pos -121.5 18.1 -196.7 | proj _11=1.5963 _22=2.8378 _33=1.00001 _43=-0.15 (aspect 1.778)
camera: pos -121.5 18.1 -196.7 | proj _11=1.6085 _22=2.8594 _33=1.00001 _43=-0.15 (aspect 1.778)
camera: pos -118.2 19.8 -198.5 | proj _11=1.5977 _22=2.8403 _33=1.00001 _43=-0.15 (aspect 1.778)
camera: pos -118.6 20.3 -198.6 | proj _11=1.5861 _22=2.8198 _33=1.00001 _43=-0.15 (aspect 1.778)
camera: pos -119.1 20.5 -198.6 | proj _11=1.5747 _22=2.7995 _33=1.00001 _43=-0.15 (aspect 1.778)
camera: pos -119.5 20.6 -198.7 | proj _11=1.5634 _22=2.7793 _33=1.00001 _43=-0.15 (aspect 1.778)
camera: pos -119.9 20.8 -198.7 | proj _11=1.5529 _22=2.7606 _33=1.00001 _43=-0.15 (aspect 1.778)
camera: pos -120.4 20.9 -198.7 | proj _11=1.5419 _22=2.7411 _33=1.00001 _43=-0.15 (aspect 1.778)
camera: pos -120.8 21.0 -198.5 | proj _11=1.5314 _22=2.7225 _33=1.00001 _43=-0.15 (aspect 1.778)
camera: pos -121.2 21.1 -198.3 | proj _11=1.5211 _22=2.7041 _33=1.00001 _43=-0.15 (aspect 1.778)
camera: pos -121.6 21.2 -198.1 | proj _11=1.5102 _22=2.6847 _33=1.00001 _43=-0.15 (aspect 1.778)
camera: pos -122.2 21.5 -197.8 | proj _11=1.4950 _22=2.6577 _33=1.00001 _43=-0.15 (aspect 1.778)
camera: pos -122.7 21.4 -197.7 | proj _11=1.4848 _22=2.6395 _33=1.00001 _43=-0.15 (aspect 1.778)
camera: pos -123.0 21.4 -197.6 | proj _11=1.4748 _22=2.6218 _33=1.00001 _43=-0.15 (aspect 1.778)
camera: pos -123.6 21.4 -197.5 | proj _11=1.4605 _22=2.5964 _33=1.00001 _43=-0.15 (aspect 1.778)
camera: pos -124.2 21.4 -197.4 | proj _11=1.4465 _22=2.5714 _33=1.00001 _43=-0.15 (aspect 1.778)
frame 6600 | draws 252/frame | FFP converted 82/frame (32.7%)
    not converted: screen-space 3  skinned 0  ortho 0  vertex-format 1  untextured 118  instanced 0  mirrored 0  other-camera 13  no camera 0  other 0 (per frame)
    prepasses hidden: sampler-less 118/frame, stipple-with-no-colour 21/frame (these used to convert WHITE) | post/composite quads marked 3/frame
    constant-colour materials (no diffuse map, albedo from the shader's own constant) 7/frame | HUD quads demoted to UI 0/frame | back-buffer clears 0/frame | sky draws 6/frame | UI-pass draws converted 0/frame
    instancing: 77 converted from the instance stream/frame, 0 refused/frame (largest single draw 1 instances, 0.1 buffer writes snooped/frame)
    SKINNING: 9 skinned/frame, 1 refused/frame, 1 exact duplicates dropped/frame | 49 meshes decoded, 49 cached, 0 cache flushes
    ALBEDO stage 0 taken raw (no shader reflection) 0/frame
    ALBEDO: constant-only 7/frame, tinted fallback 0/frame, genuinely blank 0/frame (of 7 rank-0 draws/frame)
    ALBEDO WHITE (previously uncounted): named-but-not-bound 0/frame, render-target exclusion left nothing 0/frame | colourless passes now hidden 7/frame | screen-space passes hidden 0/frame | particle billboards hidden 0/frame
    SKIPPED entirely 0/frame (mode 3) | demoted to UI overlay 0/frame | no-albedo materials left to Remix 7/frame
    MARKED with the marker texture 163/frame (refused as unsafe 0/frame, 362 SetTexture calls/frame, marker created)
    albedo: moved off stage 0 19/frame, blanked 7/frame, restored from mesh cache 24/frame (1832 meshes cached, 0 flushes) | RT textures known 55 | lights 0.1/frame (24 shaders)
    camera -124.4 21.4 -197.4 | distinct cameras this frame 1 (max 1) | transform writes 55/frame | redundant state calls dropped 1727/frame
    world matrix changes 54/frame | objTM used without a fresh upload 0/frame | uv matrix writes 1/frame (last scale 0.00098, 0.00098)
    TIMING: frame 18.1 ms avg (55 fps), worst 65 ms | shim 1.24 ms avg (6.9% of frame), worst 28.0 ms
    TIMING tail: 28 frames >=33 ms, 0 >=100 ms in this window of 600 | inside real Present 14.22 ms avg, worst 27.9 ms | our other hooks 0.00 ms avg
    converted -> target 14E5CA90 1280x720 fmt=34 : 3 draws/frame
    converted -> target 14E64370 1280x720 fmt=113 : 78 draws/frame
    converted -> target 14E5D060 1280x720 fmt=113 : 0 draws/frame
camera: pos -124.8 21.4 -197.3 | proj _11=1.4324 _22=2.5464 _33=1.00001 _43=-0.15 (aspect 1.778)
camera: pos -125.4 21.4 -197.2 | proj _11=1.4185 _22=2.5218 _33=1.00001 _43=-0.15 (aspect 1.778)
camera: pos -126.0 21.4 -197.1 | proj _11=1.4053 _22=2.4983 _33=1.00001 _43=-0.15 (aspect 1.778)
camera: pos -126.6 21.4 -196.8 | proj _11=1.3911 _22=2.4730 _33=1.00001 _43=-0.15 (aspect 1.778)
camera: pos -127.2 21.4 -196.3 | proj _11=1.3769 _22=2.4478 _33=1.00001 _43=-0.15 (aspect 1.778)
camera: pos -127.8 21.4 -196.0 | proj _11=1.3634 _22=2.4238 _33=1.00001 _43=-0.15 (aspect 1.778)
camera: pos -128.5 21.5 -195.9 | proj _11=1.3507 _22=2.4012 _33=1.00001 _43=-0.15 (aspect 1.778)
camera: pos -129.1 21.5 -195.9 | proj _11=1.3398 _22=2.3819 _33=1.00001 _43=-0.15 (aspect 1.778)
camera: pos -129.6 21.4 -195.9 | proj _11=1.3285 _22=2.3618 _33=1.00001 _43=-0.15 (aspect 1.778)
camera: pos -130.1 21.4 -195.9 | proj _11=1.3179 _22=2.3428 _33=1.00001 _43=-0.15 (aspect 1.778)
camera: pos -130.6 21.4 -195.9 | proj _11=1.3073 _22=2.3240 _33=1.00001 _43=-0.15 (aspect 1.778)
camera: pos -148.5 21.3 -195.4 | proj _11=1.3333 _22=2.3702 _33=1.00001 _43=-0.15 (aspect 1.778)
camera: pos -148.4 21.3 -195.4 | proj _11=1.3514 _22=2.4025 _33=1.00001 _43=-0.15 (aspect 1.778)
HITCH frame 6706: 83.1 ms = present 0.2 + our-present 0.0 + draws 15.8 + other-hooks 0.0 + game/bridge 67.1 | draws 1868 | new shaders 0 textures 0
camera: pos -148.3 21.3 -195.4 | proj _11=1.3700 _22=2.4354 _33=1.00001 _43=-0.15 (aspect 1.778)
HITCH frame 6712: 54.3 ms = present 31.1 + our-present 0.0 + draws 17.0 + other-hooks 0.0 + game/bridge 6.2 | draws 1867 | new shaders 0 textures 0
camera: pos -146.9 21.3 -195.4 | proj _11=1.3582 _22=2.4146 _33=1.00001 _43=-0.15 (aspect 1.778)
camera: pos -145.7 21.3 -194.9 | proj _11=1.3466 _22=2.3939 _33=1.00001 _43=-0.15 (aspect 1.778)
camera: pos -144.7 21.3 -194.1 | proj _11=1.3346 _22=2.3725 _33=1.00001 _43=-0.15 (aspect 1.778)
camera: pos -144.0 21.3 -192.7 | proj _11=1.3225 _22=2.3510 _33=1.00001 _43=-0.15 (aspect 1.778)
camera: pos -144.0 21.3 -190.3 | proj _11=1.3107 _22=2.3301 _33=1.00001 _43=-0.15 (aspect 1.778)
camera: pos -146.0 21.4 -186.0 | proj _11=1.3002 _22=2.3114 _33=1.00001 _43=-0.15 (aspect 1.778)
HITCH frame 6788: 45.0 ms = present 2.4 + our-present 0.0 + draws 8.9 + other-hooks 0.0 + game/bridge 33.6 | draws 2032 | new shaders 0 textures 0
camera: pos -170.9 21.3 -184.1 | proj _11=1.3112 _22=2.3311 _33=1.00001 _43=-0.15 (aspect 1.778)
camera: pos -170.5 21.3 -184.2 | proj _11=1.3216 _22=2.3495 _33=1.00001 _43=-0.15 (aspect 1.778)
camera: pos -170.1 21.2 -184.5 | proj _11=1.3368 _22=2.3765 _33=1.00001 _43=-0.15 (aspect 1.778)
camera: pos -169.7 21.1 -184.8 | proj _11=1.3498 _22=2.3995 _33=1.00001 _43=-0.15 (aspect 1.778)
camera: pos -169.2 21.0 -185.1 | proj _11=1.3658 _22=2.4280 _33=1.00001 _43=-0.15 (aspect 1.778)
camera: pos -168.7 20.9 -185.4 | proj _11=1.3852 _22=2.4625 _33=1.00001 _43=-0.15 (aspect 1.778)
camera: pos -168.4 20.9 -185.6 | proj _11=1.3962 _22=2.4822 _33=1.00001 _43=-0.15 (aspect 1.778)
camera: pos -168.1 20.8 -185.9 | proj _11=1.4083 _22=2.5037 _33=1.00001 _43=-0.15 (aspect 1.778)
camera: pos -167.7 20.8 -186.1 | proj _11=1.4216 _22=2.5271 _33=1.00001 _43=-0.15 (aspect 1.778)
camera: pos -167.3 20.7 -186.4 | proj _11=1.4359 _22=2.5527 _33=1.00001 _43=-0.15 (aspect 1.778)
camera: pos -166.9 20.7 -186.6 | proj _11=1.4510 _22=2.5795 _33=1.00001 _43=-0.15 (aspect 1.778)
camera: pos -166.7 20.6 -186.8 | proj _11=1.4610 _22=2.5973 _33=1.00001 _43=-0.15 (aspect 1.778)
camera: pos -166.2 20.5 -187.1 | proj _11=1.4800 _22=2.6311 _33=1.00001 _43=-0.15 (aspect 1.778)
camera: pos -165.7 20.4 -187.4 | proj _11=1.4980 _22=2.6631 _33=1.00001 _43=-0.15 (aspect 1.778)
camera: pos -165.3 20.4 -187.7 | proj _11=1.5148 _22=2.6930 _33=1.00001 _43=-0.15 (aspect 1.778)
camera: pos -164.9 20.3 -187.9 | proj _11=1.5305 _22=2.7208 _33=1.00001 _43=-0.15 (aspect 1.778)
camera: pos -164.6 20.2 -188.1 | proj _11=1.5452 _22=2.7469 _33=1.00001 _43=-0.15 (aspect 1.778)
camera: pos -164.3 20.2 -188.3 | proj _11=1.5581 _22=2.7699 _33=1.00001 _43=-0.15 (aspect 1.778)
camera: pos -164.0 20.1 -188.5 | proj _11=1.5697 _22=2.7906 _33=1.00001 _43=-0.15 (aspect 1.778)
camera: pos -163.8 20.1 -188.6 | proj _11=1.5799 _22=2.8086 _33=1.00001 _43=-0.15 (aspect 1.778)
camera: pos -163.5 20.0 -188.8 | proj _11=1.5924 _22=2.8308 _33=1.00001 _43=-0.15 (aspect 1.778)
camera: pos -163.2 20.0 -189.0 | proj _11=1.6035 _22=2.8507 _33=1.00001 _43=-0.15 (aspect 1.778)
camera: pos -164.0 20.0 -188.7 | proj _11=1.5918 _22=2.8298 _33=1.00001 _43=-0.15 (aspect 1.778)
camera: pos -164.3 20.0 -188.5 | proj _11=1.5791 _22=2.8072 _33=1.00001 _43=-0.15 (aspect 1.778)
camera: pos -164.5 20.1 -188.3 | proj _11=1.5688 _22=2.7889 _33=1.00001 _43=-0.15 (aspect 1.778)
camera: pos -164.7 20.1 -188.1 | proj _11=1.5570 _22=2.7680 _33=1.00001 _43=-0.15 (aspect 1.778)
camera: pos -165.0 20.2 -187.9 | proj _11=1.5438 _22=2.7445 _33=1.00001 _43=-0.15 (aspect 1.778)
camera: pos -165.3 20.2 -187.6 | proj _11=1.5293 _22=2.7187 _33=1.00001 _43=-0.15 (aspect 1.778)
camera: pos -165.7 20.3 -187.4 | proj _11=1.5136 _22=2.6907 _33=1.00001 _43=-0.15 (aspect 1.778)
camera: pos -166.0 20.3 -187.1 | proj _11=1.4966 _22=2.6606 _33=1.00001 _43=-0.15 (aspect 1.778)
camera: pos -166.4 20.4 -186.8 | proj _11=1.4785 _22=2.6284 _33=1.00001 _43=-0.15 (aspect 1.778)
camera: pos -166.9 20.5 -186.4 | proj _11=1.4594 _22=2.5944 _33=1.00001 _43=-0.15 (aspect 1.778)
camera: pos -167.4 20.6 -186.1 | proj _11=1.4391 _22=2.5583 _33=1.00001 _43=-0.15 (aspect 1.778)
camera: pos -167.6 20.6 -185.9 | proj _11=1.4290 _22=2.5405 _33=1.00001 _43=-0.15 (aspect 1.778)
camera: pos -168.1 20.7 -185.5 | proj _11=1.4103 _22=2.5071 _33=1.00001 _43=-0.15 (aspect 1.778)
camera: pos -168.5 20.8 -185.2 | proj _11=1.3933 _22=2.4769 _33=1.00001 _43=-0.15 (aspect 1.778)
camera: pos -168.9 20.9 -185.0 | proj _11=1.3779 _22=2.4496 _33=1.00001 _43=-0.15 (aspect 1.778)
camera: pos -169.3 20.9 -184.7 | proj _11=1.3640 _22=2.4248 _33=1.00001 _43=-0.15 (aspect 1.778)
camera: pos -169.6 21.0 -184.5 | proj _11=1.3515 _22=2.4026 _33=1.00001 _43=-0.15 (aspect 1.778)
camera: pos -169.9 21.1 -184.3 | proj _11=1.3405 _22=2.3830 _33=1.00001 _43=-0.15 (aspect 1.778)
camera: pos -170.3 21.2 -184.1 | proj _11=1.3264 _22=2.3580 _33=1.00001 _43=-0.15 (aspect 1.778)
camera: pos -170.7 21.3 -184.0 | proj _11=1.3151 _22=2.3380 _33=1.00001 _43=-0.15 (aspect 1.778)
camera: pos -171.0 21.3 -183.9 | proj _11=1.3044 _22=2.3189 _33=1.00001 _43=-0.15 (aspect 1.778)
camera: pos -171.3 21.4 -183.9 | proj _11=1.2943 _22=2.3010 _33=1.00001 _43=-0.15 (aspect 1.778)
camera: pos -171.2 21.4 -183.9 | proj _11=1.2833 _22=2.2814 _33=1.00001 _43=-0.15 (aspect 1.778)
camera: pos -171.0 21.4 -184.1 | proj _11=1.2731 _22=2.2633 _33=1.00001 _43=-0.15 (aspect 1.778)
camera: pos -170.8 21.4 -184.3 | proj _11=1.2630 _22=2.2453 _33=1.00001 _43=-0.15 (aspect 1.778)
camera: pos -170.6 21.4 -184.5 | proj _11=1.2529 _22=2.2273 _33=1.00001 _43=-0.15 (aspect 1.778)
camera: pos -170.4 21.4 -184.7 | proj _11=1.2418 _22=2.2076 _33=1.00001 _43=-0.15 (aspect 1.778)
camera: pos -170.2 21.4 -184.9 | proj _11=1.2317 _22=2.1896 _33=1.00001 _43=-0.15 (aspect 1.778)
camera: pos -170.0 21.4 -185.1 | proj _11=1.2199 _22=2.1687 _33=1.00001 _43=-0.15 (aspect 1.778)
camera: pos -169.8 21.4 -185.3 | proj _11=1.2091 _22=2.1495 _33=1.00001 _43=-0.15 (aspect 1.778)
HITCH frame 7148: 78.3 ms = present 2.1 + our-present 0.0 + draws 9.0 + other-hooks 0.0 + game/bridge 67.3 | draws 2341 | new shaders 0 textures 0
camera: pos -169.4 21.4 -185.7 | proj _11=1.1926 _22=2.1201 _33=1.00001 _43=-0.15 (aspect 1.778)
HITCH frame 7154: 76.0 ms = present 59.6 + our-present 0.0 + draws 8.9 + other-hooks 0.0 + game/bridge 7.5 | draws 2360 | new shaders 0 textures 0
camera: pos -169.0 21.3 -186.1 | proj _11=1.1754 _22=2.0895 _33=1.00001 _43=-0.15 (aspect 1.778)
camera: pos -168.7 21.3 -186.4 | proj _11=1.1654 _22=2.0718 _33=1.00001 _43=-0.15 (aspect 1.778)
camera: pos -168.4 21.3 -186.7 | proj _11=1.1549 _22=2.0531 _33=1.00001 _43=-0.15 (aspect 1.778)
camera: pos -167.9 21.3 -187.1 | proj _11=1.1424 _22=2.0308 _33=1.00001 _43=-0.15 (aspect 1.778)
camera: pos -167.5 21.3 -187.5 | proj _11=1.1300 _22=2.0089 _33=1.00001 _43=-0.15 (aspect 1.778)
camera: pos -167.0 21.3 -188.0 | proj _11=1.1181 _22=1.9877 _33=1.00001 _43=-0.15 (aspect 1.778)
camera: pos -166.4 21.3 -188.5 | proj _11=1.1064 _22=1.9668 _33=1.00001 _43=-0.15 (aspect 1.778)
camera: pos -165.7 21.3 -189.2 | proj _11=1.1165 _22=1.9849 _33=1.00001 _43=-0.15 (aspect 1.778)
frame 7200 | draws 398/frame | FFP converted 124/frame (31.0%)
    not converted: screen-space 5  skinned 0  ortho 0  vertex-format 1  untextured 188  instanced 0  mirrored 0  other-camera 19  no camera 0  other 0 (per frame)
    prepasses hidden: sampler-less 188/frame, stipple-with-no-colour 36/frame (these used to convert WHITE) | post/composite quads marked 5/frame
    constant-colour materials (no diffuse map, albedo from the shader's own constant) 8/frame | HUD quads demoted to UI 0/frame | back-buffer clears 0/frame | sky draws 13/frame | UI-pass draws converted 0/frame
    instancing: 109 converted from the instance stream/frame, 0 refused/frame (largest single draw 1 instances, 0.2 buffer writes snooped/frame)
    SKINNING: 16 skinned/frame, 3 refused/frame, 1 exact duplicates dropped/frame | 49 meshes decoded, 49 cached, 0 cache flushes
    ALBEDO stage 0 taken raw (no shader reflection) 0/frame
    ALBEDO: constant-only 8/frame, tinted fallback 0/frame, genuinely blank 0/frame (of 8 rank-0 draws/frame)
    ALBEDO WHITE (previously uncounted): named-but-not-bound 0/frame, render-target exclusion left nothing 0/frame | colourless passes now hidden 11/frame | screen-space passes hidden 0/frame | particle billboards hidden 1/frame
    SKIPPED entirely 0/frame (mode 3) | demoted to UI overlay 0/frame | no-albedo materials left to Remix 8/frame
    MARKED with the marker texture 261/frame (refused as unsafe 0/frame, 584 SetTexture calls/frame, marker created)
    albedo: moved off stage 0 32/frame, blanked 8/frame, restored from mesh cache 30/frame (1861 meshes cached, 0 flushes) | RT textures known 55 | lights 0.2/frame (24 shaders)
    camera -164.6 21.3 -190.2 | distinct cameras this frame 1 (max 1) | transform writes 80/frame | redundant state calls dropped 2588/frame
    world matrix changes 80/frame | objTM used without a fresh upload 0/frame | uv matrix writes 2/frame (last scale 0.00098, 0.00098)
    TIMING: frame 18.3 ms avg (55 fps), worst 83 ms | shim 2.05 ms avg (11.2% of frame), worst 25.2 ms
    TIMING tail: 22 frames >=33 ms, 0 >=100 ms in this window of 600 | inside real Present 13.18 ms avg, worst 59.6 ms | our other hooks 0.00 ms avg
    converted -> target 14E5CA90 1280x720 fmt=34 : 4 draws/frame
    converted -> target 14E64370 1280x720 fmt=113 : 116 draws/frame
    converted -> target 14E5D060 1280x720 fmt=113 : 0 draws/frame
camera: pos -164.5 21.3 -190.4 | proj _11=1.1056 _22=1.9654 _33=1.00001 _43=-0.15 (aspect 1.778)
camera: pos -164.0 21.2 -191.1 | proj _11=1.0936 _22=1.9441 _33=1.00001 _43=-0.15 (aspect 1.778)
camera: pos -163.2 21.1 -191.7 | proj _11=1.0818 _22=1.9232 _33=1.00001 _43=-0.15 (aspect 1.778)
camera: pos -162.5 21.1 -192.3 | proj _11=1.0715 _22=1.9049 _33=1.00001 _43=-0.15 (aspect 1.778)
camera: pos -161.8 21.1 -192.9 | proj _11=1.0611 _22=1.8864 _33=1.00001 _43=-0.15 (aspect 1.778)
camera: pos -161.1 21.1 -193.6 | proj _11=1.0509 _22=1.8682 _33=1.00001 _43=-0.15 (aspect 1.778)
camera: pos -160.3 21.1 -194.4 | proj _11=1.0398 _22=1.8485 _33=1.00001 _43=-0.15 (aspect 1.778)
camera: pos -159.4 21.0 -195.1 | proj _11=1.0285 _22=1.8283 _33=1.00001 _43=-0.15 (aspect 1.778)
camera: pos -158.4 21.0 -195.9 | proj _11=1.0174 _22=1.8087 _33=1.00001 _43=-0.15 (aspect 1.778)
camera: pos -157.5 21.0 -196.7 | proj _11=1.0071 _22=1.7904 _33=1.00001 _43=-0.15 (aspect 1.778)
camera: pos -156.5 20.9 -197.4 | proj _11=0.9969 _22=1.7722 _33=1.00001 _43=-0.15 (aspect 1.778)
camera: pos -155.2 20.9 -198.4 | proj _11=0.9848 _22=1.7508 _33=1.00001 _43=-0.15 (aspect 1.778)
camera: pos -153.9 20.9 -199.4 | proj _11=0.9742 _22=1.7319 _33=1.00001 _43=-0.15 (aspect 1.778)
camera: pos -152.6 21.0 -200.5 | proj _11=0.9635 _22=1.7129 _33=1.00001 _43=-0.15 (aspect 1.778)
camera: pos -151.1 21.0 -201.5 | proj _11=0.9531 _22=1.6944 _33=1.00001 _43=-0.15 (aspect 1.778)
camera: pos -149.6 21.1 -202.7 | proj _11=0.9423 _22=1.6752 _33=1.00001 _43=-0.15 (aspect 1.778)
camera: pos -148.0 21.2 -203.9 | proj _11=0.9320 _22=1.6569 _33=1.00001 _43=-0.15 (aspect 1.778)
camera: pos -146.3 21.2 -205.1 | proj _11=0.9220 _22=1.6390 _33=1.00001 _43=-0.15 (aspect 1.778)
camera: pos -144.3 21.3 -206.7 | proj _11=0.9115 _22=1.6205 _33=1.00001 _43=-0.15 (aspect 1.778)
camera: pos -142.4 21.1 -208.0 | proj _11=0.9011 _22=1.6020 _33=1.00001 _43=-0.15 (aspect 1.778)
camera: pos -139.9 20.5 -209.9 | proj _11=0.8899 _22=1.5819 _33=1.00001 _43=-0.15 (aspect 1.778)
camera: pos -137.5 20.0 -211.7 | proj _11=0.8787 _22=1.5621 _33=1.00001 _43=-0.15 (aspect 1.778)
camera: pos -134.9 19.7 -213.5 | proj _11=0.8680 _22=1.5430 _33=1.00001 _43=-0.15 (aspect 1.778)
camera: pos -131.8 19.5 -215.6 | proj _11=0.8565 _22=1.5226 _33=1.00001 _43=-0.15 (aspect 1.778)
camera: pos -129.3 19.8 -217.3 | proj _11=0.8463 _22=1.5045 _33=1.00001 _43=-0.15 (aspect 1.778)
camera: pos -126.1 20.1 -219.3 | proj _11=0.8349 _22=1.4842 _33=1.00001 _43=-0.15 (aspect 1.778)
camera: pos -122.4 20.3 -221.6 | proj _11=0.8242 _22=1.4651 _33=1.00001 _43=-0.15 (aspect 1.778)
camera: pos -118.7 20.5 -223.7 | proj _11=0.8130 _22=1.4452 _33=1.00001 _43=-0.15 (aspect 1.778)
camera: pos -114.9 20.7 -225.8 | proj _11=0.8029 _22=1.4274 _33=1.00001 _43=-0.15 (aspect 1.778)
camera: pos -110.2 21.1 -228.1 | proj _11=0.7923 _22=1.4086 _33=1.00001 _43=-0.15 (aspect 1.778)
camera: pos -104.5 21.7 -230.8 | proj _11=0.7808 _22=1.3881 _33=1.00001 _43=-0.15 (aspect 1.778)
camera: pos -98.6 22.4 -233.5 | proj _11=0.7706 _22=1.3699 _33=1.00001 _43=-0.15 (aspect 1.778)
camera: pos -91.7 23.3 -236.4 | proj _11=0.7601 _22=1.3513 _33=1.00001 _43=-0.15 (aspect 1.778)
camera: pos -84.0 25.1 -239.1 | proj _11=0.7501 _22=1.3334 _33=1.00001 _43=-0.15 (aspect 1.778)
camera: pos -76.1 27.6 -241.4 | proj _11=0.7390 _22=1.3137 _33=1.00001 _43=-0.15 (aspect 1.778)
camera: pos -68.4 29.9 -243.6 | proj _11=0.7283 _22=1.2948 _33=1.00001 _43=-0.15 (aspect 1.778)
camera: pos -60.6 32.2 -245.8 | proj _11=0.7182 _22=1.2768 _33=1.00001 _43=-0.15 (aspect 1.778)
camera: pos -51.4 34.8 -248.2 | proj _11=0.7075 _22=1.2578 _33=1.00001 _43=-0.15 (aspect 1.778)
camera: pos -41.8 36.9 -250.7 | proj _11=0.6967 _22=1.2385 _33=1.00001 _43=-0.15 (aspect 1.778)
HITCH frame 7520: 51.0 ms = present 0.2 + our-present 0.0 + draws 15.3 + other-hooks 0.0 + game/bridge 35.4 | draws 7331 | new shaders 0 textures 0
HITCH frame 7645: 40.6 ms = present 0.2 + our-present 0.0 + draws 17.4 + other-hooks 0.0 + game/bridge 23.0 | draws 8210 | new shaders 0 textures 0
HITCH frame 7652: 92.0 ms = present 0.3 + our-present 0.0 + draws 20.4 + other-hooks 0.0 + game/bridge 71.3 | draws 8016 | new shaders 0 textures 0
HITCH frame 7658: 74.6 ms = present 45.8 + our-present 0.0 + draws 15.7 + other-hooks 0.0 + game/bridge 13.1 | draws 7555 | new shaders 0 textures 0
HITCH frame 7665: 43.0 ms = present 0.3 + our-present 0.0 + draws 21.5 + other-hooks 0.0 + game/bridge 21.2 | draws 8204 | new shaders 0 textures 0
HITCH frame 7666: 41.6 ms = present 0.3 + our-present 0.0 + draws 21.0 + other-hooks 0.0 + game/bridge 20.3 | draws 8224 | new shaders 0 textures 0
HITCH frame 7692: 40.1 ms = present 0.2 + our-present 0.0 + draws 20.4 + other-hooks 0.0 + game/bridge 19.5 | draws 8317 | new shaders 0 textures 0
HITCH frame 7701: 42.3 ms = present 0.2 + our-present 0.0 + draws 19.5 + other-hooks 0.0 + game/bridge 22.5 | draws 8204 | new shaders 0 textures 1
HITCH frame 7706: 64.5 ms = present 0.2 + our-present 0.0 + draws 24.3 + other-hooks 0.0 + game/bridge 40.0 | draws 8239 | new shaders 0 textures 0
HITCH frame 7739: 40.3 ms = present 0.2 + our-present 0.0 + draws 20.4 + other-hooks 0.0 + game/bridge 19.7 | draws 8418 | new shaders 0 textures 6
HITCH frame 7740: 56.0 ms = present 0.3 + our-present 0.0 + draws 37.3 + other-hooks 0.0 + game/bridge 18.4 | draws 8493 | new shaders 0 textures 0
frame dump written to sr3-rtx-frame.log (8493 draws)
HITCH frame 7741: 40.2 ms = present 0.3 + our-present 0.1 + draws 19.0 + other-hooks 0.0 + game/bridge 20.9 | draws 8463 | new shaders 0 textures 0
HITCH frame 7765: 43.9 ms = present 0.2 + our-present 0.0 + draws 18.6 + other-hooks 0.0 + game/bridge 25.1 | draws 8157 | new shaders 0 textures 1
frame 7800 | draws 786/frame | FFP converted 234/frame (29.7%)
    not converted: screen-space 7  skinned 0  ortho 0  vertex-format 2  untextured 398  instanced 0  mirrored 0  other-camera 51  no camera 0  other 0 (per frame)
    prepasses hidden: sampler-less 398/frame, stipple-with-no-colour 51/frame (these used to convert WHITE) | post/composite quads marked 7/frame
    constant-colour materials (no diffuse map, albedo from the shader's own constant) 37/frame | HUD quads demoted to UI 0/frame | back-buffer clears 0/frame | sky draws 26/frame | UI-pass draws converted 0/frame
    instancing: 236 converted from the instance stream/frame, 0 refused/frame (largest single draw 1 instances, 0.2 buffer writes snooped/frame)
    SKINNING: 20 skinned/frame, 4 refused/frame, 1 exact duplicates dropped/frame | 49 meshes decoded, 49 cached, 0 cache flushes
    ALBEDO stage 0 taken raw (no shader reflection) 0/frame
    ALBEDO: constant-only 37/frame, tinted fallback 0/frame, genuinely blank 0/frame (of 37 rank-0 draws/frame)
    ALBEDO WHITE (previously uncounted): named-but-not-bound 0/frame, render-target exclusion left nothing 0/frame | colourless passes now hidden 16/frame | screen-space passes hidden 0/frame | particle billboards hidden 1/frame
    SKIPPED entirely 0/frame (mode 3) | demoted to UI overlay 0/frame | no-albedo materials left to Remix 37/frame
    MARKED with the marker texture 526/frame (refused as unsafe 0/frame, 1141 SetTexture calls/frame, marker created)
    albedo: moved off stage 0 46/frame, blanked 37/frame, restored from mesh cache 48/frame (2544 meshes cached, 0 flushes) | RT textures known 55 | lights 0.7/frame (24 shaders)
    camera -20.1 132.4 -39.0 | distinct cameras this frame 1 (max 1) | transform writes 153/frame | redundant state calls dropped 4896/frame
    world matrix changes 153/frame | objTM used without a fresh upload 0/frame | uv matrix writes 3/frame (last scale 0.00098, 0.00098)
    TIMING: frame 18.9 ms avg (53 fps), worst 92 ms | shim 2.97 ms avg (15.7% of frame), worst 37.3 ms
    TIMING tail: 168 frames >=33 ms, 0 >=100 ms in this window of 600 | inside real Present 12.20 ms avg, worst 45.8 ms | our other hooks 0.00 ms avg
    converted -> target 14E5CA90 1280x720 fmt=34 : 6 draws/frame
    converted -> target 14E64370 1280x720 fmt=113 : 222 draws/frame
    converted -> target 14E5D060 1280x720 fmt=113 : 0 draws/frame
HITCH frame 7807: 41.3 ms = present 0.2 + our-present 0.0 + draws 19.6 + other-hooks 0.0 + game/bridge 21.5 | draws 8471 | new shaders 0 textures 0
HUD draw: CONVERT verts=4 target 1280x720 fmt=21 | stride=60 posType=2 posOffset=0 posStream=0 positionT=0 elements=9 usage=0x208 | vs proj=1 obj=1 ps='Diffuse_Map_1Sampler' rank=100
    raw positions: <dynamic buffer, not read>
    proj row0 (0.6873 0.0000 0.0000 0.0000) row3 (0.0000 0.0000 -0.1500 0.0000) perspective=1
    world translation (768.00 0.00 768.00), camera (-207.18 155.60 -199.81)
    raw projTM row0 (0.6779 -0.0309 -0.1633 -0.1632) row3 (151.8175 -268.7688 99.2462 99.3952) perspective=0
HUD draw: CONVERT verts=4 target 1280x720 fmt=21 | stride=60 posType=2 posOffset=0 posStream=0 positionT=0 elements=9 usage=0x208 | vs proj=1 obj=1 ps='Diffuse_Map_1Sampler' rank=100
    raw positions: <dynamic buffer, not read>
    proj row0 (0.6873 0.0000 0.0000 0.0000) row3 (0.0000 -0.0000 -0.1500 -0.0000) perspective=1
    world translation (768.00 0.00 768.00), camera (-206.60 155.88 -199.03)
    raw projTM row0 (0.6761 -0.0212 -0.1791 -0.1791) row3 (153.6412 -266.3910 95.1948 95.3438) perspective=0
HUD draw: CONVERT verts=4 target 1280x720 fmt=21 | stride=60 posType=2 posOffset=0 posStream=0 positionT=0 elements=9 usage=0x208 | vs proj=1 obj=1 ps='Diffuse_Map_1Sampler' rank=100
    raw positions: <dynamic buffer, not read>
    proj row0 (0.6873 0.0000 0.0000 0.0000) row3 (0.0000 0.0000 -0.1500 0.0000) perspective=1
    world translation (768.00 0.00 768.00), camera (-206.08 156.10 -198.30)
    raw projTM row0 (0.6744 -0.0114 -0.1924 -0.1924) row3 (155.2434 -264.2968 91.2344 91.3835) perspective=0
HUD draw: CONVERT verts=4 target 1280x720 fmt=21 | stride=60 posType=2 posOffset=0 posStream=0 positionT=0 elements=9 usage=0x208 | vs proj=1 obj=1 ps='Diffuse_Map_1Sampler' rank=100
    raw positions: <dynamic buffer, not read>
    proj row0 (0.6873 0.0000 -0.0000 -0.0000) row3 (-0.0000 0.0001 -0.1500 0.0000) perspective=1
    world translation (768.00 0.00 768.00), camera (-205.49 156.42 -197.51)
    raw projTM row0 (0.6723 -0.0015 -0.2082 -0.2081) row3 (157.0509 -261.4706 87.5821 87.7312) perspective=0
HUD draw: CONVERT verts=4 target 1280x720 fmt=21 | stride=60 posType=2 posOffset=0 posStream=0 positionT=0 elements=9 usage=0x208 | vs proj=1 obj=1 ps='Diffuse_Map_1Sampler' rank=100
    raw positions: <dynamic buffer, not read>
    proj row0 (0.6873 -0.0000 0.0000 0.0000) row3 (0.0000 0.0000 -0.1500 0.0000) perspective=1
    world translation (768.00 0.00 768.00), camera (-204.96 156.68 -196.76)
    raw projTM row0 (0.6702 0.0080 -0.2213 -0.2213) row3 (158.5597 -259.0957 84.0132 84.1623) perspective=0
HUD draw: CONVERT verts=4 target 1280x720 fmt=21 | stride=60 posType=2 posOffset=0 posStream=0 positionT=0 elements=9 usage=0x208 | vs proj=1 obj=1 ps='Diffuse_Map_1Sampler' rank=100
    raw positions: <dynamic buffer, not read>
    proj row0 (0.6873 0.0000 0.0000 0.0000) row3 (0.0000 -0.0000 -0.1500 -0.0000) perspective=1
    world translation (768.00 0.00 768.00), camera (-204.53 156.89 -196.07)
    raw projTM row0 (0.6688 0.0141 -0.2305 -0.2305) row3 (159.4293 -257.6743 81.1306 81.2798) perspective=0
HUD draw: CONVERT verts=8 target 1280x720 fmt=21 | stride=60 posType=2 posOffset=0 posStream=0 positionT=0 elements=9 usage=0x208 | vs proj=1 obj=1 ps='Diffuse_Map_1Sampler' rank=100
    raw positions: <dynamic buffer, not read>
    proj row0 (0.6873 0.0000 0.0000 0.0000) row3 (0.0000 -0.0000 -0.1500 0.0000) perspective=1
    world translation (768.00 0.00 768.00), camera (-204.08 157.14 -195.36)
    raw projTM row0 (0.6672 0.0192 -0.2397 -0.2397) row3 (160.2204 -256.1199 78.7538 78.9030) perspective=0
HUD draw: CONVERT verts=8 target 1280x720 fmt=21 | stride=60 posType=2 posOffset=0 posStream=0 positionT=0 elements=9 usage=0x208 | vs proj=1 obj=1 ps='Diffuse_Map_1Sampler' rank=100
    raw positions: <dynamic buffer, not read>
    proj row0 (0.6873 0.0000 0.0000 0.0000) row3 (-0.0000 0.0000 -0.1500 0.0000) perspective=1
    world translation (768.00 0.00 768.00), camera (-203.60 157.39 -194.65)
    raw projTM row0 (0.6653 0.0252 -0.2504 -0.2504) row3 (161.1689 -254.3167 76.0235 76.1728) perspective=0
HITCH frame 8030: 86.7 ms = present 0.3 + our-present 0.0 + draws 13.1 + other-hooks 0.0 + game/bridge 73.4 | draws 5707 | new shaders 0 textures 0
HITCH frame 8036: 76.5 ms = present 53.3 + our-present 0.0 + draws 13.4 + other-hooks 0.0 + game/bridge 9.7 | draws 5707 | new shaders 0 textures 0
HITCH frame 8192: 46.3 ms = present 0.2 + our-present 0.0 + draws 16.0 + other-hooks 0.0 + game/bridge 30.1 | draws 5833 | new shaders 0 textures 0
camera: pos -55.6 223.6 -153.6 | proj _11=0.7068 _22=1.2566 _33=1.00001 _43=-0.15 (aspect 1.778)
camera: pos -49.6 225.6 -145.2 | proj _11=0.7175 _22=1.2755 _33=1.00001 _43=-0.15 (aspect 1.778)
HITCH frame 8258: 42.0 ms = present 0.2 + our-present 0.0 + draws 17.4 + other-hooks 0.0 + game/bridge 24.3 | draws 5479 | new shaders 0 textures 0
camera: pos -43.3 227.4 -136.5 | proj _11=0.7280 _22=1.2941 _33=1.00001 _43=-0.15 (aspect 1.778)
HITCH frame 8272: 40.6 ms = present 0.3 + our-present 0.0 + draws 14.8 + other-hooks 0.0 + game/bridge 25.5 | draws 5477 | new shaders 0 textures 6
camera: pos -36.9 229.1 -127.6 | proj _11=0.7381 _22=1.3121 _33=1.00001 _43=-0.15 (aspect 1.778)
camera: pos -29.5 230.6 -117.4 | proj _11=0.7485 _22=1.3307 _33=1.00001 _43=-0.15 (aspect 1.778)
camera: pos -21.0 231.9 -105.7 | proj _11=0.7588 _22=1.3490 _33=1.00001 _43=-0.15 (aspect 1.778)
HITCH frame 8311: 40.5 ms = present 0.3 + our-present 0.0 + draws 16.7 + other-hooks 0.0 + game/bridge 23.5 | draws 5245 | new shaders 0 textures 0
camera: pos -9.7 232.8 -89.9 | proj _11=0.7691 _22=1.3672 _33=1.00001 _43=-0.15 (aspect 1.778)
HITCH frame 8363: 41.3 ms = present 0.4 + our-present 0.0 + draws 7.5 + other-hooks 0.0 + game/bridge 33.4 | draws 667 | new shaders 0 textures 0
HITCH frame 8377: 43.4 ms = present 0.2 + our-present 0.0 + draws 19.2 + other-hooks 0.0 + game/bridge 24.0 | draws 5784 | new shaders 0 textures 0
HITCH frame 8378: 40.6 ms = present 0.3 + our-present 0.1 + draws 16.4 + other-hooks 0.0 + game/bridge 23.9 | draws 5924 | new shaders 0 textures 0
camera: pos -219.2 221.8 -19.9 | proj _11=0.7585 _22=1.3483 _33=1.00001 _43=-0.15 (aspect 1.778)
frame 8400 | draws 1133/frame | FFP converted 333/frame (29.4%)
    not converted: screen-space 10  skinned 0  ortho 0  vertex-format 1  untextured 582  instanced 0  mirrored 0  other-camera 89  no camera 0  other 0 (per frame)
    prepasses hidden: sampler-less 582/frame, stipple-with-no-colour 58/frame (these used to convert WHITE) | post/composite quads marked 10/frame
    constant-colour materials (no diffuse map, albedo from the shader's own constant) 69/frame | HUD quads demoted to UI 0/frame | back-buffer clears 0/frame | sky draws 41/frame | UI-pass draws converted 0/frame
    instancing: 365 converted from the instance stream/frame, 0 refused/frame (largest single draw 1 instances, 0.3 buffer writes snooped/frame)
    SKINNING: 23 skinned/frame, 5 refused/frame, 1 exact duplicates dropped/frame | 49 meshes decoded, 49 cached, 0 cache flushes
    ALBEDO stage 0 taken raw (no shader reflection) 0/frame
    ALBEDO: constant-only 69/frame, tinted fallback 0/frame, genuinely blank 0/frame (of 69 rank-0 draws/frame)
    ALBEDO WHITE (previously uncounted): named-but-not-bound 0/frame, render-target exclusion left nothing 0/frame | colourless passes now hidden 16/frame | screen-space passes hidden 0/frame | particle billboards hidden 2/frame
    SKIPPED entirely 0/frame (mode 3) | demoted to UI overlay 0/frame | no-albedo materials left to Remix 69/frame
    MARKED with the marker texture 759/frame (refused as unsafe 0/frame, 1638 SetTexture calls/frame, marker created)
    albedo: moved off stage 0 51/frame, blanked 69/frame, restored from mesh cache 67/frame (3165 meshes cached, 0 flushes) | RT textures known 55 | lights 1.8/frame (24 shaders)
    camera -219.2 221.8 -19.9 | distinct cameras this frame 1 (max 1) | transform writes 222/frame | redundant state calls dropped 6971/frame
    world matrix changes 222/frame | objTM used without a fresh upload 0/frame | uv matrix writes 4/frame (last scale 0.00098, 0.00098)
    TIMING: frame 19.7 ms avg (51 fps), worst 87 ms | shim 3.78 ms avg (19.2% of frame), worst 23.1 ms
    TIMING tail: 151 frames >=33 ms, 0 >=100 ms in this window of 600 | inside real Present 11.36 ms avg, worst 53.3 ms | our other hooks 0.00 ms avg
    converted -> target 14E5CA90 1280x720 fmt=34 : 10 draws/frame
    converted -> target 14E64370 1280x720 fmt=113 : 316 draws/frame
    converted -> target 14E5D060 1280x720 fmt=113 : 0 draws/frame
    converted -> target 14E5CC80 1280x720 fmt=21 : 0 draws/frame
HITCH frame 8413: 40.5 ms = present 0.3 + our-present 0.0 + draws 16.4 + other-hooks 0.0 + game/bridge 23.8 | draws 6905 | new shaders 0 textures 0
HITCH frame 8419: 41.4 ms = present 0.2 + our-present 0.0 + draws 17.0 + other-hooks 0.0 + game/bridge 24.1 | draws 6816 | new shaders 0 textures 0
camera: pos -206.5 212.5 -255.4 | proj _11=0.7484 _22=1.3304 _33=1.00001 _43=-0.15 (aspect 1.778)
HITCH frame 8426: 40.1 ms = present 0.3 + our-present 0.0 + draws 16.3 + other-hooks 0.0 + game/bridge 23.5 | draws 6762 | new shaders 0 textures 7
HITCH frame 8427: 41.1 ms = present 0.3 + our-present 0.0 + draws 18.6 + other-hooks 0.0 + game/bridge 22.1 | draws 6759 | new shaders 0 textures 0
camera: pos -180.1 201.9 -211.5 | proj _11=0.7589 _22=1.3491 _33=1.00001 _43=-0.15 (aspect 1.778)
camera: pos -172.9 200.9 -198.8 | proj _11=0.7689 _22=1.3669 _33=1.00001 _43=-0.15 (aspect 1.778)
camera: pos -166.5 201.7 -186.4 | proj _11=0.7792 _22=1.3853 _33=1.00001 _43=-0.15 (aspect 1.778)
camera: pos -156.3 199.9 -166.6 | proj _11=0.7894 _22=1.4034 _33=1.00001 _43=-0.15 (aspect 1.778)
camera: pos -147.1 198.6 -150.1 | proj _11=0.7996 _22=1.4215 _33=1.00001 _43=-0.15 (aspect 1.778)
camera: pos -113.4 190.4 -102.5 | proj _11=0.7891 _22=1.4027 _33=1.00001 _43=-0.15 (aspect 1.778)
camera: pos -93.6 182.2 -85.2 | proj _11=0.7789 _22=1.3847 _33=1.00001 _43=-0.15 (aspect 1.778)
camera: pos -34.9 162.8 -67.9 | proj _11=0.7890 _22=1.4027 _33=1.00001 _43=-0.15 (aspect 1.778)
camera: pos -21.5 162.3 -61.5 | proj _11=0.7994 _22=1.4211 _33=1.00001 _43=-0.15 (aspect 1.778)
camera: pos -9.4 162.3 -55.8 | proj _11=0.8096 _22=1.4393 _33=1.00001 _43=-0.15 (aspect 1.778)
camera: pos -6.3 168.1 -47.2 | proj _11=0.8201 _22=1.4578 _33=1.00001 _43=-0.15 (aspect 1.778)
camera: pos -253.5 171.3 -42.7 | proj _11=0.8308 _22=1.4770 _33=1.00001 _43=-0.15 (aspect 1.778)
camera: pos -246.5 171.9 -37.7 | proj _11=0.8409 _22=1.4950 _33=1.00001 _43=-0.15 (aspect 1.778)
camera: pos -239.3 175.1 -33.6 | proj _11=0.8512 _22=1.5133 _33=1.00001 _43=-0.15 (aspect 1.778)
camera: pos -231.3 174.2 -29.8 | proj _11=0.8621 _22=1.5326 _33=1.00001 _43=-0.15 (aspect 1.778)
camera: pos -222.0 179.3 -26.4 | proj _11=0.8733 _22=1.5524 _33=1.00001 _43=-0.15 (aspect 1.778)
camera: pos -212.6 182.9 -21.1 | proj _11=0.8841 _22=1.5718 _33=1.00001 _43=-0.15 (aspect 1.778)
camera: pos -207.0 179.6 -15.5 | proj _11=0.8942 _22=1.5896 _33=1.00001 _43=-0.15 (aspect 1.778)
camera: pos -197.8 174.6 -8.6 | proj _11=0.9045 _22=1.6080 _33=1.00001 _43=-0.15 (aspect 1.778)
camera: pos -180.5 174.3 -250.6 | proj _11=0.8944 _22=1.5900 _33=1.00001 _43=-0.15 (aspect 1.778)
camera: pos -169.0 173.3 -239.3 | proj _11=0.8839 _22=1.5713 _33=1.00001 _43=-0.15 (aspect 1.778)
camera: pos -165.1 172.7 -235.1 | proj _11=0.8732 _22=1.5524 _33=1.00001 _43=-0.15 (aspect 1.778)
camera: pos -162.0 172.1 -231.6 | proj _11=0.8623 _22=1.5328 _33=1.00001 _43=-0.15 (aspect 1.778)
camera: pos -159.4 171.4 -228.3 | proj _11=0.8511 _22=1.5130 _33=1.00001 _43=-0.15 (aspect 1.778)
camera: pos -157.2 170.9 -225.4 | proj _11=0.8404 _22=1.4940 _33=1.00001 _43=-0.15 (aspect 1.778)
camera: pos -154.9 170.2 -222.1 | proj _11=0.8283 _22=1.4725 _33=1.00001 _43=-0.15 (aspect 1.778)
camera: pos -153.0 169.6 -219.2 | proj _11=0.8171 _22=1.4526 _33=1.00001 _43=-0.15 (aspect 1.778)
camera: pos -150.9 168.8 -215.9 | proj _11=0.8046 _22=1.4304 _33=1.00001 _43=-0.15 (aspect 1.778)
camera: pos -149.2 168.2 -213.0 | proj _11=0.7937 _22=1.4110 _33=1.00001 _43=-0.15 (aspect 1.778)
camera: pos -147.5 167.5 -209.9 | proj _11=0.7822 _22=1.3906 _33=1.00001 _43=-0.15 (aspect 1.778)
camera: pos -145.9 166.9 -206.9 | proj _11=0.7717 _22=1.3718 _33=1.00001 _43=-0.15 (aspect 1.778)
camera: pos -143.9 166.1 -202.9 | proj _11=0.7589 _22=1.3492 _33=1.00001 _43=-0.15 (aspect 1.778)
camera: pos -142.2 165.4 -199.2 | proj _11=0.7481 _22=1.3299 _33=1.00001 _43=-0.15 (aspect 1.778)
camera: pos -140.5 164.7 -195.4 | proj _11=0.7378 _22=1.3116 _33=1.00001 _43=-0.15 (aspect 1.778)
camera: pos -138.4 163.8 -190.6 | proj _11=0.7260 _22=1.2906 _33=1.00001 _43=-0.15 (aspect 1.778)
camera: pos -136.4 163.0 -185.5 | proj _11=0.7147 _22=1.2705 _33=1.00001 _43=-0.15 (aspect 1.778)
camera: pos -134.6 162.2 -180.3 | proj _11=0.7043 _22=1.2521 _33=1.00001 _43=-0.15 (aspect 1.778)
camera: pos -132.7 161.4 -173.9 | proj _11=0.6928 _22=1.2316 _33=1.00001 _43=-0.15 (aspect 1.778)
frame 9000 | draws 1366/frame | FFP converted 404/frame (29.6%)
    not converted: screen-space 12  skinned 0  ortho 0  vertex-format 1  untextured 696  instanced 0  mirrored 0  other-camera 115  no camera 0  other 0 (per frame)
    prepasses hidden: sampler-less 696/frame, stipple-with-no-colour 66/frame (these used to convert WHITE) | post/composite quads marked 12/frame
    constant-colour materials (no diffuse map, albedo from the shader's own constant) 87/frame | HUD quads demoted to UI 0/frame | back-buffer clears 0/frame | sky draws 50/frame | UI-pass draws converted 0/frame
    instancing: 457 converted from the instance stream/frame, 0 refused/frame (largest single draw 1 instances, 0.3 buffer writes snooped/frame)
    SKINNING: 26 skinned/frame, 6 refused/frame, 1 exact duplicates dropped/frame | 49 meshes decoded, 49 cached, 0 cache flushes
    ALBEDO stage 0 taken raw (no shader reflection) 0/frame
    ALBEDO: constant-only 87/frame, tinted fallback 0/frame, genuinely blank 0/frame (of 88 rank-0 draws/frame)
    ALBEDO WHITE (previously uncounted): named-but-not-bound 0/frame, render-target exclusion left nothing 0/frame | colourless passes now hidden 19/frame | screen-space passes hidden 0/frame | particle billboards hidden 2/frame
    SKIPPED entirely 0/frame (mode 3) | demoted to UI overlay 0/frame | no-albedo materials left to Remix 88/frame
    MARKED with the marker texture 911/frame (refused as unsafe 0/frame, 1971 SetTexture calls/frame, marker created)
    albedo: moved off stage 0 58/frame, blanked 87/frame, restored from mesh cache 85/frame (4084 meshes cached, 0 flushes) | RT textures known 55 | lights 2.7/frame (24 shaders)
    camera -132.7 161.4 -173.9 | distinct cameras this frame 1 (max 1) | transform writes 273/frame | redundant state calls dropped 8472/frame
    world matrix changes 272/frame | objTM used without a fresh upload 0/frame | uv matrix writes 6/frame (last scale 0.00098, 0.00098)
    TIMING: frame 20.4 ms avg (49 fps), worst 115 ms | shim 4.39 ms avg (21.5% of frame), worst 19.4 ms
    TIMING tail: 260 frames >=33 ms, 1 >=100 ms in this window of 600 | inside real Present 10.62 ms avg, worst 4.6 ms | our other hooks 0.00 ms avg
    converted -> target 14E5CA90 1280x720 fmt=34 : 12 draws/frame
    converted -> target 14E64370 1280x720 fmt=113 : 384 draws/frame
    converted -> target 14E5D060 1280x720 fmt=113 : 1 draws/frame
    converted -> target 14E5CC80 1280x720 fmt=21 : 0 draws/frame
mesh albedo cache flushed at 4096 entries (flush #1) - it had stopped protecting anything newly streamed
camera: pos -128.5 241.1 67.4 | proj _11=0.7031 _22=1.2499 _33=1.00001 _43=-0.15 (aspect 1.778)
camera: pos -128.6 251.5 78.3 | proj _11=0.7132 _22=1.2679 _33=1.00001 _43=-0.15 (aspect 1.778)
camera: pos -129.6 4.8 86.4 | proj _11=0.7234 _22=1.2860 _33=1.00001 _43=-0.15 (aspect 1.778)
camera: pos -127.7 13.5 81.4 | proj _11=0.7633 _22=1.3569 _33=1.00001 _43=-0.15 (aspect 1.778)
camera: pos -126.4 17.0 82.3 | proj _11=0.7738 _22=1.3757 _33=1.00001 _43=-0.15 (aspect 1.778)
camera: pos -131.2 14.4 91.3 | proj _11=0.7839 _22=1.3935 _33=1.00001 _43=-0.15 (aspect 1.778)
camera: pos -132.8 19.9 94.4 | proj _11=0.7939 _22=1.4114 _33=1.00001 _43=-0.15 (aspect 1.778)
camera: pos -133.8 26.4 96.1 | proj _11=0.8046 _22=1.4304 _33=1.00001 _43=-0.15 (aspect 1.778)
camera: pos -135.1 33.4 97.1 | proj _11=0.8153 _22=1.4493 _33=1.00001 _43=-0.15 (aspect 1.778)
camera: pos -136.6 40.6 97.0 | proj _11=0.8256 _22=1.4677 _33=1.00001 _43=-0.15 (aspect 1.778)
camera: pos -138.4 48.7 95.4 | proj _11=0.8374 _22=1.4887 _33=1.00002 _43=-0.23 (aspect 1.778)
camera: pos -138.5 48.8 95.3 | proj _11=0.8478 _22=1.5071 _33=1.00002 _43=-0.28 (aspect 1.778)
camera: pos -138.6 49.1 95.2 | proj _11=0.8601 _22=1.5289 _33=1.00002 _43=-0.31 (aspect 1.778)
camera: pos -138.7 49.3 95.1 | proj _11=0.8707 _22=1.5478 _33=1.00002 _43=-0.32 (aspect 1.778)
camera: pos -138.9 49.7 94.9 | proj _11=0.8841 _22=1.5717 _33=1.00002 _43=-0.33 (aspect 1.778)
camera: pos -139.2 50.2 94.7 | proj _11=0.9024 _22=1.6042 _33=1.00002 _43=-0.35 (aspect 1.778)
camera: pos -139.6 50.7 94.4 | proj _11=0.9207 _22=1.6367 _33=1.00002 _43=-0.36 (aspect 1.778)
camera: pos -140.0 51.4 94.1 | proj _11=0.9425 _22=1.6755 _33=1.00002 _43=-0.38 (aspect 1.778)
camera: pos -140.2 51.9 93.9 | proj _11=0.9555 _22=1.6986 _33=1.00003 _43=-0.38 (aspect 1.778)
camera: pos -140.4 52.4 93.7 | proj _11=0.9696 _22=1.7236 _33=1.00003 _43=-0.39 (aspect 1.778)
camera: pos -140.7 52.9 93.4 | proj _11=0.9849 _22=1.7509 _33=1.00003 _43=-0.40 (aspect 1.778)
camera: pos -141.0 53.5 93.2 | proj _11=1.0014 _22=1.7802 _33=1.00003 _43=-0.40 (aspect 1.778)
camera: pos -141.3 54.0 93.0 | proj _11=1.0172 _22=1.8082 _33=1.00003 _43=-0.41 (aspect 1.778)
camera: pos -141.5 54.4 92.8 | proj _11=1.0362 _22=1.8422 _33=1.00003 _43=-0.42 (aspect 1.778)
camera: pos -141.8 54.9 92.6 | proj _11=1.0512 _22=1.8688 _33=1.00003 _43=-0.43 (aspect 1.778)
camera: pos -142.2 55.4 92.3 | proj _11=1.0670 _22=1.8969 _33=1.00003 _43=-0.43 (aspect 1.778)
camera: pos -142.5 55.9 92.1 | proj _11=1.0830 _22=1.9253 _33=1.00003 _43=-0.44 (aspect 1.778)
camera: pos -142.9 56.4 91.8 | proj _11=1.0991 _22=1.9540 _33=1.00003 _43=-0.45 (aspect 1.778)
camera: pos -143.2 56.9 91.6 | proj _11=1.1158 _22=1.9836 _33=1.00003 _43=-0.45 (aspect 1.778)
camera: pos -143.6 57.4 91.3 | proj _11=1.1312 _22=2.0109 _33=1.00003 _43=-0.46 (aspect 1.778)
camera: pos -144.0 57.9 91.0 | proj _11=1.1456 _22=2.0366 _33=1.00003 _43=-0.47 (aspect 1.778)
camera: pos -144.3 58.3 90.7 | proj _11=1.1591 _22=2.0606 _33=1.00003 _43=-0.48 (aspect 1.778)
camera: pos -144.7 58.8 90.5 | proj _11=1.1717 _22=2.0830 _33=1.00003 _43=-0.48 (aspect 1.778)
camera: pos -145.1 59.2 90.2 | proj _11=1.1831 _22=2.1033 _33=1.00003 _43=-0.49 (aspect 1.778)
camera: pos -145.4 59.6 89.9 | proj _11=1.1937 _22=2.1221 _33=1.00003 _43=-0.50 (aspect 1.778)
camera: pos -146.1 60.4 89.3 | proj _11=1.2115 _22=2.1538 _33=1.00003 _43=-0.51 (aspect 1.778)
camera: pos -146.8 61.1 88.8 | proj _11=1.2251 _22=2.1780 _33=1.00004 _43=-0.52 (aspect 1.778)
camera: pos -147.9 61.9 88.0 | proj _11=1.2379 _22=2.2006 _33=1.00004 _43=-0.55 (aspect 1.778)
camera: pos -150.4 63.5 85.7 | proj _11=1.2255 _22=2.1787 _33=1.00004 _43=-0.61 (aspect 1.778)
camera: pos -150.9 63.6 85.2 | proj _11=1.2144 _22=2.1588 _33=1.00004 _43=-0.62 (aspect 1.778)
camera: pos -151.1 63.8 85.0 | proj _11=1.2006 _22=2.1343 _33=1.00004 _43=-0.64 (aspect 1.778)
camera: pos -151.5 63.8 84.7 | proj _11=1.1850 _22=2.1065 _33=1.00004 _43=-0.65 (aspect 1.778)
camera: pos -151.7 63.8 84.4 | proj _11=1.1678 _22=2.0761 _33=1.00004 _43=-0.67 (aspect 1.778)
camera: pos -152.0 63.7 84.1 | proj _11=1.1510 _22=2.0461 _33=1.00005 _43=-0.68 (aspect 1.778)
camera: pos -152.2 63.6 83.9 | proj _11=1.1343 _22=2.0165 _33=1.00005 _43=-0.69 (aspect 1.778)
camera: pos -152.5 63.5 83.6 | proj _11=1.1180 _22=1.9874 _33=1.00005 _43=-0.71 (aspect 1.778)
camera: pos -152.8 63.4 83.3 | proj _11=1.1019 _22=1.9590 _33=1.00005 _43=-0.72 (aspect 1.778)
camera: pos -153.0 63.2 83.0 | proj _11=1.0863 _22=1.9311 _33=1.00005 _43=-0.74 (aspect 1.778)
camera: pos -153.3 63.1 82.7 | proj _11=1.0707 _22=1.9034 _33=1.00005 _43=-0.75 (aspect 1.778)
camera: pos -153.6 63.0 82.5 | proj _11=1.0556 _22=1.8766 _33=1.00005 _43=-0.77 (aspect 1.778)
camera: pos -153.9 62.9 82.3 | proj _11=1.0408 _22=1.8503 _33=1.00005 _43=-0.78 (aspect 1.778)
camera: pos -154.3 62.9 82.1 | proj _11=1.0262 _22=1.8243 _33=1.00005 _43=-0.79 (aspect 1.778)
camera: pos -154.8 62.9 82.0 | proj _11=1.0120 _22=1.7990 _33=1.00005 _43=-0.81 (aspect 1.778)
camera: pos -155.4 63.0 81.8 | proj _11=0.9979 _22=1.7741 _33=1.00005 _43=-0.82 (aspect 1.778)
camera: pos -155.9 62.9 81.5 | proj _11=0.9842 _22=1.7496 _33=1.00006 _43=-0.84 (aspect 1.778)
frame 9600 | draws 1402/frame | FFP converted 417/frame (29.7%)
    not converted: screen-space 14  skinned 0  ortho 0  vertex-format 1  untextured 709  instanced 0  mirrored 0  other-camera 116  no camera 0  other 0 (per frame)
    prepasses hidden: sampler-less 709/frame, stipple-with-no-colour 70/frame (these used to convert WHITE) | post/composite quads marked 14/frame
    constant-colour materials (no diffuse map, albedo from the shader's own constant) 89/frame | HUD quads demoted to UI 0/frame | back-buffer clears 0/frame | sky draws 54/frame | UI-pass draws converted 0/frame
    instancing: 467 converted from the instance stream/frame, 0 refused/frame (largest single draw 1 instances, 0.4 buffer writes snooped/frame)
    SKINNING: 29 skinned/frame, 6 refused/frame, 1 exact duplicates dropped/frame | 49 meshes decoded, 49 cached, 0 cache flushes
    ALBEDO stage 0 taken raw (no shader reflection) 0/frame
    ALBEDO: constant-only 89/frame, tinted fallback 0/frame, genuinely blank 0/frame (of 89 rank-0 draws/frame)
    ALBEDO WHITE (previously uncounted): named-but-not-bound 0/frame, render-target exclusion left nothing 0/frame | colourless passes now hidden 19/frame | screen-space passes hidden 0/frame | particle billboards hidden 2/frame
    SKIPPED entirely 0/frame (mode 3) | demoted to UI overlay 0/frame | no-albedo materials left to Remix 89/frame
    MARKED with the marker texture 932/frame (refused as unsafe 0/frame, 2029 SetTexture calls/frame, marker created)
    albedo: moved off stage 0 60/frame, blanked 89/frame, restored from mesh cache 89/frame (1401 meshes cached, 1 flushes) | RT textures known 55 | lights 3.0/frame (24 shaders)
    camera -161.5 52.5 75.0 | distinct cameras this frame 1 (max 1) | transform writes 279/frame | redundant state calls dropped 8729/frame
    world matrix changes 279/frame | objTM used without a fresh upload 0/frame | uv matrix writes 6/frame (last scale 0.00098, 0.00098)
    TIMING: frame 20.3 ms avg (49 fps), worst 41 ms | shim 4.68 ms avg (23.0% of frame), worst 18.5 ms
    TIMING tail: 8 frames >=33 ms, 0 >=100 ms in this window of 600 | inside real Present 10.18 ms avg, worst 7.9 ms | our other hooks 0.00 ms avg
    converted -> target 14E5CA90 1280x720 fmt=34 : 13 draws/frame
    converted -> target 14E64370 1280x720 fmt=113 : 395 draws/frame
    converted -> target 14E5D060 1280x720 fmt=113 : 1 draws/frame
    converted -> target 14E5CC80 1280x720 fmt=21 : 0 draws/frame
camera: pos -162.9 240.0 69.7 | proj _11=0.9678 _22=1.7205 _33=1.00001 _43=-0.15 (aspect 1.778)
camera: pos -162.8 238.0 70.0 | proj _11=0.9513 _22=1.6912 _33=1.00001 _43=-0.15 (aspect 1.778)
untextured material #2: first sampler is 'Damage_Normal_MapSampler'
camera: pos -162.5 235.8 70.2 | proj _11=0.9356 _22=1.6633 _33=1.00001 _43=-0.15 (aspect 1.778)
untextured material #3: first sampler is 'Dual_Paraboloid_Map_BackSam'
camera: pos -162.1 233.7 70.4 | proj _11=0.9236 _22=1.6419 _33=1.00001 _43=-0.15 (aspect 1.778)
camera: pos -161.8 230.4 70.3 | proj _11=0.9094 _22=1.6167 _33=1.00001 _43=-0.15 (aspect 1.778)
camera: pos -161.6 227.4 70.2 | proj _11=0.8993 _22=1.5986 _33=1.00001 _43=-0.15 (aspect 1.778)
camera: pos -161.2 223.4 69.9 | proj _11=0.8887 _22=1.5799 _33=1.00001 _43=-0.15 (aspect 1.778)
camera: pos -160.6 218.3 69.6 | proj _11=0.8785 _22=1.5617 _33=1.00001 _43=-0.15 (aspect 1.778)
camera: pos -159.5 210.6 69.0 | proj _11=0.8680 _22=1.5430 _33=1.00001 _43=-0.15 (aspect 1.778)
camera: pos -156.5 197.2 67.6 | proj _11=0.8578 _22=1.5249 _33=1.00001 _43=-0.15 (aspect 1.778)
camera: pos -115.2 64.3 40.1 | proj _11=0.8432 _22=1.4989 _33=1.00001 _43=-0.15 (aspect 1.778)
camera: pos -113.9 62.1 39.8 | proj _11=0.8304 _22=1.4762 _33=1.00001 _43=-0.15 (aspect 1.778)
camera: pos -112.7 60.4 39.5 | proj _11=0.8182 _22=1.4546 _33=1.00001 _43=-0.15 (aspect 1.778)
camera: pos -111.6 59.1 39.2 | proj _11=0.8062 _22=1.4333 _33=1.00001 _43=-0.15 (aspect 1.778)
camera: pos -110.7 58.0 39.0 | proj _11=0.7951 _22=1.4134 _33=1.00001 _43=-0.15 (aspect 1.778)
camera: pos -109.7 57.0 38.8 | proj _11=0.7845 _22=1.3947 _33=1.00001 _43=-0.15 (aspect 1.778)
camera: pos -107.7 55.2 38.4 | proj _11=0.7647 _22=1.3594 _33=1.00001 _43=-0.15 (aspect 1.778)
camera: pos -106.3 54.0 38.2 | proj _11=0.7542 _22=1.3408 _33=1.00001 _43=-0.15 (aspect 1.778)
camera: pos -104.8 52.9 37.9 | proj _11=0.7391 _22=1.3139 _33=1.00001 _43=-0.15 (aspect 1.778)
camera: pos -103.9 52.2 37.7 | proj _11=0.7242 _22=1.2874 _33=1.00001 _43=-0.15 (aspect 1.778)
camera: pos -102.8 51.4 37.6 | proj _11=0.7136 _22=1.2685 _33=1.00001 _43=-0.15 (aspect 1.778)
camera: pos -101.9 50.8 37.4 | proj _11=0.7028 _22=1.2494 _33=1.00001 _43=-0.15 (aspect 1.778)
camera: pos -100.9 50.1 37.2 | proj _11=0.6925 _22=1.2311 _33=1.00001 _43=-0.15 (aspect 1.778)
camera: pos -100.0 49.5 37.1 | proj _11=0.6824 _22=1.2132 _33=1.00001 _43=-0.15 (aspect 1.778)
camera: pos -99.1 48.9 37.0 | proj _11=0.6723 _22=1.1952 _33=1.00001 _43=-0.15 (aspect 1.778)
camera: pos -98.1 48.3 36.8 | proj _11=0.6619 _22=1.1767 _33=1.00001 _43=-0.15 (aspect 1.778)
camera: pos -84.7 35.1 40.7 | proj _11=0.6760 _22=1.2018 _33=1.00001 _43=-0.15 (aspect 1.778)
camera: pos -83.6 33.9 41.1 | proj _11=0.6898 _22=1.2263 _33=1.00001 _43=-0.15 (aspect 1.778)
camera: pos -82.5 32.5 41.4 | proj _11=0.7024 _22=1.2487 _33=1.00001 _43=-0.15 (aspect 1.778)
camera: pos -81.4 31.1 41.7 | proj _11=0.7153 _22=1.2716 _33=1.00001 _43=-0.15 (aspect 1.778)
camera: pos -80.3 29.7 42.0 | proj _11=0.7282 _22=1.2945 _33=1.00001 _43=-0.15 (aspect 1.778)
camera: pos -79.2 28.3 42.3 | proj _11=0.7410 _22=1.3173 _33=1.00001 _43=-0.15 (aspect 1.778)
camera: pos -78.1 27.0 42.5 | proj _11=0.7531 _22=1.3388 _33=1.00001 _43=-0.15 (aspect 1.778)
camera: pos -77.1 25.6 42.8 | proj _11=0.7652 _22=1.3603 _33=1.00001 _43=-0.15 (aspect 1.778)
camera: pos -76.1 24.3 43.0 | proj _11=0.7771 _22=1.3815 _33=1.00001 _43=-0.15 (aspect 1.778)
camera: pos -75.2 23.0 43.2 | proj _11=0.7891 _22=1.4028 _33=1.00001 _43=-0.15 (aspect 1.778)
camera: pos -74.5 21.7 43.4 | proj _11=0.8004 _22=1.4229 _33=1.00001 _43=-0.15 (aspect 1.778)
camera: pos -73.8 20.4 43.6 | proj _11=0.8114 _22=1.4424 _33=1.00001 _43=-0.15 (aspect 1.778)
camera: pos -73.1 19.2 43.7 | proj _11=0.8220 _22=1.4613 _33=1.00001 _43=-0.15 (aspect 1.778)
camera: pos -72.5 18.0 43.9 | proj _11=0.8327 _22=1.4802 _33=1.00001 _43=-0.15 (aspect 1.778)
camera: pos -72.0 16.8 44.0 | proj _11=0.8432 _22=1.4990 _33=1.00001 _43=-0.15 (aspect 1.778)
camera: pos -71.3 14.9 44.1 | proj _11=0.9775 _22=1.7377 _33=1.00001 _43=-0.15 (aspect 1.778)
camera: pos -71.4 15.0 44.1 | proj _11=0.9903 _22=1.7606 _33=1.00001 _43=-0.15 (aspect 1.778)
camera: pos -71.4 15.1 44.1 | proj _11=1.0015 _22=1.7803 _33=1.00001 _43=-0.15 (aspect 1.778)
camera: pos -71.5 15.2 44.1 | proj _11=1.0168 _22=1.8076 _33=1.00001 _43=-0.15 (aspect 1.778)
camera: pos -71.6 15.3 44.2 | proj _11=1.0327 _22=1.8358 _33=1.00001 _43=-0.15 (aspect 1.778)
camera: pos -71.6 15.4 44.2 | proj _11=1.0492 _22=1.8653 _33=1.00001 _43=-0.15 (aspect 1.778)
camera: pos -71.7 15.5 44.2 | proj _11=1.0646 _22=1.8926 _33=1.00001 _43=-0.15 (aspect 1.778)
camera: pos -71.7 15.6 44.2 | proj _11=1.0812 _22=1.9221 _33=1.00001 _43=-0.15 (aspect 1.778)
camera: pos -71.8 15.7 44.2 | proj _11=1.0982 _22=1.9523 _33=1.00001 _43=-0.15 (aspect 1.778)
camera: pos -71.8 15.9 44.2 | proj _11=1.1155 _22=1.9830 _33=1.00001 _43=-0.15 (aspect 1.778)
camera: pos -71.9 16.0 44.3 | proj _11=1.1334 _22=2.0150 _33=1.00001 _43=-0.15 (aspect 1.778)
camera: pos -71.9 16.1 44.3 | proj _11=1.1513 _22=2.0467 _33=1.00001 _43=-0.15 (aspect 1.778)
camera: pos -71.9 16.2 44.3 | proj _11=1.1698 _22=2.0797 _33=1.00001 _43=-0.15 (aspect 1.778)
camera: pos -72.0 16.3 44.3 | proj _11=1.1888 _22=2.1134 _33=1.00001 _43=-0.15 (aspect 1.778)
camera: pos -72.0 16.4 44.3 | proj _11=1.2081 _22=2.1476 _33=1.00001 _43=-0.15 (aspect 1.778)
camera: pos -72.0 16.5 44.4 | proj _11=1.2280 _22=2.1830 _33=1.00001 _43=-0.15 (aspect 1.778)
camera: pos -72.0 16.6 44.4 | proj _11=1.2483 _22=2.2191 _33=1.00001 _43=-0.15 (aspect 1.778)
camera: pos -72.1 16.7 44.4 | proj _11=1.2691 _22=2.2561 _33=1.00001 _43=-0.15 (aspect 1.778)
camera: pos -72.1 16.9 44.4 | proj _11=1.2905 _22=2.2941 _33=1.00001 _43=-0.15 (aspect 1.778)
camera: pos -72.1 17.0 44.4 | proj _11=1.3123 _22=2.3329 _33=1.00001 _43=-0.15 (aspect 1.778)
camera: pos -72.1 17.1 44.5 | proj _11=1.3346 _22=2.3726 _33=1.00001 _43=-0.15 (aspect 1.778)
camera: pos -72.2 17.2 44.5 | proj _11=1.3579 _22=2.4140 _33=1.00001 _43=-0.15 (aspect 1.778)
camera: pos -72.2 17.3 44.5 | proj _11=1.3814 _22=2.4557 _33=1.00001 _43=-0.15 (aspect 1.778)
camera: pos -72.2 17.4 44.5 | proj _11=1.4056 _22=2.4989 _33=1.00001 _43=-0.15 (aspect 1.778)
camera: pos -72.2 17.5 44.5 | proj _11=1.4307 _22=2.5433 _33=1.00001 _43=-0.15 (aspect 1.778)
camera: pos -72.3 17.6 44.5 | proj _11=1.4564 _22=2.5891 _33=1.00001 _43=-0.15 (aspect 1.778)
camera: pos -71.6 17.4 44.6 | proj _11=1.4682 _22=2.6101 _33=1.00001 _43=-0.15 (aspect 1.778)
camera: pos -71.0 17.2 44.6 | proj _11=1.4801 _22=2.6313 _33=1.00001 _43=-0.15 (aspect 1.778)
camera: pos -70.6 17.2 44.7 | proj _11=1.4922 _22=2.6527 _33=1.00001 _43=-0.15 (aspect 1.778)
camera: pos -70.3 17.2 44.7 | proj _11=1.5045 _22=2.6745 _33=1.00001 _43=-0.15 (aspect 1.778)
camera: pos -70.1 17.2 44.6 | proj _11=1.5168 _22=2.6966 _33=1.00001 _43=-0.15 (aspect 1.778)
camera: pos -69.9 17.1 44.6 | proj _11=1.5269 _22=2.7144 _33=1.00001 _43=-0.15 (aspect 1.778)
camera: pos -69.7 17.0 44.6 | proj _11=1.5370 _22=2.7324 _33=1.00001 _43=-0.15 (aspect 1.778)
camera: pos -69.6 16.8 44.5 | proj _11=1.5473 _22=2.7507 _33=1.00001 _43=-0.15 (aspect 1.778)
camera: pos -69.5 16.7 44.5 | proj _11=1.5577 _22=2.7691 _33=1.00001 _43=-0.15 (aspect 1.778)
camera: pos -69.3 16.6 44.5 | proj _11=1.5681 _22=2.7877 _33=1.00001 _43=-0.15 (aspect 1.778)
camera: pos -69.2 16.5 44.5 | proj _11=1.5787 _22=2.8066 _33=1.00001 _43=-0.15 (aspect 1.778)
camera: pos -69.1 16.4 44.5 | proj _11=1.5894 _22=2.8256 _33=1.00001 _43=-0.15 (aspect 1.778)
camera: pos -68.9 16.3 44.5 | proj _11=1.6003 _22=2.8449 _33=1.00001 _43=-0.15 (aspect 1.778)
camera: pos -70.4 16.2 44.8 | proj _11=1.5857 _22=2.8190 _33=1.00001 _43=-0.15 (aspect 1.778)
camera: pos -69.9 16.2 44.8 | proj _11=1.5714 _22=2.7935 _33=1.00001 _43=-0.15 (aspect 1.778)
camera: pos -69.3 16.2 44.8 | proj _11=1.5575 _22=2.7688 _33=1.00001 _43=-0.15 (aspect 1.778)
camera: pos -68.8 16.2 44.8 | proj _11=1.5435 _22=2.7439 _33=1.00001 _43=-0.15 (aspect 1.778)
frame 10200 | draws 1468/frame | FFP converted 442/frame (30.1%)
    not converted: screen-space 16  skinned 0  ortho 0  vertex-format 1  untextured 729  instanced 0  mirrored 0  other-camera 125  no camera 0  other 0 (per frame)
    prepasses hidden: sampler-less 729/frame, stipple-with-no-colour 79/frame (these used to convert WHITE) | post/composite quads marked 15/frame
    constant-colour materials (no diffuse map, albedo from the shader's own constant) 87/frame | HUD quads demoted to UI 0/frame | back-buffer clears 0/frame | sky draws 52/frame | UI-pass draws converted 0/frame
    instancing: 490 converted from the instance stream/frame, 0 refused/frame (largest single draw 1 instances, 0.4 buffer writes snooped/frame)
    SKINNING: 31 skinned/frame, 10 refused/frame, 2 exact duplicates dropped/frame | 75 meshes decoded, 75 cached, 0 cache flushes
    ALBEDO stage 0 taken raw (no shader reflection) 0/frame
    ALBEDO: constant-only 87/frame, tinted fallback 0/frame, genuinely blank 0/frame (of 87 rank-0 draws/frame)
    ALBEDO WHITE (previously uncounted): named-but-not-bound 0/frame, render-target exclusion left nothing 0/frame | colourless passes now hidden 21/frame | screen-space passes hidden 0/frame | particle billboards hidden 3/frame
    SKIPPED entirely 0/frame (mode 3) | demoted to UI overlay 0/frame | no-albedo materials left to Remix 87/frame
    MARKED with the marker texture 974/frame (refused as unsafe 0/frame, 2134 SetTexture calls/frame, marker created)
    albedo: moved off stage 0 70/frame, blanked 87/frame, restored from mesh cache 98/frame (2772 meshes cached, 1 flushes) | RT textures known 55 | lights 3.6/frame (24 shaders)
    camera -68.8 16.2 44.8 | distinct cameras this frame 1 (max 1) | transform writes 294/frame | redundant state calls dropped 9262/frame
    world matrix changes 293/frame | objTM used without a fresh upload 0/frame | uv matrix writes 7/frame (last scale 0.00098, 0.00098)
    TIMING: frame 20.4 ms avg (49 fps), worst 108 ms | shim 5.03 ms avg (24.6% of frame), worst 23.4 ms
    TIMING tail: 33 frames >=33 ms, 1 >=100 ms in this window of 600 | inside real Present 9.77 ms avg, worst 68.1 ms | our other hooks 0.00 ms avg
    converted -> target 14E5CA90 1280x720 fmt=34 : 15 draws/frame
    converted -> target 14E64370 1280x720 fmt=113 : 414 draws/frame
    converted -> target 14E5D060 1280x720 fmt=113 : 1 draws/frame
    converted -> target 14E5CC80 1280x720 fmt=21 : 0 draws/frame
camera: pos -68.3 16.1 44.8 | proj _11=1.5295 _22=2.7190 _33=1.00001 _43=-0.15 (aspect 1.778)
camera: pos -67.7 16.1 44.7 | proj _11=1.5148 _22=2.6929 _33=1.00001 _43=-0.15 (aspect 1.778)
camera: pos -67.0 16.1 44.7 | proj _11=1.4979 _22=2.6629 _33=1.00001 _43=-0.15 (aspect 1.778)
camera: pos -66.4 16.1 44.7 | proj _11=1.4839 _22=2.6381 _33=1.00001 _43=-0.15 (aspect 1.778)
camera: pos -65.8 16.1 44.7 | proj _11=1.4702 _22=2.6136 _33=1.00001 _43=-0.15 (aspect 1.778)
camera: pos -65.3 16.1 44.7 | proj _11=1.4561 _22=2.5886 _33=1.00001 _43=-0.15 (aspect 1.778)
camera: pos -64.7 16.0 44.7 | proj _11=1.4426 _22=2.5646 _33=1.00001 _43=-0.15 (aspect 1.778)
camera: pos -64.1 16.0 44.7 | proj _11=1.4290 _22=2.5403 _33=1.00001 _43=-0.15 (aspect 1.778)
camera: pos -63.5 16.0 44.7 | proj _11=1.4157 _22=2.5167 _33=1.00001 _43=-0.15 (aspect 1.778)
camera: pos -62.9 16.0 44.7 | proj _11=1.4023 _22=2.4929 _33=1.00001 _43=-0.15 (aspect 1.778)
camera: pos -62.4 16.0 44.6 | proj _11=1.3896 _22=2.4703 _33=1.00001 _43=-0.15 (aspect 1.778)
camera: pos -61.7 15.9 44.6 | proj _11=1.3763 _22=2.4467 _33=1.00001 _43=-0.15 (aspect 1.778)
camera: pos -61.1 15.9 44.6 | proj _11=1.3630 _22=2.4230 _33=1.00001 _43=-0.15 (aspect 1.778)
camera: pos -60.5 15.9 44.6 | proj _11=1.3498 _22=2.3997 _33=1.00001 _43=-0.15 (aspect 1.778)
camera: pos -59.9 15.9 44.6 | proj _11=1.3366 _22=2.3761 _33=1.00001 _43=-0.15 (aspect 1.778)
camera: pos -59.3 15.9 44.6 | proj _11=1.3240 _22=2.3537 _33=1.00001 _43=-0.15 (aspect 1.778)
camera: pos -58.5 15.8 44.6 | proj _11=1.3121 _22=2.3325 _33=1.00001 _43=-0.15 (aspect 1.778)
camera: pos -57.9 15.8 44.6 | proj _11=1.2991 _22=2.3095 _33=1.00001 _43=-0.15 (aspect 1.778)
camera: pos -39.4 15.8 41.5 | proj _11=1.3170 _22=2.3412 _33=1.00001 _43=-0.15 (aspect 1.778)
camera: pos -39.4 15.9 41.5 | proj _11=1.3350 _22=2.3732 _33=1.00001 _43=-0.15 (aspect 1.778)
camera: pos -39.3 15.9 41.5 | proj _11=1.3532 _22=2.4056 _33=1.00001 _43=-0.15 (aspect 1.778)
camera: pos -39.2 15.9 41.4 | proj _11=1.3712 _22=2.4376 _33=1.00001 _43=-0.15 (aspect 1.778)
camera: pos -39.2 15.9 41.4 | proj _11=1.3908 _22=2.4725 _33=1.00001 _43=-0.15 (aspect 1.778)
camera: pos -39.3 16.0 41.2 | proj _11=1.4100 _22=2.5066 _33=1.00001 _43=-0.15 (aspect 1.778)
camera: pos -39.2 16.0 41.2 | proj _11=1.4289 _22=2.5402 _33=1.00001 _43=-0.15 (aspect 1.778)
camera: pos -39.2 16.0 41.0 | proj _11=1.4485 _22=2.5751 _33=1.00001 _43=-0.15 (aspect 1.778)
camera: pos -39.1 16.1 41.0 | proj _11=1.4701 _22=2.6135 _33=1.00001 _43=-0.15 (aspect 1.778)
camera: pos -39.1 16.1 41.0 | proj _11=1.4908 _22=2.6502 _33=1.00001 _43=-0.15 (aspect 1.778)
camera: pos -39.0 16.1 41.0 | proj _11=1.5117 _22=2.6875 _33=1.00001 _43=-0.15 (aspect 1.778)
camera: pos -38.9 16.1 41.0 | proj _11=1.5325 _22=2.7244 _33=1.00001 _43=-0.15 (aspect 1.778)
camera: pos -38.8 16.2 41.0 | proj _11=1.5538 _22=2.7622 _33=1.00001 _43=-0.15 (aspect 1.778)
camera: pos -38.7 16.2 40.9 | proj _11=1.5769 _22=2.8033 _33=1.00001 _43=-0.15 (aspect 1.778)
camera: pos -38.7 16.2 40.9 | proj _11=1.5989 _22=2.8424 _33=1.00001 _43=-0.15 (aspect 1.778)
camera: pos -42.6 17.7 42.6 | proj _11=1.5886 _22=2.8242 _33=1.00001 _43=-0.15 (aspect 1.778)
camera: pos -43.0 17.7 42.6 | proj _11=1.5767 _22=2.8030 _33=1.00001 _43=-0.15 (aspect 1.778)
camera: pos -43.6 17.8 42.5 | proj _11=1.5649 _22=2.7820 _33=1.00001 _43=-0.15 (aspect 1.778)
camera: pos -44.1 17.9 42.4 | proj _11=1.5533 _22=2.7613 _33=1.00001 _43=-0.15 (aspect 1.778)
camera: pos -44.7 18.1 42.3 | proj _11=1.5418 _22=2.7409 _33=1.00001 _43=-0.15 (aspect 1.778)
camera: pos -45.1 18.0 42.4 | proj _11=1.5303 _22=2.7204 _33=1.00001 _43=-0.15 (aspect 1.778)
camera: pos -45.4 18.0 42.6 | proj _11=1.5191 _22=2.7006 _33=1.00001 _43=-0.15 (aspect 1.778)
camera: pos -45.7 18.0 42.9 | proj _11=1.5083 _22=2.6813 _33=1.00001 _43=-0.15 (aspect 1.778)
camera: pos -46.1 18.0 43.1 | proj _11=1.4973 _22=2.6619 _33=1.00001 _43=-0.15 (aspect 1.778)
camera: pos -46.5 18.0 43.3 | proj _11=1.4865 _22=2.6427 _33=1.00001 _43=-0.15 (aspect 1.778)
camera: pos -46.9 17.9 43.3 | proj _11=1.4758 _22=2.6237 _33=1.00001 _43=-0.15 (aspect 1.778)
camera: pos -47.4 17.9 43.4 | proj _11=1.4653 _22=2.6049 _33=1.00001 _43=-0.15 (aspect 1.778)
camera: pos -47.8 17.9 43.4 | proj _11=1.4548 _22=2.5863 _33=1.00001 _43=-0.15 (aspect 1.778)
camera: pos -48.1 17.8 43.6 | proj _11=1.4442 _22=2.5674 _33=1.00001 _43=-0.15 (aspect 1.778)
camera: pos -48.4 17.6 44.0 | proj _11=1.4342 _22=2.5496 _33=1.00001 _43=-0.15 (aspect 1.778)
camera: pos -48.8 17.4 44.8 | proj _11=1.4241 _22=2.5317 _33=1.00001 _43=-0.15 (aspect 1.778)
camera: pos -49.3 17.2 45.5 | proj _11=1.4140 _22=2.5137 _33=1.00001 _43=-0.15 (aspect 1.778)
camera: pos -49.9 17.0 45.9 | proj _11=1.4009 _22=2.4904 _33=1.00001 _43=-0.15 (aspect 1.778)
camera: pos -50.4 16.9 46.1 | proj _11=1.3879 _22=2.4673 _33=1.00001 _43=-0.15 (aspect 1.778)
camera: pos -50.7 16.9 46.4 | proj _11=1.4011 _22=2.4908 _33=1.00001 _43=-0.15 (aspect 1.778)
camera: pos -51.0 16.9 46.6 | proj _11=1.4145 _22=2.5146 _33=1.00001 _43=-0.15 (aspect 1.778)
camera: pos -51.3 16.9 46.9 | proj _11=1.4280 _22=2.5386 _33=1.00001 _43=-0.15 (aspect 1.778)
camera: pos -51.7 16.9 47.2 | proj _11=1.4418 _22=2.5632 _33=1.00001 _43=-0.15 (aspect 1.778)
camera: pos -51.9 16.9 47.3 | proj _11=1.4558 _22=2.5880 _33=1.00001 _43=-0.15 (aspect 1.778)
camera: pos -52.0 17.0 47.4 | proj _11=1.4700 _22=2.6132 _33=1.00001 _43=-0.15 (aspect 1.778)
camera: pos -52.1 17.0 47.5 | proj _11=1.4845 _22=2.6390 _33=1.00001 _43=-0.15 (aspect 1.778)
camera: pos -52.2 17.1 47.6 | proj _11=1.4991 _22=2.6649 _33=1.00001 _43=-0.15 (aspect 1.778)
camera: pos -52.3 17.1 47.7 | proj _11=1.5138 _22=2.6911 _33=1.00001 _43=-0.15 (aspect 1.778)
camera: pos -52.7 17.1 48.0 | proj _11=1.5032 _22=2.6724 _33=1.00001 _43=-0.15 (aspect 1.778)
camera: pos -53.2 17.0 48.3 | proj _11=1.4927 _22=2.6535 _33=1.00001 _43=-0.15 (aspect 1.778)
camera: pos -54.0 16.9 49.0 | proj _11=1.4818 _22=2.6343 _33=1.00001 _43=-0.15 (aspect 1.778)
camera: pos -55.0 16.8 49.7 | proj _11=1.4718 _22=2.6165 _33=1.00001 _43=-0.15 (aspect 1.778)
camera: pos -56.3 16.7 50.2 | proj _11=1.4616 _22=2.5983 _33=1.00001 _43=-0.15 (aspect 1.778)
camera: pos -57.4 16.6 50.5 | proj _11=1.4515 _22=2.5803 _33=1.00001 _43=-0.15 (aspect 1.778)
camera: pos -58.3 16.6 50.7 | proj _11=1.4411 _22=2.5619 _33=1.00001 _43=-0.15 (aspect 1.778)
camera: pos -59.1 16.6 50.8 | proj _11=1.4307 _22=2.5435 _33=1.00001 _43=-0.15 (aspect 1.778)
frame 10800 | draws 1591/frame | FFP converted 485/frame (30.5%)
    not converted: screen-space 17  skinned 0  ortho 0  vertex-format 2  untextured 776  instanced 0  mirrored 0  other-camera 138  no camera 0  other 0 (per frame)
    prepasses hidden: sampler-less 776/frame, stipple-with-no-colour 94/frame (these used to convert WHITE) | post/composite quads marked 17/frame
    constant-colour materials (no diffuse map, albedo from the shader's own constant) 89/frame | HUD quads demoted to UI 0/frame | back-buffer clears 0/frame | sky draws 52/frame | UI-pass draws converted 0/frame
    instancing: 526 converted from the instance stream/frame, 0 refused/frame (largest single draw 1 instances, 0.5 buffer writes snooped/frame)
    SKINNING: 36 skinned/frame, 18 refused/frame, 2 exact duplicates dropped/frame | 82 meshes decoded, 82 cached, 0 cache flushes
    ALBEDO stage 0 taken raw (no shader reflection) 0/frame
    ALBEDO: constant-only 89/frame, tinted fallback 0/frame, genuinely blank 0/frame (of 89 rank-0 draws/frame)
    ALBEDO WHITE (previously uncounted): named-but-not-bound 0/frame, render-target exclusion left nothing 0/frame | colourless passes now hidden 24/frame | screen-space passes hidden 0/frame | particle billboards hidden 3/frame
    SKIPPED entirely 0/frame (mode 3) | demoted to UI overlay 0/frame | no-albedo materials left to Remix 89/frame
    MARKED with the marker texture 1054/frame (refused as unsafe 0/frame, 2309 SetTexture calls/frame, marker created)
    albedo: moved off stage 0 82/frame, blanked 89/frame, restored from mesh cache 112/frame (3287 meshes cached, 1 flushes) | RT textures known 55 | lights 4.1/frame (24 shaders)
    camera -59.3 16.5 50.8 | distinct cameras this frame 1 (max 1) | transform writes 318/frame | redundant state calls dropped 10159/frame
    world matrix changes 317/frame | objTM used without a fresh upload 0/frame | uv matrix writes 9/frame (last scale 0.00098, 0.00098)
    TIMING: frame 20.8 ms avg (48 fps), worst 119 ms | shim 5.64 ms avg (27.1% of frame), worst 27.9 ms
    TIMING tail: 224 frames >=33 ms, 1 >=100 ms in this window of 600 | inside real Present 9.30 ms avg, worst 6.4 ms | our other hooks 0.00 ms avg
    converted -> target 14E5CA90 1280x720 fmt=34 : 17 draws/frame
    converted -> target 14E64370 1280x720 fmt=113 : 446 draws/frame
    converted -> target 14E5D060 1280x720 fmt=113 : 2 draws/frame
    converted -> target 14E5CC80 1280x720 fmt=21 : 0 draws/frame
camera: pos -59.9 16.5 50.8 | proj _11=1.4207 _22=2.5256 _33=1.00001 _43=-0.15 (aspect 1.778)
camera: pos -60.9 16.5 50.7 | proj _11=1.4084 _22=2.5038 _33=1.00001 _43=-0.15 (aspect 1.778)
camera: pos -61.6 16.4 50.5 | proj _11=1.3980 _22=2.4853 _33=1.00001 _43=-0.15 (aspect 1.778)
camera: pos -62.1 16.4 50.1 | proj _11=1.3874 _22=2.4664 _33=1.00001 _43=-0.15 (aspect 1.778)
camera: pos -62.4 16.3 49.7 | proj _11=1.3772 _22=2.4482 _33=1.00001 _43=-0.15 (aspect 1.778)
camera: pos -62.8 16.3 49.3 | proj _11=1.3661 _22=2.4285 _33=1.00001 _43=-0.15 (aspect 1.778)
camera: pos -63.8 16.2 48.9 | proj _11=1.3557 _22=2.4102 _33=1.00001 _43=-0.15 (aspect 1.778)
camera: pos -65.8 16.1 48.3 | proj _11=1.3453 _22=2.3915 _33=1.00001 _43=-0.15 (aspect 1.778)
camera: pos -68.3 15.9 46.7 | proj _11=1.3320 _22=2.3680 _33=1.00001 _43=-0.15 (aspect 1.778)
camera: pos -69.1 15.9 46.6 | proj _11=1.3447 _22=2.3905 _33=1.00001 _43=-0.15 (aspect 1.778)
camera: pos -69.3 16.0 46.6 | proj _11=1.3582 _22=2.4145 _33=1.00001 _43=-0.15 (aspect 1.778)
camera: pos -69.5 16.0 46.6 | proj _11=1.3727 _22=2.4403 _33=1.00001 _43=-0.15 (aspect 1.778)
camera: pos -69.7 16.0 46.6 | proj _11=1.3878 _22=2.4671 _33=1.00001 _43=-0.15 (aspect 1.778)
camera: pos -69.9 16.0 46.6 | proj _11=1.4028 _22=2.4938 _33=1.00001 _43=-0.15 (aspect 1.778)
camera: pos -70.0 16.0 46.6 | proj _11=1.4180 _22=2.5208 _33=1.00001 _43=-0.15 (aspect 1.778)
camera: pos -70.2 16.1 46.6 | proj _11=1.4343 _22=2.5498 _33=1.00001 _43=-0.15 (aspect 1.778)
camera: pos -70.3 16.1 46.6 | proj _11=1.4499 _22=2.5775 _33=1.00001 _43=-0.15 (aspect 1.778)
camera: pos -70.6 16.0 46.5 | proj _11=1.4653 _22=2.6049 _33=1.00001 _43=-0.15 (aspect 1.778)
camera: pos -70.9 16.0 46.4 | proj _11=1.4813 _22=2.6333 _33=1.00001 _43=-0.15 (aspect 1.778)
camera: pos -71.1 16.0 46.3 | proj _11=1.4980 _22=2.6630 _33=1.00001 _43=-0.15 (aspect 1.778)
camera: pos -71.2 16.0 46.3 | proj _11=1.5149 _22=2.6931 _33=1.00001 _43=-0.15 (aspect 1.778)
camera: pos -71.4 16.0 46.4 | proj _11=1.5329 _22=2.7251 _33=1.00001 _43=-0.15 (aspect 1.778)
camera: pos -71.6 16.0 46.5 | proj _11=1.5531 _22=2.7611 _33=1.00001 _43=-0.15 (aspect 1.778)
camera: pos -71.8 16.0 46.6 | proj _11=1.5706 _22=2.7921 _33=1.00001 _43=-0.15 (aspect 1.778)
camera: pos -72.0 16.0 46.6 | proj _11=1.5890 _22=2.8248 _33=1.00001 _43=-0.15 (aspect 1.778)
camera: pos -72.2 15.9 46.7 | proj _11=1.6071 _22=2.8570 _33=1.00001 _43=-0.15 (aspect 1.778)
frame 11400 | draws 1605/frame | FFP converted 486/frame (30.2%)
    not converted: screen-space 18  skinned 0  ortho 0  vertex-format 2  untextured 767  instanced 0  mirrored 0  other-camera 156  no camera 0  other 0 (per frame)
    prepasses hidden: sampler-less 767/frame, stipple-with-no-colour 98/frame (these used to convert WHITE) | post/composite quads marked 18/frame
    constant-colour materials (no diffuse map, albedo from the shader's own constant) 85/frame | HUD quads demoted to UI 0/frame | back-buffer clears 0/frame | sky draws 51/frame | UI-pass draws converted 0/frame
    instancing: 542 converted from the instance stream/frame, 0 refused/frame (largest single draw 1 instances, 0.5 buffer writes snooped/frame)
    SKINNING: 38 skinned/frame, 18 refused/frame, 2 exact duplicates dropped/frame | 84 meshes decoded, 84 cached, 0 cache flushes
    ALBEDO stage 0 taken raw (no shader reflection) 0/frame
    ALBEDO: constant-only 85/frame, tinted fallback 0/frame, genuinely blank 0/frame (of 86 rank-0 draws/frame)
    ALBEDO WHITE (previously uncounted): named-but-not-bound 0/frame, render-target exclusion left nothing 0/frame | colourless passes now hidden 25/frame | screen-space passes hidden 0/frame | particle billboards hidden 3/frame
    SKIPPED entirely 0/frame (mode 3) | demoted to UI overlay 0/frame | no-albedo materials left to Remix 86/frame
    MARKED with the marker texture 1068/frame (refused as unsafe 0/frame, 2349 SetTexture calls/frame, marker created)
    albedo: moved off stage 0 86/frame, blanked 85/frame, restored from mesh cache 116/frame (3461 meshes cached, 1 flushes) | RT textures known 55 | lights 4.1/frame (24 shaders)
    camera -75.5 13.5 40.7 | distinct cameras this frame 1 (max 1) | transform writes 316/frame | redundant state calls dropped 10174/frame
    world matrix changes 315/frame | objTM used without a fresh upload 0/frame | uv matrix writes 10/frame (last scale 0.00098, 0.00098)
    TIMING: frame 20.6 ms avg (48 fps), worst 35 ms | shim 5.86 ms avg (28.4% of frame), worst 22.9 ms
    TIMING tail: 2 frames >=33 ms, 0 >=100 ms in this window of 600 | inside real Present 8.89 ms avg, worst 5.6 ms | our other hooks 0.00 ms avg
    converted -> target 14E5CA90 1280x720 fmt=34 : 18 draws/frame
    converted -> target 14E64370 1280x720 fmt=113 : 445 draws/frame
    converted -> target 14E5D060 1280x720 fmt=113 : 2 draws/frame
    converted -> target 14E5CC80 1280x720 fmt=21 : 0 draws/frame
frame 12000 | draws 1657/frame | FFP converted 502/frame (30.3%)
    not converted: screen-space 19  skinned 0  ortho 0  vertex-format 3  untextured 779  instanced 0  mirrored 0  other-camera 167  no camera 0  other 0 (per frame)
    prepasses hidden: sampler-less 779/frame, stipple-with-no-colour 108/frame (these used to convert WHITE) | post/composite quads marked 18/frame
    constant-colour materials (no diffuse map, albedo from the shader's own constant) 83/frame | HUD quads demoted to UI 0/frame | back-buffer clears 1/frame | sky draws 50/frame | UI-pass draws converted 0/frame
    instancing: 558 converted from the instance stream/frame, 0 refused/frame (largest single draw 1 instances, 0.5 buffer writes snooped/frame)
    SKINNING: 42 skinned/frame, 25 refused/frame, 3 exact duplicates dropped/frame | 84 meshes decoded, 84 cached, 0 cache flushes
    ALBEDO stage 0 taken raw (no shader reflection) 0/frame
    ALBEDO: constant-only 83/frame, tinted fallback 0/frame, genuinely blank 0/frame (of 83 rank-0 draws/frame)
    ALBEDO WHITE (previously uncounted): named-but-not-bound 0/frame, render-target exclusion left nothing 0/frame | colourless passes now hidden 26/frame | screen-space passes hidden 0/frame | particle billboards hidden 3/frame
    SKIPPED entirely 0/frame (mode 3) | demoted to UI overlay 0/frame | no-albedo materials left to Remix 83/frame
    MARKED with the marker texture 1104/frame (refused as unsafe 0/frame, 2430 SetTexture calls/frame, marker created)
    albedo: moved off stage 0 94/frame, blanked 83/frame, restored from mesh cache 123/frame (3489 meshes cached, 1 flushes) | RT textures known 55 | lights 4.2/frame (24 shaders)
    camera -61.5 13.7 40.0 | distinct cameras this frame 1 (max 1) | transform writes 321/frame | redundant state calls dropped 10525/frame
    world matrix changes 320/frame | objTM used without a fresh upload 0/frame | uv matrix writes 12/frame (last scale 0.00098, 0.00098)
    TIMING: frame 20.7 ms avg (48 fps), worst 98 ms | shim 6.22 ms avg (30.0% of frame), worst 19.1 ms
    TIMING tail: 3 frames >=33 ms, 0 >=100 ms in this window of 600 | inside real Present 8.46 ms avg, worst 64.2 ms | our other hooks 0.00 ms avg
    converted -> target 14E5CA90 1280x720 fmt=34 : 20 draws/frame
    converted -> target 14E64370 1280x720 fmt=113 : 454 draws/frame
    converted -> target 14E5D060 1280x720 fmt=113 : 2 draws/frame
    converted -> target 14E5CC80 1280x720 fmt=21 : 0 draws/frame
frame 12600 | draws 1737/frame | FFP converted 530/frame (30.5%)
    not converted: screen-space 20  skinned 0  ortho 0  vertex-format 3  untextured 807  instanced 0  mirrored 0  other-camera 175  no camera 0  other 0 (per frame)
    prepasses hidden: sampler-less 807/frame, stipple-with-no-colour 120/frame (these used to convert WHITE) | post/composite quads marked 19/frame
    constant-colour materials (no diffuse map, albedo from the shader's own constant) 80/frame | HUD quads demoted to UI 0/frame | back-buffer clears 1/frame | sky draws 50/frame | UI-pass draws converted 0/frame
    instancing: 576 converted from the instance stream/frame, 0 refused/frame (largest single draw 1 instances, 0.5 buffer writes snooped/frame)
    SKINNING: 47 skinned/frame, 33 refused/frame, 3 exact duplicates dropped/frame | 84 meshes decoded, 84 cached, 0 cache flushes
    ALBEDO stage 0 taken raw (no shader reflection) 0/frame
    ALBEDO: constant-only 80/frame, tinted fallback 0/frame, genuinely blank 0/frame (of 80 rank-0 draws/frame)
    ALBEDO WHITE (previously uncounted): named-but-not-bound 0/frame, render-target exclusion left nothing 0/frame | colourless passes now hidden 27/frame | screen-space passes hidden 0/frame | particle billboards hidden 4/frame
    SKIPPED entirely 0/frame (mode 3) | demoted to UI overlay 0/frame | no-albedo materials left to Remix 80/frame
    MARKED with the marker texture 1156/frame (refused as unsafe 0/frame, 2546 SetTexture calls/frame, marker created)
    albedo: moved off stage 0 104/frame, blanked 80/frame, restored from mesh cache 131/frame (3550 meshes cached, 1 flushes) | RT textures known 55 | lights 4.5/frame (24 shaders)
    camera -55.7 13.9 41.5 | distinct cameras this frame 1 (max 1) | transform writes 334/frame | redundant state calls dropped 11112/frame
    world matrix changes 332/frame | objTM used without a fresh upload 0/frame | uv matrix writes 14/frame (last scale 0.00098, 0.00098)
    TIMING: frame 21.0 ms avg (48 fps), worst 96 ms | shim 6.70 ms avg (31.9% of frame), worst 23.9 ms
    TIMING tail: 6 frames >=33 ms, 0 >=100 ms in this window of 600 | inside real Present 8.07 ms avg, worst 62.1 ms | our other hooks 0.00 ms avg
    converted -> target 14E5CA90 1280x720 fmt=34 : 22 draws/frame
    converted -> target 14E64370 1280x720 fmt=113 : 470 draws/frame
    converted -> target 14E5D060 1280x720 fmt=113 : 2 draws/frame
    converted -> target 14E5CC80 1280x720 fmt=21 : 0 draws/frame
frame 13200 | draws 1832/frame | FFP converted 564/frame (30.8%)
    not converted: screen-space 20  skinned 0  ortho 0  vertex-format 4  untextured 843  instanced 0  mirrored 0  other-camera 186  no camera 0  other 0 (per frame)
    prepasses hidden: sampler-less 843/frame, stipple-with-no-colour 133/frame (these used to convert WHITE) | post/composite quads marked 20/frame
    constant-colour materials (no diffuse map, albedo from the shader's own constant) 80/frame | HUD quads demoted to UI 0/frame | back-buffer clears 1/frame | sky draws 50/frame | UI-pass draws converted 0/frame
    instancing: 603 converted from the instance stream/frame, 0 refused/frame (largest single draw 1 instances, 0.6 buffer writes snooped/frame)
    SKINNING: 52 skinned/frame, 41 refused/frame, 4 exact duplicates dropped/frame | 86 meshes decoded, 86 cached, 0 cache flushes
    ALBEDO stage 0 taken raw (no shader reflection) 0/frame
    ALBEDO: constant-only 80/frame, tinted fallback 0/frame, genuinely blank 0/frame (of 80 rank-0 draws/frame)
    ALBEDO WHITE (previously uncounted): named-but-not-bound 0/frame, render-target exclusion left nothing 0/frame | colourless passes now hidden 29/frame | screen-space passes hidden 0/frame | particle billboards hidden 4/frame
    SKIPPED entirely 0/frame (mode 3) | demoted to UI overlay 0/frame | no-albedo materials left to Remix 80/frame
    MARKED with the marker texture 1218/frame (refused as unsafe 0/frame, 2679 SetTexture calls/frame, marker created)
    albedo: moved off stage 0 115/frame, blanked 80/frame, restored from mesh cache 141/frame (3641 meshes cached, 1 flushes) | RT textures known 55 | lights 4.6/frame (24 shaders)
    camera -85.1 13.1 39.6 | distinct cameras this frame 1 (max 1) | transform writes 352/frame | redundant state calls dropped 11813/frame
    world matrix changes 351/frame | objTM used without a fresh upload 0/frame | uv matrix writes 16/frame (last scale 0.00098, 0.00098)
    TIMING: frame 21.4 ms avg (47 fps), worst 94 ms | shim 7.25 ms avg (34.0% of frame), worst 29.0 ms
    TIMING tail: 173 frames >=33 ms, 0 >=100 ms in this window of 600 | inside real Present 7.72 ms avg, worst 0.9 ms | our other hooks 0.00 ms avg
    converted -> target 14E5CA90 1280x720 fmt=34 : 24 draws/frame
    converted -> target 14E64370 1280x720 fmt=113 : 493 draws/frame
    converted -> target 14E5D060 1280x720 fmt=113 : 2 draws/frame
    converted -> target 14E5CC80 1280x720 fmt=21 : 0 draws/frame
frame 13800 | draws 1984/frame | FFP converted 619/frame (31.2%)
    not converted: screen-space 21  skinned 0  ortho 0  vertex-format 5  untextured 905  instanced 0  mirrored 0  other-camera 199  no camera 0  other 0 (per frame)
    prepasses hidden: sampler-less 905/frame, stipple-with-no-colour 148/frame (these used to convert WHITE) | post/composite quads marked 21/frame
    constant-colour materials (no diffuse map, albedo from the shader's own constant) 84/frame | HUD quads demoted to UI 0/frame | back-buffer clears 1/frame | sky draws 50/frame | UI-pass draws converted 0/frame
    instancing: 652 converted from the instance stream/frame, 0 refused/frame (largest single draw 1 instances, 0.6 buffer writes snooped/frame)
    SKINNING: 58 skinned/frame, 48 refused/frame, 5 exact duplicates dropped/frame | 88 meshes decoded, 88 cached, 0 cache flushes
    ALBEDO stage 0 taken raw (no shader reflection) 0/frame
    ALBEDO: constant-only 84/frame, tinted fallback 0/frame, genuinely blank 0/frame (of 84 rank-0 draws/frame)
    ALBEDO WHITE (previously uncounted): named-but-not-bound 0/frame, render-target exclusion left nothing 0/frame | colourless passes now hidden 33/frame | screen-space passes hidden 0/frame | particle billboards hidden 4/frame
    SKIPPED entirely 0/frame (mode 3) | demoted to UI overlay 0/frame | no-albedo materials left to Remix 84/frame
    MARKED with the marker texture 1315/frame (refused as unsafe 0/frame, 2881 SetTexture calls/frame, marker created)
    albedo: moved off stage 0 129/frame, blanked 84/frame, restored from mesh cache 159/frame (3694 meshes cached, 1 flushes) | RT textures known 55 | lights 4.9/frame (24 shaders)
    camera -93.7 14.2 36.7 | distinct cameras this frame 1 (max 1) | transform writes 389/frame | redundant state calls dropped 12960/frame
    world matrix changes 387/frame | objTM used without a fresh upload 0/frame | uv matrix writes 18/frame (last scale 0.00098, 0.00098)
    TIMING: frame 22.0 ms avg (45 fps), worst 122 ms | shim 7.94 ms avg (36.1% of frame), worst 32.5 ms
    TIMING tail: 475 frames >=33 ms, 1 >=100 ms in this window of 600 | inside real Present 7.40 ms avg, worst 11.3 ms | our other hooks 0.00 ms avg
    converted -> target 14E5CA90 1280x720 fmt=34 : 27 draws/frame
    converted -> target 14E64370 1280x720 fmt=113 : 536 draws/frame
    converted -> target 14E5D060 1280x720 fmt=113 : 2 draws/frame
    converted -> target 14E5CC80 1280x720 fmt=21 : 0 draws/frame
camera: pos -88.9 15.1 37.7 | proj _11=1.5889 _22=2.8247 _33=1.00001 _43=-0.15 (aspect 1.778)
camera: pos -88.6 15.1 37.9 | proj _11=1.5785 _22=2.8062 _33=1.00001 _43=-0.15 (aspect 1.778)
camera: pos -88.0 15.1 38.2 | proj _11=1.5598 _22=2.7729 _33=1.00001 _43=-0.15 (aspect 1.778)
camera: pos -87.3 15.2 38.5 | proj _11=1.5417 _22=2.7408 _33=1.00001 _43=-0.15 (aspect 1.778)
camera: pos -86.8 15.2 38.8 | proj _11=1.5251 _22=2.7111 _33=1.00001 _43=-0.15 (aspect 1.778)
camera: pos -86.2 15.1 39.2 | proj _11=1.5083 _22=2.6814 _33=1.00001 _43=-0.15 (aspect 1.778)
camera: pos -85.7 15.1 39.4 | proj _11=1.4917 _22=2.6519 _33=1.00001 _43=-0.15 (aspect 1.778)
camera: pos -85.0 15.1 39.4 | proj _11=1.4762 _22=2.6244 _33=1.00001 _43=-0.15 (aspect 1.778)
camera: pos -84.5 15.1 39.4 | proj _11=1.4589 _22=2.5935 _33=1.00001 _43=-0.15 (aspect 1.778)
camera: pos -83.9 15.1 39.3 | proj _11=1.4424 _22=2.5643 _33=1.00001 _43=-0.15 (aspect 1.778)
camera: pos -83.5 15.0 39.2 | proj _11=1.4268 _22=2.5364 _33=1.00001 _43=-0.15 (aspect 1.778)
camera: pos -82.8 15.0 39.0 | proj _11=1.4461 _22=2.5709 _33=1.00001 _43=-0.15 (aspect 1.778)
camera: pos -82.6 15.1 38.9 | proj _11=1.4599 _22=2.5954 _33=1.00001 _43=-0.15 (aspect 1.778)
camera: pos -82.4 15.2 38.8 | proj _11=1.4745 _22=2.6212 _33=1.00001 _43=-0.15 (aspect 1.778)
camera: pos -82.3 15.2 38.8 | proj _11=1.4888 _22=2.6467 _33=1.00001 _43=-0.15 (aspect 1.778)
camera: pos -82.1 15.3 38.7 | proj _11=1.5029 _22=2.6718 _33=1.00001 _43=-0.15 (aspect 1.778)
camera: pos -81.9 15.4 38.6 | proj _11=1.5167 _22=2.6963 _33=1.00001 _43=-0.15 (aspect 1.778)
camera: pos -81.8 15.4 38.6 | proj _11=1.5316 _22=2.7228 _33=1.00001 _43=-0.15 (aspect 1.778)
camera: pos -81.7 15.4 38.6 | proj _11=1.5452 _22=2.7470 _33=1.00001 _43=-0.15 (aspect 1.778)
camera: pos -81.5 15.4 38.6 | proj _11=1.5584 _22=2.7704 _33=1.00001 _43=-0.15 (aspect 1.778)
camera: pos -81.4 15.4 38.7 | proj _11=1.5744 _22=2.7989 _33=1.00001 _43=-0.15 (aspect 1.778)
camera: pos -81.3 15.4 38.8 | proj _11=1.5897 _22=2.8260 _33=1.00001 _43=-0.15 (aspect 1.778)
camera: pos -80.7 15.4 39.1 | proj _11=1.5744 _22=2.7989 _33=1.00001 _43=-0.15 (aspect 1.778)
camera: pos -80.1 15.4 39.2 | proj _11=1.5580 _22=2.7698 _33=1.00001 _43=-0.15 (aspect 1.778)
camera: pos -79.5 15.3 39.1 | proj _11=1.5419 _22=2.7410 _33=1.00001 _43=-0.15 (aspect 1.778)
camera: pos -78.9 15.3 39.0 | proj _11=1.5266 _22=2.7139 _33=1.00001 _43=-0.15 (aspect 1.778)
camera: pos -78.2 15.3 38.9 | proj _11=1.5115 _22=2.6871 _33=1.00001 _43=-0.15 (aspect 1.778)
camera: pos -77.5 15.2 38.8 | proj _11=1.4962 _22=2.6599 _33=1.00001 _43=-0.15 (aspect 1.778)
camera: pos -76.9 15.2 38.7 | proj _11=1.4815 _22=2.6338 _33=1.00001 _43=-0.15 (aspect 1.778)
camera: pos -76.3 15.2 38.7 | proj _11=1.4674 _22=2.6087 _33=1.00001 _43=-0.15 (aspect 1.778)
camera: pos -75.6 15.2 38.7 | proj _11=1.4533 _22=2.5836 _33=1.00001 _43=-0.15 (aspect 1.778)
camera: pos -75.0 15.2 38.7 | proj _11=1.4393 _22=2.5587 _33=1.00001 _43=-0.15 (aspect 1.778)
camera: pos -74.4 15.2 38.7 | proj _11=1.4254 _22=2.5339 _33=1.00001 _43=-0.15 (aspect 1.778)
camera: pos -73.9 15.2 38.9 | proj _11=1.4122 _22=2.5106 _33=1.00001 _43=-0.15 (aspect 1.778)
camera: pos -73.4 15.2 39.2 | proj _11=1.3994 _22=2.4877 _33=1.00001 _43=-0.15 (aspect 1.778)
camera: pos -72.9 15.2 39.5 | proj _11=1.3864 _22=2.4647 _33=1.00001 _43=-0.15 (aspect 1.778)
camera: pos -72.4 15.2 39.9 | proj _11=1.3739 _22=2.4425 _33=1.00001 _43=-0.15 (aspect 1.778)
camera: pos -72.0 15.2 40.3 | proj _11=1.3610 _22=2.4196 _33=1.00001 _43=-0.15 (aspect 1.778)
camera: pos -71.5 15.2 40.8 | proj _11=1.3481 _22=2.3966 _33=1.00001 _43=-0.15 (aspect 1.778)
camera: pos -71.0 15.2 41.2 | proj _11=1.3355 _22=2.3741 _33=1.00001 _43=-0.15 (aspect 1.778)
camera: pos -70.6 15.3 41.6 | proj _11=1.3229 _22=2.3517 _33=1.00001 _43=-0.15 (aspect 1.778)
camera: pos -70.1 15.3 42.1 | proj _11=1.3107 _22=2.3301 _33=1.00001 _43=-0.15 (aspect 1.778)
camera: pos -69.7 15.4 42.6 | proj _11=1.2992 _22=2.3097 _33=1.00001 _43=-0.15 (aspect 1.778)
camera: pos -42.7 15.4 53.3 | proj _11=1.3159 _22=2.3394 _33=1.00001 _43=-0.15 (aspect 1.778)
camera: pos -42.6 15.5 53.4 | proj _11=1.3346 _22=2.3725 _33=1.00001 _43=-0.15 (aspect 1.778)
camera: pos -42.6 15.5 53.6 | proj _11=1.3522 _22=2.4038 _33=1.00001 _43=-0.15 (aspect 1.778)
camera: pos -42.6 15.5 53.7 | proj _11=1.3739 _22=2.4425 _33=1.00001 _43=-0.15 (aspect 1.778)
camera: pos -42.5 15.5 53.8 | proj _11=1.3941 _22=2.4784 _33=1.00001 _43=-0.15 (aspect 1.778)
camera: pos -42.5 15.6 53.8 | proj _11=1.4151 _22=2.5157 _33=1.00001 _43=-0.15 (aspect 1.778)
camera: pos -42.4 15.6 53.9 | proj _11=1.4349 _22=2.5508 _33=1.00001 _43=-0.15 (aspect 1.778)
camera: pos -42.3 15.6 53.9 | proj _11=1.4551 _22=2.5867 _33=1.00001 _43=-0.15 (aspect 1.778)
camera: pos -42.3 15.7 53.9 | proj _11=1.4748 _22=2.6218 _33=1.00001 _43=-0.15 (aspect 1.778)
camera: pos -42.2 15.7 53.9 | proj _11=1.4940 _22=2.6560 _33=1.00001 _43=-0.15 (aspect 1.778)
camera: pos -42.1 15.7 53.9 | proj _11=1.5142 _22=2.6919 _33=1.00001 _43=-0.15 (aspect 1.778)
camera: pos -42.0 15.7 53.9 | proj _11=1.5342 _22=2.7274 _33=1.00001 _43=-0.15 (aspect 1.778)
camera: pos -41.9 15.7 53.9 | proj _11=1.5561 _22=2.7663 _33=1.00001 _43=-0.15 (aspect 1.778)
camera: pos -41.9 15.8 53.9 | proj _11=1.5785 _22=2.8061 _33=1.00001 _43=-0.15 (aspect 1.778)
camera: pos -41.8 15.8 53.9 | proj _11=1.6024 _22=2.8487 _33=1.00001 _43=-0.15 (aspect 1.778)
camera: pos -21.1 15.3 52.3 | proj _11=1.5887 _22=2.8242 _33=1.00001 _43=-0.15 (aspect 1.778)
camera: pos -21.4 15.3 52.7 | proj _11=1.5760 _22=2.8017 _33=1.00001 _43=-0.15 (aspect 1.778)
camera: pos -21.7 15.2 53.0 | proj _11=1.5639 _22=2.7802 _33=1.00001 _43=-0.15 (aspect 1.778)
camera: pos -22.0 15.2 53.3 | proj _11=1.5517 _22=2.7586 _33=1.00001 _43=-0.15 (aspect 1.778)
camera: pos -22.2 15.1 54.0 | proj _11=1.5397 _22=2.7371 _33=1.00001 _43=-0.15 (aspect 1.778)
camera: pos -22.3 15.0 55.3 | proj _11=1.5277 _22=2.7158 _33=1.00001 _43=-0.15 (aspect 1.778)
camera: pos -22.7 15.0 56.3 | proj _11=1.5148 _22=2.6929 _33=1.00001 _43=-0.15 (aspect 1.778)
camera: pos -23.2 15.1 57.0 | proj _11=1.5022 _22=2.6706 _33=1.00001 _43=-0.15 (aspect 1.778)
camera: pos -23.7 15.3 57.2 | proj _11=1.4903 _22=2.6493 _33=1.00001 _43=-0.15 (aspect 1.778)
camera: pos -24.2 15.3 57.1 | proj _11=1.4779 _22=2.6272 _33=1.00001 _43=-0.15 (aspect 1.778)
camera: pos -24.7 15.3 57.0 | proj _11=1.4663 _22=2.6066 _33=1.00001 _43=-0.15 (aspect 1.778)
camera: pos -25.0 15.3 56.8 | proj _11=1.4548 _22=2.5863 _33=1.00001 _43=-0.15 (aspect 1.778)
camera: pos -25.4 15.3 56.4 | proj _11=1.4431 _22=2.5654 _33=1.00001 _43=-0.15 (aspect 1.778)
camera: pos -25.8 15.3 56.2 | proj _11=1.4313 _22=2.5444 _33=1.00001 _43=-0.15 (aspect 1.778)
camera: pos -26.2 15.3 56.0 | proj _11=1.4204 _22=2.5251 _33=1.00001 _43=-0.15 (aspect 1.778)
camera: pos -26.6 15.3 55.9 | proj _11=1.4098 _22=2.5063 _33=1.00001 _43=-0.15 (aspect 1.778)
camera: pos -27.1 15.3 55.8 | proj _11=1.3989 _22=2.4869 _33=1.00001 _43=-0.15 (aspect 1.778)
camera: pos -27.6 15.4 55.6 | proj _11=1.3886 _22=2.4686 _33=1.00001 _43=-0.15 (aspect 1.778)
camera: pos -28.1 15.5 55.5 | proj _11=1.3783 _22=2.4502 _33=1.00001 _43=-0.15 (aspect 1.778)
camera: pos -28.6 15.6 55.5 | proj _11=1.3678 _22=2.4317 _33=1.00001 _43=-0.15 (aspect 1.778)
camera: pos -29.1 15.6 55.4 | proj _11=1.3571 _22=2.4126 _33=1.00001 _43=-0.15 (aspect 1.778)
camera: pos -29.6 15.6 55.4 | proj _11=1.3469 _22=2.3944 _33=1.00001 _43=-0.15 (aspect 1.778)
camera: pos -30.3 15.7 55.3 | proj _11=1.3320 _22=2.3680 _33=1.00001 _43=-0.15 (aspect 1.778)
camera: pos -30.8 15.7 55.2 | proj _11=1.3217 _22=2.3496 _33=1.00001 _43=-0.15 (aspect 1.778)
camera: pos -31.5 15.7 55.1 | proj _11=1.3072 _22=2.3238 _33=1.00001 _43=-0.15 (aspect 1.778)
frame 14400 | draws 2125/frame | FFP converted 671/frame (31.6%)
    not converted: screen-space 22  skinned 0  ortho 0  vertex-format 5  untextured 964  instanced 0  mirrored 0  other-camera 209  no camera 0  other 0 (per frame)
    prepasses hidden: sampler-less 964/frame, stipple-with-no-colour 161/frame (these used to convert WHITE) | post/composite quads marked 22/frame
    constant-colour materials (no diffuse map, albedo from the shader's own constant) 88/frame | HUD quads demoted to UI 0/frame | back-buffer clears 1/frame | sky draws 52/frame | UI-pass draws converted 0/frame
    instancing: 698 converted from the instance stream/frame, 0 refused/frame (largest single draw 1 instances, 0.6 buffer writes snooped/frame)
    SKINNING: 62 skinned/frame, 55 refused/frame, 5 exact duplicates dropped/frame | 90 meshes decoded, 90 cached, 0 cache flushes
    ALBEDO stage 0 taken raw (no shader reflection) 0/frame
    ALBEDO: constant-only 88/frame, tinted fallback 0/frame, genuinely blank 0/frame (of 88 rank-0 draws/frame)
    ALBEDO WHITE (previously uncounted): named-but-not-bound 0/frame, render-target exclusion left nothing 0/frame | colourless passes now hidden 38/frame | screen-space passes hidden 0/frame | particle billboards hidden 4/frame
    SKIPPED entirely 0/frame (mode 3) | demoted to UI overlay 0/frame | no-albedo materials left to Remix 88/frame
    MARKED with the marker texture 1403/frame (refused as unsafe 0/frame, 3070 SetTexture calls/frame, marker created)
    albedo: moved off stage 0 143/frame, blanked 88/frame, restored from mesh cache 176/frame (3844 meshes cached, 1 flushes) | RT textures known 55 | lights 5.5/frame (24 shaders)
    camera -33.0 15.7 55.0 | distinct cameras this frame 1 (max 1) | transform writes 422/frame | redundant state calls dropped 14053/frame
    world matrix changes 421/frame | objTM used without a fresh upload 0/frame | uv matrix writes 20/frame (last scale 0.00098, 0.00098)
    TIMING: frame 22.6 ms avg (44 fps), worst 103 ms | shim 8.52 ms avg (37.7% of frame), worst 33.1 ms
    TIMING tail: 439 frames >=33 ms, 1 >=100 ms in this window of 600 | inside real Present 7.12 ms avg, worst 51.7 ms | our other hooks 0.00 ms avg
    converted -> target 14E5CA90 1280x720 fmt=34 : 30 draws/frame
    converted -> target 14E64370 1280x720 fmt=113 : 578 draws/frame
    converted -> target 14E5D060 1280x720 fmt=113 : 2 draws/frame
    converted -> target 14E5CC80 1280x720 fmt=21 : 0 draws/frame
camera: pos -42.7 16.3 53.1 | proj _11=1.3190 _22=2.3449 _33=1.00001 _43=-0.15 (aspect 1.778)
camera: pos -42.8 16.0 53.3 | proj _11=1.3403 _22=2.3826 _33=1.00001 _43=-0.15 (aspect 1.778)
camera: pos -42.8 15.8 53.5 | proj _11=1.3568 _22=2.4120 _33=1.00001 _43=-0.15 (aspect 1.778)
camera: pos -42.9 15.6 53.8 | proj _11=1.3799 _22=2.4531 _33=1.00001 _43=-0.15 (aspect 1.778)
camera: pos -42.9 15.3 54.1 | proj _11=1.4065 _22=2.5004 _33=1.00001 _43=-0.15 (aspect 1.778)
camera: pos -43.0 15.0 54.4 | proj _11=1.4382 _22=2.5567 _33=1.00001 _43=-0.15 (aspect 1.778)
camera: pos -43.1 14.6 54.8 | proj _11=1.4725 _22=2.6177 _33=1.00001 _43=-0.15 (aspect 1.778)
camera: pos -43.1 14.3 55.1 | proj _11=1.5049 _22=2.6754 _33=1.00001 _43=-0.15 (aspect 1.778)
camera: pos -43.2 14.1 55.4 | proj _11=1.5332 _22=2.7256 _33=1.00001 _43=-0.15 (aspect 1.778)
camera: pos -43.1 13.9 55.4 | proj _11=1.5609 _22=2.7749 _33=1.00001 _43=-0.15 (aspect 1.778)
camera: pos -43.1 13.7 55.3 | proj _11=1.5838 _22=2.8156 _33=1.00001 _43=-0.15 (aspect 1.778)
camera: pos -43.0 13.6 55.1 | proj _11=1.6028 _22=2.8494 _33=1.00001 _43=-0.15 (aspect 1.778)
camera: pos -43.0 13.6 54.9 | proj _11=1.6158 _22=2.8724 _33=1.00001 _43=-0.15 (aspect 1.778)
camera: pos -43.1 14.0 57.2 | proj _11=1.6300 _22=2.8977 _33=1.00001 _43=-0.15 (aspect 1.778)
camera: pos -43.3 14.0 58.0 | proj _11=1.6453 _22=2.9250 _33=1.00001 _43=-0.15 (aspect 1.778)
camera: pos -43.5 14.1 58.2 | proj _11=1.6642 _22=2.9585 _33=1.00001 _43=-0.15 (aspect 1.778)
camera: pos -43.5 14.1 58.3 | proj _11=1.6798 _22=2.9863 _33=1.00001 _43=-0.15 (aspect 1.778)
camera: pos -43.6 14.1 58.3 | proj _11=1.6933 _22=3.0103 _33=1.00001 _43=-0.15 (aspect 1.778)
camera: pos -43.6 14.1 58.3 | proj _11=1.7084 _22=3.0371 _33=1.00001 _43=-0.15 (aspect 1.778)
camera: pos -43.5 14.1 58.2 | proj _11=1.7240 _22=3.0648 _33=1.00001 _43=-0.15 (aspect 1.778)
camera: pos -43.5 14.0 58.2 | proj _11=1.7357 _22=3.0856 _33=1.00001 _43=-0.15 (aspect 1.778)
camera: pos -43.4 14.0 58.1 | proj _11=1.7485 _22=3.1084 _33=1.00001 _43=-0.15 (aspect 1.778)
camera: pos -43.4 14.0 58.0 | proj _11=1.7606 _22=3.1299 _33=1.00001 _43=-0.15 (aspect 1.778)
camera: pos -43.4 14.0 57.9 | proj _11=1.7726 _22=3.1513 _33=1.00001 _43=-0.15 (aspect 1.778)
camera: pos -43.3 14.0 57.9 | proj _11=1.7843 _22=3.1720 _33=1.00001 _43=-0.15 (aspect 1.778)
camera: pos -43.3 14.0 57.9 | proj _11=1.7964 _22=3.1936 _33=1.00001 _43=-0.15 (aspect 1.778)
camera: pos -43.4 14.2 57.5 | proj _11=1.7804 _22=3.1651 _33=1.00001 _43=-0.15 (aspect 1.778)
camera: pos -43.4 14.4 57.2 | proj _11=1.7690 _22=3.1448 _33=1.00001 _43=-0.15 (aspect 1.778)
camera: pos -43.4 14.5 56.8 | proj _11=1.7532 _22=3.1168 _33=1.00001 _43=-0.15 (aspect 1.778)
camera: pos -43.5 14.7 56.4 | proj _11=1.7349 _22=3.0841 _33=1.00001 _43=-0.15 (aspect 1.778)
camera: pos -43.4 15.0 55.9 | proj _11=1.7152 _22=3.0492 _33=1.00001 _43=-0.15 (aspect 1.778)
camera: pos -43.3 15.2 55.2 | proj _11=1.6929 _22=3.0096 _33=1.00001 _43=-0.15 (aspect 1.778)
camera: pos -43.0 15.5 54.6 | proj _11=1.6721 _22=2.9726 _33=1.00001 _43=-0.15 (aspect 1.778)
camera: pos -42.6 15.7 54.1 | proj _11=1.6533 _22=2.9391 _33=1.00001 _43=-0.15 (aspect 1.778)
camera: pos -42.0 15.8 53.7 | proj _11=1.6381 _22=2.9121 _33=1.00001 _43=-0.15 (aspect 1.778)
camera: pos -41.2 16.0 53.4 | proj _11=1.6258 _22=2.8903 _33=1.00001 _43=-0.15 (aspect 1.778)
camera: pos -39.6 16.1 53.3 | proj _11=1.6098 _22=2.8618 _33=1.00001 _43=-0.15 (aspect 1.778)
camera: pos -39.5 16.4 53.5 | proj _11=1.5961 _22=2.8375 _33=1.00001 _43=-0.15 (aspect 1.778)
camera: pos -40.0 16.7 53.5 | proj _11=1.5832 _22=2.8146 _33=1.00001 _43=-0.15 (aspect 1.778)
camera: pos -40.4 17.1 53.6 | proj _11=1.5711 _22=2.7930 _33=1.00001 _43=-0.15 (aspect 1.778)
camera: pos -40.7 17.3 53.7 | proj _11=1.5610 _22=2.7751 _33=1.00001 _43=-0.15 (aspect 1.778)
camera: pos -41.1 17.8 53.9 | proj _11=1.5495 _22=2.7545 _33=1.00001 _43=-0.15 (aspect 1.778)
camera: pos -41.6 18.2 54.1 | proj _11=1.5374 _22=2.7332 _33=1.00001 _43=-0.15 (aspect 1.778)
camera: pos -42.1 18.7 54.5 | proj _11=1.5253 _22=2.7116 _33=1.00001 _43=-0.15 (aspect 1.778)
camera: pos -42.5 19.2 54.9 | proj _11=1.5136 _22=2.6908 _33=1.00001 _43=-0.15 (aspect 1.778)
camera: pos -42.8 19.6 55.3 | proj _11=1.5017 _22=2.6697 _33=1.00001 _43=-0.15 (aspect 1.778)
camera: pos -43.1 20.0 55.8 | proj _11=1.4904 _22=2.6496 _33=1.00001 _43=-0.15 (aspect 1.778)
camera: pos -43.4 20.0 55.9 | proj _11=1.4793 _22=2.6298 _33=1.00001 _43=-0.15 (aspect 1.778)
camera: pos -43.7 20.0 55.9 | proj _11=1.4680 _22=2.6098 _33=1.00001 _43=-0.15 (aspect 1.778)
camera: pos -44.1 20.0 55.9 | proj _11=1.4572 _22=2.5905 _33=1.00001 _43=-0.15 (aspect 1.778)
camera: pos -44.5 20.0 55.9 | proj _11=1.4466 _22=2.5716 _33=1.00001 _43=-0.15 (aspect 1.778)
camera: pos -44.5 19.8 55.8 | proj _11=1.4359 _22=2.5527 _33=1.00001 _43=-0.15 (aspect 1.778)
camera: pos -43.8 19.3 55.7 | proj _11=1.4250 _22=2.5334 _33=1.00001 _43=-0.15 (aspect 1.778)
camera: pos -42.7 18.7 56.3 | proj _11=1.4148 _22=2.5152 _33=1.00001 _43=-0.15 (aspect 1.778)
camera: pos -42.1 18.1 57.5 | proj _11=1.4044 _22=2.4966 _33=1.00001 _43=-0.15 (aspect 1.778)
camera: pos -41.9 17.5 59.8 | proj _11=1.3939 _22=2.4780 _33=1.00001 _43=-0.15 (aspect 1.778)
camera: pos -42.8 17.1 62.0 | proj _11=1.3831 _22=2.4588 _33=1.00001 _43=-0.15 (aspect 1.778)
camera: pos -44.1 17.0 62.1 | proj _11=1.3728 _22=2.4404 _33=1.00001 _43=-0.15 (aspect 1.778)
camera: pos -45.4 17.0 62.0 | proj _11=1.3619 _22=2.4210 _33=1.00001 _43=-0.15 (aspect 1.778)
camera: pos -46.1 16.6 61.8 | proj _11=1.3515 _22=2.4027 _33=1.00001 _43=-0.15 (aspect 1.778)
camera: pos -46.8 16.0 61.6 | proj _11=1.3413 _22=2.3845 _33=1.00001 _43=-0.15 (aspect 1.778)
camera: pos -50.1 14.8 60.0 | proj _11=1.3304 _22=2.3651 _33=1.00001 _43=-0.15 (aspect 1.778)
camera: pos -51.8 14.7 59.9 | proj _11=1.3196 _22=2.3458 _33=1.00001 _43=-0.15 (aspect 1.778)
camera: pos -54.5 14.7 59.6 | proj _11=1.3090 _22=2.3270 _33=1.00001 _43=-0.15 (aspect 1.778)
camera: pos -58.1 16.0 60.4 | proj _11=1.2966 _22=2.3051 _33=1.00001 _43=-0.15 (aspect 1.778)
camera: pos -67.1 15.4 59.1 | proj _11=1.2847 _22=2.2838 _33=1.00001 _43=-0.15 (aspect 1.778)
camera: pos -69.2 15.0 58.9 | proj _11=1.2732 _22=2.2635 _33=1.00001 _43=-0.15 (aspect 1.778)
camera: pos -71.9 14.7 58.5 | proj _11=1.2629 _22=2.2452 _33=1.00001 _43=-0.15 (aspect 1.778)
camera: pos -79.9 14.6 57.8 | proj _11=1.2733 _22=2.2636 _33=1.00001 _43=-0.15 (aspect 1.778)
camera: pos -83.1 14.7 57.6 | proj _11=1.2834 _22=2.2816 _33=1.00001 _43=-0.15 (aspect 1.778)
camera: pos -91.1 15.2 54.6 | proj _11=1.2947 _22=2.3016 _33=1.00001 _43=-0.15 (aspect 1.778)
camera: pos -99.9 16.2 49.3 | proj _11=1.3079 _22=2.3251 _33=1.00001 _43=-0.15 (aspect 1.778)
camera: pos -101.4 16.1 48.6 | proj _11=1.3197 _22=2.3460 _33=1.00001 _43=-0.15 (aspect 1.778)
camera: pos -104.8 16.3 47.7 | proj _11=1.3303 _22=2.3650 _33=1.00001 _43=-0.15 (aspect 1.778)
frame 15000 | draws 2176/frame | FFP converted 689/frame (31.7%)
    not converted: screen-space 23  skinned 0  ortho 0  vertex-format 6  untextured 981  instanced 0  mirrored 0  other-camera 214  no camera 0  other 0 (per frame)
    prepasses hidden: sampler-less 981/frame, stipple-with-no-colour 168/frame (these used to convert WHITE) | post/composite quads marked 23/frame
    constant-colour materials (no diffuse map, albedo from the shader's own constant) 87/frame | HUD quads demoted to UI 0/frame | back-buffer clears 1/frame | sky draws 52/frame | UI-pass draws converted 0/frame
    instancing: 712 converted from the instance stream/frame, 0 refused/frame (largest single draw 1 instances, 0.6 buffer writes snooped/frame)
    SKINNING: 64 skinned/frame, 60 refused/frame, 6 exact duplicates dropped/frame | 96 meshes decoded, 96 cached, 0 cache flushes
    ALBEDO stage 0 taken raw (no shader reflection) 0/frame
    ALBEDO: constant-only 87/frame, tinted fallback 0/frame, genuinely blank 0/frame (of 87 rank-0 draws/frame)
    ALBEDO WHITE (previously uncounted): named-but-not-bound 0/frame, render-target exclusion left nothing 0/frame | colourless passes now hidden 39/frame | screen-space passes hidden 0/frame | particle billboards hidden 4/frame
    SKIPPED entirely 0/frame (mode 3) | demoted to UI overlay 0/frame | no-albedo materials left to Remix 87/frame
    MARKED with the marker texture 1434/frame (refused as unsafe 0/frame, 3143 SetTexture calls/frame, marker created)
    albedo: moved off stage 0 148/frame, blanked 87/frame, restored from mesh cache 183/frame (4072 meshes cached, 1 flushes) | RT textures known 55 | lights 5.8/frame (24 shaders)
    camera -106.5 16.5 47.5 | distinct cameras this frame 1 (max 1) | transform writes 431/frame | redundant state calls dropped 14431/frame
    world matrix changes 430/frame | objTM used without a fresh upload 0/frame | uv matrix writes 22/frame (last scale 0.00098, 0.00098)
    TIMING: frame 22.7 ms avg (44 fps), worst 97 ms | shim 8.77 ms avg (38.7% of frame), worst 27.2 ms
    TIMING tail: 17 frames >=33 ms, 0 >=100 ms in this window of 600 | inside real Present 6.87 ms avg, worst 5.4 ms | our other hooks 0.00 ms avg
    converted -> target 14E5CA90 1280x720 fmt=34 : 31 draws/frame
    converted -> target 14E64370 1280x720 fmt=113 : 590 draws/frame
    converted -> target 14E5D060 1280x720 fmt=113 : 2 draws/frame
    converted -> target 14E5CC80 1280x720 fmt=21 : 0 draws/frame
camera: pos -108.9 16.7 47.5 | proj _11=1.3413 _22=2.3845 _33=1.00001 _43=-0.15 (aspect 1.778)
camera: pos -109.8 16.7 47.4 | proj _11=1.3531 _22=2.4054 _33=1.00001 _43=-0.15 (aspect 1.778)
camera: pos -110.6 16.7 47.3 | proj _11=1.3652 _22=2.4269 _33=1.00001 _43=-0.15 (aspect 1.778)
camera: pos -111.4 16.7 47.1 | proj _11=1.3770 _22=2.4479 _33=1.00001 _43=-0.15 (aspect 1.778)
camera: pos -112.5 16.7 47.0 | proj _11=1.3879 _22=2.4673 _33=1.00001 _43=-0.15 (aspect 1.778)
camera: pos -113.8 16.8 47.0 | proj _11=1.3983 _22=2.4858 _33=1.00001 _43=-0.15 (aspect 1.778)
camera: pos -114.7 16.8 46.9 | proj _11=1.4092 _22=2.5053 _33=1.00001 _43=-0.15 (aspect 1.778)
camera: pos -115.8 16.9 46.9 | proj _11=1.4199 _22=2.5243 _33=1.00001 _43=-0.15 (aspect 1.778)
camera: pos -119.8 17.0 46.9 | proj _11=1.4079 _22=2.5029 _33=1.00001 _43=-0.15 (aspect 1.778)
camera: pos -121.0 17.0 47.0 | proj _11=1.3959 _22=2.4815 _33=1.00001 _43=-0.15 (aspect 1.778)
camera: pos -122.3 17.0 46.9 | proj _11=1.3835 _22=2.4594 _33=1.00001 _43=-0.15 (aspect 1.778)
camera: pos -123.0 17.0 46.7 | proj _11=1.3731 _22=2.4409 _33=1.00001 _43=-0.15 (aspect 1.778)
camera: pos -123.8 16.9 46.4 | proj _11=1.3619 _22=2.4212 _33=1.00001 _43=-0.15 (aspect 1.778)
camera: pos -125.1 16.9 45.9 | proj _11=1.3504 _22=2.4007 _33=1.00001 _43=-0.15 (aspect 1.778)
camera: pos -127.3 16.9 45.3 | proj _11=1.3359 _22=2.3749 _33=1.00001 _43=-0.15 (aspect 1.778)
camera: pos -128.9 16.8 45.0 | proj _11=1.3215 _22=2.3493 _33=1.00001 _43=-0.15 (aspect 1.778)
camera: pos -130.9 16.7 45.0 | proj _11=1.3084 _22=2.3259 _33=1.00001 _43=-0.15 (aspect 1.778)
camera: pos -132.9 16.1 44.6 | proj _11=1.2962 _22=2.3044 _33=1.00001 _43=-0.15 (aspect 1.778)
camera: pos -134.8 15.9 44.0 | proj _11=1.3067 _22=2.3229 _33=1.00001 _43=-0.15 (aspect 1.778)
camera: pos -135.7 15.9 43.7 | proj _11=1.4128 _22=2.5115 _33=1.00001 _43=-0.15 (aspect 1.778)
camera: pos -135.9 15.8 43.3 | proj _11=1.4267 _22=2.5363 _33=1.00001 _43=-0.15 (aspect 1.778)
camera: pos -135.8 15.8 42.7 | proj _11=1.4396 _22=2.5593 _33=1.00001 _43=-0.15 (aspect 1.778)
camera: pos -135.8 15.6 41.9 | proj _11=1.4571 _22=2.5903 _33=1.00001 _43=-0.15 (aspect 1.778)
camera: pos -136.1 15.5 41.5 | proj _11=1.4722 _22=2.6171 _33=1.00001 _43=-0.15 (aspect 1.778)
camera: pos -136.2 15.4 40.9 | proj _11=1.4610 _22=2.5973 _33=1.00001 _43=-0.15 (aspect 1.778)
camera: pos -135.3 15.4 40.1 | proj _11=1.4499 _22=2.5776 _33=1.00001 _43=-0.15 (aspect 1.778)
camera: pos -134.3 15.5 39.6 | proj _11=1.4394 _22=2.5589 _33=1.00001 _43=-0.15 (aspect 1.778)
camera: pos -132.9 15.6 39.6 | proj _11=1.4257 _22=2.5346 _33=1.00001 _43=-0.15 (aspect 1.778)
mesh albedo cache flushed at 4096 entries (flush #2) - it had stopped protecting anything newly streamed
camera: pos -131.8 15.6 40.0 | proj _11=1.4128 _22=2.5116 _33=1.00001 _43=-0.15 (aspect 1.778)
camera: pos -131.1 15.7 40.9 | proj _11=1.4008 _22=2.4903 _33=1.00001 _43=-0.15 (aspect 1.778)
camera: pos -130.7 15.7 42.0 | proj _11=1.3883 _22=2.4681 _33=1.00001 _43=-0.15 (aspect 1.778)
camera: pos -130.8 15.8 43.3 | proj _11=1.3759 _22=2.4461 _33=1.00001 _43=-0.15 (aspect 1.778)
camera: pos -131.1 16.0 45.8 | proj _11=1.3633 _22=2.4236 _33=1.00001 _43=-0.15 (aspect 1.778)
camera: pos -132.1 16.1 46.5 | proj _11=1.3506 _22=2.4011 _33=1.00001 _43=-0.15 (aspect 1.778)
camera: pos -133.1 16.1 46.6 | proj _11=1.3401 _22=2.3823 _33=1.00001 _43=-0.15 (aspect 1.778)
camera: pos -134.2 16.1 46.6 | proj _11=1.3292 _22=2.3629 _33=1.00001 _43=-0.15 (aspect 1.778)
camera: pos -135.3 15.8 46.7 | proj _11=1.3188 _22=2.3444 _33=1.00001 _43=-0.15 (aspect 1.778)
camera: pos -139.6 15.6 46.5 | proj _11=1.3081 _22=2.3254 _33=1.00001 _43=-0.15 (aspect 1.778)
camera: pos -142.0 15.7 43.9 | proj _11=1.2971 _22=2.3058 _33=1.00001 _43=-0.15 (aspect 1.778)
camera: pos -164.9 16.3 46.6 | proj _11=1.3096 _22=2.3282 _33=1.00001 _43=-0.15 (aspect 1.778)
camera: pos -165.2 16.4 44.7 | proj _11=1.2985 _22=2.3083 _33=1.00001 _43=-0.15 (aspect 1.778)
camera: pos -164.2 16.4 43.4 | proj _11=1.2884 _22=2.2904 _33=1.00001 _43=-0.15 (aspect 1.778)
camera: pos -162.5 16.2 43.5 | proj _11=1.2776 _22=2.2713 _33=1.00001 _43=-0.15 (aspect 1.778)
camera: pos -163.1 16.2 44.5 | proj _11=1.2657 _22=2.2500 _33=1.00001 _43=-0.15 (aspect 1.778)
camera: pos -165.7 16.2 44.9 | proj _11=1.2542 _22=2.2296 _33=1.00001 _43=-0.15 (aspect 1.778)
camera: pos -181.8 16.2 50.6 | proj _11=1.2685 _22=2.2550 _33=1.00001 _43=-0.15 (aspect 1.778)
camera: pos -183.3 16.2 52.0 | proj _11=1.2787 _22=2.2732 _33=1.00001 _43=-0.15 (aspect 1.778)
camera: pos -184.5 16.0 53.0 | proj _11=1.2939 _22=2.3003 _33=1.00001 _43=-0.15 (aspect 1.778)
camera: pos -186.1 15.7 53.8 | proj _11=1.3068 _22=2.3232 _33=1.00001 _43=-0.15 (aspect 1.778)
camera: pos -188.0 15.7 54.1 | proj _11=1.3193 _22=2.3454 _33=1.00001 _43=-0.15 (aspect 1.778)
camera: pos -192.6 15.7 54.7 | proj _11=1.3081 _22=2.3254 _33=1.00001 _43=-0.15 (aspect 1.778)
camera: pos -194.7 15.7 54.9 | proj _11=1.2957 _22=2.3035 _33=1.00001 _43=-0.15 (aspect 1.778)
camera: pos -196.9 15.7 55.2 | proj _11=1.2837 _22=2.2821 _33=1.00001 _43=-0.15 (aspect 1.778)
camera: pos -199.3 15.7 55.5 | proj _11=1.2713 _22=2.2601 _33=1.00001 _43=-0.15 (aspect 1.778)
camera: pos -201.7 15.7 55.8 | proj _11=1.2595 _22=2.2391 _33=1.00001 _43=-0.15 (aspect 1.778)
camera: pos -204.4 15.8 55.3 | proj _11=1.2479 _22=2.2185 _33=1.00001 _43=-0.15 (aspect 1.778)
camera: pos -201.6 16.0 48.8 | proj _11=1.2606 _22=2.2410 _33=1.00001 _43=-0.15 (aspect 1.778)
camera: pos -199.8 16.1 50.1 | proj _11=1.2716 _22=2.2607 _33=1.00001 _43=-0.15 (aspect 1.778)
camera: pos -200.7 16.1 51.0 | proj _11=1.2835 _22=2.2817 _33=1.00001 _43=-0.15 (aspect 1.778)
camera: pos -202.1 16.2 51.8 | proj _11=1.2956 _22=2.3033 _33=1.00001 _43=-0.15 (aspect 1.778)
camera: pos -203.4 16.3 52.1 | proj _11=1.3063 _22=2.3222 _33=1.00001 _43=-0.15 (aspect 1.778)
camera: pos -204.4 16.3 52.2 | proj _11=1.3191 _22=2.3450 _33=1.00001 _43=-0.15 (aspect 1.778)
camera: pos -205.7 16.3 52.7 | proj _11=1.3310 _22=2.3663 _33=1.00001 _43=-0.15 (aspect 1.778)
camera: pos -207.4 16.3 52.8 | proj _11=1.3424 _22=2.3864 _33=1.00001 _43=-0.15 (aspect 1.778)
camera: pos -209.4 16.3 53.0 | proj _11=1.3314 _22=2.3669 _33=1.00001 _43=-0.15 (aspect 1.778)
camera: pos -211.0 16.3 53.1 | proj _11=1.3208 _22=2.3480 _33=1.00001 _43=-0.15 (aspect 1.778)
camera: pos -212.6 16.2 53.3 | proj _11=1.3107 _22=2.3301 _33=1.00001 _43=-0.15 (aspect 1.778)
camera: pos -216.7 16.2 54.0 | proj _11=1.3207 _22=2.3479 _33=1.00001 _43=-0.15 (aspect 1.778)
camera: pos -217.5 16.2 54.2 | proj _11=1.3318 _22=2.3676 _33=1.00001 _43=-0.15 (aspect 1.778)
camera: pos -218.2 16.2 54.5 | proj _11=1.3436 _22=2.3886 _33=1.00001 _43=-0.15 (aspect 1.778)
camera: pos -218.8 15.9 54.9 | proj _11=1.3567 _22=2.4118 _33=1.00001 _43=-0.15 (aspect 1.778)
camera: pos -219.5 15.6 55.3 | proj _11=1.3673 _22=2.4307 _33=1.00001 _43=-0.15 (aspect 1.778)
camera: pos -220.4 15.3 56.0 | proj _11=1.3782 _22=2.4501 _33=1.00001 _43=-0.15 (aspect 1.778)
camera: pos -221.8 14.9 56.9 | proj _11=1.3895 _22=2.4701 _33=1.00001 _43=-0.15 (aspect 1.778)
camera: pos -222.4 14.9 57.3 | proj _11=1.4018 _22=2.4920 _33=1.00001 _43=-0.15 (aspect 1.778)
camera: pos -222.9 14.8 57.6 | proj _11=1.4155 _22=2.5164 _33=1.00001 _43=-0.15 (aspect 1.778)
camera: pos -223.3 14.8 57.9 | proj _11=1.4286 _22=2.5397 _33=1.00001 _43=-0.15 (aspect 1.778)
camera: pos -223.8 14.8 58.2 | proj _11=1.4420 _22=2.5634 _33=1.00001 _43=-0.15 (aspect 1.778)
camera: pos -224.1 14.8 58.4 | proj _11=1.4535 _22=2.5839 _33=1.00001 _43=-0.15 (aspect 1.778)
camera: pos -224.5 14.8 58.6 | proj _11=1.4639 _22=2.6025 _33=1.00001 _43=-0.15 (aspect 1.778)
camera: pos -224.9 14.8 58.8 | proj _11=1.4764 _22=2.6247 _33=1.00001 _43=-0.15 (aspect 1.778)
camera: pos -225.2 14.8 59.0 | proj _11=1.4883 _22=2.6457 _33=1.00001 _43=-0.15 (aspect 1.778)
camera: pos -225.6 14.8 59.2 | proj _11=1.5000 _22=2.6666 _33=1.00001 _43=-0.15 (aspect 1.778)
camera: pos -225.9 14.8 59.3 | proj _11=1.5103 _22=2.6849 _33=1.00001 _43=-0.15 (aspect 1.778)
camera: pos -226.3 14.9 59.5 | proj _11=1.5215 _22=2.7049 _33=1.00001 _43=-0.15 (aspect 1.778)
camera: pos -227.1 14.9 59.7 | proj _11=1.5092 _22=2.6829 _33=1.00001 _43=-0.15 (aspect 1.778)
camera: pos -227.5 14.9 59.9 | proj _11=1.4977 _22=2.6626 _33=1.00001 _43=-0.15 (aspect 1.778)
camera: pos -227.8 14.9 60.2 | proj _11=1.4862 _22=2.6422 _33=1.00001 _43=-0.15 (aspect 1.778)
camera: pos -228.2 14.9 60.5 | proj _11=1.4747 _22=2.6216 _33=1.00001 _43=-0.15 (aspect 1.778)
camera: pos -228.5 14.9 60.9 | proj _11=1.4625 _22=2.5999 _33=1.00001 _43=-0.15 (aspect 1.778)
camera: pos -228.7 14.9 61.4 | proj _11=1.4513 _22=2.5800 _33=1.00001 _43=-0.15 (aspect 1.778)
camera: pos -229.1 15.0 61.9 | proj _11=1.4396 _22=2.5593 _33=1.00001 _43=-0.15 (aspect 1.778)
camera: pos -230.0 15.2 62.5 | proj _11=1.4271 _22=2.5370 _33=1.00001 _43=-0.15 (aspect 1.778)
camera: pos -230.1 15.3 63.3 | proj _11=1.4141 _22=2.5139 _33=1.00001 _43=-0.15 (aspect 1.778)
camera: pos -230.2 15.4 64.0 | proj _11=1.4025 _22=2.4932 _33=1.00001 _43=-0.15 (aspect 1.778)
camera: pos -230.2 15.4 64.7 | proj _11=1.3924 _22=2.4754 _33=1.00001 _43=-0.15 (aspect 1.778)
camera: pos -230.5 15.4 66.5 | proj _11=1.3806 _22=2.4543 _33=1.00001 _43=-0.15 (aspect 1.778)
camera: pos -230.6 15.5 67.6 | proj _11=1.3702 _22=2.4358 _33=1.00001 _43=-0.15 (aspect 1.778)
camera: pos -230.6 15.5 68.9 | proj _11=1.3557 _22=2.4101 _33=1.00001 _43=-0.15 (aspect 1.778)
camera: pos -230.6 15.3 70.2 | proj _11=1.3410 _22=2.3839 _33=1.00001 _43=-0.15 (aspect 1.778)
camera: pos -230.5 15.2 71.6 | proj _11=1.3274 _22=2.3598 _33=1.00001 _43=-0.15 (aspect 1.778)
camera: pos -230.4 15.1 73.1 | proj _11=1.3142 _22=2.3362 _33=1.00001 _43=-0.15 (aspect 1.778)
camera: pos -230.4 15.0 74.7 | proj _11=1.3014 _22=2.3136 _33=1.00001 _43=-0.15 (aspect 1.778)
camera: pos -235.8 16.2 97.5 | proj _11=1.3131 _22=2.3343 _33=1.00001 _43=-0.15 (aspect 1.778)
camera: pos -235.8 16.1 99.1 | proj _11=1.3232 _22=2.3523 _33=1.00001 _43=-0.15 (aspect 1.778)
camera: pos -235.7 16.1 100.6 | proj _11=1.3336 _22=2.3708 _33=1.00001 _43=-0.15 (aspect 1.778)
camera: pos -235.9 16.1 101.6 | proj _11=1.3439 _22=2.3891 _33=1.00001 _43=-0.15 (aspect 1.778)
camera: pos -236.3 16.1 101.7 | proj _11=1.3338 _22=2.3712 _33=1.00001 _43=-0.15 (aspect 1.778)
camera: pos -236.4 15.9 100.7 | proj _11=1.3234 _22=2.3526 _33=1.00001 _43=-0.15 (aspect 1.778)
camera: pos -235.1 15.7 99.6 | proj _11=1.3106 _22=2.3298 _33=1.00001 _43=-0.15 (aspect 1.778)
camera: pos -233.4 15.6 99.9 | proj _11=1.2988 _22=2.3089 _33=1.00001 _43=-0.15 (aspect 1.778)
camera: pos -232.5 15.7 101.4 | proj _11=1.2880 _22=2.2897 _33=1.00001 _43=-0.15 (aspect 1.778)
camera: pos -231.6 15.8 103.1 | proj _11=1.2764 _22=2.2691 _33=1.00001 _43=-0.15 (aspect 1.778)
camera: pos -229.8 15.8 104.8 | proj _11=1.2664 _22=2.2513 _33=1.00001 _43=-0.15 (aspect 1.778)
camera: pos -227.4 15.8 107.7 | proj _11=1.2532 _22=2.2278 _33=1.00001 _43=-0.15 (aspect 1.778)
camera: pos -227.1 15.8 110.1 | proj _11=1.2427 _22=2.2091 _33=1.00001 _43=-0.15 (aspect 1.778)
camera: pos -227.0 15.8 112.7 | proj _11=1.2326 _22=2.1912 _33=1.00001 _43=-0.15 (aspect 1.778)
camera: pos -227.8 15.2 118.0 | proj _11=1.3895 _22=2.4701 _33=1.00001 _43=-0.15 (aspect 1.778)
camera: pos -228.0 15.2 120.2 | proj _11=1.4017 _22=2.4918 _33=1.00001 _43=-0.15 (aspect 1.778)
camera: pos -229.4 15.0 126.4 | proj _11=1.3897 _22=2.4705 _33=1.00001 _43=-0.15 (aspect 1.778)
camera: pos -229.8 15.0 127.8 | proj _11=1.3797 _22=2.4528 _33=1.00001 _43=-0.15 (aspect 1.778)
camera: pos -230.2 15.0 129.5 | proj _11=1.3673 _22=2.4308 _33=1.00001 _43=-0.15 (aspect 1.778)
camera: pos -230.6 15.1 131.5 | proj _11=1.3573 _22=2.4129 _33=1.00001 _43=-0.15 (aspect 1.778)
camera: pos -230.8 15.4 133.7 | proj _11=1.3412 _22=2.3843 _33=1.00001 _43=-0.15 (aspect 1.778)
camera: pos -230.8 15.4 134.7 | proj _11=1.3296 _22=2.3638 _33=1.00001 _43=-0.15 (aspect 1.778)
camera: pos -230.7 15.5 136.0 | proj _11=1.3185 _22=2.3440 _33=1.00001 _43=-0.15 (aspect 1.778)
camera: pos -230.7 15.3 137.2 | proj _11=1.3083 _22=2.3258 _33=1.00001 _43=-0.15 (aspect 1.778)
camera: pos -230.6 15.2 139.2 | proj _11=1.2934 _22=2.2993 _33=1.00001 _43=-0.15 (aspect 1.778)
camera: pos -228.5 15.3 153.3 | proj _11=1.3062 _22=2.3221 _33=1.00001 _43=-0.15 (aspect 1.778)
camera: pos -228.4 15.3 154.0 | proj _11=1.3165 _22=2.3404 _33=1.00001 _43=-0.15 (aspect 1.778)
camera: pos -228.1 15.2 155.3 | proj _11=1.3360 _22=2.3750 _33=1.00001 _43=-0.15 (aspect 1.778)
camera: pos -227.8 15.1 157.1 | proj _11=1.3474 _22=2.3953 _33=1.00001 _43=-0.15 (aspect 1.778)
camera: pos -227.3 15.0 160.7 | proj _11=1.3623 _22=2.4218 _33=1.00001 _43=-0.15 (aspect 1.778)
camera: pos -227.2 14.9 163.5 | proj _11=1.3470 _22=2.3945 _33=1.00001 _43=-0.15 (aspect 1.778)
camera: pos -227.3 14.9 164.7 | proj _11=1.3346 _22=2.3725 _33=1.00001 _43=-0.15 (aspect 1.778)
camera: pos -227.4 14.9 166.1 | proj _11=1.3219 _22=2.3501 _33=1.00001 _43=-0.15 (aspect 1.778)
camera: pos -227.6 14.9 168.0 | proj _11=1.4676 _22=2.6089 _33=1.00001 _43=-0.15 (aspect 1.778)
camera: pos -227.6 14.9 168.2 | proj _11=1.4854 _22=2.6406 _33=1.00001 _43=-0.15 (aspect 1.778)
camera: pos -227.7 14.8 168.4 | proj _11=1.4971 _22=2.6615 _33=1.00001 _43=-0.15 (aspect 1.778)
camera: pos -227.8 14.8 168.6 | proj _11=1.5445 _22=2.7456 _33=1.00001 _43=-0.15 (aspect 1.778)
camera: pos -227.9 14.9 168.8 | proj _11=1.5554 _22=2.7650 _33=1.00001 _43=-0.15 (aspect 1.778)
camera: pos -228.0 14.9 168.9 | proj _11=1.5667 _22=2.7852 _33=1.00001 _43=-0.15 (aspect 1.778)
camera: pos -228.2 14.9 168.9 | proj _11=1.5834 _22=2.8148 _33=1.00001 _43=-0.15 (aspect 1.778)
camera: pos -228.9 14.8 168.7 | proj _11=1.5699 _22=2.7909 _33=1.00001 _43=-0.15 (aspect 1.778)
camera: pos -229.2 14.9 168.6 | proj _11=1.5529 _22=2.7607 _33=1.00001 _43=-0.15 (aspect 1.778)
camera: pos -229.6 14.9 168.6 | proj _11=1.5358 _22=2.7302 _33=1.00001 _43=-0.15 (aspect 1.778)
camera: pos -230.1 14.9 168.5 | proj _11=1.5177 _22=2.6981 _33=1.00001 _43=-0.15 (aspect 1.778)
camera: pos -230.6 14.8 168.5 | proj _11=1.5061 _22=2.6775 _33=1.00001 _43=-0.15 (aspect 1.778)
camera: pos -229.6 14.9 167.9 | proj _11=1.4934 _22=2.6548 _33=1.00001 _43=-0.15 (aspect 1.778)
camera: pos -227.9 15.1 167.2 | proj _11=1.4812 _22=2.6332 _33=1.00001 _43=-0.15 (aspect 1.778)
camera: pos -226.4 15.7 166.8 | proj _11=1.4916 _22=2.6517 _33=1.00001 _43=-0.15 (aspect 1.778)
camera: pos -225.8 15.8 166.7 | proj _11=1.5024 _22=2.6709 _33=1.00001 _43=-0.15 (aspect 1.778)
frame 15600 | draws 2270/frame | FFP converted 723/frame (31.8%)
    not converted: screen-space 24  skinned 0  ortho 0  vertex-format 6  untextured 1017  instanced 0  mirrored 0  other-camera 223  no camera 0  other 0 (per frame)
    prepasses hidden: sampler-less 1017/frame, stipple-with-no-colour 177/frame (these used to convert WHITE) | post/composite quads marked 24/frame
    constant-colour materials (no diffuse map, albedo from the shader's own constant) 87/frame | HUD quads demoted to UI 0/frame | back-buffer clears 1/frame | sky draws 54/frame | UI-pass draws converted 0/frame
    instancing: 745 converted from the instance stream/frame, 0 refused/frame (largest single draw 1 instances, 0.6 buffer writes snooped/frame)
    SKINNING: 66 skinned/frame, 63 refused/frame, 6 exact duplicates dropped/frame | 100 meshes decoded, 100 cached, 0 cache flushes
    ALBEDO stage 0 taken raw (no shader reflection) 0/frame
    ALBEDO: constant-only 87/frame, tinted fallback 0/frame, genuinely blank 0/frame (of 87 rank-0 draws/frame)
    ALBEDO WHITE (previously uncounted): named-but-not-bound 0/frame, render-target exclusion left nothing 0/frame | colourless passes now hidden 41/frame | screen-space passes hidden 0/frame | particle billboards hidden 4/frame
    SKIPPED entirely 0/frame (mode 3) | demoted to UI overlay 0/frame | no-albedo materials left to Remix 87/frame
    MARKED with the marker texture 1492/frame (refused as unsafe 0/frame, 3269 SetTexture calls/frame, marker created)
    albedo: moved off stage 0 157/frame, blanked 87/frame, restored from mesh cache 195/frame (2914 meshes cached, 2 flushes) | RT textures known 55 | lights 6.3/frame (24 shaders)
    camera -225.8 15.8 166.7 | distinct cameras this frame 1 (max 1) | transform writes 453/frame | redundant state calls dropped 15144/frame
    world matrix changes 451/frame | objTM used without a fresh upload 0/frame | uv matrix writes 22/frame (last scale 0.00098, 0.00098)
    TIMING: frame 23.0 ms avg (43 fps), worst 54 ms | shim 9.11 ms avg (39.5% of frame), worst 28.2 ms
    TIMING tail: 295 frames >=33 ms, 0 >=100 ms in this window of 600 | inside real Present 6.63 ms avg, worst 5.6 ms | our other hooks 0.00 ms avg
    converted -> target 14E5CA90 1280x720 fmt=34 : 32 draws/frame
    converted -> target 14E64370 1280x720 fmt=113 : 619 draws/frame
    converted -> target 14E5D060 1280x720 fmt=113 : 3 draws/frame
    converted -> target 14E5CC80 1280x720 fmt=21 : 0 draws/frame
camera: pos -225.4 15.8 166.6 | proj _11=1.5150 _22=2.6932 _33=1.00001 _43=-0.15 (aspect 1.778)
camera: pos -225.2 15.8 166.5 | proj _11=1.5285 _22=2.7173 _33=1.00001 _43=-0.15 (aspect 1.778)
camera: pos -225.1 15.8 166.5 | proj _11=1.5422 _22=2.7417 _33=1.00001 _43=-0.15 (aspect 1.778)
camera: pos -225.0 15.8 166.4 | proj _11=1.5552 _22=2.7647 _33=1.00001 _43=-0.15 (aspect 1.778)
camera: pos -224.9 15.8 166.4 | proj _11=1.5666 _22=2.7851 _33=1.00001 _43=-0.15 (aspect 1.778)
camera: pos -224.9 15.8 166.4 | proj _11=1.5821 _22=2.8125 _33=1.00001 _43=-0.15 (aspect 1.778)
camera: pos -224.8 15.8 166.5 | proj _11=1.5934 _22=2.8326 _33=1.00001 _43=-0.15 (aspect 1.778)
camera: pos -224.6 15.7 166.5 | proj _11=1.5806 _22=2.8100 _33=1.00001 _43=-0.15 (aspect 1.778)
camera: pos -224.6 15.7 166.7 | proj _11=1.5636 _22=2.7797 _33=1.00001 _43=-0.15 (aspect 1.778)
camera: pos -224.6 15.7 166.9 | proj _11=1.5531 _22=2.7611 _33=1.00001 _43=-0.15 (aspect 1.778)
camera: pos -224.6 15.7 167.1 | proj _11=1.5423 _22=2.7419 _33=1.00001 _43=-0.15 (aspect 1.778)
camera: pos -224.6 15.6 167.4 | proj _11=1.5304 _22=2.7206 _33=1.00001 _43=-0.15 (aspect 1.778)
camera: pos -224.8 15.3 167.7 | proj _11=1.5179 _22=2.6985 _33=1.00001 _43=-0.15 (aspect 1.778)
camera: pos -224.9 15.1 168.1 | proj _11=1.5039 _22=2.6736 _33=1.00001 _43=-0.15 (aspect 1.778)
camera: pos -225.0 15.0 168.5 | proj _11=1.4916 _22=2.6517 _33=1.00001 _43=-0.15 (aspect 1.778)
camera: pos -225.1 14.9 169.1 | proj _11=1.4787 _22=2.6287 _33=1.00001 _43=-0.15 (aspect 1.778)
camera: pos -225.1 14.9 169.7 | proj _11=1.4654 _22=2.6050 _33=1.00001 _43=-0.15 (aspect 1.778)
camera: pos -225.0 14.9 170.4 | proj _11=1.4531 _22=2.5833 _33=1.00001 _43=-0.15 (aspect 1.778)
camera: pos -224.9 14.8 171.8 | proj _11=1.4377 _22=2.5559 _33=1.00001 _43=-0.15 (aspect 1.778)
camera: pos -224.8 14.8 172.7 | proj _11=1.4228 _22=2.5293 _33=1.00001 _43=-0.15 (aspect 1.778)
camera: pos -224.8 15.5 173.6 | proj _11=1.4080 _22=2.5031 _33=1.00001 _43=-0.15 (aspect 1.778)
camera: pos -224.6 17.4 175.2 | proj _11=1.3929 _22=2.4762 _33=1.00001 _43=-0.15 (aspect 1.778)
camera: pos -224.7 18.0 176.4 | proj _11=1.3806 _22=2.4544 _33=1.00001 _43=-0.15 (aspect 1.778)
camera: pos -224.9 18.2 178.6 | proj _11=1.3702 _22=2.4359 _33=1.00001 _43=-0.15 (aspect 1.778)
camera: pos -225.1 18.2 179.1 | proj _11=1.5141 _22=2.6917 _33=1.00001 _43=-0.15 (aspect 1.778)
camera: pos -224.9 16.3 179.0 | proj _11=1.5723 _22=2.7952 _33=1.00001 _43=-0.15 (aspect 1.778)
camera: pos -224.8 15.9 179.0 | proj _11=1.5843 _22=2.8164 _33=1.00001 _43=-0.15 (aspect 1.778)
camera: pos -225.5 15.1 179.1 | proj _11=1.5969 _22=2.8388 _33=1.00001 _43=-0.15 (aspect 1.778)
camera: pos -228.9 16.2 180.0 | proj _11=1.5812 _22=2.8110 _33=1.00001 _43=-0.15 (aspect 1.778)
camera: pos -229.3 16.4 180.1 | proj _11=1.5632 _22=2.7790 _33=1.00001 _43=-0.15 (aspect 1.778)
camera: pos -229.7 16.6 180.2 | proj _11=1.5456 _22=2.7477 _33=1.00001 _43=-0.15 (aspect 1.778)
camera: pos -230.2 16.7 180.2 | proj _11=1.5297 _22=2.7195 _33=1.00001 _43=-0.15 (aspect 1.778)
camera: pos -230.6 16.8 180.1 | proj _11=1.5123 _22=2.6885 _33=1.00001 _43=-0.15 (aspect 1.778)
camera: pos -230.8 16.8 179.7 | proj _11=1.4959 _22=2.6594 _33=1.00001 _43=-0.15 (aspect 1.778)
camera: pos -231.0 16.8 179.2 | proj _11=1.4800 _22=2.6311 _33=1.00001 _43=-0.15 (aspect 1.778)
camera: pos -231.2 16.8 178.7 | proj _11=1.4643 _22=2.6031 _33=1.00001 _43=-0.15 (aspect 1.778)
camera: pos -231.6 16.8 177.1 | proj _11=1.4786 _22=2.6286 _33=1.00001 _43=-0.15 (aspect 1.778)
camera: pos -231.7 16.8 176.8 | proj _11=1.4923 _22=2.6529 _33=1.00001 _43=-0.15 (aspect 1.778)
camera: pos -231.8 16.8 176.6 | proj _11=1.5080 _22=2.6809 _33=1.00001 _43=-0.15 (aspect 1.778)
camera: pos -231.8 16.8 176.4 | proj _11=1.5244 _22=2.7100 _33=1.00001 _43=-0.15 (aspect 1.778)
camera: pos -231.8 16.8 176.3 | proj _11=1.5392 _22=2.7363 _33=1.00001 _43=-0.15 (aspect 1.778)
camera: pos -231.8 16.7 176.2 | proj _11=1.5532 _22=2.7612 _33=1.00001 _43=-0.15 (aspect 1.778)
camera: pos -231.8 16.7 176.1 | proj _11=1.5653 _22=2.7828 _33=1.00001 _43=-0.15 (aspect 1.778)
camera: pos -231.8 16.7 176.0 | proj _11=1.5781 _22=2.8054 _33=1.00001 _43=-0.15 (aspect 1.778)
camera: pos -231.7 16.7 176.0 | proj _11=1.5927 _22=2.8314 _33=1.00001 _43=-0.15 (aspect 1.778)
camera: pos -231.6 16.7 176.0 | proj _11=1.5760 _22=2.8017 _33=1.00001 _43=-0.15 (aspect 1.778)
camera: pos -231.7 16.1 176.1 | proj _11=1.5613 _22=2.7756 _33=1.00001 _43=-0.15 (aspect 1.778)
camera: pos -231.3 16.0 176.1 | proj _11=1.5450 _22=2.7467 _33=1.00001 _43=-0.15 (aspect 1.778)
camera: pos -230.7 15.9 176.0 | proj _11=1.5273 _22=2.7151 _33=1.00001 _43=-0.15 (aspect 1.778)
camera: pos -230.5 15.9 176.3 | proj _11=1.5104 _22=2.6850 _33=1.00001 _43=-0.15 (aspect 1.778)
camera: pos -229.9 15.9 176.5 | proj _11=1.4935 _22=2.6550 _33=1.00001 _43=-0.15 (aspect 1.778)
camera: pos -229.6 15.9 177.0 | proj _11=1.4765 _22=2.6249 _33=1.00001 _43=-0.15 (aspect 1.778)
camera: pos -229.2 15.9 177.6 | proj _11=1.4601 _22=2.5956 _33=1.00001 _43=-0.15 (aspect 1.778)
camera: pos -228.9 15.9 178.1 | proj _11=1.4438 _22=2.5668 _33=1.00001 _43=-0.15 (aspect 1.778)
camera: pos -228.3 15.9 178.8 | proj _11=1.4292 _22=2.5408 _33=1.00001 _43=-0.15 (aspect 1.778)
camera: pos -227.7 15.9 179.4 | proj _11=1.4135 _22=2.5129 _33=1.00001 _43=-0.15 (aspect 1.778)
camera: pos -226.6 16.1 180.0 | proj _11=1.3983 _22=2.4858 _33=1.00001 _43=-0.15 (aspect 1.778)
camera: pos -225.9 16.2 180.9 | proj _11=1.3830 _22=2.4586 _33=1.00001 _43=-0.15 (aspect 1.778)
camera: pos -225.3 16.2 181.8 | proj _11=1.3677 _22=2.4313 _33=1.00001 _43=-0.15 (aspect 1.778)
camera: pos -224.7 15.9 182.8 | proj _11=1.3534 _22=2.4060 _33=1.00001 _43=-0.15 (aspect 1.778)
camera: pos -224.2 15.5 183.9 | proj _11=1.3386 _22=2.3798 _33=1.00001 _43=-0.15 (aspect 1.778)
camera: pos -223.6 15.3 185.2 | proj _11=1.3276 _22=2.3602 _33=1.00001 _43=-0.15 (aspect 1.778)
camera: pos -218.7 16.1 190.4 | proj _11=1.3166 _22=2.3406 _33=1.00001 _43=-0.15 (aspect 1.778)
camera: pos -218.0 16.2 192.7 | proj _11=1.3040 _22=2.3182 _33=1.00001 _43=-0.15 (aspect 1.778)
camera: pos -217.7 16.2 194.2 | proj _11=1.2933 _22=2.2992 _33=1.00001 _43=-0.15 (aspect 1.778)
camera: pos -217.3 16.1 195.8 | proj _11=1.2831 _22=2.2810 _33=1.00001 _43=-0.15 (aspect 1.778)
camera: pos -217.1 15.2 199.6 | proj _11=1.2987 _22=2.3088 _33=1.00001 _43=-0.15 (aspect 1.778)
camera: pos -216.7 15.5 204.8 | proj _11=1.2847 _22=2.2838 _33=1.00001 _43=-0.15 (aspect 1.778)
camera: pos -216.3 16.4 208.9 | proj _11=1.2722 _22=2.2617 _33=1.00001 _43=-0.15 (aspect 1.778)
camera: pos -213.9 17.0 224.7 | proj _11=1.2587 _22=2.2377 _33=1.00001 _43=-0.15 (aspect 1.778)
camera: pos -207.9 15.2 231.5 | proj _11=1.2465 _22=2.2159 _33=1.00001 _43=-0.15 (aspect 1.778)
camera: pos -205.9 15.0 233.5 | proj _11=1.2351 _22=2.1957 _33=1.00001 _43=-0.15 (aspect 1.778)
camera: pos -203.8 15.0 235.7 | proj _11=1.2232 _22=2.1746 _33=1.00001 _43=-0.15 (aspect 1.778)
camera: pos -199.6 14.9 239.9 | proj _11=1.2338 _22=2.1934 _33=1.00001 _43=-0.15 (aspect 1.778)
camera: pos -191.6 14.9 250.1 | proj _11=1.2231 _22=2.1743 _33=1.00001 _43=-0.15 (aspect 1.778)
camera: pos -189.7 14.9 252.6 | proj _11=1.2124 _22=2.1554 _33=1.00001 _43=-0.15 (aspect 1.778)
camera: pos -181.2 16.6 5.1 | proj _11=1.1998 _22=2.1330 _33=1.00001 _43=-0.15 (aspect 1.778)
camera: pos -174.3 16.2 10.7 | proj _11=1.1895 _22=2.1146 _33=1.00001 _43=-0.15 (aspect 1.778)
camera: pos -166.5 15.2 18.6 | proj _11=1.1998 _22=2.1330 _33=1.00001 _43=-0.15 (aspect 1.778)
camera: pos -158.3 15.0 28.6 | proj _11=1.1888 _22=2.1134 _33=1.00001 _43=-0.15 (aspect 1.778)
camera: pos -149.6 16.6 41.5 | proj _11=1.1992 _22=2.1318 _33=1.00001 _43=-0.15 (aspect 1.778)
camera: pos -141.8 15.1 50.9 | proj _11=1.1881 _22=2.1122 _33=1.00001 _43=-0.15 (aspect 1.778)
camera: pos -137.7 17.0 55.2 | proj _11=1.1766 _22=2.0916 _33=1.00001 _43=-0.15 (aspect 1.778)
camera: pos -135.5 17.6 57.6 | proj _11=1.2444 _22=2.2121 _33=1.00001 _43=-0.15 (aspect 1.778)
camera: pos -134.3 17.7 58.9 | proj _11=1.2548 _22=2.2307 _33=1.00001 _43=-0.15 (aspect 1.778)
camera: pos -132.6 17.5 60.4 | proj _11=1.2658 _22=2.2503 _33=1.00001 _43=-0.15 (aspect 1.778)
camera: pos -126.2 15.3 65.4 | proj _11=1.2785 _22=2.2729 _33=1.00001 _43=-0.15 (aspect 1.778)
camera: pos -122.4 15.1 68.1 | proj _11=1.2680 _22=2.2542 _33=1.00001 _43=-0.15 (aspect 1.778)
camera: pos -119.7 15.3 69.8 | proj _11=1.2559 _22=2.2326 _33=1.00001 _43=-0.15 (aspect 1.778)
camera: pos -117.1 15.2 71.4 | proj _11=1.2449 _22=2.2131 _33=1.00001 _43=-0.15 (aspect 1.778)
camera: pos -109.8 15.1 76.3 | proj _11=1.2335 _22=2.1929 _33=1.00001 _43=-0.15 (aspect 1.778)
camera: pos -106.8 15.0 78.4 | proj _11=1.2228 _22=2.1738 _33=1.00001 _43=-0.15 (aspect 1.778)
camera: pos -103.8 15.0 80.5 | proj _11=1.2125 _22=2.1555 _33=1.00001 _43=-0.15 (aspect 1.778)
camera: pos -99.9 15.0 83.4 | proj _11=1.2000 _22=2.1333 _33=1.00001 _43=-0.15 (aspect 1.778)
camera: pos -91.4 15.0 90.2 | proj _11=1.1893 _22=2.1142 _33=1.00001 _43=-0.15 (aspect 1.778)
camera: pos -87.4 15.0 93.8 | proj _11=1.1776 _22=2.0934 _33=1.00001 _43=-0.15 (aspect 1.778)
camera: pos -71.5 15.0 108.9 | proj _11=1.1671 _22=2.0748 _33=1.00001 _43=-0.15 (aspect 1.778)
camera: pos -66.2 15.0 113.4 | proj _11=1.1560 _22=2.0550 _33=1.00001 _43=-0.15 (aspect 1.778)
camera: pos -51.5 15.0 126.2 | proj _11=1.1452 _22=2.0358 _33=1.00001 _43=-0.15 (aspect 1.778)
camera: pos -46.3 15.0 131.9 | proj _11=1.1344 _22=2.0166 _33=1.00001 _43=-0.15 (aspect 1.778)
camera: pos -36.8 15.0 143.9 | proj _11=1.1232 _22=1.9967 _33=1.00001 _43=-0.15 (aspect 1.778)
mesh albedo cache flushed at 4096 entries (flush #3) - it had stopped protecting anything newly streamed
camera: pos -26.3 15.0 158.4 | proj _11=1.1129 _22=1.9784 _33=1.00001 _43=-0.15 (aspect 1.778)
camera: pos -17.5 14.9 168.9 | proj _11=1.1028 _22=1.9605 _33=1.00001 _43=-0.15 (aspect 1.778)
camera: pos -10.3 14.8 176.4 | proj _11=1.0922 _22=1.9417 _33=1.00001 _43=-0.15 (aspect 1.778)
camera: pos -254.1 15.0 187.7 | proj _11=1.2994 _22=2.3099 _33=1.00001 _43=-0.15 (aspect 1.778)
camera: pos -253.4 15.3 188.1 | proj _11=1.3382 _22=2.3790 _33=1.00001 _43=-0.15 (aspect 1.778)
camera: pos -253.2 15.3 188.4 | proj _11=1.3553 _22=2.4093 _33=1.00001 _43=-0.15 (aspect 1.778)
camera: pos -252.9 15.4 188.8 | proj _11=1.3753 _22=2.4449 _33=1.00001 _43=-0.15 (aspect 1.778)
camera: pos -252.5 15.4 189.2 | proj _11=1.3902 _22=2.4714 _33=1.00001 _43=-0.15 (aspect 1.778)
camera: pos -252.0 15.4 189.7 | proj _11=1.4064 _22=2.5003 _33=1.00001 _43=-0.15 (aspect 1.778)
camera: pos -251.4 15.5 190.3 | proj _11=1.4265 _22=2.5360 _33=1.00001 _43=-0.15 (aspect 1.778)
camera: pos -250.6 15.5 191.1 | proj _11=1.4491 _22=2.5762 _33=1.00001 _43=-0.15 (aspect 1.778)
camera: pos -249.6 15.5 192.0 | proj _11=1.4726 _22=2.6180 _33=1.00001 _43=-0.15 (aspect 1.778)
camera: pos -248.6 15.4 192.9 | proj _11=1.4953 _22=2.6583 _33=1.00001 _43=-0.15 (aspect 1.778)
camera: pos -247.5 15.3 193.9 | proj _11=1.5173 _22=2.6973 _33=1.00001 _43=-0.15 (aspect 1.778)
camera: pos -246.4 15.2 194.9 | proj _11=1.5383 _22=2.7348 _33=1.00001 _43=-0.15 (aspect 1.778)
camera: pos -245.3 15.1 195.9 | proj _11=1.5561 _22=2.7663 _33=1.00001 _43=-0.15 (aspect 1.778)
camera: pos -244.2 14.9 196.8 | proj _11=1.5707 _22=2.7924 _33=1.00001 _43=-0.15 (aspect 1.778)
camera: pos -241.7 14.3 198.9 | proj _11=1.5839 _22=2.8157 _33=1.00001 _43=-0.15 (aspect 1.778)
camera: pos -238.8 13.6 201.3 | proj _11=1.5944 _22=2.8344 _33=1.00001 _43=-0.15 (aspect 1.778)
camera: pos -240.3 14.2 200.1 | proj _11=1.6069 _22=2.8566 _33=1.00001 _43=-0.15 (aspect 1.778)
DECAL/PARTICLE #9: ps='Decal_diffuse_mapSampler' rank=95 verts=64 usesObjTM=1 | world scale (1.00 1.00 1.00) translation (0.0 0.0 -256.0) | camera (-234.3 13.3 205.5) | blend=1
ALBEDO BOUND #10: ps='Decal_diffuse_mapSampler' rank=95 -> 128x128 fmt=894720068 mips=6 pool=0 usage=0x200 
frame 16200 | draws 2391/frame | FFP converted 766/frame (32.0%)
    not converted: screen-space 25  skinned 0  ortho 0  vertex-format 7  untextured 1069  instanced 0  mirrored 0  other-camera 230  no camera 0  other 0 (per frame)
    prepasses hidden: sampler-less 1069/frame, stipple-with-no-colour 190/frame (these used to convert WHITE) | post/composite quads marked 25/frame
    constant-colour materials (no diffuse map, albedo from the shader's own constant) 89/frame | HUD quads demoted to UI 0/frame | back-buffer clears 1/frame | sky draws 55/frame | UI-pass draws converted 0/frame
    instancing: 779 converted from the instance stream/frame, 0 refused/frame (largest single draw 1 instances, 0.6 buffer writes snooped/frame)
    SKINNING: 70 skinned/frame, 69 refused/frame, 6 exact duplicates dropped/frame | 108 meshes decoded, 108 cached, 0 cache flushes
    ALBEDO stage 0 taken raw (no shader reflection) 0/frame
    ALBEDO: constant-only 89/frame, tinted fallback 0/frame, genuinely blank 0/frame (of 89 rank-0 draws/frame)
    ALBEDO WHITE (previously uncounted): named-but-not-bound 0/frame, render-target exclusion left nothing 0/frame | colourless passes now hidden 44/frame | screen-space passes hidden 0/frame | particle billboards hidden 4/frame
    SKIPPED entirely 0/frame (mode 3) | demoted to UI overlay 0/frame | no-albedo materials left to Remix 89/frame
    MARKED with the marker texture 1569/frame (refused as unsafe 0/frame, 3440 SetTexture calls/frame, marker created)
    albedo: moved off stage 0 168/frame, blanked 89/frame, restored from mesh cache 208/frame (1488 meshes cached, 3 flushes) | RT textures known 55 | lights 7.3/frame (24 shaders)
    camera -241.0 14.3 203.2 | distinct cameras this frame 1 (max 1) | transform writes 480/frame | redundant state calls dropped 16042/frame
    world matrix changes 479/frame | objTM used without a fresh upload 0/frame | uv matrix writes 24/frame (last scale 0.00098, 0.00098)
    TIMING: frame 23.9 ms avg (42 fps), worst 115 ms | shim 9.64 ms avg (40.3% of frame), worst 34.5 ms
    TIMING tail: 551 frames >=33 ms, 2 >=100 ms in this window of 600 | inside real Present 6.42 ms avg, worst 22.0 ms | our other hooks 0.00 ms avg
    converted -> target 14E5CA90 1280x720 fmt=34 : 34 draws/frame
    converted -> target 14E64370 1280x720 fmt=113 : 653 draws/frame
    converted -> target 14E5D060 1280x720 fmt=113 : 4 draws/frame
    converted -> target 14E5CC80 1280x720 fmt=21 : 0 draws/frame
camera: pos -239.5 14.3 204.8 | proj _11=1.5866 _22=2.8205 _33=1.00001 _43=-0.15 (aspect 1.778)
camera: pos -239.2 14.3 205.1 | proj _11=1.5751 _22=2.8002 _33=1.00001 _43=-0.15 (aspect 1.778)
camera: pos -238.9 14.3 205.3 | proj _11=1.5647 _22=2.7816 _33=1.00001 _43=-0.15 (aspect 1.778)
camera: pos -238.6 14.3 205.6 | proj _11=1.5540 _22=2.7627 _33=1.00001 _43=-0.15 (aspect 1.778)
camera: pos -238.3 14.3 205.9 | proj _11=1.5438 _22=2.7445 _33=1.00001 _43=-0.15 (aspect 1.778)
camera: pos -238.0 14.3 206.1 | proj _11=1.5330 _22=2.7253 _33=1.00001 _43=-0.15 (aspect 1.778)
camera: pos -237.6 14.3 206.4 | proj _11=1.5219 _22=2.7056 _33=1.00001 _43=-0.15 (aspect 1.778)
camera: pos -237.1 14.3 206.9 | proj _11=1.5022 _22=2.6706 _33=1.00001 _43=-0.15 (aspect 1.778)
camera: pos -236.4 14.3 207.4 | proj _11=1.4834 _22=2.6370 _33=1.00001 _43=-0.15 (aspect 1.778)
camera: pos -236.1 14.3 207.7 | proj _11=1.4731 _22=2.6187 _33=1.00001 _43=-0.15 (aspect 1.778)
camera: pos -235.8 14.3 208.0 | proj _11=1.4628 _22=2.6006 _33=1.00001 _43=-0.15 (aspect 1.778)
camera: pos -235.3 14.3 208.4 | proj _11=1.4451 _22=2.5689 _33=1.00001 _43=-0.15 (aspect 1.778)
camera: pos -234.7 14.3 208.9 | proj _11=1.4282 _22=2.5390 _33=1.00001 _43=-0.15 (aspect 1.778)
camera: pos -234.4 14.3 209.6 | proj _11=1.4105 _22=2.5075 _33=1.00001 _43=-0.15 (aspect 1.778)
camera: pos -234.3 14.3 210.2 | proj _11=1.3944 _22=2.4789 _33=1.00001 _43=-0.15 (aspect 1.778)
camera: pos -234.1 14.3 210.9 | proj _11=1.3786 _22=2.4507 _33=1.00001 _43=-0.15 (aspect 1.778)
camera: pos -233.9 14.3 211.6 | proj _11=1.3628 _22=2.4227 _33=1.00001 _43=-0.15 (aspect 1.778)
camera: pos -233.5 14.3 212.1 | proj _11=1.3479 _22=2.3963 _33=1.00001 _43=-0.15 (aspect 1.778)
camera: pos -232.9 14.3 212.6 | proj _11=1.3325 _22=2.3689 _33=1.00001 _43=-0.15 (aspect 1.778)
camera: pos -232.3 14.3 213.0 | proj _11=1.3172 _22=2.3416 _33=1.00001 _43=-0.15 (aspect 1.778)
camera: pos -231.8 14.3 213.5 | proj _11=1.3027 _22=2.3158 _33=1.00001 _43=-0.15 (aspect 1.778)
camera: pos -220.5 14.4 220.0 | proj _11=1.3226 _22=2.3513 _33=1.00001 _43=-0.15 (aspect 1.778)
camera: pos -220.6 14.4 219.9 | proj _11=1.3474 _22=2.3953 _33=1.00001 _43=-0.15 (aspect 1.778)
camera: pos -220.7 14.4 219.8 | proj _11=1.3735 _22=2.4417 _33=1.00001 _43=-0.15 (aspect 1.778)
camera: pos -220.7 14.4 219.7 | proj _11=1.3972 _22=2.4839 _33=1.00001 _43=-0.15 (aspect 1.778)
camera: pos -220.8 14.4 219.6 | proj _11=1.4233 _22=2.5303 _33=1.00001 _43=-0.15 (aspect 1.778)
camera: pos -220.9 14.4 219.5 | proj _11=1.4490 _22=2.5760 _33=1.00001 _43=-0.15 (aspect 1.778)
camera: pos -220.9 14.4 219.4 | proj _11=1.4756 _22=2.6233 _33=1.00001 _43=-0.15 (aspect 1.778)
camera: pos -221.0 14.4 219.3 | proj _11=1.5032 _22=2.6722 _33=1.00001 _43=-0.15 (aspect 1.778)
camera: pos -221.0 14.4 219.3 | proj _11=1.5315 _22=2.7227 _33=1.00001 _43=-0.15 (aspect 1.778)
camera: pos -221.1 14.4 219.2 | proj _11=1.5595 _22=2.7725 _33=1.00001 _43=-0.15 (aspect 1.778)
camera: pos -221.1 14.4 219.1 | proj _11=1.5884 _22=2.8238 _33=1.00001 _43=-0.15 (aspect 1.778)
camera: pos -221.1 14.4 219.1 | proj _11=1.6085 _22=2.8594 _33=1.00001 _43=-0.15 (aspect 1.778)
camera: pos -217.2 13.8 222.3 | proj _11=1.6189 _22=2.8779 _33=1.00001 _43=-0.15 (aspect 1.778)
camera: pos -217.8 13.8 219.3 | proj _11=1.6343 _22=2.9055 _33=1.00001 _43=-0.15 (aspect 1.778)
camera: pos -218.3 13.9 219.5 | proj _11=1.6457 _22=2.9256 _33=1.00001 _43=-0.15 (aspect 1.778)
camera: pos -218.5 13.9 219.6 | proj _11=1.6577 _22=2.9469 _33=1.00001 _43=-0.15 (aspect 1.778)
camera: pos -218.6 13.9 219.6 | proj _11=1.6773 _22=2.9817 _33=1.00001 _43=-0.15 (aspect 1.778)
camera: pos -218.6 13.9 219.6 | proj _11=1.6874 _22=2.9998 _33=1.00001 _43=-0.15 (aspect 1.778)
camera: pos -218.6 13.9 219.6 | proj _11=1.6977 _22=3.0180 _33=1.00001 _43=-0.15 (aspect 1.778)
camera: pos -218.6 13.9 219.6 | proj _11=1.7153 _22=3.0493 _33=1.00001 _43=-0.15 (aspect 1.778)
camera: pos -218.5 13.9 219.5 | proj _11=1.7318 _22=3.0787 _33=1.00001 _43=-0.15 (aspect 1.778)
camera: pos -218.4 13.9 219.5 | proj _11=1.7432 _22=3.0990 _33=1.00001 _43=-0.15 (aspect 1.778)
camera: pos -218.4 13.9 219.5 | proj _11=1.7545 _22=3.1190 _33=1.00001 _43=-0.15 (aspect 1.778)
camera: pos -218.3 13.9 219.5 | proj _11=1.7657 _22=3.1390 _33=1.00001 _43=-0.15 (aspect 1.778)
camera: pos -218.2 13.9 219.4 | proj _11=1.7775 _22=3.1599 _33=1.00001 _43=-0.15 (aspect 1.778)
camera: pos -218.2 13.9 219.4 | proj _11=1.7899 _22=3.1820 _33=1.00001 _43=-0.15 (aspect 1.778)
camera: pos -218.0 14.1 219.0 | proj _11=1.7767 _22=3.1585 _33=1.00001 _43=-0.15 (aspect 1.778)
camera: pos -217.9 14.1 218.9 | proj _11=1.7659 _22=3.1393 _33=1.00001 _43=-0.15 (aspect 1.778)
camera: pos -217.8 14.2 218.6 | proj _11=1.7514 _22=3.1136 _33=1.00001 _43=-0.15 (aspect 1.778)
camera: pos -217.7 14.4 218.4 | proj _11=1.7356 _22=3.0855 _33=1.00001 _43=-0.15 (aspect 1.778)
camera: pos -217.5 14.5 218.1 | proj _11=1.7162 _22=3.0509 _33=1.00001 _43=-0.15 (aspect 1.778)
camera: pos -217.4 14.6 217.7 | proj _11=1.6925 _22=3.0089 _33=1.00001 _43=-0.15 (aspect 1.778)
camera: pos -217.3 14.8 217.4 | proj _11=1.6683 _22=2.9658 _33=1.00001 _43=-0.15 (aspect 1.778)
camera: pos -217.0 15.0 217.0 | proj _11=1.6416 _22=2.9184 _33=1.00001 _43=-0.15 (aspect 1.778)
camera: pos -216.8 15.1 216.6 | proj _11=1.6123 _22=2.8663 _33=1.00001 _43=-0.15 (aspect 1.778)
camera: pos -216.5 15.3 216.3 | proj _11=1.5849 _22=2.8175 _33=1.00001 _43=-0.15 (aspect 1.778)
camera: pos -216.2 15.4 216.1 | proj _11=1.5592 _22=2.7719 _33=1.00001 _43=-0.15 (aspect 1.778)
camera: pos -215.9 15.6 215.9 | proj _11=1.5329 _22=2.7251 _33=1.00001 _43=-0.15 (aspect 1.778)
camera: pos -215.4 15.7 215.8 | proj _11=1.5097 _22=2.6838 _33=1.00001 _43=-0.15 (aspect 1.778)
camera: pos -215.1 15.8 215.7 | proj _11=1.4862 _22=2.6421 _33=1.00001 _43=-0.15 (aspect 1.778)
camera: pos -214.7 15.8 215.9 | proj _11=1.4675 _22=2.6089 _33=1.00001 _43=-0.15 (aspect 1.778)
camera: pos -214.3 15.9 216.1 | proj _11=1.4491 _22=2.5762 _33=1.00001 _43=-0.15 (aspect 1.778)
camera: pos -214.0 15.9 216.5 | proj _11=1.4340 _22=2.5493 _33=1.00001 _43=-0.15 (aspect 1.778)
camera: pos -213.7 15.9 217.0 | proj _11=1.4204 _22=2.5250 _33=1.00001 _43=-0.15 (aspect 1.778)
camera: pos -213.6 15.9 217.5 | proj _11=1.4095 _22=2.5058 _33=1.00001 _43=-0.15 (aspect 1.778)
camera: pos -213.7 15.9 218.6 | proj _11=1.3922 _22=2.4750 _33=1.00001 _43=-0.15 (aspect 1.778)
camera: pos -214.2 15.8 219.6 | proj _11=1.3714 _22=2.4380 _33=1.00001 _43=-0.15 (aspect 1.778)
camera: pos -214.6 15.8 219.9 | proj _11=1.3600 _22=2.4177 _33=1.00001 _43=-0.15 (aspect 1.778)
camera: pos -215.0 15.8 220.1 | proj _11=1.3499 _22=2.3998 _33=1.00001 _43=-0.15 (aspect 1.778)
camera: pos -215.3 15.7 220.6 | proj _11=1.5397 _22=2.7372 _33=1.00001 _43=-0.15 (aspect 1.778)
camera: pos -216.9 15.5 222.0 | proj _11=1.5292 _22=2.7186 _33=1.00001 _43=-0.15 (aspect 1.778)
camera: pos -217.9 15.5 221.9 | proj _11=1.5175 _22=2.6977 _33=1.00001 _43=-0.15 (aspect 1.778)
camera: pos -218.7 15.5 221.5 | proj _11=1.5319 _22=2.7233 _33=1.00001 _43=-0.15 (aspect 1.778)
camera: pos -218.9 15.5 221.4 | proj _11=1.5423 _22=2.7418 _33=1.00001 _43=-0.15 (aspect 1.778)
camera: pos -219.0 15.5 221.4 | proj _11=1.5645 _22=2.7813 _33=1.00001 _43=-0.15 (aspect 1.778)
camera: pos -219.1 15.5 221.4 | proj _11=1.5852 _22=2.8181 _33=1.00001 _43=-0.15 (aspect 1.778)
camera: pos -219.1 15.5 221.5 | proj _11=1.6051 _22=2.8535 _33=1.00001 _43=-0.15 (aspect 1.778)
camera: pos -219.1 15.5 221.5 | proj _11=1.5936 _22=2.8331 _33=1.00001 _43=-0.15 (aspect 1.778)
camera: pos -219.1 15.5 221.6 | proj _11=1.5812 _22=2.8110 _33=1.00001 _43=-0.15 (aspect 1.778)
camera: pos -219.1 15.5 221.7 | proj _11=1.5679 _22=2.7873 _33=1.00001 _43=-0.15 (aspect 1.778)
camera: pos -219.1 15.5 221.8 | proj _11=1.5518 _22=2.7587 _33=1.00001 _43=-0.15 (aspect 1.778)
camera: pos -218.9 15.6 222.0 | proj _11=1.5393 _22=2.7364 _33=1.00001 _43=-0.15 (aspect 1.778)
camera: pos -218.7 15.6 222.2 | proj _11=1.5270 _22=2.7146 _33=1.00001 _43=-0.15 (aspect 1.778)
camera: pos -218.5 15.6 222.3 | proj _11=1.5130 _22=2.6898 _33=1.00001 _43=-0.15 (aspect 1.778)
camera: pos -218.1 15.6 222.4 | proj _11=1.4947 _22=2.6572 _33=1.00001 _43=-0.15 (aspect 1.778)
camera: pos -217.9 15.6 222.5 | proj _11=1.4840 _22=2.6381 _33=1.00001 _43=-0.15 (aspect 1.778)
camera: pos -217.6 15.6 222.8 | proj _11=1.4664 _22=2.6069 _33=1.00001 _43=-0.15 (aspect 1.778)
camera: pos -217.1 15.6 223.1 | proj _11=1.4561 _22=2.5885 _33=1.00001 _43=-0.15 (aspect 1.778)
camera: pos -216.5 15.6 223.3 | proj _11=1.4444 _22=2.5678 _33=1.00001 _43=-0.15 (aspect 1.778)
camera: pos -216.2 15.3 223.8 | proj _11=1.4719 _22=2.6166 _33=1.00001 _43=-0.15 (aspect 1.778)
camera: pos -216.0 15.2 224.0 | proj _11=1.4954 _22=2.6584 _33=1.00001 _43=-0.15 (aspect 1.778)
camera: pos -215.9 15.1 224.1 | proj _11=1.5209 _22=2.7038 _33=1.00001 _43=-0.15 (aspect 1.778)
camera: pos -215.9 15.0 224.2 | proj _11=1.5458 _22=2.7480 _33=1.00001 _43=-0.15 (aspect 1.778)
camera: pos -215.9 14.9 224.4 | proj _11=1.5690 _22=2.7893 _33=1.00001 _43=-0.15 (aspect 1.778)
camera: pos -215.9 14.9 224.4 | proj _11=1.6003 _22=2.8450 _33=1.00001 _43=-0.15 (aspect 1.778)
camera: pos -216.0 14.8 224.4 | proj _11=1.5861 _22=2.8197 _33=1.00001 _43=-0.15 (aspect 1.778)
camera: pos -216.2 14.7 224.4 | proj _11=1.5670 _22=2.7858 _33=1.00001 _43=-0.15 (aspect 1.778)
camera: pos -216.4 14.7 224.3 | proj _11=1.5494 _22=2.7545 _33=1.00001 _43=-0.15 (aspect 1.778)
camera: pos -216.6 14.6 224.2 | proj _11=1.5325 _22=2.7244 _33=1.00001 _43=-0.15 (aspect 1.778)
camera: pos -216.9 14.6 224.1 | proj _11=1.5162 _22=2.6954 _33=1.00001 _43=-0.15 (aspect 1.778)
camera: pos -217.3 14.6 223.8 | proj _11=1.4998 _22=2.6663 _33=1.00001 _43=-0.15 (aspect 1.778)
camera: pos -217.6 14.5 223.5 | proj _11=1.4836 _22=2.6374 _33=1.00001 _43=-0.15 (aspect 1.778)
camera: pos -217.9 14.5 223.2 | proj _11=1.4675 _22=2.6088 _33=1.00001 _43=-0.15 (aspect 1.778)
camera: pos -218.3 14.5 222.8 | proj _11=1.4498 _22=2.5774 _33=1.00001 _43=-0.15 (aspect 1.778)
camera: pos -218.6 14.5 222.2 | proj _11=1.4254 _22=2.5340 _33=1.00001 _43=-0.15 (aspect 1.778)
camera: pos -218.8 14.5 221.9 | proj _11=1.4114 _22=2.5091 _33=1.00001 _43=-0.15 (aspect 1.778)
camera: pos -218.9 14.5 221.6 | proj _11=1.3972 _22=2.4839 _33=1.00001 _43=-0.15 (aspect 1.778)
camera: pos -219.1 14.5 221.2 | proj _11=1.3848 _22=2.4619 _33=1.00001 _43=-0.15 (aspect 1.778)
camera: pos -219.2 14.5 220.8 | proj _11=1.3727 _22=2.4403 _33=1.00001 _43=-0.15 (aspect 1.778)
camera: pos -219.4 14.5 220.3 | proj _11=1.3619 _22=2.4211 _33=1.00001 _43=-0.15 (aspect 1.778)
camera: pos -219.6 14.5 219.8 | proj _11=1.3484 _22=2.3970 _33=1.00001 _43=-0.15 (aspect 1.778)
camera: pos -219.8 14.5 219.4 | proj _11=1.3345 _22=2.3723 _33=1.00001 _43=-0.15 (aspect 1.778)
camera: pos -220.4 14.5 217.4 | proj _11=1.3470 _22=2.3946 _33=1.00001 _43=-0.15 (aspect 1.778)
camera: pos -221.1 14.5 214.6 | proj _11=1.3319 _22=2.3677 _33=1.00001 _43=-0.15 (aspect 1.778)
camera: pos -221.6 14.5 213.1 | proj _11=1.3201 _22=2.3468 _33=1.00001 _43=-0.15 (aspect 1.778)
camera: pos -223.9 14.4 207.8 | proj _11=1.3068 _22=2.3232 _33=1.00001 _43=-0.15 (aspect 1.778)
camera: pos -224.6 14.4 206.7 | proj _11=1.2890 _22=2.2915 _33=1.00001 _43=-0.15 (aspect 1.778)
camera: pos -225.5 14.4 205.6 | proj _11=1.2743 _22=2.2654 _33=1.00001 _43=-0.15 (aspect 1.778)
camera: pos -226.5 14.4 204.3 | proj _11=1.2560 _22=2.2328 _33=1.00001 _43=-0.15 (aspect 1.778)
camera: pos -227.5 14.4 203.3 | proj _11=1.2408 _22=2.2058 _33=1.00001 _43=-0.15 (aspect 1.778)
camera: pos -228.5 14.4 202.2 | proj _11=1.2276 _22=2.1823 _33=1.00001 _43=-0.15 (aspect 1.778)
camera: pos -229.6 14.4 201.1 | proj _11=1.2165 _22=2.1627 _33=1.00001 _43=-0.15 (aspect 1.778)
camera: pos -234.6 14.4 195.9 | proj _11=1.2023 _22=2.1374 _33=1.00001 _43=-0.15 (aspect 1.778)
camera: pos -238.8 14.3 191.1 | proj _11=1.2131 _22=2.1566 _33=1.00001 _43=-0.15 (aspect 1.778)
camera: pos -243.8 14.3 186.6 | proj _11=1.1999 _22=2.1331 _33=1.00001 _43=-0.15 (aspect 1.778)
camera: pos -245.4 14.3 185.4 | proj _11=1.1870 _22=2.1101 _33=1.00001 _43=-0.15 (aspect 1.778)
camera: pos -253.1 14.3 180.0 | proj _11=1.1738 _22=2.0867 _33=1.00001 _43=-0.15 (aspect 1.778)
camera: pos -255.0 14.3 178.5 | proj _11=1.1632 _22=2.0679 _33=1.00001 _43=-0.15 (aspect 1.778)
camera: pos -4.4 14.3 173.9 | proj _11=1.1493 _22=2.0432 _33=1.00001 _43=-0.15 (aspect 1.778)
camera: pos -6.2 14.3 172.4 | proj _11=1.1392 _22=2.0252 _33=1.00001 _43=-0.15 (aspect 1.778)
camera: pos -9.0 14.3 170.0 | proj _11=1.1250 _22=2.0000 _33=1.00001 _43=-0.15 (aspect 1.778)
camera: pos -12.1 14.4 167.3 | proj _11=1.1106 _22=1.9744 _33=1.00001 _43=-0.15 (aspect 1.778)
camera: pos -14.7 14.4 164.9 | proj _11=1.0980 _22=1.9519 _33=1.00001 _43=-0.15 (aspect 1.778)
camera: pos -17.8 14.4 162.1 | proj _11=1.0877 _22=1.9337 _33=1.00001 _43=-0.15 (aspect 1.778)
camera: pos -21.2 14.4 159.3 | proj _11=1.0769 _22=1.9145 _33=1.00001 _43=-0.15 (aspect 1.778)
camera: pos -24.6 14.4 156.5 | proj _11=1.0655 _22=1.8942 _33=1.00001 _43=-0.15 (aspect 1.778)
camera: pos -27.9 14.4 153.7 | proj _11=1.0549 _22=1.8753 _33=1.00001 _43=-0.15 (aspect 1.778)
camera: pos -32.7 14.4 149.9 | proj _11=1.0420 _22=1.8524 _33=1.00001 _43=-0.15 (aspect 1.778)
camera: pos -41.7 14.4 141.8 | proj _11=1.0294 _22=1.8299 _33=1.00001 _43=-0.15 (aspect 1.778)
camera: pos -53.2 14.4 130.1 | proj _11=1.0434 _22=1.8549 _33=1.00001 _43=-0.15 (aspect 1.778)
camera: pos -54.0 14.4 129.3 | proj _11=1.0538 _22=1.8734 _33=1.00001 _43=-0.15 (aspect 1.778)
camera: pos -54.7 14.4 128.5 | proj _11=1.0645 _22=1.8923 _33=1.00001 _43=-0.15 (aspect 1.778)
camera: pos -55.5 14.4 127.7 | proj _11=1.0752 _22=1.9115 _33=1.00001 _43=-0.15 (aspect 1.778)
camera: pos -56.2 14.4 126.9 | proj _11=1.0860 _22=1.9307 _33=1.00001 _43=-0.15 (aspect 1.778)
camera: pos -57.0 14.4 126.1 | proj _11=1.0973 _22=1.9506 _33=1.00001 _43=-0.15 (aspect 1.778)
camera: pos -57.6 14.4 125.4 | proj _11=1.1093 _22=1.9720 _33=1.00001 _43=-0.15 (aspect 1.778)
camera: pos -58.3 14.4 124.7 | proj _11=1.1207 _22=1.9924 _33=1.00001 _43=-0.15 (aspect 1.778)
camera: pos -58.9 14.4 124.1 | proj _11=1.1344 _22=2.0166 _33=1.00001 _43=-0.15 (aspect 1.778)
camera: pos -59.5 14.4 123.5 | proj _11=1.1467 _22=2.0386 _33=1.00001 _43=-0.15 (aspect 1.778)
camera: pos -60.1 14.4 122.9 | proj _11=1.1588 _22=2.0600 _33=1.00001 _43=-0.15 (aspect 1.778)
camera: pos -60.7 14.5 122.3 | proj _11=1.1705 _22=2.0809 _33=1.00001 _43=-0.15 (aspect 1.778)
camera: pos -61.2 14.5 121.8 | proj _11=1.1845 _22=2.1057 _33=1.00001 _43=-0.15 (aspect 1.778)
camera: pos -61.8 14.5 121.2 | proj _11=1.1962 _22=2.1266 _33=1.00001 _43=-0.15 (aspect 1.778)
camera: pos -67.3 14.5 116.0 | proj _11=1.1843 _22=2.1053 _33=1.00001 _43=-0.15 (aspect 1.778)
camera: pos -69.1 14.5 114.3 | proj _11=1.1726 _22=2.0845 _33=1.00001 _43=-0.15 (aspect 1.778)
camera: pos -70.9 14.5 112.6 | proj _11=1.1611 _22=2.0642 _33=1.00001 _43=-0.15 (aspect 1.778)
camera: pos -74.1 14.5 109.8 | proj _11=1.1509 _22=2.0460 _33=1.00001 _43=-0.15 (aspect 1.778)
camera: pos -76.1 14.5 108.1 | proj _11=1.1401 _22=2.0269 _33=1.00001 _43=-0.15 (aspect 1.778)
camera: pos -78.3 14.5 106.3 | proj _11=1.1290 _22=2.0071 _33=1.00001 _43=-0.15 (aspect 1.778)
camera: pos -85.5 14.5 99.9 | proj _11=1.1170 _22=1.9857 _33=1.00001 _43=-0.15 (aspect 1.778)
camera: pos -87.7 14.5 97.6 | proj _11=1.1057 _22=1.9657 _33=1.00001 _43=-0.15 (aspect 1.778)
camera: pos -90.5 14.5 94.6 | proj _11=1.0929 _22=1.9429 _33=1.00001 _43=-0.15 (aspect 1.778)
camera: pos -93.3 14.5 91.3 | proj _11=1.0801 _22=1.9202 _33=1.00001 _43=-0.15 (aspect 1.778)
camera: pos -100.9 14.5 83.2 | proj _11=1.0668 _22=1.8965 _33=1.00001 _43=-0.15 (aspect 1.778)
camera: pos -109.3 14.5 76.2 | proj _11=1.0543 _22=1.8742 _33=1.00001 _43=-0.15 (aspect 1.778)
camera: pos -113.7 14.5 73.2 | proj _11=1.0425 _22=1.8532 _33=1.00001 _43=-0.15 (aspect 1.778)
camera: pos -121.6 14.5 67.9 | proj _11=1.0312 _22=1.8332 _33=1.00001 _43=-0.15 (aspect 1.778)
camera: pos -136.1 14.4 56.6 | proj _11=1.0196 _22=1.8125 _33=1.00001 _43=-0.15 (aspect 1.778)
camera: pos -141.1 14.4 51.8 | proj _11=1.0079 _22=1.7917 _33=1.00001 _43=-0.15 (aspect 1.778)
camera: pos -147.0 14.4 46.0 | proj _11=0.9958 _22=1.7703 _33=1.00001 _43=-0.15 (aspect 1.778)
camera: pos -151.9 14.4 41.1 | proj _11=0.9857 _22=1.7523 _33=1.00001 _43=-0.15 (aspect 1.778)
camera: pos -199.0 14.3 250.0 | proj _11=1.0014 _22=1.7801 _33=1.00001 _43=-0.15 (aspect 1.778)
camera: pos -200.2 14.3 248.8 | proj _11=1.0147 _22=1.8039 _33=1.00001 _43=-0.15 (aspect 1.778)
mesh albedo cache flushed at 4096 entries (flush #4) - it had stopped protecting anything newly streamed
camera: pos -201.4 14.3 247.7 | proj _11=1.0284 _22=1.8282 _33=1.00001 _43=-0.15 (aspect 1.778)
camera: pos -202.4 14.4 246.7 | proj _11=1.0419 _22=1.8521 _33=1.00001 _43=-0.15 (aspect 1.778)
camera: pos -203.5 14.4 245.6 | proj _11=1.0553 _22=1.8760 _33=1.00001 _43=-0.15 (aspect 1.778)
camera: pos -204.5 14.4 244.7 | proj _11=1.0690 _22=1.9003 _33=1.00001 _43=-0.15 (aspect 1.778)
frame 16800 | draws 2484/frame | FFP converted 797/frame (32.1%)
    not converted: screen-space 26  skinned 0  ortho 0  vertex-format 7  untextured 1112  instanced 0  mirrored 0  other-camera 237  no camera 0  other 0 (per frame)
    prepasses hidden: sampler-less 1112/frame, stipple-with-no-colour 198/frame (these used to convert WHITE) | post/composite quads marked 26/frame
    constant-colour materials (no diffuse map, albedo from the shader's own constant) 90/frame | HUD quads demoted to UI 0/frame | back-buffer clears 1/frame | sky draws 56/frame | UI-pass draws converted 0/frame
    instancing: 807 converted from the instance stream/frame, 0 refused/frame (largest single draw 1 instances, 0.6 buffer writes snooped/frame)
    SKINNING: 73 skinned/frame, 71 refused/frame, 7 exact duplicates dropped/frame | 112 meshes decoded, 112 cached, 0 cache flushes
    ALBEDO stage 0 taken raw (no shader reflection) 0/frame
    ALBEDO: constant-only 90/frame, tinted fallback 0/frame, genuinely blank 0/frame (of 91 rank-0 draws/frame)
    ALBEDO WHITE (previously uncounted): named-but-not-bound 0/frame, render-target exclusion left nothing 0/frame | colourless passes now hidden 46/frame | screen-space passes hidden 0/frame | particle billboards hidden 4/frame
    SKIPPED entirely 0/frame (mode 3) | demoted to UI overlay 0/frame | no-albedo materials left to Remix 91/frame
    MARKED with the marker texture 1630/frame (refused as unsafe 0/frame, 3572 SetTexture calls/frame, marker created)
    albedo: moved off stage 0 174/frame, blanked 90/frame, restored from mesh cache 217/frame (639 meshes cached, 4 flushes) | RT textures known 55 | lights 7.8/frame (24 shaders)
    camera -204.5 14.4 244.7 | distinct cameras this frame 1 (max 1) | transform writes 501/frame | redundant state calls dropped 16710/frame
    world matrix changes 500/frame | objTM used without a fresh upload 0/frame | uv matrix writes 25/frame (last scale 0.00098, 0.00098)
    TIMING: frame 24.3 ms avg (41 fps), worst 113 ms | shim 10.00 ms avg (41.1% of frame), worst 63.2 ms
    TIMING tail: 401 frames >=33 ms, 2 >=100 ms in this window of 600 | inside real Present 6.21 ms avg, worst 3.4 ms | our other hooks 0.00 ms avg
    converted -> target 14E5CA90 1280x720 fmt=34 : 35 draws/frame
    converted -> target 14E64370 1280x720 fmt=113 : 680 draws/frame
    converted -> target 14E5D060 1280x720 fmt=113 : 4 draws/frame
    converted -> target 14E5CC80 1280x720 fmt=21 : 0 draws/frame
camera: pos -205.4 14.4 243.7 | proj _11=1.0826 _22=1.9245 _33=1.00001 _43=-0.15 (aspect 1.778)
camera: pos -206.4 14.4 242.8 | proj _11=1.0977 _22=1.9515 _33=1.00001 _43=-0.15 (aspect 1.778)
camera: pos -207.3 14.4 241.9 | proj _11=1.1120 _22=1.9768 _33=1.00001 _43=-0.15 (aspect 1.778)
camera: pos -208.1 14.4 241.1 | proj _11=1.1270 _22=2.0035 _33=1.00001 _43=-0.15 (aspect 1.778)
camera: pos -208.9 14.4 240.3 | proj _11=1.1417 _22=2.0297 _33=1.00001 _43=-0.15 (aspect 1.778)
camera: pos -209.8 14.4 239.6 | proj _11=1.1561 _22=2.0552 _33=1.00001 _43=-0.15 (aspect 1.778)
camera: pos -210.7 14.4 238.7 | proj _11=1.1714 _22=2.0825 _33=1.00001 _43=-0.15 (aspect 1.778)
camera: pos -211.4 14.4 238.0 | proj _11=1.1888 _22=2.1134 _33=1.00001 _43=-0.15 (aspect 1.778)
camera: pos -212.2 14.4 237.3 | proj _11=1.2043 _22=2.1409 _33=1.00001 _43=-0.15 (aspect 1.778)
camera: pos -212.8 14.5 236.8 | proj _11=1.2217 _22=2.1719 _33=1.00001 _43=-0.15 (aspect 1.778)
camera: pos -213.4 14.5 236.2 | proj _11=1.2353 _22=2.1960 _33=1.00001 _43=-0.15 (aspect 1.778)
camera: pos -214.0 14.5 235.7 | proj _11=1.2485 _22=2.2196 _33=1.00001 _43=-0.15 (aspect 1.778)
camera: pos -214.5 14.5 235.2 | proj _11=1.2629 _22=2.2450 _33=1.00001 _43=-0.15 (aspect 1.778)
camera: pos -215.0 14.5 234.8 | proj _11=1.2788 _22=2.2735 _33=1.00001 _43=-0.15 (aspect 1.778)
camera: pos -215.5 14.5 234.4 | proj _11=1.2943 _22=2.3009 _33=1.00001 _43=-0.15 (aspect 1.778)
camera: pos -216.0 14.5 233.9 | proj _11=1.3109 _22=2.3305 _33=1.00001 _43=-0.15 (aspect 1.778)
camera: pos -216.4 14.4 233.5 | proj _11=1.3287 _22=2.3621 _33=1.00001 _43=-0.15 (aspect 1.778)
camera: pos -216.8 14.4 233.2 | proj _11=1.3459 _22=2.3927 _33=1.00001 _43=-0.15 (aspect 1.778)
camera: pos -217.2 14.4 232.9 | proj _11=1.3634 _22=2.4238 _33=1.00001 _43=-0.15 (aspect 1.778)
camera: pos -217.5 14.4 232.5 | proj _11=1.3805 _22=2.4542 _33=1.00001 _43=-0.15 (aspect 1.778)
camera: pos -217.8 14.4 232.3 | proj _11=1.3988 _22=2.4867 _33=1.00001 _43=-0.15 (aspect 1.778)
camera: pos -218.1 14.4 232.0 | proj _11=1.4176 _22=2.5201 _33=1.00001 _43=-0.15 (aspect 1.778)
camera: pos -218.4 14.4 231.8 | proj _11=1.4365 _22=2.5538 _33=1.00001 _43=-0.15 (aspect 1.778)
camera: pos -220.5 14.4 229.9 | proj _11=1.4468 _22=2.5720 _33=1.00001 _43=-0.15 (aspect 1.778)
camera: pos -221.8 14.4 228.7 | proj _11=1.4569 _22=2.5899 _33=1.00001 _43=-0.15 (aspect 1.778)
camera: pos -222.4 14.4 228.2 | proj _11=1.4723 _22=2.6175 _33=1.00001 _43=-0.15 (aspect 1.778)
camera: pos -223.3 14.4 227.6 | proj _11=1.4616 _22=2.5983 _33=1.00001 _43=-0.15 (aspect 1.778)
camera: pos -223.7 14.4 227.2 | proj _11=1.4465 _22=2.5715 _33=1.00001 _43=-0.15 (aspect 1.778)
camera: pos -224.2 14.4 226.8 | proj _11=1.4323 _22=2.5463 _33=1.00001 _43=-0.15 (aspect 1.778)
camera: pos -224.7 14.4 226.3 | proj _11=1.4179 _22=2.5206 _33=1.00001 _43=-0.15 (aspect 1.778)
camera: pos -225.2 14.4 225.6 | proj _11=1.4032 _22=2.4944 _33=1.00001 _43=-0.15 (aspect 1.778)
camera: pos -225.7 14.3 224.9 | proj _11=1.3866 _22=2.4651 _33=1.00001 _43=-0.15 (aspect 1.778)
camera: pos -226.0 14.3 224.5 | proj _11=1.3725 _22=2.4399 _33=1.00001 _43=-0.15 (aspect 1.778)
camera: pos -226.2 14.3 224.0 | proj _11=1.3571 _22=2.4126 _33=1.00001 _43=-0.15 (aspect 1.778)
camera: pos -227.1 14.3 221.8 | proj _11=1.3467 _22=2.3941 _33=1.00001 _43=-0.15 (aspect 1.778)
camera: pos -227.6 14.3 219.7 | proj _11=1.3338 _22=2.3711 _33=1.00001 _43=-0.15 (aspect 1.778)
camera: pos -227.8 14.3 218.9 | proj _11=1.3218 _22=2.3498 _33=1.00001 _43=-0.15 (aspect 1.778)
camera: pos -227.9 14.4 218.2 | proj _11=1.3106 _22=2.3299 _33=1.00001 _43=-0.15 (aspect 1.778)
camera: pos -228.1 14.4 215.8 | proj _11=1.2972 _22=2.3061 _33=1.00001 _43=-0.15 (aspect 1.778)
camera: pos -228.3 14.4 210.8 | proj _11=1.3304 _22=2.3652 _33=1.00001 _43=-0.15 (aspect 1.778)
camera: pos -228.4 14.4 210.1 | proj _11=1.3549 _22=2.4086 _33=1.00001 _43=-0.15 (aspect 1.778)
camera: pos -228.4 14.4 209.5 | proj _11=1.3817 _22=2.4563 _33=1.00001 _43=-0.15 (aspect 1.778)
camera: pos -228.4 14.5 208.9 | proj _11=1.4079 _22=2.5030 _33=1.00001 _43=-0.15 (aspect 1.778)
camera: pos -228.5 14.5 207.4 | proj _11=1.4186 _22=2.5219 _33=1.00001 _43=-0.15 (aspect 1.778)
camera: pos -228.5 14.5 205.4 | proj _11=1.4046 _22=2.4970 _33=1.00001 _43=-0.15 (aspect 1.778)
camera: pos -228.5 14.5 204.2 | proj _11=1.3833 _22=2.4592 _33=1.00001 _43=-0.15 (aspect 1.778)
camera: pos -228.6 14.5 203.5 | proj _11=1.3719 _22=2.4388 _33=1.00001 _43=-0.15 (aspect 1.778)
camera: pos -228.6 14.5 202.9 | proj _11=1.3601 _22=2.4179 _33=1.00001 _43=-0.15 (aspect 1.778)
camera: pos -228.6 14.5 202.2 | proj _11=1.3490 _22=2.3982 _33=1.00001 _43=-0.15 (aspect 1.778)
camera: pos -228.7 14.5 201.5 | proj _11=1.3374 _22=2.3775 _33=1.00001 _43=-0.15 (aspect 1.778)
camera: pos -228.7 14.5 200.7 | proj _11=1.3267 _22=2.3585 _33=1.00001 _43=-0.15 (aspect 1.778)
camera: pos -228.7 14.5 199.9 | proj _11=1.3157 _22=2.3390 _33=1.00001 _43=-0.15 (aspect 1.778)
camera: pos -228.8 14.5 199.1 | proj _11=1.3051 _22=2.3201 _33=1.00001 _43=-0.15 (aspect 1.778)
camera: pos -228.8 14.5 198.2 | proj _11=1.2949 _22=2.3020 _33=1.00001 _43=-0.15 (aspect 1.778)
camera: pos -228.9 14.5 197.3 | proj _11=1.2844 _22=2.2833 _33=1.00001 _43=-0.15 (aspect 1.778)
camera: pos -228.9 14.5 196.3 | proj _11=1.2734 _22=2.2638 _33=1.00001 _43=-0.15 (aspect 1.778)
camera: pos -229.0 14.5 195.3 | proj _11=1.2626 _22=2.2445 _33=1.00001 _43=-0.15 (aspect 1.778)
camera: pos -229.1 14.5 193.3 | proj _11=1.2486 _22=2.2196 _33=1.00001 _43=-0.15 (aspect 1.778)
camera: pos -229.2 14.5 192.2 | proj _11=1.2378 _22=2.2005 _33=1.00001 _43=-0.15 (aspect 1.778)
camera: pos -229.3 14.5 191.0 | proj _11=1.2275 _22=2.1822 _33=1.00001 _43=-0.15 (aspect 1.778)
camera: pos -229.9 14.5 185.4 | proj _11=1.2386 _22=2.2019 _33=1.00001 _43=-0.15 (aspect 1.778)
camera: pos -230.3 14.5 182.4 | proj _11=1.2533 _22=2.2280 _33=1.00001 _43=-0.15 (aspect 1.778)
camera: pos -230.6 14.5 180.5 | proj _11=1.2668 _22=2.2521 _33=1.00001 _43=-0.15 (aspect 1.778)
camera: pos -230.8 14.5 178.7 | proj _11=1.2784 _22=2.2727 _33=1.00001 _43=-0.15 (aspect 1.778)
camera: pos -231.1 14.5 176.0 | proj _11=1.2920 _22=2.2968 _33=1.00001 _43=-0.15 (aspect 1.778)
camera: pos -231.3 14.5 173.6 | proj _11=1.3048 _22=2.3197 _33=1.00001 _43=-0.15 (aspect 1.778)
camera: pos -231.5 14.5 171.1 | proj _11=1.3176 _22=2.3424 _33=1.00001 _43=-0.15 (aspect 1.778)
camera: pos -231.8 14.5 167.9 | proj _11=1.3041 _22=2.3184 _33=1.00001 _43=-0.15 (aspect 1.778)
camera: pos -231.9 14.5 167.1 | proj _11=1.2931 _22=2.2989 _33=1.00001 _43=-0.15 (aspect 1.778)
camera: pos -232.0 14.5 166.1 | proj _11=1.2827 _22=2.2804 _33=1.00001 _43=-0.15 (aspect 1.778)
camera: pos -232.0 14.5 165.2 | proj _11=1.2722 _22=2.2616 _33=1.00001 _43=-0.15 (aspect 1.778)
camera: pos -232.1 14.5 164.2 | proj _11=1.2619 _22=2.2433 _33=1.00001 _43=-0.15 (aspect 1.778)
camera: pos -232.2 14.5 163.2 | proj _11=1.2515 _22=2.2248 _33=1.00001 _43=-0.15 (aspect 1.778)
camera: pos -232.3 14.5 162.2 | proj _11=1.2414 _22=2.2068 _33=1.00001 _43=-0.15 (aspect 1.778)
camera: pos -232.5 14.5 160.1 | proj _11=1.2227 _22=2.1736 _33=1.00001 _43=-0.15 (aspect 1.778)
camera: pos -232.6 14.5 157.9 | proj _11=1.2052 _22=2.1425 _33=1.00001 _43=-0.15 (aspect 1.778)
camera: pos -232.8 14.5 155.4 | proj _11=1.1891 _22=2.1139 _33=1.00001 _43=-0.15 (aspect 1.778)
camera: pos -233.0 14.5 153.0 | proj _11=1.1749 _22=2.0887 _33=1.00001 _43=-0.15 (aspect 1.778)
camera: pos -233.2 14.5 150.6 | proj _11=1.1637 _22=2.0688 _33=1.00001 _43=-0.15 (aspect 1.778)
camera: pos -233.6 14.5 144.4 | proj _11=1.1760 _22=2.0906 _33=1.00001 _43=-0.15 (aspect 1.778)
camera: pos -233.7 14.5 138.5 | proj _11=1.1884 _22=2.1127 _33=1.00001 _43=-0.15 (aspect 1.778)
camera: pos -233.7 14.5 133.8 | proj _11=1.1987 _22=2.1310 _33=1.00001 _43=-0.15 (aspect 1.778)
camera: pos -233.6 14.5 129.2 | proj _11=1.2091 _22=2.1494 _33=1.00001 _43=-0.15 (aspect 1.778)
camera: pos -233.5 14.5 124.4 | proj _11=1.2205 _22=2.1697 _33=1.00001 _43=-0.15 (aspect 1.778)
camera: pos -233.4 14.5 119.7 | proj _11=1.2312 _22=2.1888 _33=1.00001 _43=-0.15 (aspect 1.778)
camera: pos -233.3 14.5 115.2 | proj _11=1.2418 _22=2.2075 _33=1.00001 _43=-0.15 (aspect 1.778)
camera: pos -233.1 14.5 110.6 | proj _11=1.2528 _22=2.2271 _33=1.00001 _43=-0.15 (aspect 1.778)
camera: pos -232.9 14.5 102.9 | proj _11=1.2396 _22=2.2037 _33=1.00001 _43=-0.15 (aspect 1.778)
camera: pos -232.8 14.5 101.1 | proj _11=1.2287 _22=2.1842 _33=1.00001 _43=-0.15 (aspect 1.778)
camera: pos -232.8 14.5 99.3 | proj _11=1.2181 _22=2.1655 _33=1.00001 _43=-0.15 (aspect 1.778)
camera: pos -232.7 14.5 97.3 | proj _11=1.2073 _22=2.1463 _33=1.00001 _43=-0.15 (aspect 1.778)
camera: pos -232.6 14.5 95.1 | proj _11=1.1969 _22=2.1277 _33=1.00001 _43=-0.15 (aspect 1.778)
camera: pos -232.6 14.5 93.2 | proj _11=1.1855 _22=2.1075 _33=1.00001 _43=-0.15 (aspect 1.778)
camera: pos -232.5 14.5 89.7 | proj _11=1.1707 _22=2.0812 _33=1.00001 _43=-0.15 (aspect 1.778)
camera: pos -232.4 14.5 84.3 | proj _11=1.1581 _22=2.0588 _33=1.00001 _43=-0.15 (aspect 1.778)
camera: pos -232.4 14.5 82.4 | proj _11=1.1476 _22=2.0401 _33=1.00001 _43=-0.15 (aspect 1.778)
camera: pos -232.5 14.5 79.3 | proj _11=1.1352 _22=2.0181 _33=1.00001 _43=-0.15 (aspect 1.778)
camera: pos -232.7 14.5 76.3 | proj _11=1.1233 _22=1.9970 _33=1.00001 _43=-0.15 (aspect 1.778)
camera: pos -232.9 14.5 72.7 | proj _11=1.1108 _22=1.9747 _33=1.00001 _43=-0.15 (aspect 1.778)
camera: pos -233.4 14.3 60.5 | proj _11=1.1217 _22=1.9942 _33=1.00001 _43=-0.15 (aspect 1.778)
camera: pos -233.4 14.3 55.0 | proj _11=1.1333 _22=2.0147 _33=1.00001 _43=-0.15 (aspect 1.778)
camera: pos -234.1 15.3 49.7 | proj _11=1.1445 _22=2.0347 _33=1.00001 _43=-0.15 (aspect 1.778)
camera: pos -234.2 15.7 44.6 | proj _11=1.1552 _22=2.0536 _33=1.00001 _43=-0.15 (aspect 1.778)
camera: pos -234.0 15.3 39.9 | proj _11=1.1654 _22=2.0718 _33=1.00001 _43=-0.15 (aspect 1.778)
camera: pos -233.7 14.8 34.8 | proj _11=1.1765 _22=2.0914 _33=1.00001 _43=-0.15 (aspect 1.778)
camera: pos -233.5 14.6 29.8 | proj _11=1.1874 _22=2.1109 _33=1.00001 _43=-0.15 (aspect 1.778)
camera: pos -233.4 14.5 25.0 | proj _11=1.1980 _22=2.1298 _33=1.00001 _43=-0.15 (aspect 1.778)
camera: pos -233.3 14.5 20.6 | proj _11=1.2080 _22=2.1476 _33=1.00001 _43=-0.15 (aspect 1.778)
camera: pos -233.3 14.7 15.5 | proj _11=1.1953 _22=2.1249 _33=1.00001 _43=-0.15 (aspect 1.778)
camera: pos -233.3 15.0 13.5 | proj _11=1.1849 _22=2.1065 _33=1.00001 _43=-0.15 (aspect 1.778)
camera: pos -233.2 15.1 11.4 | proj _11=1.1749 _22=2.0886 _33=1.00001 _43=-0.15 (aspect 1.778)
camera: pos -233.3 15.5 9.1 | proj _11=1.1648 _22=2.0707 _33=1.00001 _43=-0.15 (aspect 1.778)
camera: pos -233.3 15.6 5.9 | proj _11=1.1516 _22=2.0473 _33=1.00001 _43=-0.15 (aspect 1.778)
camera: pos -233.3 15.6 3.2 | proj _11=1.1396 _22=2.0260 _33=1.00001 _43=-0.15 (aspect 1.778)
camera: pos -233.2 15.2 0.5 | proj _11=1.1288 _22=2.0067 _33=1.00001 _43=-0.15 (aspect 1.778)
camera: pos -233.1 14.9 -2.6 | proj _11=1.1172 _22=1.9861 _33=1.00001 _43=-0.15 (aspect 1.778)
camera: pos -233.1 14.7 -5.5 | proj _11=1.1067 _22=1.9674 _33=1.00001 _43=-0.15 (aspect 1.778)
camera: pos -233.0 14.6 -8.6 | proj _11=1.0965 _22=1.9493 _33=1.00001 _43=-0.15 (aspect 1.778)
camera: pos -232.9 14.5 -11.9 | proj _11=1.0862 _22=1.9309 _33=1.00001 _43=-0.15 (aspect 1.778)
camera: pos -232.7 14.3 -26.2 | proj _11=1.0969 _22=1.9501 _33=1.00001 _43=-0.15 (aspect 1.778)
camera: pos -232.7 14.3 -31.3 | proj _11=1.1072 _22=1.9684 _33=1.00001 _43=-0.15 (aspect 1.778)
camera: pos -232.5 14.3 -38.2 | proj _11=1.0941 _22=1.9451 _33=1.00001 _43=-0.15 (aspect 1.778)
camera: pos -232.1 14.2 -48.7 | proj _11=1.0809 _22=1.9215 _33=1.00001 _43=-0.15 (aspect 1.778)
camera: pos -232.2 14.2 -52.4 | proj _11=1.0695 _22=1.9014 _33=1.00001 _43=-0.15 (aspect 1.778)
camera: pos -232.4 14.2 -57.4 | proj _11=1.0575 _22=1.8799 _33=1.00001 _43=-0.15 (aspect 1.778)
camera: pos -232.7 14.2 -62.6 | proj _11=1.0465 _22=1.8605 _33=1.00001 _43=-0.15 (aspect 1.778)
camera: pos -233.1 14.2 -72.2 | proj _11=1.0350 _22=1.8400 _33=1.00001 _43=-0.15 (aspect 1.778)
camera: pos -233.0 14.2 -79.4 | proj _11=1.0232 _22=1.8190 _33=1.00001 _43=-0.15 (aspect 1.778)
camera: pos -232.6 14.1 -97.4 | proj _11=1.0102 _22=1.7960 _33=1.00001 _43=-0.15 (aspect 1.778)
camera: pos -232.9 14.1 -104.8 | proj _11=0.9989 _22=1.7758 _33=1.00001 _43=-0.15 (aspect 1.778)
camera: pos -233.3 14.0 -112.0 | proj _11=0.9878 _22=1.7561 _33=1.00001 _43=-0.15 (aspect 1.778)
camera: pos -233.8 14.0 -119.0 | proj _11=0.9776 _22=1.7379 _33=1.00001 _43=-0.15 (aspect 1.778)
camera: pos -235.7 13.9 -161.6 | proj _11=0.9891 _22=1.7583 _33=1.00001 _43=-0.15 (aspect 1.778)
camera: pos -235.4 13.9 -184.1 | proj _11=0.9790 _22=1.7404 _33=1.00001 _43=-0.15 (aspect 1.778)
camera: pos -234.2 14.7 -200.1 | proj _11=0.9902 _22=1.7604 _33=1.00001 _43=-0.15 (aspect 1.778)
camera: pos -233.8 14.4 -212.2 | proj _11=1.0017 _22=1.7808 _33=1.00001 _43=-0.15 (aspect 1.778)
camera: pos -233.6 14.2 -217.7 | proj _11=1.0127 _22=1.8002 _33=1.00001 _43=-0.15 (aspect 1.778)
camera: pos -234.1 14.0 -228.6 | proj _11=1.0234 _22=1.8193 _33=1.00001 _43=-0.15 (aspect 1.778)
camera: pos -234.3 13.9 -231.9 | proj _11=1.1795 _22=2.0969 _33=1.00001 _43=-0.15 (aspect 1.778)
camera: pos -234.6 14.0 -234.4 | proj _11=1.1924 _22=2.1198 _33=1.00001 _43=-0.15 (aspect 1.778)
camera: pos -234.7 14.0 -235.6 | proj _11=1.2052 _22=2.1425 _33=1.00001 _43=-0.15 (aspect 1.778)
camera: pos -234.8 14.0 -236.7 | proj _11=1.2220 _22=2.1724 _33=1.00001 _43=-0.15 (aspect 1.778)
camera: pos -234.8 14.0 -237.8 | proj _11=1.2463 _22=2.2155 _33=1.00001 _43=-0.15 (aspect 1.778)
camera: pos -234.9 14.0 -238.8 | proj _11=1.2734 _22=2.2638 _33=1.00001 _43=-0.15 (aspect 1.778)
camera: pos -235.0 14.0 -239.7 | proj _11=1.2999 _22=2.3108 _33=1.00001 _43=-0.15 (aspect 1.778)
camera: pos -235.1 14.0 -240.5 | proj _11=1.3259 _22=2.3571 _33=1.00001 _43=-0.15 (aspect 1.778)
camera: pos -235.1 14.0 -241.2 | proj _11=1.3476 _22=2.3956 _33=1.00001 _43=-0.15 (aspect 1.778)
camera: pos -235.2 14.0 -241.8 | proj _11=1.3711 _22=2.4374 _33=1.00001 _43=-0.15 (aspect 1.778)
camera: pos -235.5 14.0 -245.5 | proj _11=1.3817 _22=2.4563 _33=1.00001 _43=-0.15 (aspect 1.778)
camera: pos -235.7 15.3 -249.3 | proj _11=1.3616 _22=2.4206 _33=1.00001 _43=-0.15 (aspect 1.778)
camera: pos -235.9 15.1 -250.6 | proj _11=1.3513 _22=2.4023 _33=1.00001 _43=-0.15 (aspect 1.778)
camera: pos -236.0 14.7 -251.9 | proj _11=1.3376 _22=2.3779 _33=1.00001 _43=-0.15 (aspect 1.778)
camera: pos -236.1 14.6 -252.6 | proj _11=1.3271 _22=2.3592 _33=1.00001 _43=-0.15 (aspect 1.778)
camera: pos -236.4 14.4 -254.1 | proj _11=1.3085 _22=2.3262 _33=1.00001 _43=-0.15 (aspect 1.778)
camera: pos -237.1 14.1 -2.0 | proj _11=1.3353 _22=2.3739 _33=1.00001 _43=-0.15 (aspect 1.778)
camera: pos -237.2 14.1 -2.7 | proj _11=1.3623 _22=2.4218 _33=1.00001 _43=-0.15 (aspect 1.778)
camera: pos -237.3 14.0 -3.2 | proj _11=1.3881 _22=2.4677 _33=1.00001 _43=-0.15 (aspect 1.778)
camera: pos -237.4 14.0 -3.7 | proj _11=1.4143 _22=2.5142 _33=1.00001 _43=-0.15 (aspect 1.778)
camera: pos -237.5 14.0 -4.1 | proj _11=1.4417 _22=2.5629 _33=1.00001 _43=-0.15 (aspect 1.778)
camera: pos -237.6 13.9 -4.4 | proj _11=1.4705 _22=2.6142 _33=1.00001 _43=-0.15 (aspect 1.778)
camera: pos -237.6 13.9 -4.6 | proj _11=1.4984 _22=2.6637 _33=1.00001 _43=-0.15 (aspect 1.778)
camera: pos -237.6 13.9 -4.8 | proj _11=1.5322 _22=2.7239 _33=1.00001 _43=-0.15 (aspect 1.778)
camera: pos -237.6 13.9 -5.0 | proj _11=1.5474 _22=2.7509 _33=1.00001 _43=-0.15 (aspect 1.778)
camera: pos -237.6 13.9 -5.6 | proj _11=1.5372 _22=2.7328 _33=1.00001 _43=-0.15 (aspect 1.778)
camera: pos -237.6 13.9 -5.8 | proj _11=1.5213 _22=2.7044 _33=1.00001 _43=-0.15 (aspect 1.778)
camera: pos -237.7 13.9 -6.0 | proj _11=1.5026 _22=2.6712 _33=1.00001 _43=-0.15 (aspect 1.778)
camera: pos -237.8 13.9 -6.3 | proj _11=1.4843 _22=2.6388 _33=1.00001 _43=-0.15 (aspect 1.778)
camera: pos -237.9 13.9 -6.6 | proj _11=1.4675 _22=2.6089 _33=1.00001 _43=-0.15 (aspect 1.778)
camera: pos -238.1 13.9 -6.9 | proj _11=1.4508 _22=2.5791 _33=1.00001 _43=-0.15 (aspect 1.778)
camera: pos -238.2 13.9 -7.3 | proj _11=1.4384 _22=2.5572 _33=1.00001 _43=-0.15 (aspect 1.778)
camera: pos -238.5 13.9 -8.0 | proj _11=1.4251 _22=2.5334 _33=1.00001 _43=-0.15 (aspect 1.778)
camera: pos -238.9 13.9 -8.9 | proj _11=1.4088 _22=2.5044 _33=1.00001 _43=-0.15 (aspect 1.778)
camera: pos -239.3 13.9 -9.9 | proj _11=1.3929 _22=2.4762 _33=1.00001 _43=-0.15 (aspect 1.778)
camera: pos -239.7 13.9 -10.9 | proj _11=1.3774 _22=2.4486 _33=1.00001 _43=-0.15 (aspect 1.778)
camera: pos -240.0 13.9 -11.8 | proj _11=1.4577 _22=2.5913 _33=1.00001 _43=-0.15 (aspect 1.778)
camera: pos -240.1 13.8 -12.2 | proj _11=1.4461 _22=2.5708 _33=1.00001 _43=-0.15 (aspect 1.778)
camera: pos -240.5 13.8 -13.8 | proj _11=1.4582 _22=2.5922 _33=1.00001 _43=-0.15 (aspect 1.778)
camera: pos -241.3 13.8 -16.8 | proj _11=1.4424 _22=2.5642 _33=1.00001 _43=-0.15 (aspect 1.778)
camera: pos -240.9 14.0 -24.9 | proj _11=1.4312 _22=2.5443 _33=1.00001 _43=-0.15 (aspect 1.778)
camera: pos -240.8 14.0 -25.4 | proj _11=1.4190 _22=2.5227 _33=1.00001 _43=-0.15 (aspect 1.778)
camera: pos -240.7 14.0 -25.8 | proj _11=1.4087 _22=2.5043 _33=1.00001 _43=-0.15 (aspect 1.778)
camera: pos -239.6 14.1 -28.9 | proj _11=1.3981 _22=2.4854 _33=1.00001 _43=-0.15 (aspect 1.778)
camera: pos -238.5 14.2 -31.9 | proj _11=1.3776 _22=2.4491 _33=1.00001 _43=-0.15 (aspect 1.778)
camera: pos -238.1 14.3 -33.0 | proj _11=1.3585 _22=2.4150 _33=1.00001 _43=-0.15 (aspect 1.778)
camera: pos -237.8 14.3 -34.2 | proj _11=1.3395 _22=2.3812 _33=1.00001 _43=-0.15 (aspect 1.778)
camera: pos -237.5 14.3 -35.4 | proj _11=1.3209 _22=2.3482 _33=1.00001 _43=-0.15 (aspect 1.778)
camera: pos -237.2 14.4 -36.8 | proj _11=1.3032 _22=2.3168 _33=1.00001 _43=-0.15 (aspect 1.778)
camera: pos -236.9 14.4 -38.4 | proj _11=1.2873 _22=2.2884 _33=1.00001 _43=-0.15 (aspect 1.778)
camera: pos -236.7 14.4 -39.9 | proj _11=1.2716 _22=2.2605 _33=1.00001 _43=-0.15 (aspect 1.778)
camera: pos -236.4 14.4 -41.7 | proj _11=1.2531 _22=2.2277 _33=1.00001 _43=-0.15 (aspect 1.778)
camera: pos -236.2 14.4 -43.5 | proj _11=1.2366 _22=2.1983 _33=1.00001 _43=-0.15 (aspect 1.778)
camera: pos -236.0 14.4 -45.4 | proj _11=1.2203 _22=2.1694 _33=1.00001 _43=-0.15 (aspect 1.778)
camera: pos -235.8 14.3 -47.5 | proj _11=1.2057 _22=2.1434 _33=1.00001 _43=-0.15 (aspect 1.778)
camera: pos -235.6 14.3 -49.6 | proj _11=1.1943 _22=2.1231 _33=1.00001 _43=-0.15 (aspect 1.778)
frame 17400 | draws 2584/frame | FFP converted 832/frame (32.2%)
    not converted: screen-space 27  skinned 0  ortho 0  vertex-format 8  untextured 1152  instanced 0  mirrored 0  other-camera 249  no camera 0  other 0 (per frame)
    prepasses hidden: sampler-less 1152/frame, stipple-with-no-colour 207/frame (these used to convert WHITE) | post/composite quads marked 27/frame
    constant-colour materials (no diffuse map, albedo from the shader's own constant) 92/frame | HUD quads demoted to UI 0/frame | back-buffer clears 1/frame | sky draws 57/frame | UI-pass draws converted 0/frame
    instancing: 843 converted from the instance stream/frame, 0 refused/frame (largest single draw 1 instances, 0.7 buffer writes snooped/frame)
    SKINNING: 76 skinned/frame, 75 refused/frame, 7 exact duplicates dropped/frame | 121 meshes decoded, 121 cached, 0 cache flushes
    ALBEDO stage 0 taken raw (no shader reflection) 0/frame
    ALBEDO: constant-only 92/frame, tinted fallback 0/frame, genuinely blank 0/frame (of 92 rank-0 draws/frame)
    ALBEDO WHITE (previously uncounted): named-but-not-bound 0/frame, render-target exclusion left nothing 0/frame | colourless passes now hidden 48/frame | screen-space passes hidden 0/frame | particle billboards hidden 4/frame
    SKIPPED entirely 0/frame (mode 3) | demoted to UI overlay 0/frame | no-albedo materials left to Remix 92/frame
    MARKED with the marker texture 1693/frame (refused as unsafe 0/frame, 3709 SetTexture calls/frame, marker created)
    albedo: moved off stage 0 182/frame, blanked 92/frame, restored from mesh cache 228/frame (3437 meshes cached, 4 flushes) | RT textures known 55 | lights 8.3/frame (24 shaders)
    camera -235.4 14.3 -54.9 | distinct cameras this frame 1 (max 1) | transform writes 523/frame | redundant state calls dropped 17424/frame
    world matrix changes 522/frame | objTM used without a fresh upload 0/frame | uv matrix writes 26/frame (last scale 0.00098, 0.00098)
    TIMING: frame 24.9 ms avg (40 fps), worst 90 ms | shim 10.37 ms avg (41.7% of frame), worst 30.2 ms
    TIMING tail: 467 frames >=33 ms, 0 >=100 ms in this window of 600 | inside real Present 6.02 ms avg, worst 44.7 ms | our other hooks 0.00 ms avg
    converted -> target 14E5CA90 1280x720 fmt=34 : 37 draws/frame
    converted -> target 14E64370 1280x720 fmt=113 : 708 draws/frame
    converted -> target 14E5D060 1280x720 fmt=113 : 5 draws/frame
    converted -> target 14E5CC80 1280x720 fmt=21 : 0 draws/frame
camera: pos -235.5 14.3 -56.1 | proj _11=1.1799 _22=2.0976 _33=1.00001 _43=-0.15 (aspect 1.778)
camera: pos -235.6 14.3 -58.4 | proj _11=1.1682 _22=2.0768 _33=1.00001 _43=-0.15 (aspect 1.778)
camera: pos -236.1 14.3 -65.3 | proj _11=1.1797 _22=2.0973 _33=1.00001 _43=-0.15 (aspect 1.778)
camera: pos -236.4 14.3 -68.9 | proj _11=1.1955 _22=2.1254 _33=1.00001 _43=-0.15 (aspect 1.778)
camera: pos -236.7 14.4 -72.3 | proj _11=1.1821 _22=2.1015 _33=1.00001 _43=-0.15 (aspect 1.778)
camera: pos -236.8 14.4 -74.6 | proj _11=1.1719 _22=2.0834 _33=1.00001 _43=-0.15 (aspect 1.778)
camera: pos -237.0 14.3 -78.1 | proj _11=1.1569 _22=2.0566 _33=1.00001 _43=-0.15 (aspect 1.778)
camera: pos -237.2 14.3 -84.7 | proj _11=1.1721 _22=2.0836 _33=1.00001 _43=-0.15 (aspect 1.778)
camera: pos -237.1 14.3 -86.7 | proj _11=1.1864 _22=2.1091 _33=1.00001 _43=-0.15 (aspect 1.778)
camera: pos -236.9 14.4 -88.9 | proj _11=1.2050 _22=2.1422 _33=1.00001 _43=-0.15 (aspect 1.778)
camera: pos -236.7 14.4 -90.0 | proj _11=1.2163 _22=2.1622 _33=1.00001 _43=-0.15 (aspect 1.778)
camera: pos -236.6 14.4 -91.0 | proj _11=1.2273 _22=2.1818 _33=1.00001 _43=-0.15 (aspect 1.778)
camera: pos -236.3 14.4 -92.5 | proj _11=1.2379 _22=2.2007 _33=1.00001 _43=-0.15 (aspect 1.778)
camera: pos -235.5 14.4 -95.1 | proj _11=1.2231 _22=2.1744 _33=1.00001 _43=-0.15 (aspect 1.778)
camera: pos -234.8 14.4 -97.0 | proj _11=1.2124 _22=2.1554 _33=1.00001 _43=-0.15 (aspect 1.778)
camera: pos -233.9 14.4 -99.0 | proj _11=1.2004 _22=2.1340 _33=1.00001 _43=-0.15 (aspect 1.778)
camera: pos -233.0 14.4 -101.0 | proj _11=1.1891 _22=2.1139 _33=1.00001 _43=-0.15 (aspect 1.778)
camera: pos -227.6 14.4 -111.2 | proj _11=1.1999 _22=2.1332 _33=1.00001 _43=-0.15 (aspect 1.778)
camera: pos -225.4 14.4 -115.1 | proj _11=1.2100 _22=2.1511 _33=1.00001 _43=-0.15 (aspect 1.778)
camera: pos -222.8 14.4 -119.8 | proj _11=1.2219 _22=2.1723 _33=1.00001 _43=-0.15 (aspect 1.778)
camera: pos -220.6 14.4 -123.5 | proj _11=1.2356 _22=2.1965 _33=1.00001 _43=-0.15 (aspect 1.778)
camera: pos -220.1 14.4 -124.4 | proj _11=1.2469 _22=2.2166 _33=1.00001 _43=-0.15 (aspect 1.778)
camera: pos -219.1 14.5 -125.9 | proj _11=1.2590 _22=2.2382 _33=1.00001 _43=-0.15 (aspect 1.778)
camera: pos -216.7 14.5 -129.6 | proj _11=1.2693 _22=2.2565 _33=1.00001 _43=-0.15 (aspect 1.778)
camera: pos -212.6 14.5 -135.2 | proj _11=1.2541 _22=2.2295 _33=1.00001 _43=-0.15 (aspect 1.778)
camera: pos -211.4 14.5 -136.7 | proj _11=1.2424 _22=2.2087 _33=1.00001 _43=-0.15 (aspect 1.778)
camera: pos -210.3 14.4 -138.2 | proj _11=1.2312 _22=2.1888 _33=1.00001 _43=-0.15 (aspect 1.778)
camera: pos -209.1 14.4 -139.7 | proj _11=1.2200 _22=2.1688 _33=1.00001 _43=-0.15 (aspect 1.778)
camera: pos -207.9 14.4 -141.4 | proj _11=1.2086 _22=2.1485 _33=1.00001 _43=-0.15 (aspect 1.778)
camera: pos -206.6 14.4 -143.0 | proj _11=1.1975 _22=2.1289 _33=1.00001 _43=-0.15 (aspect 1.778)
camera: pos -204.6 14.3 -145.5 | proj _11=1.1827 _22=2.1025 _33=1.00001 _43=-0.15 (aspect 1.778)
camera: pos -202.6 14.3 -148.1 | proj _11=1.1682 _22=2.0768 _33=1.00001 _43=-0.15 (aspect 1.778)
camera: pos -201.3 14.3 -149.9 | proj _11=1.1784 _22=2.0949 _33=1.00001 _43=-0.15 (aspect 1.778)
camera: pos -198.8 14.3 -153.4 | proj _11=1.1651 _22=2.0712 _33=1.00001 _43=-0.15 (aspect 1.778)
camera: pos -197.5 14.3 -155.3 | proj _11=1.1550 _22=2.0532 _33=1.00001 _43=-0.15 (aspect 1.778)
camera: pos -195.6 14.3 -158.4 | proj _11=1.1408 _22=2.0280 _33=1.00001 _43=-0.15 (aspect 1.778)
camera: pos -190.8 14.4 -166.3 | proj _11=1.1538 _22=2.0511 _33=1.00001 _43=-0.15 (aspect 1.778)
camera: pos -188.6 14.6 -170.1 | proj _11=1.1638 _22=2.0690 _33=1.00001 _43=-0.15 (aspect 1.778)
camera: pos -187.7 14.6 -171.6 | proj _11=1.1764 _22=2.0913 _33=1.00001 _43=-0.15 (aspect 1.778)
camera: pos -186.8 14.7 -173.2 | proj _11=1.1931 _22=2.1211 _33=1.00001 _43=-0.15 (aspect 1.778)
camera: pos -186.0 14.8 -174.8 | proj _11=1.2085 _22=2.1485 _33=1.00001 _43=-0.15 (aspect 1.778)
DECAL/PARTICLE #10: ps='Alpha_MapSampler' rank=100 verts=18 usesObjTM=1 | world scale (1.00 1.00 1.00) translation (-171.0 16.0 -260.0) | camera (-185.3 14.9 -176.3) | blend=1
ALBEDO BOUND #11: ps='Alpha_MapSampler' rank=100 -> 512x512 fmt=827611204 mips=8 pool=0 usage=0x200 
camera: pos -184.3 15.0 -178.6 | proj _11=1.2193 _22=2.1675 _33=1.00001 _43=-0.15 (aspect 1.778)
camera: pos -182.7 15.3 -182.7 | proj _11=1.2309 _22=2.1883 _33=1.00001 _43=-0.15 (aspect 1.778)
camera: pos -181.4 15.5 -186.4 | proj _11=1.2412 _22=2.2066 _33=1.00001 _43=-0.15 (aspect 1.778)
camera: pos -180.3 15.7 -189.8 | proj _11=1.2516 _22=2.2251 _33=1.00001 _43=-0.15 (aspect 1.778)
camera: pos -179.0 16.0 -193.8 | proj _11=1.2635 _22=2.2461 _33=1.00001 _43=-0.15 (aspect 1.778)
camera: pos -178.0 16.3 -197.1 | proj _11=1.2736 _22=2.2641 _33=1.00001 _43=-0.15 (aspect 1.778)
camera: pos -176.8 16.6 -201.0 | proj _11=1.2856 _22=2.2854 _33=1.00001 _43=-0.15 (aspect 1.778)
camera: pos -175.7 16.8 -204.7 | proj _11=1.2973 _22=2.3062 _33=1.00001 _43=-0.15 (aspect 1.778)
camera: pos -174.2 17.2 -209.4 | proj _11=1.2861 _22=2.2864 _33=1.00001 _43=-0.15 (aspect 1.778)
camera: pos -173.6 17.3 -211.3 | proj _11=1.2728 _22=2.2627 _33=1.00001 _43=-0.15 (aspect 1.778)
camera: pos -173.0 17.5 -213.5 | proj _11=1.2599 _22=2.2397 _33=1.00001 _43=-0.15 (aspect 1.778)
camera: pos -171.2 17.9 -220.3 | proj _11=1.2487 _22=2.2199 _33=1.00001 _43=-0.15 (aspect 1.778)
camera: pos -170.4 18.2 -226.3 | proj _11=1.2382 _22=2.2012 _33=1.00001 _43=-0.15 (aspect 1.778)
camera: pos -170.3 18.2 -228.9 | proj _11=1.2237 _22=2.1754 _33=1.00001 _43=-0.15 (aspect 1.778)
camera: pos -170.2 18.3 -230.6 | proj _11=1.2136 _22=2.1575 _33=1.00001 _43=-0.15 (aspect 1.778)
camera: pos -170.2 18.3 -233.0 | proj _11=1.2012 _22=2.1354 _33=1.00001 _43=-0.15 (aspect 1.778)
camera: pos -170.2 18.4 -235.7 | proj _11=1.1886 _22=2.1130 _33=1.00001 _43=-0.15 (aspect 1.778)
camera: pos -170.2 18.4 -238.3 | proj _11=1.1750 _22=2.0889 _33=1.00001 _43=-0.15 (aspect 1.778)
camera: pos -170.3 18.4 -241.4 | proj _11=1.1619 _22=2.0655 _33=1.00001 _43=-0.15 (aspect 1.778)
mesh albedo cache flushed at 4096 entries (flush #5) - it had stopped protecting anything newly streamed
camera: pos -170.6 18.4 -246.7 | proj _11=1.1487 _22=2.0422 _33=1.00001 _43=-0.15 (aspect 1.778)
camera: pos -170.8 18.4 -249.5 | proj _11=1.1368 _22=2.0210 _33=1.00001 _43=-0.15 (aspect 1.778)
camera: pos -171.1 18.3 -252.5 | proj _11=1.1261 _22=2.0018 _33=1.00001 _43=-0.15 (aspect 1.778)
camera: pos -171.7 18.3 -4.7 | proj _11=1.1159 _22=1.9837 _33=1.00001 _43=-0.15 (aspect 1.778)
camera: pos -171.8 18.4 -7.8 | proj _11=1.1053 _22=1.9650 _33=1.00001 _43=-0.15 (aspect 1.778)
camera: pos -171.8 18.4 -11.1 | proj _11=1.0951 _22=1.9467 _33=1.00001 _43=-0.15 (aspect 1.778)
camera: pos -171.7 18.4 -15.6 | proj _11=1.0819 _22=1.9234 _33=1.00001 _43=-0.15 (aspect 1.778)
camera: pos -171.7 18.4 -23.9 | proj _11=1.0716 _22=1.9050 _33=1.00001 _43=-0.15 (aspect 1.778)
camera: pos -171.8 18.4 -28.9 | proj _11=1.0593 _22=1.8832 _33=1.00001 _43=-0.15 (aspect 1.778)
camera: pos -172.1 18.4 -34.0 | proj _11=1.0483 _22=1.8636 _33=1.00001 _43=-0.15 (aspect 1.778)
camera: pos -172.4 18.4 -43.7 | proj _11=1.0381 _22=1.8455 _33=1.00001 _43=-0.15 (aspect 1.778)
camera: pos -172.4 18.4 -50.0 | proj _11=1.0277 _22=1.8269 _33=1.00001 _43=-0.15 (aspect 1.778)
camera: pos -172.1 18.4 -61.8 | proj _11=1.0167 _22=1.8075 _33=1.00001 _43=-0.15 (aspect 1.778)
camera: pos -171.9 18.4 -68.9 | proj _11=1.0060 _22=1.7884 _33=1.00001 _43=-0.15 (aspect 1.778)
camera: pos -171.8 18.4 -75.8 | proj _11=0.9957 _22=1.7700 _33=1.00001 _43=-0.15 (aspect 1.778)
camera: pos -171.6 18.4 -82.9 | proj _11=0.9855 _22=1.7520 _33=1.00001 _43=-0.15 (aspect 1.778)
camera: pos -171.4 18.3 -108.6 | proj _11=0.9963 _22=1.7712 _33=1.00001 _43=-0.15 (aspect 1.778)
camera: pos -171.5 18.3 -112.2 | proj _11=1.0085 _22=1.7929 _33=1.00001 _43=-0.15 (aspect 1.778)
camera: pos -171.6 18.3 -115.6 | proj _11=1.0274 _22=1.8265 _33=1.00001 _43=-0.15 (aspect 1.778)
camera: pos -171.6 18.3 -117.5 | proj _11=1.0404 _22=1.8496 _33=1.00001 _43=-0.15 (aspect 1.778)
camera: pos -171.7 18.3 -119.4 | proj _11=1.0525 _22=1.8710 _33=1.00001 _43=-0.15 (aspect 1.778)
camera: pos -171.7 18.3 -121.3 | proj _11=1.0627 _22=1.8891 _33=1.00001 _43=-0.15 (aspect 1.778)
camera: pos -171.8 18.3 -122.1 | proj _11=1.0871 _22=1.9327 _33=1.00001 _43=-0.15 (aspect 1.778)
camera: pos -171.9 18.3 -125.4 | proj _11=1.1034 _22=1.9615 _33=1.00001 _43=-0.15 (aspect 1.778)
camera: pos -171.9 18.3 -126.2 | proj _11=1.1157 _22=1.9834 _33=1.00001 _43=-0.15 (aspect 1.778)
camera: pos -172.1 18.1 -133.9 | proj _11=1.1275 _22=2.0043 _33=1.00001 _43=-0.15 (aspect 1.778)
camera: pos -172.2 18.1 -135.3 | proj _11=1.1407 _22=2.0279 _33=1.00001 _43=-0.15 (aspect 1.778)
camera: pos -172.3 18.1 -137.4 | proj _11=1.1546 _22=2.0525 _33=1.00001 _43=-0.15 (aspect 1.778)
camera: pos -172.3 18.2 -138.7 | proj _11=1.1669 _22=2.0745 _33=1.00001 _43=-0.15 (aspect 1.778)
camera: pos -172.5 18.2 -141.9 | proj _11=1.1771 _22=2.0925 _33=1.00001 _43=-0.15 (aspect 1.778)
camera: pos -173.3 17.9 -152.0 | proj _11=1.1890 _22=2.1137 _33=1.00001 _43=-0.15 (aspect 1.778)
camera: pos -173.8 18.0 -157.6 | proj _11=1.1764 _22=2.0913 _33=1.00001 _43=-0.15 (aspect 1.778)
camera: pos -174.0 17.9 -160.1 | proj _11=1.1653 _22=2.0716 _33=1.00001 _43=-0.15 (aspect 1.778)
camera: pos -174.3 17.8 -162.8 | proj _11=1.1541 _22=2.0517 _33=1.00001 _43=-0.15 (aspect 1.778)
camera: pos -174.6 17.8 -166.0 | proj _11=1.1407 _22=2.0279 _33=1.00001 _43=-0.15 (aspect 1.778)
camera: pos -175.4 17.9 -176.2 | proj _11=1.1510 _22=2.0462 _33=1.00001 _43=-0.15 (aspect 1.778)
camera: pos -174.4 18.1 -186.0 | proj _11=1.1405 _22=2.0276 _33=1.00001 _43=-0.15 (aspect 1.778)
camera: pos -173.7 18.1 -189.3 | proj _11=1.1280 _22=2.0053 _33=1.00001 _43=-0.15 (aspect 1.778)
camera: pos -172.3 18.2 -193.9 | proj _11=1.1177 _22=1.9870 _33=1.00001 _43=-0.15 (aspect 1.778)
camera: pos -170.5 18.2 -200.2 | proj _11=1.4419 _22=2.5633 _33=1.00001 _43=-0.15 (aspect 1.778)
camera: pos -170.3 18.1 -200.8 | proj _11=1.4282 _22=2.5390 _33=1.00001 _43=-0.15 (aspect 1.778)
camera: pos -170.0 17.8 -201.5 | proj _11=1.4162 _22=2.5176 _33=1.00001 _43=-0.15 (aspect 1.778)
camera: pos -168.6 17.1 -205.5 | proj _11=1.4022 _22=2.4928 _33=1.00001 _43=-0.15 (aspect 1.778)
camera: pos -168.2 17.1 -206.3 | proj _11=1.3705 _22=2.4363 _33=1.00001 _43=-0.15 (aspect 1.778)
camera: pos -167.5 16.9 -207.9 | proj _11=1.3809 _22=2.4549 _33=1.00001 _43=-0.15 (aspect 1.778)
camera: pos -165.9 16.4 -210.7 | proj _11=1.3915 _22=2.4737 _33=1.00001 _43=-0.15 (aspect 1.778)
camera: pos -165.0 16.5 -212.0 | proj _11=1.4144 _22=2.5144 _33=1.00001 _43=-0.15 (aspect 1.778)
camera: pos -164.5 17.0 -212.7 | proj _11=1.4260 _22=2.5351 _33=1.00001 _43=-0.15 (aspect 1.778)
camera: pos -163.9 17.3 -213.4 | proj _11=1.4393 _22=2.5587 _33=1.00001 _43=-0.15 (aspect 1.778)
camera: pos -162.6 17.8 -215.2 | proj _11=1.4549 _22=2.5864 _33=1.00001 _43=-0.15 (aspect 1.778)
camera: pos -161.7 18.0 -216.7 | proj _11=1.4397 _22=2.5594 _33=1.00001 _43=-0.15 (aspect 1.778)
camera: pos -161.4 18.0 -217.2 | proj _11=1.4258 _22=2.5348 _33=1.00001 _43=-0.15 (aspect 1.778)
camera: pos -160.8 18.1 -218.6 | proj _11=1.4119 _22=2.5099 _33=1.00001 _43=-0.15 (aspect 1.778)
camera: pos -160.6 18.1 -219.2 | proj _11=1.4004 _22=2.4896 _33=1.00001 _43=-0.15 (aspect 1.778)
camera: pos -160.2 18.1 -220.6 | proj _11=1.3887 _22=2.4687 _33=1.00001 _43=-0.15 (aspect 1.778)
camera: pos -160.0 18.1 -221.3 | proj _11=1.3703 _22=2.4361 _33=1.00001 _43=-0.15 (aspect 1.778)
camera: pos -159.9 18.2 -222.3 | proj _11=1.3536 _22=2.4063 _33=1.00001 _43=-0.15 (aspect 1.778)
camera: pos -159.7 18.2 -223.9 | proj _11=1.3419 _22=2.3856 _33=1.00001 _43=-0.15 (aspect 1.778)
camera: pos -159.6 18.1 -227.3 | proj _11=1.3308 _22=2.3658 _33=1.00001 _43=-0.15 (aspect 1.778)
camera: pos -159.5 18.1 -228.4 | proj _11=1.3179 _22=2.3429 _33=1.00001 _43=-0.15 (aspect 1.778)
camera: pos -159.5 18.2 -229.7 | proj _11=1.3019 _22=2.3145 _33=1.00001 _43=-0.15 (aspect 1.778)
camera: pos -159.4 18.2 -230.9 | proj _11=1.2873 _22=2.2884 _33=1.00001 _43=-0.15 (aspect 1.778)
camera: pos -159.3 18.2 -232.4 | proj _11=1.2722 _22=2.2617 _33=1.00001 _43=-0.15 (aspect 1.778)
camera: pos -159.2 18.2 -233.7 | proj _11=1.2578 _22=2.2360 _33=1.00001 _43=-0.15 (aspect 1.778)
camera: pos -159.1 18.2 -235.0 | proj _11=1.2449 _22=2.2131 _33=1.00001 _43=-0.15 (aspect 1.778)
camera: pos -159.0 18.2 -236.4 | proj _11=1.2328 _22=2.1916 _33=1.00001 _43=-0.15 (aspect 1.778)
camera: pos -158.6 18.3 -240.5 | proj _11=1.2192 _22=2.1675 _33=1.00001 _43=-0.15 (aspect 1.778)
camera: pos -158.4 18.3 -242.0 | proj _11=1.2088 _22=2.1490 _33=1.00001 _43=-0.15 (aspect 1.778)
camera: pos -158.1 18.3 -244.3 | proj _11=1.1983 _22=2.1302 _33=1.00001 _43=-0.15 (aspect 1.778)
camera: pos -156.1 18.4 -252.2 | proj _11=1.1847 _22=2.1060 _33=1.00001 _43=-0.15 (aspect 1.778)
camera: pos -155.1 18.4 -254.9 | proj _11=1.1705 _22=2.0809 _33=1.00001 _43=-0.15 (aspect 1.778)
camera: pos -152.7 18.4 -4.6 | proj _11=1.1598 _22=2.0617 _33=1.00001 _43=-0.15 (aspect 1.778)
camera: pos -151.5 18.4 -7.5 | proj _11=1.1474 _22=2.0398 _33=1.00001 _43=-0.15 (aspect 1.778)
camera: pos -147.9 18.4 -14.6 | proj _11=1.1335 _22=2.0151 _33=1.00001 _43=-0.15 (aspect 1.778)
camera: pos -146.4 18.4 -17.4 | proj _11=1.1217 _22=1.9941 _33=1.00001 _43=-0.15 (aspect 1.778)
frame 18000 | draws 2649/frame | FFP converted 854/frame (32.2%)
    not converted: screen-space 28  skinned 0  ortho 0  vertex-format 8  untextured 1178  instanced 0  mirrored 0  other-camera 255  no camera 0  other 0 (per frame)
    prepasses hidden: sampler-less 1178/frame, stipple-with-no-colour 213/frame (these used to convert WHITE) | post/composite quads marked 27/frame
    constant-colour materials (no diffuse map, albedo from the shader's own constant) 90/frame | HUD quads demoted to UI 0/frame | back-buffer clears 1/frame | sky draws 58/frame | UI-pass draws converted 0/frame
    instancing: 863 converted from the instance stream/frame, 0 refused/frame (largest single draw 1 instances, 0.7 buffer writes snooped/frame)
    SKINNING: 79 skinned/frame, 77 refused/frame, 7 exact duplicates dropped/frame | 133 meshes decoded, 133 cached, 0 cache flushes
    ALBEDO stage 0 taken raw (no shader reflection) 0/frame
    ALBEDO: constant-only 90/frame, tinted fallback 0/frame, genuinely blank 0/frame (of 91 rank-0 draws/frame)
    ALBEDO WHITE (previously uncounted): named-but-not-bound 0/frame, render-target exclusion left nothing 0/frame | colourless passes now hidden 50/frame | screen-space passes hidden 0/frame | particle billboards hidden 5/frame
    SKIPPED entirely 0/frame (mode 3) | demoted to UI overlay 0/frame | no-albedo materials left to Remix 91/frame
    MARKED with the marker texture 1735/frame (refused as unsafe 0/frame, 3799 SetTexture calls/frame, marker created)
    albedo: moved off stage 0 187/frame, blanked 90/frame, restored from mesh cache 236/frame (1918 meshes cached, 5 flushes) | RT textures known 55 | lights 8.5/frame (24 shaders)
    camera -145.4 18.4 -19.1 | distinct cameras this frame 1 (max 1) | transform writes 537/frame | redundant state calls dropped 17885/frame
    world matrix changes 535/frame | objTM used without a fresh upload 0/frame | uv matrix writes 26/frame (last scale 0.00098, 0.00098)
    TIMING: frame 25.2 ms avg (40 fps), worst 112 ms | shim 10.67 ms avg (42.4% of frame), worst 30.1 ms
    TIMING tail: 267 frames >=33 ms, 1 >=100 ms in this window of 600 | inside real Present 5.84 ms avg, worst 1.4 ms | our other hooks 0.00 ms avg
    converted -> target 14E5CA90 1280x720 fmt=34 : 37 draws/frame
    converted -> target 14E64370 1280x720 fmt=113 : 727 draws/frame
    converted -> target 14E5D060 1280x720 fmt=113 : 5 draws/frame
    converted -> target 14E5CC80 1280x720 fmt=21 : 0 draws/frame
camera: pos -144.8 18.4 -20.0 | proj _11=1.1112 _22=1.9755 _33=1.00001 _43=-0.15 (aspect 1.778)
camera: pos -143.1 18.4 -22.7 | proj _11=1.1005 _22=1.9564 _33=1.00001 _43=-0.15 (aspect 1.778)
camera: pos -141.3 18.4 -25.5 | proj _11=1.0904 _22=1.9384 _33=1.00001 _43=-0.15 (aspect 1.778)
camera: pos -137.6 18.4 -31.3 | proj _11=1.0780 _22=1.9164 _33=1.00001 _43=-0.15 (aspect 1.778)
camera: pos -135.3 18.4 -35.1 | proj _11=1.0667 _22=1.8963 _33=1.00001 _43=-0.15 (aspect 1.778)
camera: pos -132.9 18.4 -39.1 | proj _11=1.0557 _22=1.8768 _33=1.00001 _43=-0.15 (aspect 1.778)
camera: pos -124.5 17.9 -60.6 | proj _11=1.0680 _22=1.8986 _33=1.00001 _43=-0.15 (aspect 1.778)
camera: pos -124.1 17.7 -62.8 | proj _11=1.0789 _22=1.9180 _33=1.00001 _43=-0.15 (aspect 1.778)
camera: pos -123.7 17.6 -65.0 | proj _11=1.0953 _22=1.9471 _33=1.00001 _43=-0.15 (aspect 1.778)
camera: pos -123.5 17.6 -65.9 | proj _11=1.1061 _22=1.9663 _33=1.00001 _43=-0.15 (aspect 1.778)
camera: pos -123.4 17.6 -66.7 | proj _11=1.1168 _22=1.9854 _33=1.00001 _43=-0.15 (aspect 1.778)
camera: pos -123.4 17.6 -67.4 | proj _11=1.1274 _22=2.0042 _33=1.00001 _43=-0.15 (aspect 1.778)
camera: pos -123.3 17.6 -68.7 | proj _11=1.1454 _22=2.0362 _33=1.00001 _43=-0.15 (aspect 1.778)
camera: pos -123.2 17.7 -70.2 | proj _11=1.1618 _22=2.0654 _33=1.00001 _43=-0.15 (aspect 1.778)
camera: pos -123.2 17.8 -71.5 | proj _11=1.1767 _22=2.0919 _33=1.00001 _43=-0.15 (aspect 1.778)
camera: pos -123.3 18.0 -74.1 | proj _11=1.1890 _22=2.1137 _33=1.00001 _43=-0.15 (aspect 1.778)
camera: pos -123.5 18.1 -76.1 | proj _11=1.1998 _22=2.1330 _33=1.00001 _43=-0.15 (aspect 1.778)
camera: pos -123.6 18.1 -77.4 | proj _11=1.2172 _22=2.1639 _33=1.00001 _43=-0.15 (aspect 1.778)
camera: pos -123.6 18.1 -78.1 | proj _11=1.2322 _22=2.1906 _33=1.00001 _43=-0.15 (aspect 1.778)
camera: pos -123.7 18.1 -78.7 | proj _11=1.2473 _22=2.2174 _33=1.00001 _43=-0.15 (aspect 1.778)
camera: pos -123.8 18.1 -79.4 | proj _11=1.2688 _22=2.2555 _33=1.00001 _43=-0.15 (aspect 1.778)
camera: pos -123.8 18.1 -80.0 | proj _11=1.2854 _22=2.2850 _33=1.00001 _43=-0.15 (aspect 1.778)
camera: pos -123.8 18.1 -80.4 | proj _11=1.2992 _22=2.3097 _33=1.00001 _43=-0.15 (aspect 1.778)
camera: pos -123.8 18.1 -80.8 | proj _11=1.3113 _22=2.3311 _33=1.00001 _43=-0.15 (aspect 1.778)
camera: pos -123.8 18.1 -81.3 | proj _11=1.3250 _22=2.3556 _33=1.00001 _43=-0.15 (aspect 1.778)
camera: pos -123.8 18.1 -82.0 | proj _11=1.3429 _22=2.3874 _33=1.00001 _43=-0.15 (aspect 1.778)
camera: pos -123.6 18.1 -82.7 | proj _11=1.3578 _22=2.4138 _33=1.00001 _43=-0.15 (aspect 1.778)
camera: pos -121.6 18.2 -85.8 | proj _11=1.3478 _22=2.3961 _33=1.00001 _43=-0.15 (aspect 1.778)
camera: pos -120.8 18.2 -86.4 | proj _11=1.3361 _22=2.3752 _33=1.00001 _43=-0.15 (aspect 1.778)
camera: pos -120.3 18.2 -86.8 | proj _11=1.3260 _22=2.3574 _33=1.00001 _43=-0.15 (aspect 1.778)
camera: pos -116.1 18.2 -88.8 | proj _11=1.3142 _22=2.3364 _33=1.00001 _43=-0.15 (aspect 1.778)
camera: pos -114.5 18.2 -88.6 | proj _11=1.3034 _22=2.3171 _33=1.00001 _43=-0.15 (aspect 1.778)
camera: pos -112.9 18.2 -87.9 | proj _11=1.2924 _22=2.2976 _33=1.00001 _43=-0.15 (aspect 1.778)
camera: pos -111.7 18.2 -87.3 | proj _11=1.2809 _22=2.2771 _33=1.00001 _43=-0.15 (aspect 1.778)
camera: pos -110.7 18.2 -87.4 | proj _11=1.2651 _22=2.2490 _33=1.00001 _43=-0.15 (aspect 1.778)
camera: pos -109.4 18.2 -87.5 | proj _11=1.2511 _22=2.2242 _33=1.00001 _43=-0.15 (aspect 1.778)
camera: pos -101.6 18.4 -85.8 | proj _11=1.2339 _22=2.1936 _33=1.00001 _43=-0.15 (aspect 1.778)
camera: pos -95.3 18.4 -83.9 | proj _11=1.2211 _22=2.1709 _33=1.00001 _43=-0.15 (aspect 1.778)
camera: pos -84.8 18.5 -80.4 | proj _11=1.2316 _22=2.1894 _33=1.00001 _43=-0.15 (aspect 1.778)
camera: pos -80.4 18.5 -79.7 | proj _11=1.2201 _22=2.1691 _33=1.00001 _43=-0.15 (aspect 1.778)
camera: pos -78.5 18.5 -79.6 | proj _11=1.2062 _22=2.1443 _33=1.00001 _43=-0.15 (aspect 1.778)
camera: pos -76.5 18.5 -79.5 | proj _11=1.1948 _22=2.1240 _33=1.00001 _43=-0.15 (aspect 1.778)
camera: pos -73.5 18.5 -79.6 | proj _11=1.1799 _22=2.0975 _33=1.00001 _43=-0.15 (aspect 1.778)
camera: pos -62.7 18.5 -80.3 | proj _11=1.1655 _22=2.0720 _33=1.00001 _43=-0.15 (aspect 1.778)
camera: pos -59.2 18.5 -80.5 | proj _11=1.1506 _22=2.0455 _33=1.00001 _43=-0.15 (aspect 1.778)
camera: pos -55.6 18.5 -80.6 | proj _11=1.1361 _22=2.0198 _33=1.00001 _43=-0.15 (aspect 1.778)
camera: pos -51.9 18.5 -80.8 | proj _11=1.1223 _22=1.9951 _33=1.00001 _43=-0.15 (aspect 1.778)
camera: pos -48.0 18.5 -80.9 | proj _11=1.1084 _22=1.9705 _33=1.00001 _43=-0.15 (aspect 1.778)
camera: pos -41.1 18.5 -81.0 | proj _11=1.0960 _22=1.9484 _33=1.00001 _43=-0.15 (aspect 1.778)
camera: pos -37.0 18.5 -80.9 | proj _11=1.0837 _22=1.9265 _33=1.00001 _43=-0.15 (aspect 1.778)
camera: pos -32.5 18.5 -80.7 | proj _11=1.0717 _22=1.9053 _33=1.00001 _43=-0.15 (aspect 1.778)
camera: pos -27.7 18.5 -80.4 | proj _11=1.0605 _22=1.8852 _33=1.00001 _43=-0.15 (aspect 1.778)
camera: pos -22.7 18.5 -80.1 | proj _11=1.0498 _22=1.8662 _33=1.00001 _43=-0.15 (aspect 1.778)
camera: pos -10.0 18.4 -80.2 | proj _11=1.0390 _22=1.8471 _33=1.00001 _43=-0.15 (aspect 1.778)
camera: pos -4.1 18.4 -80.6 | proj _11=1.0285 _22=1.8285 _33=1.00001 _43=-0.15 (aspect 1.778)
camera: pos -243.2 18.4 -82.2 | proj _11=1.0173 _22=1.8085 _33=1.00001 _43=-0.15 (aspect 1.778)
camera: pos -235.1 18.4 -82.5 | proj _11=1.0055 _22=1.7875 _33=1.00001 _43=-0.15 (aspect 1.778)
camera: pos -218.2 18.4 -81.7 | proj _11=0.9941 _22=1.7673 _33=1.00001 _43=-0.15 (aspect 1.778)
camera: pos -198.6 18.5 -79.5 | proj _11=0.9826 _22=1.7467 _33=1.00001 _43=-0.15 (aspect 1.778)
camera: pos -100.4 18.4 -78.5 | proj _11=1.1875 _22=2.1111 _33=1.00001 _43=-0.15 (aspect 1.778)
camera: pos -93.5 18.1 -79.2 | proj _11=1.1764 _22=2.0913 _33=1.00001 _43=-0.15 (aspect 1.778)
camera: pos -89.4 18.1 -79.7 | proj _11=1.1635 _22=2.0685 _33=1.00001 _43=-0.15 (aspect 1.778)
camera: pos -86.4 18.2 -80.2 | proj _11=1.3468 _22=2.3943 _33=1.00001 _43=-0.15 (aspect 1.778)
camera: pos -85.3 18.2 -80.3 | proj _11=1.3332 _22=2.3701 _33=1.00001 _43=-0.15 (aspect 1.778)
camera: pos -83.2 18.2 -80.9 | proj _11=1.3669 _22=2.4300 _33=1.00001 _43=-0.15 (aspect 1.778)
camera: pos -79.2 18.1 -82.3 | proj _11=1.3790 _22=2.4514 _33=1.00001 _43=-0.15 (aspect 1.778)
camera: pos -78.4 18.2 -82.6 | proj _11=1.3910 _22=2.4728 _33=1.00001 _43=-0.15 (aspect 1.778)
camera: pos -77.9 18.2 -82.8 | proj _11=1.4021 _22=2.4925 _33=1.00001 _43=-0.15 (aspect 1.778)
camera: pos -77.3 18.2 -83.0 | proj _11=1.4171 _22=2.5192 _33=1.00001 _43=-0.15 (aspect 1.778)
camera: pos -75.8 18.3 -83.6 | proj _11=1.4289 _22=2.5403 _33=1.00001 _43=-0.15 (aspect 1.778)
camera: pos -70.2 21.2 -85.0 | proj _11=1.4188 _22=2.5222 _33=1.00001 _43=-0.15 (aspect 1.778)
camera: pos -68.6 22.1 -84.9 | proj _11=1.4058 _22=2.4992 _33=1.00001 _43=-0.15 (aspect 1.778)
camera: pos -68.0 22.3 -84.7 | proj _11=1.3948 _22=2.4796 _33=1.00001 _43=-0.15 (aspect 1.778)
camera: pos -67.2 22.5 -84.4 | proj _11=1.3829 _22=2.4585 _33=1.00001 _43=-0.15 (aspect 1.778)
camera: pos -66.1 22.8 -83.8 | proj _11=1.3729 _22=2.4407 _33=1.00001 _43=-0.15 (aspect 1.778)
camera: pos -64.8 20.2 -82.9 | proj _11=1.3615 _22=2.4203 _33=1.00001 _43=-0.15 (aspect 1.778)
camera: pos -64.2 19.9 -82.6 | proj _11=1.3488 _22=2.3978 _33=1.00001 _43=-0.15 (aspect 1.778)
camera: pos -63.6 19.6 -82.3 | proj _11=1.3370 _22=2.3769 _33=1.00001 _43=-0.15 (aspect 1.778)
camera: pos -62.9 19.3 -81.9 | proj _11=1.3254 _22=2.3562 _33=1.00001 _43=-0.15 (aspect 1.778)
camera: pos -62.1 19.2 -81.6 | proj _11=1.3139 _22=2.3359 _33=1.00001 _43=-0.15 (aspect 1.778)
camera: pos -61.3 19.2 -81.3 | proj _11=1.3025 _22=2.3154 _33=1.00001 _43=-0.15 (aspect 1.778)
camera: pos -60.4 19.1 -81.1 | proj _11=1.2917 _22=2.2963 _33=1.00001 _43=-0.15 (aspect 1.778)
camera: pos -59.5 19.1 -81.0 | proj _11=1.2814 _22=2.2779 _33=1.00001 _43=-0.15 (aspect 1.778)
camera: pos -58.6 19.1 -80.8 | proj _11=1.2712 _22=2.2598 _33=1.00001 _43=-0.15 (aspect 1.778)
camera: pos -57.2 18.9 -80.6 | proj _11=1.2563 _22=2.2334 _33=1.00001 _43=-0.15 (aspect 1.778)
camera: pos -56.2 18.8 -80.5 | proj _11=1.2461 _22=2.2153 _33=1.00001 _43=-0.15 (aspect 1.778)
camera: pos -54.6 18.7 -80.2 | proj _11=1.2320 _22=2.1902 _33=1.00001 _43=-0.15 (aspect 1.778)
camera: pos -52.9 18.6 -80.0 | proj _11=1.2185 _22=2.1662 _33=1.00001 _43=-0.15 (aspect 1.778)
camera: pos -51.2 18.6 -79.7 | proj _11=1.2054 _22=2.1428 _33=1.00001 _43=-0.15 (aspect 1.778)
camera: pos -47.1 18.5 -79.1 | proj _11=1.1920 _22=2.1191 _33=1.00001 _43=-0.15 (aspect 1.778)
camera: pos -45.1 18.5 -78.9 | proj _11=1.1811 _22=2.0997 _33=1.00001 _43=-0.15 (aspect 1.778)
camera: pos -42.1 18.4 -78.6 | proj _11=1.1681 _22=2.0766 _33=1.00001 _43=-0.15 (aspect 1.778)
camera: pos -39.3 18.5 -78.4 | proj _11=1.1797 _22=2.0972 _33=1.00001 _43=-0.15 (aspect 1.778)
camera: pos -35.9 18.5 -78.2 | proj _11=1.1904 _22=2.1162 _33=1.00001 _43=-0.15 (aspect 1.778)
camera: pos -32.7 18.5 -78.1 | proj _11=1.2096 _22=2.1504 _33=1.00001 _43=-0.15 (aspect 1.778)
camera: pos -31.9 18.5 -78.1 | proj _11=1.2233 _22=2.1746 _33=1.00001 _43=-0.15 (aspect 1.778)
camera: pos -31.2 18.5 -78.1 | proj _11=1.2378 _22=2.2006 _33=1.00001 _43=-0.15 (aspect 1.778)
camera: pos -30.5 18.5 -78.1 | proj _11=1.2520 _22=2.2257 _33=1.00001 _43=-0.15 (aspect 1.778)
camera: pos -29.8 18.5 -78.1 | proj _11=1.2670 _22=2.2524 _33=1.00001 _43=-0.15 (aspect 1.778)
camera: pos -29.1 18.5 -78.1 | proj _11=1.2825 _22=2.2800 _33=1.00001 _43=-0.15 (aspect 1.778)
camera: pos -28.5 18.5 -78.1 | proj _11=1.2986 _22=2.3086 _33=1.00001 _43=-0.15 (aspect 1.778)
camera: pos -27.9 18.5 -78.1 | proj _11=1.3139 _22=2.3358 _33=1.00001 _43=-0.15 (aspect 1.778)
camera: pos -27.4 18.5 -78.1 | proj _11=1.3298 _22=2.3640 _33=1.00001 _43=-0.15 (aspect 1.778)
camera: pos -26.9 18.6 -78.3 | proj _11=1.3455 _22=2.3920 _33=1.00001 _43=-0.15 (aspect 1.778)
camera: pos -26.3 19.0 -78.9 | proj _11=1.3613 _22=2.4201 _33=1.00001 _43=-0.15 (aspect 1.778)
camera: pos -25.8 19.6 -79.0 | proj _11=1.3783 _22=2.4502 _33=1.00001 _43=-0.15 (aspect 1.778)
camera: pos -22.0 20.9 -79.7 | proj _11=1.3884 _22=2.4682 _33=1.00001 _43=-0.15 (aspect 1.778)
camera: pos -20.9 20.9 -79.5 | proj _11=1.4016 _22=2.4917 _33=1.00001 _43=-0.15 (aspect 1.778)
camera: pos -20.3 20.8 -79.0 | proj _11=1.4210 _22=2.5262 _33=1.00001 _43=-0.15 (aspect 1.778)
camera: pos -19.1 20.5 -78.0 | proj _11=1.4079 _22=2.5028 _33=1.00001 _43=-0.15 (aspect 1.778)
camera: pos -18.3 20.5 -77.9 | proj _11=1.3916 _22=2.4740 _33=1.00001 _43=-0.15 (aspect 1.778)
camera: pos -17.5 20.5 -77.7 | proj _11=1.3750 _22=2.4444 _33=1.00001 _43=-0.15 (aspect 1.778)
camera: pos -16.6 20.2 -77.7 | proj _11=1.3647 _22=2.4261 _33=1.00001 _43=-0.15 (aspect 1.778)
camera: pos -13.6 19.0 -77.7 | proj _11=1.3536 _22=2.4064 _33=1.00001 _43=-0.15 (aspect 1.778)
camera: pos -12.5 18.8 -77.5 | proj _11=1.3367 _22=2.3762 _33=1.00001 _43=-0.15 (aspect 1.778)
camera: pos -11.3 18.7 -77.3 | proj _11=1.3193 _22=2.3453 _33=1.00001 _43=-0.15 (aspect 1.778)
camera: pos -7.7 19.0 -75.7 | proj _11=1.3448 _22=2.3907 _33=1.00001 _43=-0.15 (aspect 1.778)
camera: pos -7.2 19.2 -75.2 | proj _11=1.3651 _22=2.4268 _33=1.00001 _43=-0.15 (aspect 1.778)
camera: pos -6.8 19.4 -74.8 | proj _11=1.3853 _22=2.4626 _33=1.00001 _43=-0.15 (aspect 1.778)
camera: pos -6.4 19.5 -74.3 | proj _11=1.4043 _22=2.4965 _33=1.00001 _43=-0.15 (aspect 1.778)
camera: pos -6.1 19.5 -74.1 | proj _11=1.4292 _22=2.5407 _33=1.00001 _43=-0.15 (aspect 1.778)
camera: pos -5.9 19.5 -74.0 | proj _11=1.4454 _22=2.5695 _33=1.00001 _43=-0.15 (aspect 1.778)
camera: pos -5.6 19.5 -73.9 | proj _11=1.4614 _22=2.5980 _33=1.00001 _43=-0.15 (aspect 1.778)
camera: pos -5.4 19.5 -73.9 | proj _11=1.4801 _22=2.6312 _33=1.00001 _43=-0.15 (aspect 1.778)
camera: pos -5.3 19.5 -73.8 | proj _11=1.4979 _22=2.6628 _33=1.00001 _43=-0.15 (aspect 1.778)
camera: pos -5.1 19.5 -73.7 | proj _11=1.5155 _22=2.6941 _33=1.00001 _43=-0.15 (aspect 1.778)
camera: pos -5.0 19.5 -73.7 | proj _11=1.5336 _22=2.7263 _33=1.00001 _43=-0.15 (aspect 1.778)
camera: pos -4.9 19.3 -73.7 | proj _11=1.5504 _22=2.7562 _33=1.00001 _43=-0.15 (aspect 1.778)
camera: pos -4.9 19.2 -73.8 | proj _11=1.5683 _22=2.7881 _33=1.00001 _43=-0.15 (aspect 1.778)
camera: pos -4.8 19.1 -73.8 | proj _11=1.5862 _22=2.8199 _33=1.00001 _43=-0.15 (aspect 1.778)
camera: pos -4.8 19.1 -73.8 | proj _11=1.6035 _22=2.8506 _33=1.00001 _43=-0.15 (aspect 1.778)
frame 18600 | draws 2716/frame | FFP converted 874/frame (32.2%)
    not converted: screen-space 29  skinned 0  ortho 0  vertex-format 9  untextured 1213  instanced 0  mirrored 0  other-camera 259  no camera 0  other 0 (per frame)
    prepasses hidden: sampler-less 1213/frame, stipple-with-no-colour 218/frame (these used to convert WHITE) | post/composite quads marked 28/frame
    constant-colour materials (no diffuse map, albedo from the shader's own constant) 94/frame | HUD quads demoted to UI 0/frame | back-buffer clears 1/frame | sky draws 60/frame | UI-pass draws converted 0/frame
    instancing: 880 converted from the instance stream/frame, 0 refused/frame (largest single draw 1 instances, 0.7 buffer writes snooped/frame)
    SKINNING: 80 skinned/frame, 80 refused/frame, 7 exact duplicates dropped/frame | 139 meshes decoded, 139 cached, 0 cache flushes
    ALBEDO stage 0 taken raw (no shader reflection) 0/frame
    ALBEDO: constant-only 94/frame, tinted fallback 0/frame, genuinely blank 0/frame (of 94 rank-0 draws/frame)
    ALBEDO WHITE (previously uncounted): named-but-not-bound 0/frame, render-target exclusion left nothing 0/frame | colourless passes now hidden 51/frame | screen-space passes hidden 0/frame | particle billboards hidden 5/frame
    SKIPPED entirely 0/frame (mode 3) | demoted to UI overlay 0/frame | no-albedo materials left to Remix 94/frame
    MARKED with the marker texture 1781/frame (refused as unsafe 0/frame, 3902 SetTexture calls/frame, marker created)
    albedo: moved off stage 0 191/frame, blanked 94/frame, restored from mesh cache 239/frame (3826 meshes cached, 5 flushes) | RT textures known 55 | lights 9.0/frame (24 shaders)
    camera -0.1 21.1 -65.9 | distinct cameras this frame 1 (max 1) | transform writes 547/frame | redundant state calls dropped 18309/frame
    world matrix changes 546/frame | objTM used without a fresh upload 0/frame | uv matrix writes 27/frame (last scale 0.00098, 0.00098)
    TIMING: frame 25.3 ms avg (39 fps), worst 113 ms | shim 10.86 ms avg (42.9% of frame), worst 33.8 ms
    TIMING tail: 248 frames >=33 ms, 1 >=100 ms in this window of 600 | inside real Present 5.67 ms avg, worst 5.1 ms | our other hooks 0.00 ms avg
    converted -> target 14E5CA90 1280x720 fmt=34 : 38 draws/frame
    converted -> target 14E64370 1280x720 fmt=113 : 743 draws/frame
    converted -> target 14E5D060 1280x720 fmt=113 : 6 draws/frame
    converted -> target 14E5CC80 1280x720 fmt=21 : 0 draws/frame
camera: pos -4.2 20.0 -73.6 | proj _11=1.7098 _22=3.0396 _33=1.00001 _43=-0.15 (aspect 1.778)
camera: pos -4.1 19.8 -74.0 | proj _11=1.8228 _22=3.2404 _33=1.00001 _43=-0.15 (aspect 1.778)
camera: pos -4.0 19.6 -74.5 | proj _11=1.9484 _22=3.4637 _33=1.00001 _43=-0.15 (aspect 1.778)
camera: pos -3.8 19.4 -75.0 | proj _11=2.0998 _22=3.7329 _33=1.00001 _43=-0.15 (aspect 1.778)
camera: pos -3.6 19.2 -75.5 | proj _11=2.2683 _22=4.0325 _33=1.00001 _43=-0.15 (aspect 1.778)
camera: pos -3.4 19.0 -76.1 | proj _11=2.4934 _22=4.4327 _33=1.00001 _43=-0.15 (aspect 1.778)
camera: pos -3.2 18.9 -76.5 | proj _11=2.7339 _22=4.8603 _33=1.00001 _43=-0.15 (aspect 1.778)
camera: pos -3.2 18.8 -76.6 | proj _11=2.7992 _22=4.9762 _33=1.00001 _43=-0.15 (aspect 1.778)
camera: pos -2.0 18.3 -78.2 | proj _11=2.7293 _22=4.8521 _33=1.00001 _43=-0.15 (aspect 1.778)
camera: pos -1.9 18.4 -78.1 | proj _11=2.6594 _22=4.7278 _33=1.00001 _43=-0.15 (aspect 1.778)
camera: pos -1.9 18.4 -78.0 | proj _11=2.5942 _22=4.6118 _33=1.00001 _43=-0.15 (aspect 1.778)
camera: pos -1.8 18.5 -78.0 | proj _11=2.5360 _22=4.5083 _33=1.00001 _43=-0.15 (aspect 1.778)
camera: pos -1.7 18.6 -77.8 | proj _11=2.4583 _22=4.3703 _33=1.00001 _43=-0.15 (aspect 1.778)
camera: pos -1.6 18.7 -77.8 | proj _11=2.4077 _22=4.2803 _33=1.00001 _43=-0.15 (aspect 1.778)
camera: pos -1.5 18.7 -77.8 | proj _11=2.3586 _22=4.1930 _33=1.00001 _43=-0.15 (aspect 1.778)
camera: pos -1.3 18.8 -77.9 | proj _11=2.3369 _22=4.1543 _33=1.00001 _43=-0.15 (aspect 1.778)
camera: pos -1.3 18.9 -78.0 | proj _11=2.3162 _22=4.1176 _33=1.00001 _43=-0.15 (aspect 1.778)
camera: pos -1.2 18.9 -78.1 | proj _11=2.2957 _22=4.0811 _33=1.00001 _43=-0.15 (aspect 1.778)
camera: pos -1.1 18.9 -78.2 | proj _11=2.2747 _22=4.0438 _33=1.00001 _43=-0.15 (aspect 1.778)
camera: pos -1.1 18.9 -78.3 | proj _11=2.2530 _22=4.0053 _33=1.00001 _43=-0.15 (aspect 1.778)
camera: pos -1.0 18.9 -78.4 | proj _11=2.2324 _22=3.9686 _33=1.00001 _43=-0.15 (aspect 1.778)
camera: pos -1.0 18.9 -78.5 | proj _11=2.2155 _22=3.9385 _33=1.00001 _43=-0.15 (aspect 1.778)
camera: pos -0.9 18.9 -78.6 | proj _11=2.1966 _22=3.9050 _33=1.00001 _43=-0.15 (aspect 1.778)
camera: pos -0.8 18.9 -78.8 | proj _11=2.1764 _22=3.8690 _33=1.00001 _43=-0.15 (aspect 1.778)
camera: pos -0.8 18.9 -78.9 | proj _11=2.1583 _22=3.8369 _33=1.00001 _43=-0.15 (aspect 1.778)
camera: pos -0.7 18.9 -79.0 | proj _11=2.1396 _22=3.8037 _33=1.00001 _43=-0.15 (aspect 1.778)
camera: pos -0.7 19.0 -79.1 | proj _11=2.1214 _22=3.7713 _33=1.00001 _43=-0.15 (aspect 1.778)
camera: pos -0.6 19.0 -79.3 | proj _11=2.1045 _22=3.7413 _33=1.00001 _43=-0.15 (aspect 1.778)
camera: pos -0.5 19.1 -79.4 | proj _11=2.0864 _22=3.7091 _33=1.00001 _43=-0.15 (aspect 1.778)
camera: pos -0.5 19.1 -79.6 | proj _11=2.0697 _22=3.6794 _33=1.00001 _43=-0.15 (aspect 1.778)
camera: pos -0.4 19.2 -79.7 | proj _11=2.0515 _22=3.6470 _33=1.00001 _43=-0.15 (aspect 1.778)
camera: pos -0.4 19.2 -79.8 | proj _11=2.0347 _22=3.6173 _33=1.00001 _43=-0.15 (aspect 1.778)
camera: pos -0.3 19.2 -80.0 | proj _11=2.0180 _22=3.5874 _33=1.00001 _43=-0.15 (aspect 1.778)
camera: pos -0.3 19.2 -80.1 | proj _11=2.0000 _22=3.5556 _33=1.00001 _43=-0.15 (aspect 1.778)
camera: pos -0.2 19.2 -80.2 | proj _11=1.9834 _22=3.5259 _33=1.00001 _43=-0.15 (aspect 1.778)
camera: pos -0.2 19.2 -80.4 | proj _11=1.9669 _22=3.4967 _33=1.00001 _43=-0.15 (aspect 1.778)
camera: pos -0.1 19.2 -80.5 | proj _11=1.9490 _22=3.4647 _33=1.00001 _43=-0.15 (aspect 1.778)
camera: pos -0.1 19.2 -80.6 | proj _11=1.9306 _22=3.4321 _33=1.00001 _43=-0.15 (aspect 1.778)
camera: pos -0.0 19.2 -80.8 | proj _11=1.9141 _22=3.4028 _33=1.00001 _43=-0.15 (aspect 1.778)
camera: pos -0.0 19.2 -80.9 | proj _11=1.8972 _22=3.3727 _33=1.00001 _43=-0.15 (aspect 1.778)
camera: pos 0.0 19.2 -81.0 | proj _11=1.8818 _22=3.3453 _33=1.00001 _43=-0.15 (aspect 1.778)
camera: pos 0.1 19.2 -81.1 | proj _11=1.8670 _22=3.3190 _33=1.00001 _43=-0.15 (aspect 1.778)
camera: pos 0.1 19.2 -81.3 | proj _11=1.8495 _22=3.2880 _33=1.00001 _43=-0.15 (aspect 1.778)
camera: pos 0.1 19.2 -81.4 | proj _11=1.8352 _22=3.2626 _33=1.00001 _43=-0.15 (aspect 1.778)
camera: pos 0.2 19.2 -81.5 | proj _11=1.8211 _22=3.2375 _33=1.00001 _43=-0.15 (aspect 1.778)
camera: pos 0.2 19.2 -81.6 | proj _11=1.8069 _22=3.2122 _33=1.00001 _43=-0.15 (aspect 1.778)
camera: pos 0.3 19.2 -81.7 | proj _11=1.7930 _22=3.1875 _33=1.00001 _43=-0.15 (aspect 1.778)
camera: pos 0.3 19.2 -81.7 | proj _11=1.7767 _22=3.1585 _33=1.00001 _43=-0.15 (aspect 1.778)
camera: pos 0.3 19.2 -81.8 | proj _11=1.7638 _22=3.1356 _33=1.00001 _43=-0.15 (aspect 1.778)
camera: pos 0.3 19.2 -81.9 | proj _11=1.7511 _22=3.1130 _33=1.00001 _43=-0.15 (aspect 1.778)
camera: pos 0.4 19.2 -82.0 | proj _11=1.7361 _22=3.0863 _33=1.00001 _43=-0.15 (aspect 1.778)
camera: pos 0.4 19.2 -82.1 | proj _11=1.7222 _22=3.0617 _33=1.00001 _43=-0.15 (aspect 1.778)
camera: pos 0.3 19.1 -82.2 | proj _11=1.7087 _22=3.0377 _33=1.00001 _43=-0.15 (aspect 1.778)
camera: pos 0.2 19.2 -82.3 | proj _11=1.6959 _22=3.0149 _33=1.00001 _43=-0.15 (aspect 1.778)
camera: pos 0.1 19.3 -82.3 | proj _11=1.6836 _22=2.9930 _33=1.00001 _43=-0.15 (aspect 1.778)
camera: pos -0.2 19.4 -82.4 | proj _11=1.6712 _22=2.9710 _33=1.00001 _43=-0.15 (aspect 1.778)
camera: pos -0.6 19.6 -82.5 | proj _11=1.6589 _22=2.9492 _33=1.00001 _43=-0.15 (aspect 1.778)
camera: pos -0.8 19.9 -82.5 | proj _11=1.6473 _22=2.9284 _33=1.00001 _43=-0.15 (aspect 1.778)
camera: pos -1.0 20.0 -82.5 | proj _11=1.6357 _22=2.9078 _33=1.00001 _43=-0.15 (aspect 1.778)
camera: pos -1.2 20.1 -82.6 | proj _11=1.6246 _22=2.8882 _33=1.00001 _43=-0.15 (aspect 1.778)
camera: pos -1.5 20.3 -82.7 | proj _11=1.6136 _22=2.8685 _33=1.00001 _43=-0.15 (aspect 1.778)
camera: pos -2.9 21.0 -88.4 | proj _11=1.6973 _22=3.0173 _33=1.00001 _43=-0.15 (aspect 1.778)
camera: pos -2.8 20.8 -88.8 | proj _11=1.7890 _22=3.1804 _33=1.00001 _43=-0.15 (aspect 1.778)
camera: pos -2.6 20.5 -89.1 | proj _11=1.8897 _22=3.3595 _33=1.00001 _43=-0.15 (aspect 1.778)
camera: pos -2.5 20.3 -89.4 | proj _11=2.0038 _22=3.5623 _33=1.00001 _43=-0.15 (aspect 1.778)
camera: pos -2.3 20.1 -89.8 | proj _11=2.1381 _22=3.8011 _33=1.00001 _43=-0.15 (aspect 1.778)
camera: pos -2.1 19.8 -90.1 | proj _11=2.2827 _22=4.0581 _33=1.00001 _43=-0.15 (aspect 1.778)
camera: pos -2.0 19.6 -90.4 | proj _11=2.4455 _22=4.3476 _33=1.00001 _43=-0.15 (aspect 1.778)
camera: pos -1.8 19.4 -90.7 | proj _11=2.6360 _22=4.6862 _33=1.00001 _43=-0.15 (aspect 1.778)
camera: pos -1.6 19.3 -91.0 | proj _11=2.7992 _22=4.9762 _33=1.00001 _43=-0.15 (aspect 1.778)
camera: pos -1.6 19.5 -91.1 | proj _11=2.7298 _22=4.8530 _33=1.00001 _43=-0.15 (aspect 1.778)
camera: pos -1.7 19.6 -91.0 | proj _11=2.6660 _22=4.7394 _33=1.00001 _43=-0.15 (aspect 1.778)
camera: pos -1.7 19.6 -90.9 | proj _11=2.6153 _22=4.6494 _33=1.00001 _43=-0.15 (aspect 1.778)
camera: pos -1.7 19.7 -90.8 | proj _11=2.5605 _22=4.5520 _33=1.00001 _43=-0.15 (aspect 1.778)
camera: pos -1.8 19.8 -90.8 | proj _11=2.5082 _22=4.4590 _33=1.00001 _43=-0.15 (aspect 1.778)
camera: pos -1.8 19.9 -90.7 | proj _11=2.4559 _22=4.3660 _33=1.00001 _43=-0.15 (aspect 1.778)
camera: pos -1.9 19.9 -90.6 | proj _11=2.4033 _22=4.2725 _33=1.00001 _43=-0.15 (aspect 1.778)
camera: pos -2.0 20.0 -90.5 | proj _11=2.3526 _22=4.1823 _33=1.00001 _43=-0.15 (aspect 1.778)
camera: pos -2.0 20.1 -90.5 | proj _11=2.3034 _22=4.0948 _33=1.00001 _43=-0.15 (aspect 1.778)
camera: pos -2.1 20.2 -90.4 | proj _11=2.2575 _22=4.0133 _33=1.00001 _43=-0.15 (aspect 1.778)
camera: pos -2.2 20.3 -90.3 | proj _11=2.2161 _22=3.9396 _33=1.00001 _43=-0.15 (aspect 1.778)
camera: pos -2.2 20.3 -90.3 | proj _11=2.1709 _22=3.8593 _33=1.00001 _43=-0.15 (aspect 1.778)
camera: pos -2.3 20.4 -90.2 | proj _11=2.1283 _22=3.7835 _33=1.00001 _43=-0.15 (aspect 1.778)
camera: pos -2.4 20.5 -90.1 | proj _11=2.0812 _22=3.6999 _33=1.00001 _43=-0.15 (aspect 1.778)
camera: pos -2.5 20.6 -90.1 | proj _11=2.0453 _22=3.6359 _33=1.00001 _43=-0.15 (aspect 1.778)
camera: pos -2.6 20.6 -90.0 | proj _11=2.0100 _22=3.5733 _33=1.00001 _43=-0.15 (aspect 1.778)
camera: pos -2.6 20.7 -90.0 | proj _11=1.9762 _22=3.5132 _33=1.00001 _43=-0.15 (aspect 1.778)
camera: pos -2.7 20.8 -89.9 | proj _11=1.9427 _22=3.4536 _33=1.00001 _43=-0.15 (aspect 1.778)
camera: pos -2.8 20.8 -89.8 | proj _11=1.9072 _22=3.3905 _33=1.00001 _43=-0.15 (aspect 1.778)
camera: pos -2.9 20.9 -89.8 | proj _11=1.8751 _22=3.3334 _33=1.00001 _43=-0.15 (aspect 1.778)
camera: pos -3.1 20.9 -89.7 | proj _11=1.8437 _22=3.2777 _33=1.00001 _43=-0.15 (aspect 1.778)
camera: pos -3.2 20.9 -89.7 | proj _11=1.8123 _22=3.2218 _33=1.00001 _43=-0.15 (aspect 1.778)
camera: pos -3.4 20.9 -89.7 | proj _11=1.7794 _22=3.1634 _33=1.00001 _43=-0.15 (aspect 1.778)
camera: pos -3.6 20.9 -89.7 | proj _11=1.7503 _22=3.1117 _33=1.00001 _43=-0.15 (aspect 1.778)
camera: pos -3.8 20.9 -89.7 | proj _11=1.7218 _22=3.0610 _33=1.00001 _43=-0.15 (aspect 1.778)
camera: pos -4.0 20.9 -89.8 | proj _11=1.6948 _22=3.0128 _33=1.00001 _43=-0.15 (aspect 1.778)
camera: pos -4.3 20.8 -89.9 | proj _11=1.6629 _22=2.9562 _33=1.00001 _43=-0.15 (aspect 1.778)
camera: pos -4.6 20.7 -90.1 | proj _11=1.6359 _22=2.9083 _33=1.00001 _43=-0.15 (aspect 1.778)
camera: pos -4.9 20.7 -90.4 | proj _11=1.6085 _22=2.8594 _33=1.00001 _43=-0.15 (aspect 1.778)
camera: pos 1.3 21.7 -93.7 | proj _11=1.7205 _22=3.0586 _33=1.00001 _43=-0.15 (aspect 1.778)
camera: pos 1.6 21.4 -93.6 | proj _11=1.8294 _22=3.2522 _33=1.00001 _43=-0.15 (aspect 1.778)
camera: pos 2.0 21.1 -93.5 | proj _11=1.9477 _22=3.4625 _33=1.00001 _43=-0.15 (aspect 1.778)
camera: pos 2.4 20.8 -93.4 | proj _11=2.0808 _22=3.6991 _33=1.00001 _43=-0.15 (aspect 1.778)
camera: pos 2.8 20.5 -93.3 | proj _11=2.2261 _22=3.9574 _33=1.00001 _43=-0.15 (aspect 1.778)
camera: pos 3.2 20.2 -93.2 | proj _11=2.4114 _22=4.2868 _33=1.00001 _43=-0.15 (aspect 1.778)
camera: pos 3.6 19.8 -93.1 | proj _11=2.6456 _22=4.7031 _33=1.00001 _43=-0.15 (aspect 1.778)
camera: pos 3.9 19.6 -92.9 | proj _11=2.7992 _22=4.9762 _33=1.00001 _43=-0.15 (aspect 1.778)
frame 19200 | draws 2662/frame | FFP converted 854/frame (32.1%)
    not converted: screen-space 29  skinned 0  ortho 0  vertex-format 9  untextured 1189  instanced 0  mirrored 0  other-camera 253  no camera 0  other 0 (per frame)
    prepasses hidden: sampler-less 1189/frame, stipple-with-no-colour 216/frame (these used to convert WHITE) | post/composite quads marked 28/frame
    constant-colour materials (no diffuse map, albedo from the shader's own constant) 91/frame | HUD quads demoted to UI 0/frame | back-buffer clears 1/frame | sky draws 58/frame | UI-pass draws converted 0/frame
    instancing: 859 converted from the instance stream/frame, 0 refused/frame (largest single draw 1 instances, 0.7 buffer writes snooped/frame)
    SKINNING: 80 skinned/frame, 78 refused/frame, 7 exact duplicates dropped/frame | 144 meshes decoded, 144 cached, 0 cache flushes
    ALBEDO stage 0 taken raw (no shader reflection) 0/frame
    ALBEDO: constant-only 91/frame, tinted fallback 0/frame, genuinely blank 0/frame (of 91 rank-0 draws/frame)
    ALBEDO WHITE (previously uncounted): named-but-not-bound 0/frame, render-target exclusion left nothing 0/frame | colourless passes now hidden 49/frame | screen-space passes hidden 0/frame | particle billboards hidden 5/frame
    SKIPPED entirely 0/frame (mode 3) | demoted to UI overlay 0/frame | no-albedo materials left to Remix 91/frame
    MARKED with the marker texture 1747/frame (refused as unsafe 0/frame, 3834 SetTexture calls/frame, marker created)
    albedo: moved off stage 0 188/frame, blanked 91/frame, restored from mesh cache 234/frame (3970 meshes cached, 5 flushes) | RT textures known 55 | lights 8.8/frame (24 shaders)
    camera 3.9 19.6 -92.9 | distinct cameras this frame 1 (max 1) | transform writes 533/frame | redundant state calls dropped 17897/frame
    world matrix changes 532/frame | objTM used without a fresh upload 0/frame | uv matrix writes 26/frame (last scale 0.00098, 0.00098)
    TIMING: frame 25.2 ms avg (40 fps), worst 45 ms | shim 10.80 ms avg (42.9% of frame), worst 19.7 ms
    TIMING tail: 19 frames >=33 ms, 0 >=100 ms in this window of 600 | inside real Present 5.51 ms avg, worst 8.8 ms | our other hooks 0.00 ms avg
    converted -> target 14E5CA90 1280x720 fmt=34 : 37 draws/frame
    converted -> target 14E64370 1280x720 fmt=113 : 726 draws/frame
    converted -> target 14E5D060 1280x720 fmt=113 : 6 draws/frame
    converted -> target 14E5CC80 1280x720 fmt=21 : 0 draws/frame
camera: pos 4.2 19.7 -92.7 | proj _11=2.7253 _22=4.8449 _33=1.00001 _43=-0.15 (aspect 1.778)
camera: pos 4.2 19.8 -92.7 | proj _11=2.6663 _22=4.7401 _33=1.00001 _43=-0.15 (aspect 1.778)
camera: pos 4.2 19.9 -92.7 | proj _11=2.6080 _22=4.6364 _33=1.00001 _43=-0.15 (aspect 1.778)
camera: pos 4.1 20.0 -92.7 | proj _11=2.5491 _22=4.5316 _33=1.00001 _43=-0.15 (aspect 1.778)
camera: pos 4.1 20.1 -92.7 | proj _11=2.4963 _22=4.4377 _33=1.00001 _43=-0.15 (aspect 1.778)
camera: pos 4.1 20.2 -92.7 | proj _11=2.4364 _22=4.3313 _33=1.00001 _43=-0.15 (aspect 1.778)
camera: pos 4.1 20.3 -92.7 | proj _11=2.3875 _22=4.2444 _33=1.00001 _43=-0.15 (aspect 1.778)
camera: pos 4.0 20.4 -92.6 | proj _11=2.3263 _22=4.1357 _33=1.00001 _43=-0.15 (aspect 1.778)
camera: pos 4.0 20.4 -92.6 | proj _11=2.2824 _22=4.0575 _33=1.00001 _43=-0.15 (aspect 1.778)
camera: pos 4.0 20.5 -92.6 | proj _11=2.2336 _22=3.9708 _33=1.00001 _43=-0.15 (aspect 1.778)
camera: pos 4.0 20.6 -92.6 | proj _11=2.1897 _22=3.8928 _33=1.00001 _43=-0.15 (aspect 1.778)
camera: pos 4.0 20.7 -92.6 | proj _11=2.1500 _22=3.8221 _33=1.00001 _43=-0.15 (aspect 1.778)
camera: pos 4.0 20.8 -92.6 | proj _11=2.1084 _22=3.7482 _33=1.00001 _43=-0.15 (aspect 1.778)
camera: pos 4.0 20.9 -92.5 | proj _11=2.0653 _22=3.6717 _33=1.00001 _43=-0.15 (aspect 1.778)
camera: pos 4.0 21.0 -92.5 | proj _11=2.0257 _22=3.6012 _33=1.00001 _43=-0.15 (aspect 1.778)
camera: pos 3.9 21.1 -92.5 | proj _11=1.9802 _22=3.5203 _33=1.00001 _43=-0.15 (aspect 1.778)
camera: pos 3.9 21.2 -92.5 | proj _11=1.9456 _22=3.4588 _33=1.00001 _43=-0.15 (aspect 1.778)
camera: pos 3.9 21.3 -92.5 | proj _11=1.9101 _22=3.3956 _33=1.00001 _43=-0.15 (aspect 1.778)
camera: pos 3.9 21.4 -92.5 | proj _11=1.8736 _22=3.3308 _33=1.00001 _43=-0.15 (aspect 1.778)
camera: pos 3.9 21.4 -92.4 | proj _11=1.8417 _22=3.2740 _33=1.00001 _43=-0.15 (aspect 1.778)
camera: pos 3.8 21.5 -92.4 | proj _11=1.8082 _22=3.2145 _33=1.00001 _43=-0.15 (aspect 1.778)
camera: pos 3.8 21.6 -92.4 | proj _11=1.7766 _22=3.1583 _33=1.00001 _43=-0.15 (aspect 1.778)
camera: pos 3.8 21.7 -92.4 | proj _11=1.7468 _22=3.1053 _33=1.00001 _43=-0.15 (aspect 1.778)
camera: pos 3.8 21.8 -92.4 | proj _11=1.7142 _22=3.0473 _33=1.00001 _43=-0.15 (aspect 1.778)
camera: pos 3.8 21.9 -92.4 | proj _11=1.6863 _22=2.9978 _33=1.00001 _43=-0.15 (aspect 1.778)
camera: pos 3.8 22.0 -92.3 | proj _11=1.6579 _22=2.9474 _33=1.00001 _43=-0.15 (aspect 1.778)
camera: pos 3.7 22.1 -92.3 | proj _11=1.6252 _22=2.8892 _33=1.00001 _43=-0.15 (aspect 1.778)
camera: pos 3.8 22.1 -92.3 | proj _11=1.6085 _22=2.8594 _33=1.00001 _43=-0.15 (aspect 1.778)
camera: pos 5.8 21.7 -91.6 | proj _11=1.7179 _22=3.0540 _33=1.00001 _43=-0.15 (aspect 1.778)
camera: pos 6.2 21.4 -91.5 | proj _11=1.8247 _22=3.2438 _33=1.00001 _43=-0.15 (aspect 1.778)
camera: pos 6.6 21.1 -91.4 | proj _11=1.9476 _22=3.4623 _33=1.00001 _43=-0.15 (aspect 1.778)
camera: pos 7.0 20.8 -91.3 | proj _11=2.0811 _22=3.6996 _33=1.00001 _43=-0.15 (aspect 1.778)
camera: pos 7.3 20.5 -91.2 | proj _11=2.2230 _22=3.9520 _33=1.00001 _43=-0.15 (aspect 1.778)
camera: pos 7.7 20.2 -91.1 | proj _11=2.3922 _22=4.2527 _33=1.00001 _43=-0.15 (aspect 1.778)
camera: pos 8.1 19.9 -91.0 | proj _11=2.5768 _22=4.5808 _33=1.00001 _43=-0.15 (aspect 1.778)
camera: pos 8.4 19.6 -90.9 | proj _11=2.7923 _22=4.9640 _33=1.00001 _43=-0.15 (aspect 1.778)
camera: pos 11.4 19.7 -89.5 | proj _11=2.7414 _22=4.8735 _33=1.00001 _43=-0.15 (aspect 1.778)
camera: pos 11.3 19.8 -89.5 | proj _11=2.6795 _22=4.7635 _33=1.00001 _43=-0.15 (aspect 1.778)
camera: pos 11.3 19.9 -89.5 | proj _11=2.6198 _22=4.6574 _33=1.00001 _43=-0.15 (aspect 1.778)
camera: pos 11.2 20.0 -89.5 | proj _11=2.5660 _22=4.5617 _33=1.00001 _43=-0.15 (aspect 1.778)
camera: pos 11.2 20.1 -89.5 | proj _11=2.5115 _22=4.4648 _33=1.00001 _43=-0.15 (aspect 1.778)
camera: pos 11.1 20.1 -89.5 | proj _11=2.4552 _22=4.3648 _33=1.00001 _43=-0.15 (aspect 1.778)
camera: pos 11.1 20.2 -89.5 | proj _11=2.4087 _22=4.2821 _33=1.00001 _43=-0.15 (aspect 1.778)
camera: pos 11.0 20.3 -89.6 | proj _11=2.3600 _22=4.1955 _33=1.00001 _43=-0.15 (aspect 1.778)
camera: pos 10.9 20.4 -89.6 | proj _11=2.3135 _22=4.1129 _33=1.00001 _43=-0.15 (aspect 1.778)
camera: pos 10.9 20.5 -89.7 | proj _11=2.2687 _22=4.0331 _33=1.00001 _43=-0.15 (aspect 1.778)
camera: pos 10.8 20.6 -89.7 | proj _11=2.2251 _22=3.9557 _33=1.00001 _43=-0.15 (aspect 1.778)
camera: pos 10.8 20.6 -89.8 | proj _11=2.1829 _22=3.8807 _33=1.00001 _43=-0.15 (aspect 1.778)
camera: pos 10.7 20.7 -89.9 | proj _11=2.1422 _22=3.8083 _33=1.00001 _43=-0.15 (aspect 1.778)
camera: pos 10.7 20.8 -90.0 | proj _11=2.1030 _22=3.7385 _33=1.00001 _43=-0.15 (aspect 1.778)
camera: pos 10.6 20.9 -90.0 | proj _11=2.0650 _22=3.6710 _33=1.00001 _43=-0.15 (aspect 1.778)
camera: pos 10.6 21.0 -90.1 | proj _11=2.0277 _22=3.6047 _33=1.00001 _43=-0.15 (aspect 1.778)
camera: pos 10.5 21.0 -90.2 | proj _11=1.9918 _22=3.5410 _33=1.00001 _43=-0.15 (aspect 1.778)
camera: pos 10.4 21.1 -90.4 | proj _11=1.9556 _22=3.4765 _33=1.00001 _43=-0.15 (aspect 1.778)
camera: pos 10.4 21.1 -90.7 | proj _11=1.9217 _22=3.4163 _33=1.00001 _43=-0.15 (aspect 1.778)
camera: pos 10.4 21.1 -91.0 | proj _11=1.8898 _22=3.3595 _33=1.00001 _43=-0.15 (aspect 1.778)
camera: pos 10.4 21.1 -91.3 | proj _11=1.8577 _22=3.3026 _33=1.00001 _43=-0.15 (aspect 1.778)
camera: pos 10.4 21.1 -91.7 | proj _11=1.8250 _22=3.2443 _33=1.00001 _43=-0.15 (aspect 1.778)
camera: pos 10.4 21.1 -92.1 | proj _11=1.7938 _22=3.1888 _33=1.00001 _43=-0.15 (aspect 1.778)
camera: pos 10.5 21.0 -92.5 | proj _11=1.7614 _22=3.1314 _33=1.00001 _43=-0.15 (aspect 1.778)
camera: pos 10.6 21.1 -92.9 | proj _11=1.7290 _22=3.0738 _33=1.00001 _43=-0.15 (aspect 1.778)
camera: pos 10.7 21.1 -93.3 | proj _11=1.6952 _22=3.0136 _33=1.00001 _43=-0.15 (aspect 1.778)
camera: pos 10.9 21.1 -93.8 | proj _11=1.6601 _22=2.9513 _33=1.00001 _43=-0.15 (aspect 1.778)
camera: pos 11.2 21.2 -94.2 | proj _11=1.6262 _22=2.8909 _33=1.00001 _43=-0.15 (aspect 1.778)
camera: pos 11.5 21.2 -94.6 | proj _11=1.6085 _22=2.8594 _33=1.00001 _43=-0.15 (aspect 1.778)
mesh albedo cache flushed at 4096 entries (flush #6) - it had stopped protecting anything newly streamed
camera: pos 8.6 17.5 -90.5 | proj _11=1.5920 _22=2.8301 _33=1.00001 _43=-0.15 (aspect 1.778)
camera: pos 8.1 17.5 -90.1 | proj _11=1.5755 _22=2.8008 _33=1.00001 _43=-0.15 (aspect 1.778)
camera: pos 7.6 17.6 -89.6 | proj _11=1.5587 _22=2.7710 _33=1.00001 _43=-0.15 (aspect 1.778)
camera: pos 7.2 17.6 -89.3 | proj _11=1.5429 _22=2.7429 _33=1.00001 _43=-0.15 (aspect 1.778)
camera: pos 6.7 17.8 -89.0 | proj _11=1.5283 _22=2.7169 _33=1.00001 _43=-0.15 (aspect 1.778)
camera: pos 6.2 18.0 -88.7 | proj _11=1.5129 _22=2.6895 _33=1.00001 _43=-0.15 (aspect 1.778)
camera: pos 5.7 18.0 -88.3 | proj _11=1.4987 _22=2.6642 _33=1.00001 _43=-0.15 (aspect 1.778)
camera: pos 5.2 18.2 -87.9 | proj _11=1.4840 _22=2.6382 _33=1.00001 _43=-0.15 (aspect 1.778)
camera: pos 4.9 18.2 -87.5 | proj _11=1.4703 _22=2.6138 _33=1.00001 _43=-0.15 (aspect 1.778)
camera: pos 4.6 18.2 -87.1 | proj _11=1.4571 _22=2.5903 _33=1.00001 _43=-0.15 (aspect 1.778)
camera: pos 4.5 18.3 -86.6 | proj _11=1.4438 _22=2.5667 _33=1.00001 _43=-0.15 (aspect 1.778)
camera: pos 4.3 18.4 -86.1 | proj _11=1.4306 _22=2.5432 _33=1.00001 _43=-0.15 (aspect 1.778)
camera: pos 3.9 18.5 -85.8 | proj _11=1.4175 _22=2.5200 _33=1.00001 _43=-0.15 (aspect 1.778)
camera: pos 3.3 18.5 -85.4 | proj _11=1.4044 _22=2.4967 _33=1.00001 _43=-0.15 (aspect 1.778)
camera: pos 2.9 18.6 -85.0 | proj _11=1.3906 _22=2.4721 _33=1.00001 _43=-0.15 (aspect 1.778)
camera: pos 2.6 18.6 -84.5 | proj _11=1.3776 _22=2.4491 _33=1.00001 _43=-0.15 (aspect 1.778)
camera: pos 2.2 18.6 -84.0 | proj _11=1.3636 _22=2.4242 _33=1.00001 _43=-0.15 (aspect 1.778)
camera: pos 1.7 18.7 -83.5 | proj _11=1.3505 _22=2.4009 _33=1.00001 _43=-0.15 (aspect 1.778)
camera: pos 1.4 18.7 -83.0 | proj _11=1.3368 _22=2.3764 _33=1.00001 _43=-0.15 (aspect 1.778)
camera: pos 1.0 18.7 -82.5 | proj _11=1.3243 _22=2.3542 _33=1.00001 _43=-0.15 (aspect 1.778)
camera: pos 0.7 18.7 -82.0 | proj _11=1.3120 _22=2.3325 _33=1.00001 _43=-0.15 (aspect 1.778)
camera: pos 0.3 18.7 -81.5 | proj _11=1.2995 _22=2.3103 _33=1.00001 _43=-0.15 (aspect 1.778)
camera: pos -28.8 18.3 -67.4 | proj _11=1.4714 _22=2.6158 _33=1.00001 _43=-0.15 (aspect 1.778)
camera: pos -29.2 18.3 -67.0 | proj _11=1.6908 _22=3.0058 _33=1.00001 _43=-0.15 (aspect 1.778)
camera: pos -29.5 18.2 -66.7 | proj _11=1.9418 _22=3.4520 _33=1.00001 _43=-0.15 (aspect 1.778)
camera: pos -29.8 18.1 -66.3 | proj _11=2.3398 _22=4.1596 _33=1.00001 _43=-0.15 (aspect 1.778)
camera: pos -30.2 18.1 -66.0 | proj _11=2.7992 _22=4.9762 _33=1.00001 _43=-0.15 (aspect 1.778)
camera: pos -31.1 18.4 -65.9 | proj _11=2.6818 _22=4.7676 _33=1.00001 _43=-0.15 (aspect 1.778)
camera: pos -31.2 18.5 -66.0 | proj _11=2.5701 _22=4.5691 _33=1.00001 _43=-0.15 (aspect 1.778)
camera: pos -31.2 18.7 -66.1 | proj _11=2.4650 _22=4.3822 _33=1.00001 _43=-0.15 (aspect 1.778)
camera: pos -31.4 18.9 -65.7 | proj _11=2.4214 _22=4.3046 _33=1.00001 _43=-0.15 (aspect 1.778)
camera: pos -31.5 18.9 -65.6 | proj _11=2.3892 _22=4.2474 _33=1.00001 _43=-0.15 (aspect 1.778)
camera: pos -31.5 18.9 -65.6 | proj _11=2.3658 _22=4.2058 _33=1.00001 _43=-0.15 (aspect 1.778)
camera: pos -31.6 18.9 -65.5 | proj _11=2.3454 _22=4.1695 _33=1.00001 _43=-0.15 (aspect 1.778)
camera: pos -31.7 18.9 -65.4 | proj _11=2.3268 _22=4.1365 _33=1.00001 _43=-0.15 (aspect 1.778)
camera: pos -31.7 18.9 -65.3 | proj _11=2.3073 _22=4.1017 _33=1.00001 _43=-0.15 (aspect 1.778)
camera: pos -31.8 18.9 -65.2 | proj _11=2.2878 _22=4.0671 _33=1.00001 _43=-0.15 (aspect 1.778)
camera: pos -31.9 18.9 -65.1 | proj _11=2.2683 _22=4.0325 _33=1.00001 _43=-0.15 (aspect 1.778)
camera: pos -32.0 18.9 -65.0 | proj _11=2.2483 _22=3.9968 _33=1.00001 _43=-0.15 (aspect 1.778)
camera: pos -32.1 18.9 -65.0 | proj _11=2.2294 _22=3.9633 _33=1.00001 _43=-0.15 (aspect 1.778)
camera: pos -32.1 18.9 -64.9 | proj _11=2.2100 _22=3.9288 _33=1.00001 _43=-0.15 (aspect 1.778)
camera: pos -32.2 19.0 -64.8 | proj _11=2.1908 _22=3.8947 _33=1.00001 _43=-0.15 (aspect 1.778)
camera: pos -32.3 19.0 -64.7 | proj _11=2.1715 _22=3.8604 _33=1.00001 _43=-0.15 (aspect 1.778)
camera: pos -32.4 19.0 -64.6 | proj _11=2.1524 _22=3.8265 _33=1.00001 _43=-0.15 (aspect 1.778)
camera: pos -32.5 19.0 -64.5 | proj _11=2.1332 _22=3.7923 _33=1.00001 _43=-0.15 (aspect 1.778)
camera: pos -32.6 19.0 -64.3 | proj _11=2.1133 _22=3.7568 _33=1.00001 _43=-0.15 (aspect 1.778)
camera: pos -32.7 19.0 -64.2 | proj _11=2.0893 _22=3.7142 _33=1.00001 _43=-0.15 (aspect 1.778)
camera: pos -32.9 19.0 -64.2 | proj _11=2.0651 _22=3.6712 _33=1.00001 _43=-0.15 (aspect 1.778)
camera: pos -33.1 19.1 -64.2 | proj _11=2.0447 _22=3.6349 _33=1.00001 _43=-0.15 (aspect 1.778)
camera: pos -33.4 19.1 -64.2 | proj _11=2.0224 _22=3.5954 _33=1.00001 _43=-0.15 (aspect 1.778)
camera: pos -33.7 19.2 -64.3 | proj _11=2.0011 _22=3.5575 _33=1.00001 _43=-0.15 (aspect 1.778)
camera: pos -34.0 19.2 -64.4 | proj _11=1.9804 _22=3.5207 _33=1.00001 _43=-0.15 (aspect 1.778)
camera: pos -34.3 19.3 -64.4 | proj _11=1.9619 _22=3.4878 _33=1.00001 _43=-0.15 (aspect 1.778)
camera: pos -34.7 19.3 -64.5 | proj _11=1.9435 _22=3.4551 _33=1.00001 _43=-0.15 (aspect 1.778)
camera: pos -35.1 19.4 -64.5 | proj _11=1.9248 _22=3.4218 _33=1.00001 _43=-0.15 (aspect 1.778)
camera: pos -35.5 19.5 -64.6 | proj _11=1.9063 _22=3.3888 _33=1.00001 _43=-0.15 (aspect 1.778)
camera: pos -35.8 19.5 -64.6 | proj _11=1.8906 _22=3.3609 _33=1.00001 _43=-0.15 (aspect 1.778)
camera: pos -36.2 19.6 -64.6 | proj _11=1.8753 _22=3.3338 _33=1.00001 _43=-0.15 (aspect 1.778)
camera: pos -36.5 19.6 -64.5 | proj _11=1.8594 _22=3.3055 _33=1.00001 _43=-0.15 (aspect 1.778)
frame 19800 | draws 2664/frame | FFP converted 854/frame (32.1%)
    not converted: screen-space 29  skinned 0  ortho 0  vertex-format 9  untextured 1188  instanced 0  mirrored 0  other-camera 256  no camera 0  other 0 (per frame)
    prepasses hidden: sampler-less 1188/frame, stipple-with-no-colour 215/frame (these used to convert WHITE) | post/composite quads marked 29/frame
    constant-colour materials (no diffuse map, albedo from the shader's own constant) 90/frame | HUD quads demoted to UI 0/frame | back-buffer clears 1/frame | sky draws 58/frame | UI-pass draws converted 0/frame
    instancing: 862 converted from the instance stream/frame, 0 refused/frame (largest single draw 1 instances, 0.7 buffer writes snooped/frame)
    SKINNING: 80 skinned/frame, 77 refused/frame, 7 exact duplicates dropped/frame | 147 meshes decoded, 147 cached, 0 cache flushes
    ALBEDO stage 0 taken raw (no shader reflection) 0/frame
    ALBEDO: constant-only 90/frame, tinted fallback 0/frame, genuinely blank 0/frame (of 90 rank-0 draws/frame)
    ALBEDO WHITE (previously uncounted): named-but-not-bound 0/frame, render-target exclusion left nothing 0/frame | colourless passes now hidden 49/frame | screen-space passes hidden 0/frame | particle billboards hidden 5/frame
    SKIPPED entirely 0/frame (mode 3) | demoted to UI overlay 0/frame | no-albedo materials left to Remix 90/frame
    MARKED with the marker texture 1749/frame (refused as unsafe 0/frame, 3840 SetTexture calls/frame, marker created)
    albedo: moved off stage 0 188/frame, blanked 90/frame, restored from mesh cache 235/frame (1989 meshes cached, 6 flushes) | RT textures known 55 | lights 8.7/frame (24 shaders)
    camera -36.5 19.6 -64.5 | distinct cameras this frame 1 (max 1) | transform writes 533/frame | redundant state calls dropped 17896/frame
    world matrix changes 532/frame | objTM used without a fresh upload 0/frame | uv matrix writes 26/frame (last scale 0.00098, 0.00098)
    TIMING: frame 25.1 ms avg (40 fps), worst 88 ms | shim 10.85 ms avg (43.2% of frame), worst 29.2 ms
    TIMING tail: 78 frames >=33 ms, 0 >=100 ms in this window of 600 | inside real Present 5.41 ms avg, worst 36.4 ms | our other hooks 0.00 ms avg
    converted -> target 14E5CA90 1280x720 fmt=34 : 37 draws/frame
    converted -> target 14E64370 1280x720 fmt=113 : 727 draws/frame
    converted -> target 14E5D060 1280x720 fmt=113 : 6 draws/frame
    converted -> target 14E5CC80 1280x720 fmt=21 : 0 draws/frame
camera: pos -36.8 19.7 -64.5 | proj _11=1.8453 _22=3.2805 _33=1.00001 _43=-0.15 (aspect 1.778)
camera: pos -37.0 19.7 -64.4 | proj _11=1.8335 _22=3.2595 _33=1.00001 _43=-0.15 (aspect 1.778)
camera: pos -37.2 19.8 -64.4 | proj _11=1.8211 _22=3.2375 _33=1.00001 _43=-0.15 (aspect 1.778)
camera: pos -37.5 19.8 -64.3 | proj _11=1.8082 _22=3.2144 _33=1.00001 _43=-0.15 (aspect 1.778)
camera: pos -37.6 19.9 -64.2 | proj _11=1.7948 _22=3.1907 _33=1.00001 _43=-0.15 (aspect 1.778)
camera: pos -37.8 19.9 -64.1 | proj _11=1.7818 _22=3.1676 _33=1.00001 _43=-0.15 (aspect 1.778)
camera: pos -37.9 19.9 -64.1 | proj _11=1.7696 _22=3.1459 _33=1.00001 _43=-0.15 (aspect 1.778)
camera: pos -38.0 19.9 -64.0 | proj _11=1.7576 _22=3.1245 _33=1.00001 _43=-0.15 (aspect 1.778)
camera: pos -38.0 20.0 -63.9 | proj _11=1.7451 _22=3.1024 _33=1.00001 _43=-0.15 (aspect 1.778)
camera: pos -38.1 20.0 -63.8 | proj _11=1.7332 _22=3.0811 _33=1.00001 _43=-0.15 (aspect 1.778)
camera: pos -38.1 20.0 -63.7 | proj _11=1.7211 _22=3.0596 _33=1.00001 _43=-0.15 (aspect 1.778)
camera: pos -38.2 20.0 -63.7 | proj _11=1.7094 _22=3.0389 _33=1.00001 _43=-0.15 (aspect 1.778)
camera: pos -38.2 20.0 -63.6 | proj _11=1.6976 _22=3.0179 _33=1.00001 _43=-0.15 (aspect 1.778)
camera: pos -38.2 20.0 -63.5 | proj _11=1.6862 _22=2.9977 _33=1.00001 _43=-0.15 (aspect 1.778)
camera: pos -38.2 20.0 -63.4 | proj _11=1.6747 _22=2.9772 _33=1.00001 _43=-0.15 (aspect 1.778)
camera: pos -38.2 20.0 -63.4 | proj _11=1.6631 _22=2.9566 _33=1.00001 _43=-0.15 (aspect 1.778)
camera: pos -38.3 20.0 -63.3 | proj _11=1.6519 _22=2.9367 _33=1.00001 _43=-0.15 (aspect 1.778)
camera: pos -38.1 19.9 -63.1 | proj _11=1.7347 _22=3.0838 _33=1.00001 _43=-0.15 (aspect 1.778)
camera: pos -38.0 19.7 -62.9 | proj _11=1.8266 _22=3.2473 _33=1.00001 _43=-0.15 (aspect 1.778)
camera: pos -37.9 19.6 -62.7 | proj _11=1.9249 _22=3.4220 _33=1.00001 _43=-0.15 (aspect 1.778)
camera: pos -37.8 19.5 -62.5 | proj _11=2.0342 _22=3.6163 _33=1.00001 _43=-0.15 (aspect 1.778)
camera: pos -37.7 19.4 -62.3 | proj _11=2.1553 _22=3.8315 _33=1.00001 _43=-0.15 (aspect 1.778)
camera: pos -37.6 19.3 -62.1 | proj _11=2.2908 _22=4.0724 _33=1.00001 _43=-0.15 (aspect 1.778)
camera: pos -37.5 19.2 -61.9 | proj _11=2.4489 _22=4.3535 _33=1.00001 _43=-0.15 (aspect 1.778)
camera: pos -37.5 19.1 -61.7 | proj _11=2.6091 _22=4.6383 _33=1.00001 _43=-0.15 (aspect 1.778)
camera: pos -37.5 19.1 -61.5 | proj _11=2.7992 _22=4.9762 _33=1.00001 _43=-0.15 (aspect 1.778)
camera: pos -38.3 19.1 -58.5 | proj _11=2.7365 _22=4.8649 _33=1.00001 _43=-0.15 (aspect 1.778)
camera: pos -38.3 19.1 -58.6 | proj _11=2.6749 _22=4.7552 _33=1.00001 _43=-0.15 (aspect 1.778)
camera: pos -38.4 19.2 -58.6 | proj _11=2.6164 _22=4.6513 _33=1.00001 _43=-0.15 (aspect 1.778)
camera: pos -38.5 19.2 -58.6 | proj _11=2.5603 _22=4.5516 _33=1.00001 _43=-0.15 (aspect 1.778)
camera: pos -38.6 19.3 -58.7 | proj _11=2.5063 _22=4.4556 _33=1.00001 _43=-0.15 (aspect 1.778)
camera: pos -38.7 19.4 -58.7 | proj _11=2.4536 _22=4.3619 _33=1.00001 _43=-0.15 (aspect 1.778)
camera: pos -38.8 19.4 -58.7 | proj _11=2.4041 _22=4.2739 _33=1.00001 _43=-0.15 (aspect 1.778)
camera: pos -38.8 19.5 -58.8 | proj _11=2.3537 _22=4.1843 _33=1.00001 _43=-0.15 (aspect 1.778)
camera: pos -38.9 19.5 -58.8 | proj _11=2.3090 _22=4.1048 _33=1.00001 _43=-0.15 (aspect 1.778)
camera: pos -39.0 19.6 -58.8 | proj _11=2.2642 _22=4.0253 _33=1.00001 _43=-0.15 (aspect 1.778)
camera: pos -39.1 19.7 -58.9 | proj _11=2.2208 _22=3.9481 _33=1.00001 _43=-0.15 (aspect 1.778)
camera: pos -39.2 19.7 -58.9 | proj _11=2.1789 _22=3.8736 _33=1.00001 _43=-0.15 (aspect 1.778)
camera: pos -39.3 19.8 -58.9 | proj _11=2.1382 _22=3.8011 _33=1.00001 _43=-0.15 (aspect 1.778)
camera: pos -39.3 19.8 -59.0 | proj _11=2.0989 _22=3.7313 _33=1.00001 _43=-0.15 (aspect 1.778)
camera: pos -39.4 19.9 -59.0 | proj _11=2.0610 _22=3.6639 _33=1.00001 _43=-0.15 (aspect 1.778)
camera: pos -39.5 19.9 -59.0 | proj _11=2.0244 _22=3.5988 _33=1.00001 _43=-0.15 (aspect 1.778)
camera: pos -39.6 20.0 -59.1 | proj _11=1.9889 _22=3.5358 _33=1.00001 _43=-0.15 (aspect 1.778)
camera: pos -39.7 20.1 -59.1 | proj _11=1.9524 _22=3.4709 _33=1.00001 _43=-0.15 (aspect 1.778)
camera: pos -39.7 20.1 -59.1 | proj _11=1.9203 _22=3.4137 _33=1.00001 _43=-0.15 (aspect 1.778)
camera: pos -39.8 20.2 -59.2 | proj _11=1.8857 _22=3.3522 _33=1.00001 _43=-0.15 (aspect 1.778)
camera: pos -39.7 20.3 -59.2 | proj _11=1.8542 _22=3.2963 _33=1.00001 _43=-0.15 (aspect 1.778)
camera: pos -39.7 20.4 -59.3 | proj _11=1.8252 _22=3.2448 _33=1.00001 _43=-0.15 (aspect 1.778)
camera: pos -39.7 20.4 -59.3 | proj _11=1.7935 _22=3.1884 _33=1.00001 _43=-0.15 (aspect 1.778)
camera: pos -39.7 20.5 -59.4 | proj _11=1.7651 _22=3.1379 _33=1.00001 _43=-0.15 (aspect 1.778)
camera: pos -39.7 20.6 -59.4 | proj _11=1.7383 _22=3.0902 _33=1.00001 _43=-0.15 (aspect 1.778)
camera: pos -39.7 20.7 -59.4 | proj _11=1.7098 _22=3.0395 _33=1.00001 _43=-0.15 (aspect 1.778)
camera: pos -39.7 20.7 -59.4 | proj _11=1.6813 _22=2.9889 _33=1.00001 _43=-0.15 (aspect 1.778)
camera: pos -39.8 20.8 -59.5 | proj _11=1.6554 _22=2.9430 _33=1.00001 _43=-0.15 (aspect 1.778)
camera: pos -39.8 20.8 -59.5 | proj _11=1.6301 _22=2.8980 _33=1.00001 _43=-0.15 (aspect 1.778)
camera: pos -39.8 20.9 -59.5 | proj _11=1.6085 _22=2.8594 _33=1.00001 _43=-0.15 (aspect 1.778)
camera: pos -41.4 20.6 -44.3 | proj _11=1.5942 _22=2.8341 _33=1.00001 _43=-0.15 (aspect 1.778)
camera: pos -41.4 20.6 -44.3 | proj _11=1.5633 _22=2.7791 _33=1.00001 _43=-0.15 (aspect 1.778)
camera: pos -41.4 20.6 -44.3 | proj _11=1.5158 _22=2.6948 _33=1.00001 _43=-0.15 (aspect 1.778)
camera: pos -41.4 20.6 -44.3 | proj _11=1.4518 _22=2.5809 _33=1.00001 _43=-0.15 (aspect 1.778)
camera: pos -41.4 20.6 -44.3 | proj _11=1.3808 _22=2.4547 _33=1.00001 _43=-0.15 (aspect 1.778)
camera: pos -41.4 20.6 -44.3 | proj _11=1.3330 _22=2.3698 _33=1.00001 _43=-0.15 (aspect 1.778)
camera: pos -41.4 20.6 -44.3 | proj _11=1.3050 _22=2.3199 _33=1.00001 _43=-0.15 (aspect 1.778)
frame 20400 | draws 2668/frame | FFP converted 856/frame (32.1%)
    not converted: screen-space 29  skinned 0  ortho 0  vertex-format 9  untextured 1187  instanced 0  mirrored 0  other-camera 258  no camera 0  other 0 (per frame)
    prepasses hidden: sampler-less 1187/frame, stipple-with-no-colour 216/frame (these used to convert WHITE) | post/composite quads marked 28/frame
    constant-colour materials (no diffuse map, albedo from the shader's own constant) 90/frame | HUD quads demoted to UI 0/frame | back-buffer clears 1/frame | sky draws 57/frame | UI-pass draws converted 0/frame
    instancing: 866 converted from the instance stream/frame, 0 refused/frame (largest single draw 1 instances, 0.7 buffer writes snooped/frame)
    SKINNING: 81 skinned/frame, 76 refused/frame, 7 exact duplicates dropped/frame | 151 meshes decoded, 151 cached, 0 cache flushes
    ALBEDO stage 0 taken raw (no shader reflection) 0/frame
    ALBEDO: constant-only 90/frame, tinted fallback 0/frame, genuinely blank 0/frame (of 90 rank-0 draws/frame)
    ALBEDO WHITE (previously uncounted): named-but-not-bound 0/frame, render-target exclusion left nothing 0/frame | colourless passes now hidden 50/frame | screen-space passes hidden 0/frame | particle billboards hidden 6/frame
    SKIPPED entirely 0/frame (mode 3) | demoted to UI overlay 0/frame | no-albedo materials left to Remix 90/frame
    MARKED with the marker texture 1753/frame (refused as unsafe 0/frame, 3846 SetTexture calls/frame, marker created)
    albedo: moved off stage 0 189/frame, blanked 90/frame, restored from mesh cache 237/frame (2279 meshes cached, 6 flushes) | RT textures known 55 | lights 8.5/frame (24 shaders)
    camera -41.4 20.6 -44.3 | distinct cameras this frame 0 (max 1) | transform writes 535/frame | redundant state calls dropped 17931/frame
    world matrix changes 534/frame | objTM used without a fresh upload 0/frame | uv matrix writes 26/frame (last scale 0.00098, 0.00098)
    TIMING: frame 25.2 ms avg (40 fps), worst 76 ms | shim 10.98 ms avg (43.6% of frame), worst 38.6 ms
    TIMING tail: 187 frames >=33 ms, 0 >=100 ms in this window of 600 | inside real Present 5.40 ms avg, worst 22.3 ms | our other hooks 0.00 ms avg
    converted -> target 14E5CA90 1280x720 fmt=34 : 37 draws/frame
    converted -> target 14E64370 1280x720 fmt=113 : 729 draws/frame
    converted -> target 14E5D060 1280x720 fmt=113 : 6 draws/frame
    converted -> target 14E5CC80 1280x720 fmt=21 : 0 draws/frame
frame 21000 | draws 2592/frame | FFP converted 831/frame (32.1%)
    not converted: screen-space 28  skinned 0  ortho 0  vertex-format 9  untextured 1153  instanced 0  mirrored 0  other-camera 251  no camera 0  other 0 (per frame)
    prepasses hidden: sampler-less 1153/frame, stipple-with-no-colour 210/frame (these used to convert WHITE) | post/composite quads marked 28/frame
    constant-colour materials (no diffuse map, albedo from the shader's own constant) 87/frame | HUD quads demoted to UI 0/frame | back-buffer clears 1/frame | sky draws 56/frame | UI-pass draws converted 0/frame
    instancing: 841 converted from the instance stream/frame, 0 refused/frame (largest single draw 1 instances, 0.7 buffer writes snooped/frame)
    SKINNING: 79 skinned/frame, 74 refused/frame, 7 exact duplicates dropped/frame | 151 meshes decoded, 151 cached, 0 cache flushes
    ALBEDO stage 0 taken raw (no shader reflection) 0/frame
    ALBEDO: constant-only 87/frame, tinted fallback 0/frame, genuinely blank 0/frame (of 87 rank-0 draws/frame)
    ALBEDO WHITE (previously uncounted): named-but-not-bound 0/frame, render-target exclusion left nothing 0/frame | colourless passes now hidden 48/frame | screen-space passes hidden 0/frame | particle billboards hidden 5/frame
    SKIPPED entirely 0/frame (mode 3) | demoted to UI overlay 0/frame | no-albedo materials left to Remix 87/frame
    MARKED with the marker texture 1703/frame (refused as unsafe 0/frame, 3736 SetTexture calls/frame, marker created)
    albedo: moved off stage 0 184/frame, blanked 87/frame, restored from mesh cache 230/frame (2279 meshes cached, 6 flushes) | RT textures known 55 | lights 8.2/frame (24 shaders)
    camera -41.4 20.6 -44.3 | distinct cameras this frame 0 (max 1) | transform writes 520/frame | redundant state calls dropped 17419/frame
    world matrix changes 518/frame | objTM used without a fresh upload 0/frame | uv matrix writes 25/frame (last scale 0.00098, 0.00098)
    TIMING: frame 24.9 ms avg (40 fps), worst 42 ms | shim 10.66 ms avg (42.8% of frame), worst 0.0 ms
    TIMING tail: 1 frames >=33 ms, 0 >=100 ms in this window of 600 | inside real Present 5.71 ms avg, worst 41.2 ms | our other hooks 0.00 ms avg
    converted -> target 14E5CA90 1280x720 fmt=34 : 36 draws/frame
    converted -> target 14E64370 1280x720 fmt=113 : 708 draws/frame
    converted -> target 14E5D060 1280x720 fmt=113 : 6 draws/frame
    converted -> target 14E5CC80 1280x720 fmt=21 : 0 draws/frame
camera: pos 96.3 147.7 36.1 | proj _11=1.6085 _22=2.8594 _33=1.00001 _43=-0.15 (aspect 1.778)
camera: pos 106.7 149.0 34.4 | proj _11=1.7085 _22=3.0373 _33=1.00001 _43=-0.15 (aspect 1.778)
camera: pos 106.8 148.9 34.7 | proj _11=1.8052 _22=3.2092 _33=1.00001 _43=-0.15 (aspect 1.778)
camera: pos 107.0 148.8 34.9 | proj _11=1.9089 _22=3.3935 _33=1.00001 _43=-0.15 (aspect 1.778)
camera: pos 107.1 148.7 35.2 | proj _11=2.0338 _22=3.6156 _33=1.00001 _43=-0.15 (aspect 1.778)
camera: pos 107.3 148.6 35.5 | proj _11=2.1541 _22=3.8294 _33=1.00001 _43=-0.15 (aspect 1.778)
camera: pos 107.4 148.5 35.8 | proj _11=2.2963 _22=4.0822 _33=1.00001 _43=-0.15 (aspect 1.778)
camera: pos 107.6 148.4 36.1 | proj _11=2.4600 _22=4.3733 _33=1.00001 _43=-0.15 (aspect 1.778)
camera: pos 107.7 148.3 36.4 | proj _11=2.6487 _22=4.7088 _33=1.00001 _43=-0.15 (aspect 1.778)
camera: pos 107.8 148.2 36.6 | proj _11=2.7992 _22=4.9762 _33=1.00001 _43=-0.15 (aspect 1.778)
camera: pos 108.6 148.2 39.1 | proj _11=2.7393 _22=4.8698 _33=1.00001 _43=-0.15 (aspect 1.778)
camera: pos 108.6 148.2 39.1 | proj _11=2.6782 _22=4.7611 _33=1.00001 _43=-0.15 (aspect 1.778)
camera: pos 108.6 148.3 39.1 | proj _11=2.6193 _22=4.6564 _33=1.00001 _43=-0.15 (aspect 1.778)
camera: pos 108.5 148.3 39.1 | proj _11=2.5627 _22=4.5558 _33=1.00001 _43=-0.15 (aspect 1.778)
camera: pos 108.5 148.3 39.1 | proj _11=2.5086 _22=4.4596 _33=1.00001 _43=-0.15 (aspect 1.778)
camera: pos 108.5 148.4 39.1 | proj _11=2.4565 _22=4.3671 _33=1.00001 _43=-0.15 (aspect 1.778)
camera: pos 108.5 148.4 39.1 | proj _11=2.4063 _22=4.2779 _33=1.00001 _43=-0.15 (aspect 1.778)
camera: pos 108.5 148.5 39.1 | proj _11=2.3579 _22=4.1917 _33=1.00001 _43=-0.15 (aspect 1.778)
camera: pos 108.5 148.5 39.1 | proj _11=2.3113 _22=4.1090 _33=1.00001 _43=-0.15 (aspect 1.778)
camera: pos 108.5 148.5 39.1 | proj _11=2.2663 _22=4.0288 _33=1.00001 _43=-0.15 (aspect 1.778)
camera: pos 108.6 148.6 39.1 | proj _11=2.2220 _22=3.9502 _33=1.00001 _43=-0.15 (aspect 1.778)
camera: pos 108.6 148.6 39.1 | proj _11=2.1804 _22=3.8762 _33=1.00001 _43=-0.15 (aspect 1.778)
camera: pos 108.7 148.6 39.1 | proj _11=2.1398 _22=3.8039 _33=1.00001 _43=-0.15 (aspect 1.778)
camera: pos 108.7 148.6 39.1 | proj _11=2.1005 _22=3.7342 _33=1.00001 _43=-0.15 (aspect 1.778)
camera: pos 108.8 148.7 39.1 | proj _11=2.0626 _22=3.6668 _33=1.00001 _43=-0.15 (aspect 1.778)
camera: pos 108.8 148.7 39.1 | proj _11=2.0252 _22=3.6002 _33=1.00001 _43=-0.15 (aspect 1.778)
camera: pos 108.8 148.7 39.1 | proj _11=1.9896 _22=3.5369 _33=1.00001 _43=-0.15 (aspect 1.778)
camera: pos 108.8 148.7 39.1 | proj _11=1.9551 _22=3.4757 _33=1.00001 _43=-0.15 (aspect 1.778)
camera: pos 108.8 148.8 39.1 | proj _11=1.9212 _22=3.4155 _33=1.00001 _43=-0.15 (aspect 1.778)
camera: pos 108.8 148.8 39.1 | proj _11=1.8882 _22=3.3567 _33=1.00001 _43=-0.15 (aspect 1.778)
camera: pos 108.8 148.8 39.1 | proj _11=1.8552 _22=3.2980 _33=1.00001 _43=-0.15 (aspect 1.778)
camera: pos 108.8 148.9 39.1 | proj _11=1.8255 _22=3.2453 _33=1.00001 _43=-0.15 (aspect 1.778)
camera: pos 108.8 148.9 39.1 | proj _11=1.7954 _22=3.1918 _33=1.00001 _43=-0.15 (aspect 1.778)
camera: pos 108.8 148.9 39.1 | proj _11=1.7666 _22=3.1406 _33=1.00001 _43=-0.15 (aspect 1.778)
camera: pos 108.8 148.9 39.1 | proj _11=1.7374 _22=3.0886 _33=1.00001 _43=-0.15 (aspect 1.778)
camera: pos 108.8 149.0 39.1 | proj _11=1.7087 _22=3.0376 _33=1.00001 _43=-0.15 (aspect 1.778)
camera: pos 108.8 149.0 39.1 | proj _11=1.6821 _22=2.9903 _33=1.00001 _43=-0.15 (aspect 1.778)
camera: pos 108.8 149.0 39.1 | proj _11=1.6540 _22=2.9405 _33=1.00001 _43=-0.15 (aspect 1.778)
camera: pos 108.8 149.0 39.1 | proj _11=1.6287 _22=2.8954 _33=1.00001 _43=-0.15 (aspect 1.778)
camera: pos 108.8 149.0 39.1 | proj _11=1.6085 _22=2.8594 _33=1.00001 _43=-0.15 (aspect 1.778)
frame 21600 | draws 2588/frame | FFP converted 824/frame (31.8%)
    not converted: screen-space 33  skinned 0  ortho 0  vertex-format 8  untextured 1157  instanced 0  mirrored 0  other-camera 249  no camera 0  other 0 (per frame)
    prepasses hidden: sampler-less 1157/frame, stipple-with-no-colour 208/frame (these used to convert WHITE) | post/composite quads marked 32/frame
    constant-colour materials (no diffuse map, albedo from the shader's own constant) 87/frame | HUD quads demoted to UI 0/frame | back-buffer clears 1/frame | sky draws 56/frame | UI-pass draws converted 0/frame
    instancing: 835 converted from the instance stream/frame, 0 refused/frame (largest single draw 1 instances, 0.7 buffer writes snooped/frame)
    SKINNING: 78 skinned/frame, 72 refused/frame, 7 exact duplicates dropped/frame | 169 meshes decoded, 169 cached, 0 cache flushes
    ALBEDO stage 0 taken raw (no shader reflection) 0/frame
    ALBEDO: constant-only 87/frame, tinted fallback 0/frame, genuinely blank 0/frame (of 87 rank-0 draws/frame)
    ALBEDO WHITE (previously uncounted): named-but-not-bound 0/frame, render-target exclusion left nothing 0/frame | colourless passes now hidden 47/frame | screen-space passes hidden 0/frame | particle billboards hidden 5/frame
    SKIPPED entirely 0/frame (mode 3) | demoted to UI overlay 0/frame | no-albedo materials left to Remix 87/frame
    MARKED with the marker texture 1706/frame (refused as unsafe 0/frame, 3801 SetTexture calls/frame, marker created)
    albedo: moved off stage 0 181/frame, blanked 87/frame, restored from mesh cache 228/frame (3168 meshes cached, 6 flushes) | RT textures known 55 | lights 9.4/frame (24 shaders)
    camera 108.8 148.9 40.0 | distinct cameras this frame 1 (max 1) | transform writes 517/frame | redundant state calls dropped 17267/frame
    world matrix changes 516/frame | objTM used without a fresh upload 0/frame | uv matrix writes 24/frame (last scale 0.00098, 0.00098)
    TIMING: frame 24.8 ms avg (40 fps), worst 101 ms | shim 10.59 ms avg (42.7% of frame), worst 15.0 ms
    TIMING tail: 5 frames >=33 ms, 1 >=100 ms in this window of 600 | inside real Present 5.68 ms avg, worst 78.4 ms | our other hooks 0.00 ms avg
    converted -> target 14E5CA90 1280x720 fmt=34 : 36 draws/frame
    converted -> target 14E64370 1280x720 fmt=113 : 703 draws/frame
    converted -> target 14E5D060 1280x720 fmt=113 : 6 draws/frame
    converted -> target 14E5CC80 1280x720 fmt=21 : 0 draws/frame
frame 22200 | draws 2573/frame | FFP converted 813/frame (31.6%)
    not converted: screen-space 37  skinned 0  ortho 0  vertex-format 8  untextured 1151  instanced 0  mirrored 0  other-camera 249  no camera 0  other 0 (per frame)
    prepasses hidden: sampler-less 1151/frame, stipple-with-no-colour 207/frame (these used to convert WHITE) | post/composite quads marked 36/frame
    constant-colour materials (no diffuse map, albedo from the shader's own constant) 85/frame | HUD quads demoted to UI 1/frame | back-buffer clears 1/frame | sky draws 56/frame | UI-pass draws converted 0/frame
    instancing: 827 converted from the instance stream/frame, 0 refused/frame (largest single draw 1 instances, 0.7 buffer writes snooped/frame)
    SKINNING: 78 skinned/frame, 70 refused/frame, 7 exact duplicates dropped/frame | 169 meshes decoded, 169 cached, 0 cache flushes
    ALBEDO stage 0 taken raw (no shader reflection) 0/frame
    ALBEDO: constant-only 85/frame, tinted fallback 0/frame, genuinely blank 0/frame (of 85 rank-0 draws/frame)
    ALBEDO WHITE (previously uncounted): named-but-not-bound 0/frame, render-target exclusion left nothing 0/frame | colourless passes now hidden 46/frame | screen-space passes hidden 0/frame | particle billboards hidden 6/frame
    SKIPPED entirely 0/frame (mode 3) | demoted to UI overlay 1/frame | no-albedo materials left to Remix 85/frame
    MARKED with the marker texture 1701/frame (refused as unsafe 0/frame, 3828 SetTexture calls/frame, marker created)
    albedo: moved off stage 0 180/frame, blanked 85/frame, restored from mesh cache 225/frame (3300 meshes cached, 6 flushes) | RT textures known 55 | lights 10.8/frame (24 shaders)
    camera 108.2 149.1 39.4 | distinct cameras this frame 1 (max 1) | transform writes 511/frame | redundant state calls dropped 17039/frame
    world matrix changes 510/frame | objTM used without a fresh upload 0/frame | uv matrix writes 24/frame (last scale 0.00098, 0.00098)
    TIMING: frame 24.6 ms avg (41 fps), worst 107 ms | shim 10.54 ms avg (42.8% of frame), worst 15.4 ms
    TIMING tail: 2 frames >=33 ms, 1 >=100 ms in this window of 600 | inside real Present 5.57 ms avg, worst 83.2 ms | our other hooks 0.00 ms avg
    converted -> target 14E5CA90 1280x720 fmt=34 : 35 draws/frame
    converted -> target 14E64370 1280x720 fmt=113 : 695 draws/frame
    converted -> target 14E5D060 1280x720 fmt=113 : 6 draws/frame
    converted -> target 14E5CC80 1280x720 fmt=21 : 0 draws/frame
camera: pos 107.1 147.9 46.5 | proj _11=1.7276 _22=3.0712 _33=1.00001 _43=-0.15 (aspect 1.778)
camera: pos 107.1 147.8 46.3 | proj _11=1.8674 _22=3.3198 _33=1.00001 _43=-0.15 (aspect 1.778)
camera: pos 107.1 147.8 46.2 | proj _11=2.0271 _22=3.6036 _33=1.00001 _43=-0.15 (aspect 1.778)
camera: pos 107.1 147.7 46.1 | proj _11=2.2036 _22=3.9174 _33=1.00001 _43=-0.15 (aspect 1.778)
camera: pos 107.1 147.7 46.0 | proj _11=2.3974 _22=4.2620 _33=1.00001 _43=-0.15 (aspect 1.778)
camera: pos 107.1 147.7 45.9 | proj _11=2.6605 _22=4.7297 _33=1.00001 _43=-0.15 (aspect 1.778)
camera: pos 107.1 147.6 45.9 | proj _11=2.7992 _22=4.9762 _33=1.00001 _43=-0.15 (aspect 1.778)
camera: pos 107.1 147.5 45.4 | proj _11=2.7153 _22=4.8271 _33=1.00001 _43=-0.15 (aspect 1.778)
camera: pos 107.1 147.5 45.4 | proj _11=2.6446 _22=4.7014 _33=1.00001 _43=-0.15 (aspect 1.778)
camera: pos 107.1 147.5 45.4 | proj _11=2.5763 _22=4.5801 _33=1.00001 _43=-0.15 (aspect 1.778)
camera: pos 107.1 147.5 45.4 | proj _11=2.5105 _22=4.4631 _33=1.00001 _43=-0.15 (aspect 1.778)
camera: pos 107.1 147.5 45.4 | proj _11=2.4484 _22=4.3526 _33=1.00001 _43=-0.15 (aspect 1.778)
camera: pos 107.1 147.5 45.4 | proj _11=2.3880 _22=4.2452 _33=1.00001 _43=-0.15 (aspect 1.778)
camera: pos 107.1 147.6 45.5 | proj _11=2.3298 _22=4.1417 _33=1.00001 _43=-0.15 (aspect 1.778)
camera: pos 107.1 147.6 45.5 | proj _11=2.2728 _22=4.0405 _33=1.00001 _43=-0.15 (aspect 1.778)
camera: pos 107.1 147.6 45.5 | proj _11=2.2170 _22=3.9413 _33=1.00001 _43=-0.15 (aspect 1.778)
camera: pos 107.1 147.6 45.5 | proj _11=2.1683 _22=3.8547 _33=1.00001 _43=-0.15 (aspect 1.778)
camera: pos 107.1 147.6 45.5 | proj _11=2.1204 _22=3.7695 _33=1.00001 _43=-0.15 (aspect 1.778)
camera: pos 107.1 147.6 45.5 | proj _11=2.0738 _22=3.6867 _33=1.00001 _43=-0.15 (aspect 1.778)
camera: pos 107.1 147.7 45.5 | proj _11=2.0291 _22=3.6072 _33=1.00001 _43=-0.15 (aspect 1.778)
camera: pos 107.1 147.7 45.5 | proj _11=1.9839 _22=3.5269 _33=1.00001 _43=-0.15 (aspect 1.778)
camera: pos 107.1 147.7 45.5 | proj _11=1.9415 _22=3.4515 _33=1.00001 _43=-0.15 (aspect 1.778)
camera: pos 107.1 147.7 45.6 | proj _11=1.9004 _22=3.3784 _33=1.00001 _43=-0.15 (aspect 1.778)
camera: pos 107.1 147.7 45.6 | proj _11=1.8579 _22=3.3028 _33=1.00001 _43=-0.15 (aspect 1.778)
camera: pos 107.1 147.7 45.6 | proj _11=1.8180 _22=3.2320 _33=1.00001 _43=-0.15 (aspect 1.778)
camera: pos 107.1 147.7 45.6 | proj _11=1.7794 _22=3.1633 _33=1.00001 _43=-0.15 (aspect 1.778)
camera: pos 107.1 147.7 45.6 | proj _11=1.7425 _22=3.0978 _33=1.00001 _43=-0.15 (aspect 1.778)
camera: pos 107.1 147.8 45.6 | proj _11=1.7066 _22=3.0339 _33=1.00001 _43=-0.15 (aspect 1.778)
camera: pos 107.1 147.8 45.6 | proj _11=1.6715 _22=2.9715 _33=1.00001 _43=-0.15 (aspect 1.778)
camera: pos 107.1 147.8 45.6 | proj _11=1.6378 _22=2.9115 _33=1.00001 _43=-0.15 (aspect 1.778)
camera: pos 107.1 147.8 45.6 | proj _11=1.6085 _22=2.8594 _33=1.00001 _43=-0.15 (aspect 1.778)
frame 22800 | draws 2579/frame | FFP converted 808/frame (31.3%)
    not converted: screen-space 41  skinned 0  ortho 0  vertex-format 8  untextured 1156  instanced 0  mirrored 0  other-camera 251  no camera 0  other 0 (per frame)
    prepasses hidden: sampler-less 1156/frame, stipple-with-no-colour 207/frame (these used to convert WHITE) | post/composite quads marked 40/frame
    constant-colour materials (no diffuse map, albedo from the shader's own constant) 84/frame | HUD quads demoted to UI 1/frame | back-buffer clears 1/frame | sky draws 57/frame | UI-pass draws converted 0/frame
    instancing: 827 converted from the instance stream/frame, 0 refused/frame (largest single draw 1 instances, 0.7 buffer writes snooped/frame)
    SKINNING: 77 skinned/frame, 68 refused/frame, 7 exact duplicates dropped/frame | 173 meshes decoded, 173 cached, 0 cache flushes
    ALBEDO stage 0 taken raw (no shader reflection) 0/frame
    ALBEDO: constant-only 84/frame, tinted fallback 0/frame, genuinely blank 0/frame (of 85 rank-0 draws/frame)
    ALBEDO WHITE (previously uncounted): named-but-not-bound 0/frame, render-target exclusion left nothing 0/frame | colourless passes now hidden 45/frame | screen-space passes hidden 0/frame | particle billboards hidden 6/frame
    SKIPPED entirely 0/frame (mode 3) | demoted to UI overlay 1/frame | no-albedo materials left to Remix 85/frame
    MARKED with the marker texture 1711/frame (refused as unsafe 0/frame, 3904 SetTexture calls/frame, marker created)
    albedo: moved off stage 0 179/frame, blanked 84/frame, restored from mesh cache 224/frame (3838 meshes cached, 6 flushes) | RT textures known 55 | lights 12.2/frame (24 shaders)
    camera 107.2 148.0 45.1 | distinct cameras this frame 1 (max 1) | transform writes 509/frame | redundant state calls dropped 16937/frame
    world matrix changes 508/frame | objTM used without a fresh upload 0/frame | uv matrix writes 23/frame (last scale 0.00098, 0.00098)
    TIMING: frame 24.5 ms avg (41 fps), worst 112 ms | shim 10.54 ms avg (43.0% of frame), worst 20.5 ms
    TIMING tail: 2 frames >=33 ms, 1 >=100 ms in this window of 600 | inside real Present 5.47 ms avg, worst 83.0 ms | our other hooks 0.00 ms avg
    converted -> target 14E5CA90 1280x720 fmt=34 : 34 draws/frame
    converted -> target 14E64370 1280x720 fmt=113 : 692 draws/frame
    converted -> target 14E5D060 1280x720 fmt=113 : 6 draws/frame
    converted -> target 14E5CC80 1280x720 fmt=21 : 0 draws/frame
camera: pos 107.1 147.9 41.6 | proj _11=1.7479 _22=3.1073 _33=1.00001 _43=-0.15 (aspect 1.778)
camera: pos 107.1 147.8 41.5 | proj _11=1.9053 _22=3.3872 _33=1.00001 _43=-0.15 (aspect 1.778)
camera: pos 107.1 147.7 41.3 | proj _11=2.0881 _22=3.7121 _33=1.00001 _43=-0.15 (aspect 1.778)
camera: pos 107.1 147.6 41.2 | proj _11=2.2991 _22=4.0872 _33=1.00001 _43=-0.15 (aspect 1.778)
camera: pos 107.1 147.6 41.1 | proj _11=2.5574 _22=4.5464 _33=1.00001 _43=-0.15 (aspect 1.778)
camera: pos 107.1 147.6 41.0 | proj _11=2.7992 _22=4.9762 _33=1.00001 _43=-0.15 (aspect 1.778)
camera: pos 107.1 147.6 39.5 | proj _11=2.7055 _22=4.8097 _33=1.00001 _43=-0.15 (aspect 1.778)
camera: pos 107.1 147.6 39.4 | proj _11=2.6186 _22=4.6552 _33=1.00001 _43=-0.15 (aspect 1.778)
camera: pos 107.1 147.6 39.2 | proj _11=2.5267 _22=4.4919 _33=1.00001 _43=-0.15 (aspect 1.778)
camera: pos 107.1 147.6 39.1 | proj _11=2.4413 _22=4.3399 _33=1.00001 _43=-0.15 (aspect 1.778)
camera: pos 106.8 147.6 39.1 | proj _11=2.3728 _22=4.2182 _33=1.00001 _43=-0.15 (aspect 1.778)
camera: pos 106.8 147.6 38.9 | proj _11=2.2944 _22=4.0789 _33=1.00001 _43=-0.15 (aspect 1.778)
camera: pos 106.8 147.6 38.8 | proj _11=2.2278 _22=3.9604 _33=1.00001 _43=-0.15 (aspect 1.778)
camera: pos 106.6 147.7 38.8 | proj _11=2.1593 _22=3.8387 _33=1.00001 _43=-0.15 (aspect 1.778)
camera: pos 106.4 147.7 38.8 | proj _11=2.1003 _22=3.7339 _33=1.00001 _43=-0.15 (aspect 1.778)
camera: pos 104.1 148.2 40.6 | proj _11=2.0392 _22=3.6252 _33=1.00001 _43=-0.15 (aspect 1.778)
camera: pos 103.9 148.2 40.6 | proj _11=1.9834 _22=3.5260 _33=1.00001 _43=-0.15 (aspect 1.778)
camera: pos 103.7 148.3 40.5 | proj _11=1.9320 _22=3.4346 _33=1.00001 _43=-0.15 (aspect 1.778)
camera: pos 103.5 148.3 40.4 | proj _11=1.8784 _22=3.3393 _33=1.00001 _43=-0.15 (aspect 1.778)
camera: pos 103.4 148.3 40.4 | proj _11=1.8299 _22=3.2531 _33=1.00001 _43=-0.15 (aspect 1.778)
camera: pos 103.2 148.4 40.3 | proj _11=1.7829 _22=3.1696 _33=1.00001 _43=-0.15 (aspect 1.778)
camera: pos 103.1 148.4 40.3 | proj _11=1.7357 _22=3.0856 _33=1.00001 _43=-0.15 (aspect 1.778)
camera: pos 103.0 148.4 40.2 | proj _11=1.6932 _22=3.0102 _33=1.00001 _43=-0.15 (aspect 1.778)
camera: pos 102.8 148.5 40.1 | proj _11=1.6451 _22=2.9246 _33=1.00001 _43=-0.15 (aspect 1.778)
camera: pos 102.7 148.5 39.9 | proj _11=1.6085 _22=2.8594 _33=1.00001 _43=-0.15 (aspect 1.778)
frame 23400 | draws 2594/frame | FFP converted 806/frame (31.0%)
    not converted: screen-space 46  skinned 0  ortho 0  vertex-format 8  untextured 1167  instanced 0  mirrored 0  other-camera 253  no camera 0  other 0 (per frame)
    prepasses hidden: sampler-less 1167/frame, stipple-with-no-colour 208/frame (these used to convert WHITE) | post/composite quads marked 45/frame
    constant-colour materials (no diffuse map, albedo from the shader's own constant) 84/frame | HUD quads demoted to UI 1/frame | back-buffer clears 1/frame | sky draws 57/frame | UI-pass draws converted 0/frame
    instancing: 828 converted from the instance stream/frame, 0 refused/frame (largest single draw 1 instances, 0.7 buffer writes snooped/frame)
    SKINNING: 78 skinned/frame, 67 refused/frame, 7 exact duplicates dropped/frame | 173 meshes decoded, 173 cached, 0 cache flushes
    ALBEDO stage 0 taken raw (no shader reflection) 0/frame
    ALBEDO: constant-only 84/frame, tinted fallback 0/frame, genuinely blank 0/frame (of 84 rank-0 draws/frame)
    ALBEDO WHITE (previously uncounted): named-but-not-bound 0/frame, render-target exclusion left nothing 0/frame | colourless passes now hidden 43/frame | screen-space passes hidden 0/frame | particle billboards hidden 6/frame
    SKIPPED entirely 0/frame (mode 3) | demoted to UI overlay 1/frame | no-albedo materials left to Remix 84/frame
    MARKED with the marker texture 1729/frame (refused as unsafe 0/frame, 3998 SetTexture calls/frame, marker created)
    albedo: moved off stage 0 178/frame, blanked 84/frame, restored from mesh cache 223/frame (4057 meshes cached, 6 flushes) | RT textures known 55 | lights 13.6/frame (24 shaders)
    camera 100.4 148.4 33.4 | distinct cameras this frame 1 (max 1) | transform writes 510/frame | redundant state calls dropped 16877/frame
    world matrix changes 509/frame | objTM used without a fresh upload 0/frame | uv matrix writes 23/frame (last scale 0.00098, 0.00098)
    TIMING: frame 24.4 ms avg (41 fps), worst 114 ms | shim 10.59 ms avg (43.4% of frame), worst 20.4 ms
    TIMING tail: 3 frames >=33 ms, 1 >=100 ms in this window of 600 | inside real Present 5.34 ms avg, worst 49.7 ms | our other hooks 0.00 ms avg
    converted -> target 14E5CA90 1280x720 fmt=34 : 34 draws/frame
    converted -> target 14E64370 1280x720 fmt=113 : 692 draws/frame
    converted -> target 14E5D060 1280x720 fmt=113 : 6 draws/frame
    converted -> target 14E5CC80 1280x720 fmt=21 : 0 draws/frame
mesh albedo cache flushed at 4096 entries (flush #7) - it had stopped protecting anything newly streamed
frame 24000 | draws 2586/frame | FFP converted 797/frame (30.8%)
    not converted: screen-space 49  skinned 0  ortho 0  vertex-format 8  untextured 1163  instanced 0  mirrored 0  other-camera 255  no camera 0  other 0 (per frame)
    prepasses hidden: sampler-less 1163/frame, stipple-with-no-colour 208/frame (these used to convert WHITE) | post/composite quads marked 48/frame
    constant-colour materials (no diffuse map, albedo from the shader's own constant) 83/frame | HUD quads demoted to UI 1/frame | back-buffer clears 1/frame | sky draws 58/frame | UI-pass draws converted 0/frame
    instancing: 824 converted from the instance stream/frame, 0 refused/frame (largest single draw 1 instances, 0.7 buffer writes snooped/frame)
    SKINNING: 77 skinned/frame, 65 refused/frame, 7 exact duplicates dropped/frame | 173 meshes decoded, 173 cached, 0 cache flushes
    ALBEDO stage 0 taken raw (no shader reflection) 0/frame
    ALBEDO: constant-only 83/frame, tinted fallback 0/frame, genuinely blank 0/frame (of 83 rank-0 draws/frame)
    ALBEDO WHITE (previously uncounted): named-but-not-bound 0/frame, render-target exclusion left nothing 0/frame | colourless passes now hidden 42/frame | screen-space passes hidden 0/frame | particle billboards hidden 6/frame
    SKIPPED entirely 0/frame (mode 3) | demoted to UI overlay 1/frame | no-albedo materials left to Remix 83/frame
    MARKED with the marker texture 1728/frame (refused as unsafe 0/frame, 4028 SetTexture calls/frame, marker created)
    albedo: moved off stage 0 176/frame, blanked 83/frame, restored from mesh cache 221/frame (905 meshes cached, 7 flushes) | RT textures known 55 | lights 14.6/frame (24 shaders)
    camera 84.2 149.1 36.2 | distinct cameras this frame 1 (max 1) | transform writes 506/frame | redundant state calls dropped 16706/frame
    world matrix changes 504/frame | objTM used without a fresh upload 0/frame | uv matrix writes 22/frame (last scale 0.00098, 0.00098)
    TIMING: frame 24.3 ms avg (41 fps), worst 97 ms | shim 10.58 ms avg (43.5% of frame), worst 19.1 ms
    TIMING tail: 4 frames >=33 ms, 0 >=100 ms in this window of 600 | inside real Present 5.25 ms avg, worst 75.3 ms | our other hooks 0.00 ms avg
    converted -> target 14E5CA90 1280x720 fmt=34 : 34 draws/frame
    converted -> target 14E64370 1280x720 fmt=113 : 686 draws/frame
    converted -> target 14E5D060 1280x720 fmt=113 : 6 draws/frame
    converted -> target 14E5CC80 1280x720 fmt=21 : 0 draws/frame
frame 24600 | draws 2590/frame | FFP converted 793/frame (30.6%)
    not converted: screen-space 52  skinned 0  ortho 0  vertex-format 8  untextured 1168  instanced 0  mirrored 0  other-camera 256  no camera 0  other 0 (per frame)
    prepasses hidden: sampler-less 1168/frame, stipple-with-no-colour 207/frame (these used to convert WHITE) | post/composite quads marked 51/frame
    constant-colour materials (no diffuse map, albedo from the shader's own constant) 83/frame | HUD quads demoted to UI 1/frame | back-buffer clears 1/frame | sky draws 59/frame | UI-pass draws converted 0/frame
    instancing: 822 converted from the instance stream/frame, 0 refused/frame (largest single draw 1 instances, 0.7 buffer writes snooped/frame)
    SKINNING: 77 skinned/frame, 63 refused/frame, 7 exact duplicates dropped/frame | 173 meshes decoded, 173 cached, 0 cache flushes
    ALBEDO stage 0 taken raw (no shader reflection) 0/frame
    ALBEDO: constant-only 83/frame, tinted fallback 0/frame, genuinely blank 0/frame (of 83 rank-0 draws/frame)
    ALBEDO WHITE (previously uncounted): named-but-not-bound 0/frame, render-target exclusion left nothing 0/frame | colourless passes now hidden 41/frame | screen-space passes hidden 0/frame | particle billboards hidden 6/frame
    SKIPPED entirely 0/frame (mode 3) | demoted to UI overlay 1/frame | no-albedo materials left to Remix 83/frame
    MARKED with the marker texture 1736/frame (refused as unsafe 0/frame, 4085 SetTexture calls/frame, marker created)
    albedo: moved off stage 0 174/frame, blanked 83/frame, restored from mesh cache 220/frame (1226 meshes cached, 7 flushes) | RT textures known 55 | lights 15.7/frame (24 shaders)
    camera 76.4 148.8 54.8 | distinct cameras this frame 1 (max 1) | transform writes 504/frame | redundant state calls dropped 16616/frame
    world matrix changes 503/frame | objTM used without a fresh upload 0/frame | uv matrix writes 22/frame (last scale 0.00098, 0.00098)
    TIMING: frame 24.2 ms avg (41 fps), worst 100 ms | shim 10.60 ms avg (43.8% of frame), worst 25.4 ms
    TIMING tail: 31 frames >=33 ms, 0 >=100 ms in this window of 600 | inside real Present 5.16 ms avg, worst 82.4 ms | our other hooks 0.00 ms avg
    converted -> target 14E5CA90 1280x720 fmt=34 : 33 draws/frame
    converted -> target 14E64370 1280x720 fmt=113 : 684 draws/frame
    converted -> target 14E5D060 1280x720 fmt=113 : 6 draws/frame
    converted -> target 14E5CC80 1280x720 fmt=21 : 0 draws/frame
frame 25200 | draws 2668/frame | FFP converted 806/frame (30.2%)
    not converted: screen-space 62  skinned 0  ortho 0  vertex-format 8  untextured 1214  instanced 0  mirrored 0  other-camera 264  no camera 0  other 0 (per frame)
    prepasses hidden: sampler-less 1214/frame, stipple-with-no-colour 207/frame (these used to convert WHITE) | post/composite quads marked 61/frame
    constant-colour materials (no diffuse map, albedo from the shader's own constant) 89/frame | HUD quads demoted to UI 1/frame | back-buffer clears 1/frame | sky draws 61/frame | UI-pass draws converted 0/frame
    instancing: 844 converted from the instance stream/frame, 0 refused/frame (largest single draw 1 instances, 0.7 buffer writes snooped/frame)
    SKINNING: 78 skinned/frame, 62 refused/frame, 7 exact duplicates dropped/frame | 173 meshes decoded, 173 cached, 0 cache flushes
    ALBEDO stage 0 taken raw (no shader reflection) 0/frame
    ALBEDO: constant-only 89/frame, tinted fallback 0/frame, genuinely blank 0/frame (of 89 rank-0 draws/frame)
    ALBEDO WHITE (previously uncounted): named-but-not-bound 0/frame, render-target exclusion left nothing 0/frame | colourless passes now hidden 41/frame | screen-space passes hidden 0/frame | particle billboards hidden 5/frame
    SKIPPED entirely 0/frame (mode 3) | demoted to UI overlay 1/frame | no-albedo materials left to Remix 89/frame
    MARKED with the marker texture 1799/frame (refused as unsafe 0/frame, 4331 SetTexture calls/frame, marker created)
    albedo: moved off stage 0 174/frame, blanked 89/frame, restored from mesh cache 223/frame (1226 meshes cached, 7 flushes) | RT textures known 55 | lights 16.8/frame (24 shaders)
    camera 76.4 148.8 54.8 | distinct cameras this frame 1 (max 1) | transform writes 515/frame | redundant state calls dropped 16884/frame
    world matrix changes 513/frame | objTM used without a fresh upload 0/frame | uv matrix writes 22/frame (last scale 0.00098, 0.00098)
    TIMING: frame 24.3 ms avg (41 fps), worst 39 ms | shim 10.73 ms avg (44.1% of frame), worst 22.0 ms
    TIMING tail: 26 frames >=33 ms, 0 >=100 ms in this window of 600 | inside real Present 5.05 ms avg, worst 0.8 ms | our other hooks 0.00 ms avg
    converted -> target 14E5CA90 1280x720 fmt=34 : 33 draws/frame
    converted -> target 14E64370 1280x720 fmt=113 : 698 draws/frame
    converted -> target 14E5D060 1280x720 fmt=113 : 6 draws/frame
    converted -> target 14E5CC80 1280x720 fmt=21 : 0 draws/frame
frame 25800 | draws 2741/frame | FFP converted 818/frame (29.8%)
    not converted: screen-space 72  skinned 0  ortho 0  vertex-format 7  untextured 1258  instanced 0  mirrored 0  other-camera 271  no camera 0  other 0 (per frame)
    prepasses hidden: sampler-less 1258/frame, stipple-with-no-colour 207/frame (these used to convert WHITE) | post/composite quads marked 71/frame
    constant-colour materials (no diffuse map, albedo from the shader's own constant) 94/frame | HUD quads demoted to UI 1/frame | back-buffer clears 1/frame | sky draws 63/frame | UI-pass draws converted 0/frame
    instancing: 864 converted from the instance stream/frame, 0 refused/frame (largest single draw 1 instances, 0.7 buffer writes snooped/frame)
    SKINNING: 78 skinned/frame, 60 refused/frame, 6 exact duplicates dropped/frame | 173 meshes decoded, 173 cached, 0 cache flushes
    ALBEDO stage 0 taken raw (no shader reflection) 0/frame
    ALBEDO: constant-only 94/frame, tinted fallback 0/frame, genuinely blank 0/frame (of 94 rank-0 draws/frame)
    ALBEDO WHITE (previously uncounted): named-but-not-bound 0/frame, render-target exclusion left nothing 0/frame | colourless passes now hidden 40/frame | screen-space passes hidden 0/frame | particle billboards hidden 5/frame
    SKIPPED entirely 0/frame (mode 3) | demoted to UI overlay 1/frame | no-albedo materials left to Remix 94/frame
    MARKED with the marker texture 1858/frame (refused as unsafe 0/frame, 4566 SetTexture calls/frame, marker created)
    albedo: moved off stage 0 173/frame, blanked 94/frame, restored from mesh cache 225/frame (1226 meshes cached, 7 flushes) | RT textures known 55 | lights 17.9/frame (24 shaders)
    camera 76.4 148.8 54.8 | distinct cameras this frame 1 (max 1) | transform writes 525/frame | redundant state calls dropped 17140/frame
    world matrix changes 524/frame | objTM used without a fresh upload 0/frame | uv matrix writes 22/frame (last scale 0.00098, 0.00098)
    TIMING: frame 24.5 ms avg (41 fps), worst 41 ms | shim 10.86 ms avg (44.4% of frame), worst 22.7 ms
    TIMING tail: 26 frames >=33 ms, 0 >=100 ms in this window of 600 | inside real Present 4.94 ms avg, worst 2.3 ms | our other hooks 0.00 ms avg
    converted -> target 14E5CA90 1280x720 fmt=34 : 34 draws/frame
    converted -> target 14E64370 1280x720 fmt=113 : 711 draws/frame
    converted -> target 14E5D060 1280x720 fmt=113 : 6 draws/frame
    converted -> target 14E5CC80 1280x720 fmt=21 : 0 draws/frame
frame 26400 | draws 2812/frame | FFP converted 830/frame (29.5%)
    not converted: screen-space 81  skinned 0  ortho 0  vertex-format 7  untextured 1300  instanced 0  mirrored 0  other-camera 278  no camera 0  other 0 (per frame)
    prepasses hidden: sampler-less 1300/frame, stipple-with-no-colour 207/frame (these used to convert WHITE) | post/composite quads marked 80/frame
    constant-colour materials (no diffuse map, albedo from the shader's own constant) 99/frame | HUD quads demoted to UI 1/frame | back-buffer clears 1/frame | sky draws 65/frame | UI-pass draws converted 0/frame
    instancing: 883 converted from the instance stream/frame, 0 refused/frame (largest single draw 1 instances, 0.7 buffer writes snooped/frame)
    SKINNING: 78 skinned/frame, 59 refused/frame, 6 exact duplicates dropped/frame | 173 meshes decoded, 173 cached, 0 cache flushes
    ALBEDO stage 0 taken raw (no shader reflection) 0/frame
    ALBEDO: constant-only 99/frame, tinted fallback 0/frame, genuinely blank 0/frame (of 99 rank-0 draws/frame)
    ALBEDO WHITE (previously uncounted): named-but-not-bound 0/frame, render-target exclusion left nothing 0/frame | colourless passes now hidden 40/frame | screen-space passes hidden 0/frame | particle billboards hidden 5/frame
    SKIPPED entirely 0/frame (mode 3) | demoted to UI overlay 1/frame | no-albedo materials left to Remix 99/frame
    MARKED with the marker texture 1916/frame (refused as unsafe 0/frame, 4790 SetTexture calls/frame, marker created)
    albedo: moved off stage 0 172/frame, blanked 99/frame, restored from mesh cache 228/frame (1226 meshes cached, 7 flushes) | RT textures known 55 | lights 19.0/frame (24 shaders)
    camera 76.4 148.8 54.8 | distinct cameras this frame 1 (max 1) | transform writes 535/frame | redundant state calls dropped 17385/frame
    world matrix changes 533/frame | objTM used without a fresh upload 0/frame | uv matrix writes 22/frame (last scale 0.00098, 0.00098)
    TIMING: frame 24.6 ms avg (41 fps), worst 34 ms | shim 10.97 ms avg (44.7% of frame), worst 20.4 ms
    TIMING tail: 11 frames >=33 ms, 0 >=100 ms in this window of 600 | inside real Present 4.83 ms avg, worst 1.0 ms | our other hooks 0.00 ms avg
    converted -> target 14E5CA90 1280x720 fmt=34 : 34 draws/frame
    converted -> target 14E64370 1280x720 fmt=113 : 724 draws/frame
    converted -> target 14E5D060 1280x720 fmt=113 : 6 draws/frame
    converted -> target 14E5CC80 1280x720 fmt=21 : 0 draws/frame
frame 27000 | draws 2879/frame | FFP converted 841/frame (29.2%)
    not converted: screen-space 90  skinned 0  ortho 0  vertex-format 7  untextured 1340  instanced 0  mirrored 0  other-camera 284  no camera 0  other 0 (per frame)
    prepasses hidden: sampler-less 1340/frame, stipple-with-no-colour 207/frame (these used to convert WHITE) | post/composite quads marked 89/frame
    constant-colour materials (no diffuse map, albedo from the shader's own constant) 104/frame | HUD quads demoted to UI 1/frame | back-buffer clears 1/frame | sky draws 66/frame | UI-pass draws converted 0/frame
    instancing: 902 converted from the instance stream/frame, 0 refused/frame (largest single draw 1 instances, 0.7 buffer writes snooped/frame)
    SKINNING: 78 skinned/frame, 58 refused/frame, 6 exact duplicates dropped/frame | 173 meshes decoded, 173 cached, 0 cache flushes
    ALBEDO stage 0 taken raw (no shader reflection) 0/frame
    ALBEDO: constant-only 104/frame, tinted fallback 0/frame, genuinely blank 0/frame (of 104 rank-0 draws/frame)
    ALBEDO WHITE (previously uncounted): named-but-not-bound 0/frame, render-target exclusion left nothing 0/frame | colourless passes now hidden 39/frame | screen-space passes hidden 0/frame | particle billboards hidden 5/frame
    SKIPPED entirely 0/frame (mode 3) | demoted to UI overlay 1/frame | no-albedo materials left to Remix 104/frame
    MARKED with the marker texture 1970/frame (refused as unsafe 0/frame, 5004 SetTexture calls/frame, marker created)
    albedo: moved off stage 0 171/frame, blanked 104/frame, restored from mesh cache 230/frame (1226 meshes cached, 7 flushes) | RT textures known 55 | lights 20.0/frame (24 shaders)
    camera 76.4 148.8 54.8 | distinct cameras this frame 1 (max 1) | transform writes 544/frame | redundant state calls dropped 17617/frame
    world matrix changes 542/frame | objTM used without a fresh upload 0/frame | uv matrix writes 22/frame (last scale 0.00098, 0.00098)
    TIMING: frame 24.7 ms avg (41 fps), worst 43 ms | shim 11.08 ms avg (44.9% of frame), worst 22.3 ms
    TIMING tail: 11 frames >=33 ms, 0 >=100 ms in this window of 600 | inside real Present 4.73 ms avg, worst 2.9 ms | our other hooks 0.00 ms avg
    converted -> target 14E5CA90 1280x720 fmt=34 : 34 draws/frame
    converted -> target 14E64370 1280x720 fmt=113 : 737 draws/frame
    converted -> target 14E5D060 1280x720 fmt=113 : 6 draws/frame
    converted -> target 14E5CC80 1280x720 fmt=21 : 0 draws/frame
frame 27600 | draws 2943/frame | FFP converted 851/frame (28.9%)
    not converted: screen-space 98  skinned 0  ortho 0  vertex-format 7  untextured 1378  instanced 0  mirrored 0  other-camera 291  no camera 0  other 0 (per frame)
    prepasses hidden: sampler-less 1378/frame, stipple-with-no-colour 207/frame (these used to convert WHITE) | post/composite quads marked 97/frame
    constant-colour materials (no diffuse map, albedo from the shader's own constant) 108/frame | HUD quads demoted to UI 1/frame | back-buffer clears 1/frame | sky draws 68/frame | UI-pass draws converted 0/frame
    instancing: 920 converted from the instance stream/frame, 0 refused/frame (largest single draw 1 instances, 0.8 buffer writes snooped/frame)
    SKINNING: 78 skinned/frame, 56 refused/frame, 6 exact duplicates dropped/frame | 173 meshes decoded, 173 cached, 0 cache flushes
    ALBEDO stage 0 taken raw (no shader reflection) 0/frame
    ALBEDO: constant-only 108/frame, tinted fallback 0/frame, genuinely blank 0/frame (of 108 rank-0 draws/frame)
    ALBEDO WHITE (previously uncounted): named-but-not-bound 0/frame, render-target exclusion left nothing 0/frame | colourless passes now hidden 38/frame | screen-space passes hidden 0/frame | particle billboards hidden 5/frame
    SKIPPED entirely 0/frame (mode 3) | demoted to UI overlay 1/frame | no-albedo materials left to Remix 108/frame
    MARKED with the marker texture 2022/frame (refused as unsafe 0/frame, 5208 SetTexture calls/frame, marker created)
    albedo: moved off stage 0 171/frame, blanked 108/frame, restored from mesh cache 233/frame (1226 meshes cached, 7 flushes) | RT textures known 55 | lights 20.9/frame (24 shaders)
    camera 76.4 148.8 54.8 | distinct cameras this frame 1 (max 1) | transform writes 553/frame | redundant state calls dropped 17838/frame
    world matrix changes 551/frame | objTM used without a fresh upload 0/frame | uv matrix writes 22/frame (last scale 0.00098, 0.00098)
    TIMING: frame 24.8 ms avg (40 fps), worst 41 ms | shim 11.19 ms avg (45.2% of frame), worst 21.4 ms
    TIMING tail: 17 frames >=33 ms, 0 >=100 ms in this window of 600 | inside real Present 4.64 ms avg, worst 1.6 ms | our other hooks 0.00 ms avg
    converted -> target 14E5CA90 1280x720 fmt=34 : 34 draws/frame
    converted -> target 14E64370 1280x720 fmt=113 : 749 draws/frame
    converted -> target 14E5D060 1280x720 fmt=113 : 6 draws/frame
    converted -> target 14E5CC80 1280x720 fmt=21 : 0 draws/frame
frame 28200 | draws 3005/frame | FFP converted 862/frame (28.7%)
    not converted: screen-space 106  skinned 0  ortho 0  vertex-format 7  untextured 1414  instanced 0  mirrored 0  other-camera 297  no camera 0  other 0 (per frame)
    prepasses hidden: sampler-less 1414/frame, stipple-with-no-colour 206/frame (these used to convert WHITE) | post/composite quads marked 105/frame
    constant-colour materials (no diffuse map, albedo from the shader's own constant) 113/frame | HUD quads demoted to UI 1/frame | back-buffer clears 1/frame | sky draws 70/frame | UI-pass draws converted 0/frame
    instancing: 937 converted from the instance stream/frame, 0 refused/frame (largest single draw 1 instances, 0.8 buffer writes snooped/frame)
    SKINNING: 78 skinned/frame, 55 refused/frame, 6 exact duplicates dropped/frame | 173 meshes decoded, 173 cached, 0 cache flushes
    ALBEDO stage 0 taken raw (no shader reflection) 0/frame
    ALBEDO: constant-only 113/frame, tinted fallback 0/frame, genuinely blank 0/frame (of 113 rank-0 draws/frame)
    ALBEDO WHITE (previously uncounted): named-but-not-bound 0/frame, render-target exclusion left nothing 0/frame | colourless passes now hidden 38/frame | screen-space passes hidden 0/frame | particle billboards hidden 5/frame
    SKIPPED entirely 0/frame (mode 3) | demoted to UI overlay 1/frame | no-albedo materials left to Remix 113/frame
    MARKED with the marker texture 2072/frame (refused as unsafe 0/frame, 5404 SetTexture calls/frame, marker created)
    albedo: moved off stage 0 170/frame, blanked 113/frame, restored from mesh cache 235/frame (1226 meshes cached, 7 flushes) | RT textures known 55 | lights 21.9/frame (24 shaders)
    camera 76.4 148.8 54.8 | distinct cameras this frame 1 (max 1) | transform writes 561/frame | redundant state calls dropped 18052/frame
    world matrix changes 560/frame | objTM used without a fresh upload 0/frame | uv matrix writes 22/frame (last scale 0.00098, 0.00098)
    TIMING: frame 24.9 ms avg (40 fps), worst 35 ms | shim 11.29 ms avg (45.4% of frame), worst 20.8 ms
    TIMING tail: 14 frames >=33 ms, 0 >=100 ms in this window of 600 | inside real Present 4.55 ms avg, worst 2.5 ms | our other hooks 0.00 ms avg
    converted -> target 14E5CA90 1280x720 fmt=34 : 34 draws/frame
    converted -> target 14E64370 1280x720 fmt=113 : 760 draws/frame
    converted -> target 14E5D060 1280x720 fmt=113 : 6 draws/frame
    converted -> target 14E5CC80 1280x720 fmt=21 : 0 draws/frame
frame 28800 | draws 3064/frame | FFP converted 871/frame (28.4%)
    not converted: screen-space 114  skinned 0  ortho 0  vertex-format 7  untextured 1449  instanced 0  mirrored 0  other-camera 303  no camera 0  other 0 (per frame)
    prepasses hidden: sampler-less 1449/frame, stipple-with-no-colour 206/frame (these used to convert WHITE) | post/composite quads marked 113/frame
    constant-colour materials (no diffuse map, albedo from the shader's own constant) 117/frame | HUD quads demoted to UI 1/frame | back-buffer clears 1/frame | sky draws 71/frame | UI-pass draws converted 0/frame
    instancing: 953 converted from the instance stream/frame, 0 refused/frame (largest single draw 1 instances, 0.8 buffer writes snooped/frame)
    SKINNING: 78 skinned/frame, 54 refused/frame, 6 exact duplicates dropped/frame | 173 meshes decoded, 173 cached, 0 cache flushes
    ALBEDO stage 0 taken raw (no shader reflection) 0/frame
    ALBEDO: constant-only 117/frame, tinted fallback 0/frame, genuinely blank 0/frame (of 117 rank-0 draws/frame)
    ALBEDO WHITE (previously uncounted): named-but-not-bound 0/frame, render-target exclusion left nothing 0/frame | colourless passes now hidden 37/frame | screen-space passes hidden 0/frame | particle billboards hidden 5/frame
    SKIPPED entirely 0/frame (mode 3) | demoted to UI overlay 1/frame | no-albedo materials left to Remix 117/frame
    MARKED with the marker texture 2120/frame (refused as unsafe 0/frame, 5592 SetTexture calls/frame, marker created)
    albedo: moved off stage 0 169/frame, blanked 117/frame, restored from mesh cache 237/frame (1226 meshes cached, 7 flushes) | RT textures known 55 | lights 22.7/frame (24 shaders)
    camera 76.4 148.8 54.8 | distinct cameras this frame 1 (max 1) | transform writes 569/frame | redundant state calls dropped 18256/frame
    world matrix changes 568/frame | objTM used without a fresh upload 0/frame | uv matrix writes 22/frame (last scale 0.00098, 0.00098)
    TIMING: frame 25.0 ms avg (40 fps), worst 47 ms | shim 11.39 ms avg (45.6% of frame), worst 25.2 ms
    TIMING tail: 42 frames >=33 ms, 0 >=100 ms in this window of 600 | inside real Present 4.46 ms avg, worst 2.9 ms | our other hooks 0.00 ms avg
    converted -> target 14E5CA90 1280x720 fmt=34 : 34 draws/frame
    converted -> target 14E64370 1280x720 fmt=113 : 771 draws/frame
    converted -> target 14E5D060 1280x720 fmt=113 : 6 draws/frame
    converted -> target 14E5CC80 1280x720 fmt=21 : 0 draws/frame
frame 29400 | draws 3121/frame | FFP converted 881/frame (28.2%)
    not converted: screen-space 121  skinned 0  ortho 0  vertex-format 6  untextured 1483  instanced 0  mirrored 0  other-camera 308  no camera 0  other 0 (per frame)
    prepasses hidden: sampler-less 1483/frame, stipple-with-no-colour 206/frame (these used to convert WHITE) | post/composite quads marked 120/frame
    constant-colour materials (no diffuse map, albedo from the shader's own constant) 121/frame | HUD quads demoted to UI 1/frame | back-buffer clears 1/frame | sky draws 73/frame | UI-pass draws converted 0/frame
    instancing: 968 converted from the instance stream/frame, 0 refused/frame (largest single draw 1 instances, 0.8 buffer writes snooped/frame)
    SKINNING: 79 skinned/frame, 53 refused/frame, 6 exact duplicates dropped/frame | 175 meshes decoded, 175 cached, 0 cache flushes
    ALBEDO stage 0 taken raw (no shader reflection) 0/frame
    ALBEDO: constant-only 121/frame, tinted fallback 0/frame, genuinely blank 0/frame (of 121 rank-0 draws/frame)
    ALBEDO WHITE (previously uncounted): named-but-not-bound 0/frame, render-target exclusion left nothing 0/frame | colourless passes now hidden 37/frame | screen-space passes hidden 0/frame | particle billboards hidden 5/frame
    SKIPPED entirely 0/frame (mode 3) | demoted to UI overlay 1/frame | no-albedo materials left to Remix 121/frame
    MARKED with the marker texture 2166/frame (refused as unsafe 0/frame, 5772 SetTexture calls/frame, marker created)
    albedo: moved off stage 0 169/frame, blanked 121/frame, restored from mesh cache 239/frame (1229 meshes cached, 7 flushes) | RT textures known 55 | lights 23.6/frame (24 shaders)
    camera 76.4 148.8 54.8 | distinct cameras this frame 1 (max 1) | transform writes 577/frame | redundant state calls dropped 18454/frame
    world matrix changes 576/frame | objTM used without a fresh upload 0/frame | uv matrix writes 22/frame (last scale 0.00098, 0.00098)
    TIMING: frame 25.1 ms avg (40 fps), worst 45 ms | shim 11.50 ms avg (45.9% of frame), worst 27.4 ms
    TIMING tail: 23 frames >=33 ms, 0 >=100 ms in this window of 600 | inside real Present 4.38 ms avg, worst 4.7 ms | our other hooks 0.00 ms avg
    converted -> target 14E5CA90 1280x720 fmt=34 : 34 draws/frame
    converted -> target 14E64370 1280x720 fmt=113 : 781 draws/frame
    converted -> target 14E5D060 1280x720 fmt=113 : 6 draws/frame
    converted -> target 14E5CC80 1280x720 fmt=21 : 0 draws/frame
frame 30000 | draws 3175/frame | FFP converted 890/frame (28.0%)
    not converted: screen-space 128  skinned 0  ortho 0  vertex-format 6  untextured 1515  instanced 0  mirrored 0  other-camera 314  no camera 0  other 0 (per frame)
    prepasses hidden: sampler-less 1515/frame, stipple-with-no-colour 206/frame (these used to convert WHITE) | post/composite quads marked 127/frame
    constant-colour materials (no diffuse map, albedo from the shader's own constant) 125/frame | HUD quads demoted to UI 1/frame | back-buffer clears 1/frame | sky draws 74/frame | UI-pass draws converted 0/frame
    instancing: 983 converted from the instance stream/frame, 0 refused/frame (largest single draw 1 instances, 0.8 buffer writes snooped/frame)
    SKINNING: 79 skinned/frame, 52 refused/frame, 6 exact duplicates dropped/frame | 175 meshes decoded, 175 cached, 0 cache flushes
    ALBEDO stage 0 taken raw (no shader reflection) 0/frame
    ALBEDO: constant-only 125/frame, tinted fallback 0/frame, genuinely blank 0/frame (of 125 rank-0 draws/frame)
    ALBEDO WHITE (previously uncounted): named-but-not-bound 0/frame, render-target exclusion left nothing 0/frame | colourless passes now hidden 36/frame | screen-space passes hidden 0/frame | particle billboards hidden 5/frame
    SKIPPED entirely 0/frame (mode 3) | demoted to UI overlay 1/frame | no-albedo materials left to Remix 125/frame
    MARKED with the marker texture 2210/frame (refused as unsafe 0/frame, 5945 SetTexture calls/frame, marker created)
    albedo: moved off stage 0 168/frame, blanked 125/frame, restored from mesh cache 241/frame (1229 meshes cached, 7 flushes) | RT textures known 55 | lights 24.4/frame (24 shaders)
    camera 76.4 148.8 54.8 | distinct cameras this frame 1 (max 1) | transform writes 585/frame | redundant state calls dropped 18644/frame
    world matrix changes 583/frame | objTM used without a fresh upload 0/frame | uv matrix writes 22/frame (last scale 0.00098, 0.00098)
    TIMING: frame 25.2 ms avg (40 fps), worst 43 ms | shim 11.60 ms avg (46.1% of frame), worst 24.1 ms
    TIMING tail: 34 frames >=33 ms, 0 >=100 ms in this window of 600 | inside real Present 4.30 ms avg, worst 4.3 ms | our other hooks 0.00 ms avg
    converted -> target 14E5CA90 1280x720 fmt=34 : 34 draws/frame
    converted -> target 14E64370 1280x720 fmt=113 : 791 draws/frame
    converted -> target 14E5D060 1280x720 fmt=113 : 6 draws/frame
    converted -> target 14E5CC80 1280x720 fmt=21 : 0 draws/frame
frame 30600 | draws 3228/frame | FFP converted 899/frame (27.8%)
    not converted: screen-space 135  skinned 0  ortho 0  vertex-format 6  untextured 1546  instanced 0  mirrored 0  other-camera 319  no camera 0  other 0 (per frame)
    prepasses hidden: sampler-less 1546/frame, stipple-with-no-colour 206/frame (these used to convert WHITE) | post/composite quads marked 134/frame
    constant-colour materials (no diffuse map, albedo from the shader's own constant) 129/frame | HUD quads demoted to UI 1/frame | back-buffer clears 1/frame | sky draws 76/frame | UI-pass draws converted 0/frame
    instancing: 998 converted from the instance stream/frame, 0 refused/frame (largest single draw 1 instances, 0.8 buffer writes snooped/frame)
    SKINNING: 79 skinned/frame, 51 refused/frame, 6 exact duplicates dropped/frame | 175 meshes decoded, 175 cached, 0 cache flushes
    ALBEDO stage 0 taken raw (no shader reflection) 0/frame
    ALBEDO: constant-only 129/frame, tinted fallback 0/frame, genuinely blank 0/frame (of 129 rank-0 draws/frame)
    ALBEDO WHITE (previously uncounted): named-but-not-bound 0/frame, render-target exclusion left nothing 0/frame | colourless passes now hidden 36/frame | screen-space passes hidden 0/frame | particle billboards hidden 5/frame
    SKIPPED entirely 0/frame (mode 3) | demoted to UI overlay 1/frame | no-albedo materials left to Remix 129/frame
    MARKED with the marker texture 2253/frame (refused as unsafe 0/frame, 6111 SetTexture calls/frame, marker created)
    albedo: moved off stage 0 167/frame, blanked 129/frame, restored from mesh cache 243/frame (1229 meshes cached, 7 flushes) | RT textures known 55 | lights 25.2/frame (24 shaders)
    camera 76.4 148.8 54.8 | distinct cameras this frame 1 (max 1) | transform writes 592/frame | redundant state calls dropped 18826/frame
    world matrix changes 590/frame | objTM used without a fresh upload 0/frame | uv matrix writes 22/frame (last scale 0.00098, 0.00098)
    TIMING: frame 25.2 ms avg (40 fps), worst 37 ms | shim 11.70 ms avg (46.3% of frame), worst 22.5 ms
    TIMING tail: 33 frames >=33 ms, 0 >=100 ms in this window of 600 | inside real Present 4.22 ms avg, worst 3.9 ms | our other hooks 0.00 ms avg
    converted -> target 14E5CA90 1280x720 fmt=34 : 35 draws/frame
    converted -> target 14E64370 1280x720 fmt=113 : 801 draws/frame
    converted -> target 14E5D060 1280x720 fmt=113 : 6 draws/frame
    converted -> target 14E5CC80 1280x720 fmt=21 : 0 draws/frame
frame 31200 | draws 3278/frame | FFP converted 907/frame (27.7%)
    not converted: screen-space 141  skinned 0  ortho 0  vertex-format 6  untextured 1576  instanced 0  mirrored 0  other-camera 324  no camera 0  other 0 (per frame)
    prepasses hidden: sampler-less 1576/frame, stipple-with-no-colour 206/frame (these used to convert WHITE) | post/composite quads marked 140/frame
    constant-colour materials (no diffuse map, albedo from the shader's own constant) 132/frame | HUD quads demoted to UI 1/frame | back-buffer clears 1/frame | sky draws 77/frame | UI-pass draws converted 0/frame
    instancing: 1011 converted from the instance stream/frame, 0 refused/frame (largest single draw 1 instances, 0.8 buffer writes snooped/frame)
    SKINNING: 79 skinned/frame, 50 refused/frame, 6 exact duplicates dropped/frame | 175 meshes decoded, 175 cached, 0 cache flushes
    ALBEDO stage 0 taken raw (no shader reflection) 0/frame
    ALBEDO: constant-only 132/frame, tinted fallback 0/frame, genuinely blank 0/frame (of 132 rank-0 draws/frame)
    ALBEDO WHITE (previously uncounted): named-but-not-bound 0/frame, render-target exclusion left nothing 0/frame | colourless passes now hidden 35/frame | screen-space passes hidden 0/frame | particle billboards hidden 5/frame
    SKIPPED entirely 0/frame (mode 3) | demoted to UI overlay 1/frame | no-albedo materials left to Remix 132/frame
    MARKED with the marker texture 2293/frame (refused as unsafe 0/frame, 6271 SetTexture calls/frame, marker created)
    albedo: moved off stage 0 167/frame, blanked 132/frame, restored from mesh cache 245/frame (1229 meshes cached, 7 flushes) | RT textures known 55 | lights 25.9/frame (24 shaders)
    camera 76.4 148.8 54.8 | distinct cameras this frame 1 (max 1) | transform writes 599/frame | redundant state calls dropped 19001/frame
    world matrix changes 597/frame | objTM used without a fresh upload 0/frame | uv matrix writes 22/frame (last scale 0.00098, 0.00098)
    TIMING: frame 25.3 ms avg (39 fps), worst 41 ms | shim 11.80 ms avg (46.6% of frame), worst 23.2 ms
    TIMING tail: 42 frames >=33 ms, 0 >=100 ms in this window of 600 | inside real Present 4.14 ms avg, worst 3.0 ms | our other hooks 0.00 ms avg
    converted -> target 14E5CA90 1280x720 fmt=34 : 35 draws/frame
    converted -> target 14E64370 1280x720 fmt=113 : 810 draws/frame
    converted -> target 14E5D060 1280x720 fmt=113 : 6 draws/frame
    converted -> target 14E5CC80 1280x720 fmt=21 : 0 draws/frame
frame 31800 | draws 3327/frame | FFP converted 915/frame (27.5%)
    not converted: screen-space 148  skinned 0  ortho 0  vertex-format 6  untextured 1605  instanced 0  mirrored 0  other-camera 328  no camera 0  other 0 (per frame)
    prepasses hidden: sampler-less 1605/frame, stipple-with-no-colour 206/frame (these used to convert WHITE) | post/composite quads marked 147/frame
    constant-colour materials (no diffuse map, albedo from the shader's own constant) 136/frame | HUD quads demoted to UI 1/frame | back-buffer clears 1/frame | sky draws 78/frame | UI-pass draws converted 0/frame
    instancing: 1025 converted from the instance stream/frame, 0 refused/frame (largest single draw 1 instances, 0.8 buffer writes snooped/frame)
    SKINNING: 79 skinned/frame, 49 refused/frame, 6 exact duplicates dropped/frame | 175 meshes decoded, 175 cached, 0 cache flushes
    ALBEDO stage 0 taken raw (no shader reflection) 0/frame
    ALBEDO: constant-only 136/frame, tinted fallback 0/frame, genuinely blank 0/frame (of 136 rank-0 draws/frame)
    ALBEDO WHITE (previously uncounted): named-but-not-bound 0/frame, render-target exclusion left nothing 0/frame | colourless passes now hidden 35/frame | screen-space passes hidden 0/frame | particle billboards hidden 5/frame
    SKIPPED entirely 0/frame (mode 3) | demoted to UI overlay 1/frame | no-albedo materials left to Remix 136/frame
    MARKED with the marker texture 2333/frame (refused as unsafe 0/frame, 6426 SetTexture calls/frame, marker created)
    albedo: moved off stage 0 166/frame, blanked 136/frame, restored from mesh cache 247/frame (1229 meshes cached, 7 flushes) | RT textures known 55 | lights 26.6/frame (24 shaders)
    camera 76.4 148.8 54.8 | distinct cameras this frame 1 (max 1) | transform writes 605/frame | redundant state calls dropped 19171/frame
    world matrix changes 604/frame | objTM used without a fresh upload 0/frame | uv matrix writes 23/frame (last scale 0.00098, 0.00098)
    TIMING: frame 25.4 ms avg (39 fps), worst 74 ms | shim 11.89 ms avg (46.7% of frame), worst 23.9 ms
    TIMING tail: 43 frames >=33 ms, 0 >=100 ms in this window of 600 | inside real Present 4.07 ms avg, worst 37.4 ms | our other hooks 0.00 ms avg
    converted -> target 14E5CA90 1280x720 fmt=34 : 35 draws/frame
    converted -> target 14E64370 1280x720 fmt=113 : 819 draws/frame
    converted -> target 14E5D060 1280x720 fmt=113 : 6 draws/frame
    converted -> target 14E5CC80 1280x720 fmt=21 : 0 draws/frame
frame 32400 | draws 3374/frame | FFP converted 923/frame (27.4%)
    not converted: screen-space 154  skinned 0  ortho 0  vertex-format 6  untextured 1633  instanced 0  mirrored 0  other-camera 333  no camera 0  other 0 (per frame)
    prepasses hidden: sampler-less 1633/frame, stipple-with-no-colour 206/frame (these used to convert WHITE) | post/composite quads marked 153/frame
    constant-colour materials (no diffuse map, albedo from the shader's own constant) 139/frame | HUD quads demoted to UI 1/frame | back-buffer clears 1/frame | sky draws 80/frame | UI-pass draws converted 0/frame
    instancing: 1038 converted from the instance stream/frame, 0 refused/frame (largest single draw 1 instances, 0.8 buffer writes snooped/frame)
    SKINNING: 80 skinned/frame, 48 refused/frame, 6 exact duplicates dropped/frame | 175 meshes decoded, 175 cached, 0 cache flushes
    ALBEDO stage 0 taken raw (no shader reflection) 0/frame
    ALBEDO: constant-only 139/frame, tinted fallback 0/frame, genuinely blank 0/frame (of 139 rank-0 draws/frame)
    ALBEDO WHITE (previously uncounted): named-but-not-bound 0/frame, render-target exclusion left nothing 0/frame | colourless passes now hidden 35/frame | screen-space passes hidden 0/frame | particle billboards hidden 5/frame
    SKIPPED entirely 0/frame (mode 3) | demoted to UI overlay 1/frame | no-albedo materials left to Remix 139/frame
    MARKED with the marker texture 2371/frame (refused as unsafe 0/frame, 6574 SetTexture calls/frame, marker created)
    albedo: moved off stage 0 166/frame, blanked 139/frame, restored from mesh cache 248/frame (1229 meshes cached, 7 flushes) | RT textures known 55 | lights 27.3/frame (24 shaders)
    camera 76.4 148.8 54.8 | distinct cameras this frame 1 (max 1) | transform writes 612/frame | redundant state calls dropped 19336/frame
    world matrix changes 610/frame | objTM used without a fresh upload 0/frame | uv matrix writes 23/frame (last scale 0.00098, 0.00098)
    TIMING: frame 25.5 ms avg (39 fps), worst 44 ms | shim 11.97 ms avg (46.9% of frame), worst 25.9 ms
    TIMING tail: 25 frames >=33 ms, 0 >=100 ms in this window of 600 | inside real Present 4.00 ms avg, worst 4.9 ms | our other hooks 0.00 ms avg
    converted -> target 14E5CA90 1280x720 fmt=34 : 35 draws/frame
    converted -> target 14E64370 1280x720 fmt=113 : 828 draws/frame
    converted -> target 14E5D060 1280x720 fmt=113 : 5 draws/frame
    converted -> target 14E5CC80 1280x720 fmt=21 : 0 draws/frame
frame 33000 | draws 3419/frame | FFP converted 931/frame (27.2%)
    not converted: screen-space 159  skinned 0  ortho 0  vertex-format 6  untextured 1660  instanced 0  mirrored 0  other-camera 337  no camera 0  other 0 (per frame)
    prepasses hidden: sampler-less 1660/frame, stipple-with-no-colour 206/frame (these used to convert WHITE) | post/composite quads marked 159/frame
    constant-colour materials (no diffuse map, albedo from the shader's own constant) 142/frame | HUD quads demoted to UI 1/frame | back-buffer clears 1/frame | sky draws 81/frame | UI-pass draws converted 0/frame
    instancing: 1050 converted from the instance stream/frame, 0 refused/frame (largest single draw 1 instances, 0.8 buffer writes snooped/frame)
    SKINNING: 80 skinned/frame, 47 refused/frame, 6 exact duplicates dropped/frame | 175 meshes decoded, 175 cached, 0 cache flushes
    ALBEDO stage 0 taken raw (no shader reflection) 0/frame
    ALBEDO: constant-only 142/frame, tinted fallback 0/frame, genuinely blank 0/frame (of 142 rank-0 draws/frame)
    ALBEDO WHITE (previously uncounted): named-but-not-bound 0/frame, render-target exclusion left nothing 0/frame | colourless passes now hidden 34/frame | screen-space passes hidden 0/frame | particle billboards hidden 5/frame
    SKIPPED entirely 0/frame (mode 3) | demoted to UI overlay 1/frame | no-albedo materials left to Remix 142/frame
    MARKED with the marker texture 2408/frame (refused as unsafe 0/frame, 6717 SetTexture calls/frame, marker created)
    albedo: moved off stage 0 165/frame, blanked 142/frame, restored from mesh cache 250/frame (1229 meshes cached, 7 flushes) | RT textures known 55 | lights 28.0/frame (24 shaders)
    camera 76.4 148.8 54.8 | distinct cameras this frame 1 (max 1) | transform writes 618/frame | redundant state calls dropped 19495/frame
    world matrix changes 616/frame | objTM used without a fresh upload 0/frame | uv matrix writes 23/frame (last scale 0.00098, 0.00098)
    TIMING: frame 25.6 ms avg (39 fps), worst 42 ms | shim 12.05 ms avg (47.1% of frame), worst 22.1 ms
    TIMING tail: 36 frames >=33 ms, 0 >=100 ms in this window of 600 | inside real Present 3.94 ms avg, worst 1.3 ms | our other hooks 0.00 ms avg
    converted -> target 14E5CA90 1280x720 fmt=34 : 35 draws/frame
    converted -> target 14E64370 1280x720 fmt=113 : 836 draws/frame
    converted -> target 14E5D060 1280x720 fmt=113 : 5 draws/frame
    converted -> target 14E5CC80 1280x720 fmt=21 : 0 draws/frame
frame 33600 | draws 3463/frame | FFP converted 938/frame (27.1%)
    not converted: screen-space 165  skinned 0  ortho 0  vertex-format 6  untextured 1686  instanced 0  mirrored 0  other-camera 342  no camera 0  other 0 (per frame)
    prepasses hidden: sampler-less 1686/frame, stipple-with-no-colour 206/frame (these used to convert WHITE) | post/composite quads marked 164/frame
    constant-colour materials (no diffuse map, albedo from the shader's own constant) 145/frame | HUD quads demoted to UI 1/frame | back-buffer clears 1/frame | sky draws 82/frame | UI-pass draws converted 0/frame
    instancing: 1062 converted from the instance stream/frame, 0 refused/frame (largest single draw 1 instances, 0.8 buffer writes snooped/frame)
    SKINNING: 80 skinned/frame, 46 refused/frame, 6 exact duplicates dropped/frame | 175 meshes decoded, 175 cached, 0 cache flushes
    ALBEDO stage 0 taken raw (no shader reflection) 0/frame
    ALBEDO: constant-only 145/frame, tinted fallback 0/frame, genuinely blank 0/frame (of 145 rank-0 draws/frame)
    ALBEDO WHITE (previously uncounted): named-but-not-bound 0/frame, render-target exclusion left nothing 0/frame | colourless passes now hidden 34/frame | screen-space passes hidden 0/frame | particle billboards hidden 5/frame
    SKIPPED entirely 0/frame (mode 3) | demoted to UI overlay 1/frame | no-albedo materials left to Remix 145/frame
    MARKED with the marker texture 2443/frame (refused as unsafe 0/frame, 6855 SetTexture calls/frame, marker created)
    albedo: moved off stage 0 165/frame, blanked 145/frame, restored from mesh cache 252/frame (1229 meshes cached, 7 flushes) | RT textures known 55 | lights 28.6/frame (24 shaders)
    camera 76.4 148.8 54.8 | distinct cameras this frame 1 (max 1) | transform writes 624/frame | redundant state calls dropped 19647/frame
    world matrix changes 622/frame | objTM used without a fresh upload 0/frame | uv matrix writes 23/frame (last scale 0.00098, 0.00098)
    TIMING: frame 25.7 ms avg (39 fps), worst 43 ms | shim 12.14 ms avg (47.3% of frame), worst 23.5 ms
    TIMING tail: 41 frames >=33 ms, 0 >=100 ms in this window of 600 | inside real Present 3.87 ms avg, worst 5.3 ms | our other hooks 0.00 ms avg
    converted -> target 14E5CA90 1280x720 fmt=34 : 35 draws/frame
    converted -> target 14E64370 1280x720 fmt=113 : 844 draws/frame
    converted -> target 14E5D060 1280x720 fmt=113 : 5 draws/frame
    converted -> target 14E5CC80 1280x720 fmt=21 : 0 draws/frame
frame 34200 | draws 3505/frame | FFP converted 945/frame (27.0%)
    not converted: screen-space 170  skinned 0  ortho 0  vertex-format 6  untextured 1710  instanced 0  mirrored 0  other-camera 346  no camera 0  other 0 (per frame)
    prepasses hidden: sampler-less 1710/frame, stipple-with-no-colour 206/frame (these used to convert WHITE) | post/composite quads marked 170/frame
    constant-colour materials (no diffuse map, albedo from the shader's own constant) 148/frame | HUD quads demoted to UI 1/frame | back-buffer clears 1/frame | sky draws 83/frame | UI-pass draws converted 0/frame
    instancing: 1073 converted from the instance stream/frame, 0 refused/frame (largest single draw 1 instances, 0.8 buffer writes snooped/frame)
    SKINNING: 80 skinned/frame, 46 refused/frame, 6 exact duplicates dropped/frame | 175 meshes decoded, 175 cached, 0 cache flushes
    ALBEDO stage 0 taken raw (no shader reflection) 0/frame
    ALBEDO: constant-only 148/frame, tinted fallback 0/frame, genuinely blank 0/frame (of 148 rank-0 draws/frame)
    ALBEDO WHITE (previously uncounted): named-but-not-bound 0/frame, render-target exclusion left nothing 0/frame | colourless passes now hidden 33/frame | screen-space passes hidden 0/frame | particle billboards hidden 5/frame
    SKIPPED entirely 0/frame (mode 3) | demoted to UI overlay 1/frame | no-albedo materials left to Remix 148/frame
    MARKED with the marker texture 2477/frame (refused as unsafe 0/frame, 6988 SetTexture calls/frame, marker created)
    albedo: moved off stage 0 165/frame, blanked 148/frame, restored from mesh cache 253/frame (1229 meshes cached, 7 flushes) | RT textures known 55 | lights 29.3/frame (24 shaders)
    camera 76.4 148.8 54.8 | distinct cameras this frame 1 (max 1) | transform writes 630/frame | redundant state calls dropped 19794/frame
    world matrix changes 628/frame | objTM used without a fresh upload 0/frame | uv matrix writes 23/frame (last scale 0.00098, 0.00098)
    TIMING: frame 25.8 ms avg (39 fps), worst 45 ms | shim 12.22 ms avg (47.4% of frame), worst 28.9 ms
    TIMING tail: 67 frames >=33 ms, 0 >=100 ms in this window of 600 | inside real Present 3.81 ms avg, worst 5.0 ms | our other hooks 0.00 ms avg
    converted -> target 14E5CA90 1280x720 fmt=34 : 35 draws/frame
    converted -> target 14E64370 1280x720 fmt=113 : 852 draws/frame
    converted -> target 14E5D060 1280x720 fmt=113 : 5 draws/frame
    converted -> target 14E5CC80 1280x720 fmt=21 : 0 draws/frame
frame 34800 | draws 3546/frame | FFP converted 952/frame (26.8%)
    not converted: screen-space 176  skinned 0  ortho 0  vertex-format 5  untextured 1735  instanced 0  mirrored 0  other-camera 350  no camera 0  other 0 (per frame)
    prepasses hidden: sampler-less 1735/frame, stipple-with-no-colour 206/frame (these used to convert WHITE) | post/composite quads marked 175/frame
    constant-colour materials (no diffuse map, albedo from the shader's own constant) 151/frame | HUD quads demoted to UI 1/frame | back-buffer clears 1/frame | sky draws 84/frame | UI-pass draws converted 0/frame
    instancing: 1084 converted from the instance stream/frame, 0 refused/frame (largest single draw 1 instances, 0.8 buffer writes snooped/frame)
    SKINNING: 81 skinned/frame, 45 refused/frame, 6 exact duplicates dropped/frame | 175 meshes decoded, 175 cached, 0 cache flushes
    ALBEDO stage 0 taken raw (no shader reflection) 0/frame
    ALBEDO: constant-only 151/frame, tinted fallback 0/frame, genuinely blank 0/frame (of 151 rank-0 draws/frame)
    ALBEDO WHITE (previously uncounted): named-but-not-bound 0/frame, render-target exclusion left nothing 0/frame | colourless passes now hidden 33/frame | screen-space passes hidden 0/frame | particle billboards hidden 5/frame
    SKIPPED entirely 0/frame (mode 3) | demoted to UI overlay 1/frame | no-albedo materials left to Remix 151/frame
    MARKED with the marker texture 2510/frame (refused as unsafe 0/frame, 7117 SetTexture calls/frame, marker created)
    albedo: moved off stage 0 164/frame, blanked 151/frame, restored from mesh cache 255/frame (1229 meshes cached, 7 flushes) | RT textures known 55 | lights 29.8/frame (24 shaders)
    camera 76.4 148.8 54.8 | distinct cameras this frame 1 (max 1) | transform writes 635/frame | redundant state calls dropped 19937/frame
    world matrix changes 634/frame | objTM used without a fresh upload 0/frame | uv matrix writes 23/frame (last scale 0.00098, 0.00098)
    TIMING: frame 25.9 ms avg (39 fps), worst 45 ms | shim 12.32 ms avg (47.6% of frame), worst 22.8 ms
    TIMING tail: 87 frames >=33 ms, 0 >=100 ms in this window of 600 | inside real Present 3.75 ms avg, worst 5.8 ms | our other hooks 0.00 ms avg
    converted -> target 14E5CA90 1280x720 fmt=34 : 35 draws/frame
    converted -> target 14E64370 1280x720 fmt=113 : 860 draws/frame
    converted -> target 14E5D060 1280x720 fmt=113 : 5 draws/frame
    converted -> target 14E5CC80 1280x720 fmt=21 : 0 draws/frame
frame 35400 | draws 3585/frame | FFP converted 958/frame (26.7%)
    not converted: screen-space 181  skinned 0  ortho 0  vertex-format 5  untextured 1758  instanced 0  mirrored 0  other-camera 354  no camera 0  other 0 (per frame)
    prepasses hidden: sampler-less 1758/frame, stipple-with-no-colour 206/frame (these used to convert WHITE) | post/composite quads marked 180/frame
    constant-colour materials (no diffuse map, albedo from the shader's own constant) 154/frame | HUD quads demoted to UI 1/frame | back-buffer clears 1/frame | sky draws 85/frame | UI-pass draws converted 0/frame
    instancing: 1095 converted from the instance stream/frame, 0 refused/frame (largest single draw 1 instances, 0.8 buffer writes snooped/frame)
    SKINNING: 81 skinned/frame, 44 refused/frame, 6 exact duplicates dropped/frame | 175 meshes decoded, 175 cached, 0 cache flushes
    ALBEDO stage 0 taken raw (no shader reflection) 0/frame
    ALBEDO: constant-only 154/frame, tinted fallback 0/frame, genuinely blank 0/frame (of 154 rank-0 draws/frame)
    ALBEDO WHITE (previously uncounted): named-but-not-bound 0/frame, render-target exclusion left nothing 0/frame | colourless passes now hidden 33/frame | screen-space passes hidden 0/frame | particle billboards hidden 5/frame
    SKIPPED entirely 0/frame (mode 3) | demoted to UI overlay 1/frame | no-albedo materials left to Remix 154/frame
    MARKED with the marker texture 2542/frame (refused as unsafe 0/frame, 7242 SetTexture calls/frame, marker created)
    albedo: moved off stage 0 164/frame, blanked 154/frame, restored from mesh cache 256/frame (1229 meshes cached, 7 flushes) | RT textures known 55 | lights 30.4/frame (24 shaders)
    camera 76.4 148.8 54.8 | distinct cameras this frame 1 (max 1) | transform writes 641/frame | redundant state calls dropped 20077/frame
    world matrix changes 639/frame | objTM used without a fresh upload 0/frame | uv matrix writes 23/frame (last scale 0.00098, 0.00098)
    TIMING: frame 25.9 ms avg (39 fps), worst 43 ms | shim 12.40 ms avg (47.8% of frame), worst 23.0 ms
    TIMING tail: 65 frames >=33 ms, 0 >=100 ms in this window of 600 | inside real Present 3.70 ms avg, worst 4.7 ms | our other hooks 0.00 ms avg
    converted -> target 14E5CA90 1280x720 fmt=34 : 35 draws/frame
    converted -> target 14E64370 1280x720 fmt=113 : 867 draws/frame
    converted -> target 14E5D060 1280x720 fmt=113 : 5 draws/frame
    converted -> target 14E5CC80 1280x720 fmt=21 : 0 draws/frame
frame 36000 | draws 3623/frame | FFP converted 965/frame (26.6%)
    not converted: screen-space 186  skinned 0  ortho 0  vertex-format 5  untextured 1780  instanced 0  mirrored 0  other-camera 357  no camera 0  other 0 (per frame)
    prepasses hidden: sampler-less 1780/frame, stipple-with-no-colour 206/frame (these used to convert WHITE) | post/composite quads marked 185/frame
    constant-colour materials (no diffuse map, albedo from the shader's own constant) 157/frame | HUD quads demoted to UI 1/frame | back-buffer clears 1/frame | sky draws 86/frame | UI-pass draws converted 0/frame
    instancing: 1105 converted from the instance stream/frame, 0 refused/frame (largest single draw 1 instances, 0.8 buffer writes snooped/frame)
    SKINNING: 81 skinned/frame, 43 refused/frame, 6 exact duplicates dropped/frame | 175 meshes decoded, 175 cached, 0 cache flushes
    ALBEDO stage 0 taken raw (no shader reflection) 0/frame
    ALBEDO: constant-only 157/frame, tinted fallback 0/frame, genuinely blank 0/frame (of 157 rank-0 draws/frame)
    ALBEDO WHITE (previously uncounted): named-but-not-bound 0/frame, render-target exclusion left nothing 0/frame | colourless passes now hidden 32/frame | screen-space passes hidden 0/frame | particle billboards hidden 5/frame
    SKIPPED entirely 0/frame (mode 3) | demoted to UI overlay 1/frame | no-albedo materials left to Remix 157/frame
    MARKED with the marker texture 2573/frame (refused as unsafe 0/frame, 7362 SetTexture calls/frame, marker created)
    albedo: moved off stage 0 163/frame, blanked 157/frame, restored from mesh cache 258/frame (1229 meshes cached, 7 flushes) | RT textures known 55 | lights 31.0/frame (24 shaders)
    camera 76.4 148.8 54.8 | distinct cameras this frame 1 (max 1) | transform writes 646/frame | redundant state calls dropped 20209/frame
    world matrix changes 644/frame | objTM used without a fresh upload 0/frame | uv matrix writes 23/frame (last scale 0.00098, 0.00098)
    TIMING: frame 26.0 ms avg (38 fps), worst 55 ms | shim 12.48 ms avg (47.9% of frame), worst 35.8 ms
    TIMING tail: 49 frames >=33 ms, 0 >=100 ms in this window of 600 | inside real Present 3.64 ms avg, worst 4.0 ms | our other hooks 0.00 ms avg
    converted -> target 14E5CA90 1280x720 fmt=34 : 36 draws/frame
    converted -> target 14E64370 1280x720 fmt=113 : 874 draws/frame
    converted -> target 14E5D060 1280x720 fmt=113 : 5 draws/frame
    converted -> target 14E5CC80 1280x720 fmt=21 : 0 draws/frame
frame 36600 | draws 3660/frame | FFP converted 971/frame (26.5%)
    not converted: screen-space 190  skinned 0  ortho 0  vertex-format 5  untextured 1802  instanced 0  mirrored 0  other-camera 361  no camera 0  other 0 (per frame)
    prepasses hidden: sampler-less 1802/frame, stipple-with-no-colour 206/frame (these used to convert WHITE) | post/composite quads marked 189/frame
    constant-colour materials (no diffuse map, albedo from the shader's own constant) 159/frame | HUD quads demoted to UI 1/frame | back-buffer clears 1/frame | sky draws 87/frame | UI-pass draws converted 0/frame
    instancing: 1115 converted from the instance stream/frame, 0 refused/frame (largest single draw 1 instances, 0.8 buffer writes snooped/frame)
    SKINNING: 81 skinned/frame, 43 refused/frame, 6 exact duplicates dropped/frame | 177 meshes decoded, 177 cached, 0 cache flushes
    ALBEDO stage 0 taken raw (no shader reflection) 0/frame
    ALBEDO: constant-only 159/frame, tinted fallback 0/frame, genuinely blank 0/frame (of 159 rank-0 draws/frame)
    ALBEDO WHITE (previously uncounted): named-but-not-bound 0/frame, render-target exclusion left nothing 0/frame | colourless passes now hidden 32/frame | screen-space passes hidden 0/frame | particle billboards hidden 5/frame
    SKIPPED entirely 0/frame (mode 3) | demoted to UI overlay 1/frame | no-albedo materials left to Remix 159/frame
    MARKED with the marker texture 2602/frame (refused as unsafe 0/frame, 7478 SetTexture calls/frame, marker created)
    albedo: moved off stage 0 163/frame, blanked 159/frame, restored from mesh cache 259/frame (1232 meshes cached, 7 flushes) | RT textures known 55 | lights 31.5/frame (24 shaders)
    camera 76.4 148.8 54.8 | distinct cameras this frame 1 (max 1) | transform writes 651/frame | redundant state calls dropped 20339/frame
    world matrix changes 649/frame | objTM used without a fresh upload 0/frame | uv matrix writes 23/frame (last scale 0.00098, 0.00098)
    TIMING: frame 26.1 ms avg (38 fps), worst 49 ms | shim 12.56 ms avg (48.1% of frame), worst 32.8 ms
    TIMING tail: 77 frames >=33 ms, 0 >=100 ms in this window of 600 | inside real Present 3.59 ms avg, worst 3.7 ms | our other hooks 0.00 ms avg
    converted -> target 14E5CA90 1280x720 fmt=34 : 36 draws/frame
    converted -> target 14E64370 1280x720 fmt=113 : 881 draws/frame
    converted -> target 14E5D060 1280x720 fmt=113 : 5 draws/frame
    converted -> target 14E5CC80 1280x720 fmt=21 : 0 draws/frame
frame 37200 | draws 3695/frame | FFP converted 977/frame (26.4%)
    not converted: screen-space 195  skinned 0  ortho 0  vertex-format 5  untextured 1823  instanced 0  mirrored 0  other-camera 364  no camera 0  other 0 (per frame)
    prepasses hidden: sampler-less 1823/frame, stipple-with-no-colour 206/frame (these used to convert WHITE) | post/composite quads marked 194/frame
    constant-colour materials (no diffuse map, albedo from the shader's own constant) 162/frame | HUD quads demoted to UI 1/frame | back-buffer clears 1/frame | sky draws 88/frame | UI-pass draws converted 0/frame
    instancing: 1125 converted from the instance stream/frame, 0 refused/frame (largest single draw 1 instances, 0.8 buffer writes snooped/frame)
    SKINNING: 81 skinned/frame, 42 refused/frame, 6 exact duplicates dropped/frame | 177 meshes decoded, 177 cached, 0 cache flushes
    ALBEDO stage 0 taken raw (no shader reflection) 0/frame
    ALBEDO: constant-only 162/frame, tinted fallback 0/frame, genuinely blank 0/frame (of 162 rank-0 draws/frame)
    ALBEDO WHITE (previously uncounted): named-but-not-bound 0/frame, render-target exclusion left nothing 0/frame | colourless passes now hidden 32/frame | screen-space passes hidden 0/frame | particle billboards hidden 5/frame
    SKIPPED entirely 0/frame (mode 3) | demoted to UI overlay 1/frame | no-albedo materials left to Remix 162/frame
    MARKED with the marker texture 2631/frame (refused as unsafe 0/frame, 7591 SetTexture calls/frame, marker created)
    albedo: moved off stage 0 163/frame, blanked 162/frame, restored from mesh cache 260/frame (1232 meshes cached, 7 flushes) | RT textures known 55 | lights 32.1/frame (24 shaders)
    camera 76.4 148.8 54.8 | distinct cameras this frame 1 (max 1) | transform writes 656/frame | redundant state calls dropped 20464/frame
    world matrix changes 654/frame | objTM used without a fresh upload 0/frame | uv matrix writes 23/frame (last scale 0.00098, 0.00098)
    TIMING: frame 26.2 ms avg (38 fps), worst 43 ms | shim 12.64 ms avg (48.3% of frame), worst 25.0 ms
    TIMING tail: 113 frames >=33 ms, 0 >=100 ms in this window of 600 | inside real Present 3.53 ms avg, worst 1.2 ms | our other hooks 0.00 ms avg
    converted -> target 14E5CA90 1280x720 fmt=34 : 36 draws/frame
    converted -> target 14E64370 1280x720 fmt=113 : 887 draws/frame
    converted -> target 14E5D060 1280x720 fmt=113 : 5 draws/frame
    converted -> target 14E5CC80 1280x720 fmt=21 : 0 draws/frame
frame 37800 | draws 3730/frame | FFP converted 982/frame (26.3%)
    not converted: screen-space 199  skinned 0  ortho 0  vertex-format 5  untextured 1843  instanced 0  mirrored 0  other-camera 368  no camera 0  other 0 (per frame)
    prepasses hidden: sampler-less 1843/frame, stipple-with-no-colour 206/frame (these used to convert WHITE) | post/composite quads marked 198/frame
    constant-colour materials (no diffuse map, albedo from the shader's own constant) 164/frame | HUD quads demoted to UI 1/frame | back-buffer clears 1/frame | sky draws 89/frame | UI-pass draws converted 0/frame
    instancing: 1134 converted from the instance stream/frame, 0 refused/frame (largest single draw 1 instances, 0.8 buffer writes snooped/frame)
    SKINNING: 82 skinned/frame, 41 refused/frame, 6 exact duplicates dropped/frame | 177 meshes decoded, 177 cached, 0 cache flushes
    ALBEDO stage 0 taken raw (no shader reflection) 0/frame
    ALBEDO: constant-only 164/frame, tinted fallback 0/frame, genuinely blank 0/frame (of 164 rank-0 draws/frame)
    ALBEDO WHITE (previously uncounted): named-but-not-bound 0/frame, render-target exclusion left nothing 0/frame | colourless passes now hidden 32/frame | screen-space passes hidden 0/frame | particle billboards hidden 5/frame
    SKIPPED entirely 0/frame (mode 3) | demoted to UI overlay 1/frame | no-albedo materials left to Remix 164/frame
    MARKED with the marker texture 2659/frame (refused as unsafe 0/frame, 7700 SetTexture calls/frame, marker created)
    albedo: moved off stage 0 162/frame, blanked 164/frame, restored from mesh cache 262/frame (1232 meshes cached, 7 flushes) | RT textures known 55 | lights 32.6/frame (24 shaders)
    camera 76.4 148.8 54.8 | distinct cameras this frame 1 (max 1) | transform writes 661/frame | redundant state calls dropped 20583/frame
    world matrix changes 659/frame | objTM used without a fresh upload 0/frame | uv matrix writes 23/frame (last scale 0.00098, 0.00098)
    TIMING: frame 26.3 ms avg (38 fps), worst 46 ms | shim 12.70 ms avg (48.4% of frame), worst 23.6 ms
    TIMING tail: 35 frames >=33 ms, 0 >=100 ms in this window of 600 | inside real Present 3.48 ms avg, worst 1.7 ms | our other hooks 0.00 ms avg
    converted -> target 14E5CA90 1280x720 fmt=34 : 36 draws/frame
    converted -> target 14E64370 1280x720 fmt=113 : 894 draws/frame
    converted -> target 14E5D060 1280x720 fmt=113 : 5 draws/frame
    converted -> target 14E5CC80 1280x720 fmt=21 : 0 draws/frame
