sr3-rtx loaded (pid 8648) - FFP conversion, ported from sr2-rtx-remix-proxy
settings: ffp=1 convertSkinned=0 perspectiveOnly=1 skipDepthOnly=1 finiteFar=1(far=5000) rankAlbedo=1 excludeRTAlbedo=1 injectLights=1 uvScale=0.00000
CreateDevice hook installed
CreateDeviceEx hook installed
CreateDeviceEx -> hooking device (backbuffer 1280x720)
light shader: directional (pos=c0 dir=c-1 color=c2 info=c-1 spot=c-1)
light shader: directional (pos=c0 dir=c-1 color=c2 info=c-1 spot=c-1)
light shader: directional (pos=c0 dir=c-1 color=c2 info=c-1 spot=c-1)
light shader: directional (pos=c0 dir=c-1 color=c2 info=c-1 spot=c-1)
light shader: directional (pos=c0 dir=c-1 color=c2 info=c-1 spot=c-1)
light shader: directional (pos=c0 dir=c-1 color=c2 info=c-1 spot=c-1)
vertex layout #1: elems=3 uv=float2 normal=0 color=1 skinned=0 positionT=0
frame 60 | draws 0/frame | FFP converted 0/frame (0.0%) | far substitutions 0/frame
    not converted: screen-space 0  skinned 0  depth-only 0  ortho 0  no camera 0  other 0  (per frame)
    albedo: moved off stage 0 0/frame, blanked 0/frame | RT textures known 55 | lights 0.0/frame (24 shaders)
    camera 0.0 0.0 0.0 | transform writes 0/frame | redundant state calls dropped 0/frame
frame 600 | draws 0/frame | FFP converted 0/frame (0.0%) | far substitutions 0/frame
    not converted: screen-space 0  skinned 0  depth-only 0  ortho 0  no camera 0  other 0  (per frame)
    albedo: moved off stage 0 0/frame, blanked 0/frame | RT textures known 55 | lights 0.0/frame (24 shaders)
    camera 0.0 0.0 0.0 | transform writes 0/frame | redundant state calls dropped 0/frame
frame 1200 | draws 0/frame | FFP converted 0/frame (0.0%) | far substitutions 0/frame
    not converted: screen-space 0  skinned 0  depth-only 0  ortho 0  no camera 0  other 0  (per frame)
    albedo: moved off stage 0 0/frame, blanked 0/frame | RT textures known 94 | lights 0.0/frame (24 shaders)
    camera 0.0 0.0 0.0 | transform writes 0/frame | redundant state calls dropped 0/frame
frame 1800 | draws 0/frame | FFP converted 0/frame (0.0%) | far substitutions 0/frame
    not converted: screen-space 0  skinned 0  depth-only 0  ortho 0  no camera 0  other 0  (per frame)
    albedo: moved off stage 0 0/frame, blanked 0/frame | RT textures known 94 | lights 0.0/frame (24 shaders)
    camera 0.0 0.0 0.0 | transform writes 0/frame | redundant state calls dropped 0/frame
vertex layout #2: elems=2 uv=float2 normal=0 color=0 skinned=0 positionT=0
vertex layout #3: elems=12 uv=short2 normal=1 color=0 skinned=0 positionT=0
camera captured: pos 96.3 147.7 36.1 | proj _11=1.6085 _22=2.8594 _33=1.00003 _43=-0.15 (aspect 1.778)
vertex layout #4: elems=12 uv=short2 normal=1 color=0 skinned=0 positionT=0
vertex layout #5: elems=13 uv=short2 normal=1 color=0 skinned=0 positionT=0
vertex layout #6: elems=11 uv=short2 normal=1 color=0 skinned=0 positionT=0
vertex layout #7: elems=7 uv=short2 normal=0 color=0 skinned=0 positionT=0
vertex layout #8: elems=8 uv=? normal=1 color=1 skinned=0 positionT=0
vertex layout #9: elems=10 uv=? normal=1 color=0 skinned=0 positionT=0
vertex layout #10: elems=13 uv=short2 normal=1 color=0 skinned=0 positionT=0
vertex layout #11: elems=6 uv=short2 normal=1 color=1 skinned=0 positionT=0
vertex layout #12: elems=2 uv=float4 normal=0 color=0 skinned=0 positionT=0
vertex layout #13: elems=7 uv=short2 normal=1 color=1 skinned=0 positionT=0
vertex layout #14: elems=7 uv=short2 normal=1 color=1 skinned=0 positionT=0
vertex layout #15: elems=15 uv=short2 normal=1 color=0 skinned=1 positionT=0
vertex layout #16: elems=14 uv=short2 normal=1 color=0 skinned=1 positionT=0
vertex layout #17: elems=6 uv=? normal=0 color=0 skinned=0 positionT=0
vertex layout #18: elems=3 uv=? normal=1 color=0 skinned=0 positionT=0
vertex layout #19: elems=3 uv=float2 normal=0 color=1 skinned=0 positionT=0
vertex layout #20: elems=1 uv=? normal=0 color=0 skinned=0 positionT=0
vertex layout #21: elems=11 uv=? normal=1 color=0 skinned=0 positionT=0
vertex layout #22: elems=14 uv=short2 normal=1 color=0 skinned=0 positionT=0
camera captured: pos 96.3 147.7 36.1 | proj _11=1.6085 _22=2.8594 _33=1.00003 _43=-0.15 (aspect 1.778)
vertex layout #23: elems=7 uv=short2 normal=1 color=1 skinned=0 positionT=0
camera captured: pos 96.3 147.7 36.1 | proj _11=1.6085 _22=2.8594 _33=1.00003 _43=-0.15 (aspect 1.778)
camera captured: pos 96.3 147.7 36.1 | proj _11=1.6085 _22=2.8594 _33=1.00003 _43=-0.15 (aspect 1.778)
vertex layout #24: elems=7 uv=float3 normal=0 color=1 skinned=0 positionT=0
camera captured: pos 96.3 147.7 36.1 | proj _11=1.6085 _22=2.8594 _33=1.00003 _43=-0.15 (aspect 1.778)
camera captured: pos 96.3 147.7 36.1 | proj _11=1.6085 _22=2.8594 _33=1.00003 _43=-0.15 (aspect 1.778)
camera captured: pos 96.3 147.7 36.0 | proj _11=1.6085 _22=2.8594 _33=1.00003 _43=-0.15 (aspect 1.778)
camera captured: pos 96.3 147.7 36.0 | proj _11=1.6085 _22=2.8594 _33=1.00003 _43=-0.15 (aspect 1.778)
camera captured: pos 96.3 147.7 36.0 | proj _11=1.6085 _22=2.8594 _33=1.00003 _43=-0.15 (aspect 1.778)
camera captured: pos 96.3 147.7 36.0 | proj _11=1.6085 _22=2.8594 _33=1.00003 _43=-0.15 (aspect 1.778)
camera captured: pos 96.3 147.7 35.9 | proj _11=1.6085 _22=2.8594 _33=1.00003 _43=-0.15 (aspect 1.778)
camera captured: pos 96.3 147.7 35.9 | proj _11=1.6085 _22=2.8594 _33=1.00003 _43=-0.15 (aspect 1.778)
camera captured: pos 96.3 147.7 35.9 | proj _11=1.6085 _22=2.8594 _33=1.00003 _43=-0.15 (aspect 1.778)
camera captured: pos 96.2 147.7 35.9 | proj _11=1.6085 _22=2.8594 _33=1.00003 _43=-0.15 (aspect 1.778)
camera captured: pos 96.2 147.7 35.9 | proj _11=1.6085 _22=2.8594 _33=1.00003 _43=-0.15 (aspect 1.778)
camera captured: pos 96.2 147.7 35.8 | proj _11=1.6085 _22=2.8594 _33=1.00003 _43=-0.15 (aspect 1.778)
camera captured: pos 96.2 147.7 35.8 | proj _11=1.6085 _22=2.8594 _33=1.00003 _43=-0.15 (aspect 1.778)
camera captured: pos 96.2 147.7 35.8 | proj _11=1.6085 _22=2.8594 _33=1.00003 _43=-0.15 (aspect 1.778)
camera captured: pos 96.2 147.7 35.8 | proj _11=1.6085 _22=2.8594 _33=1.00003 _43=-0.15 (aspect 1.778)
camera captured: pos 96.2 147.7 35.8 | proj _11=1.6085 _22=2.8594 _33=1.00003 _43=-0.15 (aspect 1.778)
camera captured: pos 96.2 147.7 35.7 | proj _11=1.6085 _22=2.8594 _33=1.00003 _43=-0.15 (aspect 1.778)
camera captured: pos 96.2 147.7 35.7 | proj _11=1.6085 _22=2.8594 _33=1.00003 _43=-0.15 (aspect 1.778)
camera captured: pos 96.2 147.7 35.7 | proj _11=1.6085 _22=2.8594 _33=1.00003 _43=-0.15 (aspect 1.778)
camera captured: pos 96.2 147.7 35.7 | proj _11=1.6085 _22=2.8594 _33=1.00003 _43=-0.15 (aspect 1.778)
camera captured: pos 96.2 147.7 35.7 | proj _11=1.6085 _22=2.8594 _33=1.00003 _43=-0.15 (aspect 1.778)
camera captured: pos 96.2 147.7 35.7 | proj _11=1.6085 _22=2.8594 _33=1.00003 _43=-0.15 (aspect 1.778)
camera captured: pos 96.2 147.7 35.6 | proj _11=1.6085 _22=2.8594 _33=1.00003 _43=-0.15 (aspect 1.778)
camera captured: pos 96.2 147.7 35.6 | proj _11=1.6085 _22=2.8594 _33=1.00003 _43=-0.15 (aspect 1.778)
camera captured: pos 96.2 147.7 35.6 | proj _11=1.6085 _22=2.8594 _33=1.00003 _43=-0.15 (aspect 1.778)
camera captured: pos 96.2 147.7 35.6 | proj _11=1.6085 _22=2.8594 _33=1.00003 _43=-0.15 (aspect 1.778)
camera captured: pos 96.2 147.7 35.6 | proj _11=1.6085 _22=2.8594 _33=1.00003 _43=-0.15 (aspect 1.778)
camera captured: pos 96.2 147.7 35.5 | proj _11=1.6085 _22=2.8594 _33=1.00003 _43=-0.15 (aspect 1.778)
camera captured: pos 96.2 147.7 35.5 | proj _11=1.6085 _22=2.8594 _33=1.00003 _43=-0.15 (aspect 1.778)
camera captured: pos 96.2 147.7 35.5 | proj _11=1.6085 _22=2.8594 _33=1.00003 _43=-0.15 (aspect 1.778)
camera captured: pos 96.2 147.7 35.5 | proj _11=1.6085 _22=2.8594 _33=1.00003 _43=-0.15 (aspect 1.778)
camera captured: pos 96.2 147.7 35.5 | proj _11=1.6085 _22=2.8594 _33=1.00003 _43=-0.15 (aspect 1.778)
camera captured: pos 96.2 147.7 35.5 | proj _11=1.6085 _22=2.8594 _33=1.00003 _43=-0.15 (aspect 1.778)
camera captured: pos 96.2 147.7 35.4 | proj _11=1.6085 _22=2.8594 _33=1.00003 _43=-0.15 (aspect 1.778)
camera captured: pos 96.2 147.7 35.4 | proj _11=1.6085 _22=2.8594 _33=1.00003 _43=-0.15 (aspect 1.778)
camera captured: pos 96.1 147.7 35.4 | proj _11=1.6085 _22=2.8594 _33=1.00003 _43=-0.15 (aspect 1.778)
camera captured: pos 96.1 147.7 35.4 | proj _11=1.6085 _22=2.8594 _33=1.00003 _43=-0.15 (aspect 1.778)
camera captured: pos 96.1 147.7 35.4 | proj _11=1.6085 _22=2.8594 _33=1.00003 _43=-0.15 (aspect 1.778)
camera captured: pos 96.1 147.7 35.4 | proj _11=1.6085 _22=2.8594 _33=1.00003 _43=-0.15 (aspect 1.778)
camera captured: pos 96.1 147.7 35.3 | proj _11=1.6085 _22=2.8594 _33=1.00003 _43=-0.15 (aspect 1.778)
camera captured: pos 96.1 147.7 35.3 | proj _11=1.6085 _22=2.8594 _33=1.00003 _43=-0.15 (aspect 1.778)
camera captured: pos 96.1 147.7 35.3 | proj _11=1.6085 _22=2.8594 _33=1.00003 _43=-0.15 (aspect 1.778)
camera captured: pos 96.1 147.7 35.3 | proj _11=1.6085 _22=2.8594 _33=1.00003 _43=-0.15 (aspect 1.778)
camera captured: pos 96.1 147.7 35.3 | proj _11=1.6085 _22=2.8594 _33=1.00003 _43=-0.15 (aspect 1.778)
camera captured: pos 96.1 147.7 35.2 | proj _11=1.6085 _22=2.8594 _33=1.00003 _43=-0.15 (aspect 1.778)
camera captured: pos 96.1 147.7 35.2 | proj _11=1.6085 _22=2.8594 _33=1.00003 _43=-0.15 (aspect 1.778)
camera captured: pos 96.1 147.7 35.2 | proj _11=1.6085 _22=2.8594 _33=1.00003 _43=-0.15 (aspect 1.778)
camera captured: pos 96.1 147.7 35.2 | proj _11=1.6085 _22=2.8594 _33=1.00003 _43=-0.15 (aspect 1.778)
camera captured: pos 96.1 147.7 35.2 | proj _11=1.6085 _22=2.8594 _33=1.00003 _43=-0.15 (aspect 1.778)
camera captured: pos 96.1 147.7 35.2 | proj _11=1.6085 _22=2.8594 _33=1.00003 _43=-0.15 (aspect 1.778)
camera captured: pos 96.1 147.7 35.1 | proj _11=1.6085 _22=2.8594 _33=1.00003 _43=-0.15 (aspect 1.778)
camera captured: pos 96.1 147.7 35.1 | proj _11=1.6085 _22=2.8594 _33=1.00003 _43=-0.15 (aspect 1.778)
camera captured: pos 96.1 147.7 35.1 | proj _11=1.6085 _22=2.8594 _33=1.00003 _43=-0.15 (aspect 1.778)
camera captured: pos 96.1 147.7 35.1 | proj _11=1.6085 _22=2.8594 _33=1.00003 _43=-0.15 (aspect 1.778)
camera captured: pos 96.1 147.7 35.1 | proj _11=1.6085 _22=2.8594 _33=1.00003 _43=-0.15 (aspect 1.778)
camera captured: pos 96.1 147.7 35.1 | proj _11=1.6085 _22=2.8594 _33=1.00003 _43=-0.15 (aspect 1.778)
camera captured: pos 96.1 147.7 35.1 | proj _11=1.6085 _22=2.8594 _33=1.00003 _43=-0.15 (aspect 1.778)
camera captured: pos 96.1 147.7 35.1 | proj _11=1.6085 _22=2.8594 _33=1.00003 _43=-0.15 (aspect 1.778)
camera captured: pos 96.1 147.7 35.1 | proj _11=1.6085 _22=2.8594 _33=1.00003 _43=-0.15 (aspect 1.778)
camera captured: pos 96.1 147.7 35.1 | proj _11=1.6085 _22=2.8594 _33=1.00003 _43=-0.15 (aspect 1.778)
camera captured: pos 96.1 147.7 35.1 | proj _11=1.6085 _22=2.8594 _33=1.00003 _43=-0.15 (aspect 1.778)
camera captured: pos 96.1 147.7 35.1 | proj _11=1.6085 _22=2.8594 _33=1.00003 _43=-0.15 (aspect 1.778)
camera captured: pos 96.1 147.7 35.1 | proj _11=1.6085 _22=2.8594 _33=1.00003 _43=-0.15 (aspect 1.778)
camera captured: pos 96.1 147.7 35.1 | proj _11=1.6085 _22=2.8594 _33=1.00003 _43=-0.15 (aspect 1.778)
camera captured: pos 96.1 147.7 35.1 | proj _11=1.6085 _22=2.8594 _33=1.00003 _43=-0.15 (aspect 1.778)
camera captured: pos 96.1 147.7 35.1 | proj _11=1.6085 _22=2.8594 _33=1.00003 _43=-0.15 (aspect 1.778)
camera captured: pos 96.1 147.7 35.1 | proj _11=1.6085 _22=2.8594 _33=1.00003 _43=-0.15 (aspect 1.778)
camera captured: pos 96.1 147.7 35.1 | proj _11=1.6085 _22=2.8594 _33=1.00003 _43=-0.15 (aspect 1.778)
camera captured: pos 96.1 147.7 35.1 | proj _11=1.6085 _22=2.8594 _33=1.00003 _43=-0.15 (aspect 1.778)
camera captured: pos 96.1 147.7 35.1 | proj _11=1.6085 _22=2.8594 _33=1.00003 _43=-0.15 (aspect 1.778)
camera captured: pos 96.1 147.7 35.1 | proj _11=1.6085 _22=2.8594 _33=1.00003 _43=-0.15 (aspect 1.778)
camera captured: pos 96.1 147.7 35.1 | proj _11=1.6085 _22=2.8594 _33=1.00003 _43=-0.15 (aspect 1.778)
camera captured: pos 96.1 147.7 35.1 | proj _11=1.6085 _22=2.8594 _33=1.00003 _43=-0.15 (aspect 1.778)
camera captured: pos 96.1 147.7 35.1 | proj _11=1.6085 _22=2.8594 _33=1.00003 _43=-0.15 (aspect 1.778)
camera captured: pos 96.1 147.7 35.1 | proj _11=1.6085 _22=2.8594 _33=1.00003 _43=-0.15 (aspect 1.778)
camera captured: pos 96.1 147.7 35.1 | proj _11=1.6085 _22=2.8594 _33=1.00003 _43=-0.15 (aspect 1.778)
camera captured: pos 96.1 147.7 35.1 | proj _11=1.6085 _22=2.8594 _33=1.00003 _43=-0.15 (aspect 1.778)
camera captured: pos 96.1 147.7 35.1 | proj _11=1.6085 _22=2.8594 _33=1.00003 _43=-0.15 (aspect 1.778)
camera captured: pos 96.1 147.7 35.1 | proj _11=1.6085 _22=2.8594 _33=1.00003 _43=-0.15 (aspect 1.778)
camera captured: pos 96.1 147.7 35.1 | proj _11=1.6085 _22=2.8594 _33=1.00003 _43=-0.15 (aspect 1.778)
camera captured: pos 96.1 147.7 35.1 | proj _11=1.6085 _22=2.8594 _33=1.00003 _43=-0.15 (aspect 1.778)
camera captured: pos 96.1 147.7 35.1 | proj _11=1.6085 _22=2.8594 _33=1.00003 _43=-0.15 (aspect 1.778)
camera captured: pos 96.1 147.7 35.1 | proj _11=1.6085 _22=2.8594 _33=1.00003 _43=-0.15 (aspect 1.778)
camera captured: pos 96.1 147.7 35.1 | proj _11=1.6085 _22=2.8594 _33=1.00003 _43=-0.15 (aspect 1.778)
camera captured: pos 96.1 147.7 35.1 | proj _11=1.6085 _22=2.8594 _33=1.00003 _43=-0.15 (aspect 1.778)
camera captured: pos 96.1 147.7 35.1 | proj _11=1.6085 _22=2.8594 _33=1.00003 _43=-0.15 (aspect 1.778)
camera captured: pos 96.1 147.7 35.1 | proj _11=1.6085 _22=2.8594 _33=1.00003 _43=-0.15 (aspect 1.778)
camera captured: pos 96.1 147.7 35.1 | proj _11=1.6085 _22=2.8594 _33=1.00003 _43=-0.15 (aspect 1.778)
camera captured: pos 96.1 147.7 35.1 | proj _11=1.6085 _22=2.8594 _33=1.00003 _43=-0.15 (aspect 1.778)
camera captured: pos 96.1 147.7 35.1 | proj _11=1.6085 _22=2.8594 _33=1.00003 _43=-0.15 (aspect 1.778)
camera captured: pos 96.1 147.7 35.1 | proj _11=1.6085 _22=2.8594 _33=1.00003 _43=-0.15 (aspect 1.778)
camera captured: pos 96.1 147.7 35.1 | proj _11=1.6085 _22=2.8594 _33=1.00003 _43=-0.15 (aspect 1.778)
camera captured: pos 96.1 147.7 35.1 | proj _11=1.6085 _22=2.8594 _33=1.00003 _43=-0.15 (aspect 1.778)
camera captured: pos 96.1 147.7 35.1 | proj _11=1.6085 _22=2.8594 _33=1.00003 _43=-0.15 (aspect 1.778)
camera captured: pos 96.1 147.7 35.1 | proj _11=1.6085 _22=2.8594 _33=1.00003 _43=-0.15 (aspect 1.778)
camera captured: pos 96.1 147.7 35.1 | proj _11=1.6085 _22=2.8594 _33=1.00003 _43=-0.15 (aspect 1.778)
camera captured: pos 96.1 147.7 35.1 | proj _11=1.6085 _22=2.8594 _33=1.00003 _43=-0.15 (aspect 1.778)
camera captured: pos 96.1 147.7 35.1 | proj _11=1.6085 _22=2.8594 _33=1.00003 _43=-0.15 (aspect 1.778)
camera captured: pos 96.1 147.7 35.1 | proj _11=1.6085 _22=2.8594 _33=1.00003 _43=-0.15 (aspect 1.778)
camera captured: pos 96.1 147.7 35.1 | proj _11=1.6085 _22=2.8594 _33=1.00003 _43=-0.15 (aspect 1.778)
camera captured: pos 96.1 147.7 35.1 | proj _11=1.6085 _22=2.8594 _33=1.00003 _43=-0.15 (aspect 1.778)
camera captured: pos 96.1 147.7 35.1 | proj _11=1.6085 _22=2.8594 _33=1.00003 _43=-0.15 (aspect 1.778)
camera captured: pos 96.1 147.7 35.1 | proj _11=1.6085 _22=2.8594 _33=1.00003 _43=-0.15 (aspect 1.778)
camera captured: pos 96.1 147.7 35.1 | proj _11=1.6085 _22=2.8594 _33=1.00003 _43=-0.15 (aspect 1.778)
camera captured: pos 96.1 147.7 35.1 | proj _11=1.6085 _22=2.8594 _33=1.00003 _43=-0.15 (aspect 1.778)
camera captured: pos 96.1 147.7 35.1 | proj _11=1.6085 _22=2.8594 _33=1.00003 _43=-0.15 (aspect 1.778)
camera captured: pos 96.1 147.7 35.1 | proj _11=1.6085 _22=2.8594 _33=1.00003 _43=-0.15 (aspect 1.778)
camera captured: pos 96.1 147.7 35.1 | proj _11=1.6085 _22=2.8594 _33=1.00003 _43=-0.15 (aspect 1.778)
camera captured: pos 96.1 147.7 35.1 | proj _11=1.6085 _22=2.8594 _33=1.00003 _43=-0.15 (aspect 1.778)
camera captured: pos 96.1 147.7 35.1 | proj _11=1.6085 _22=2.8594 _33=1.00003 _43=-0.15 (aspect 1.778)
camera captured: pos 96.1 147.7 35.1 | proj _11=1.6085 _22=2.8594 _33=1.00003 _43=-0.15 (aspect 1.778)
camera captured: pos 96.1 147.7 35.1 | proj _11=1.6085 _22=2.8594 _33=1.00003 _43=-0.15 (aspect 1.778)
camera captured: pos 96.1 147.7 35.1 | proj _11=1.6085 _22=2.8594 _33=1.00003 _43=-0.15 (aspect 1.778)
camera captured: pos 96.1 147.7 35.1 | proj _11=1.6085 _22=2.8594 _33=1.00003 _43=-0.15 (aspect 1.778)
camera captured: pos 96.1 147.7 35.1 | proj _11=1.6085 _22=2.8594 _33=1.00003 _43=-0.15 (aspect 1.778)
camera captured: pos 96.1 147.7 35.1 | proj _11=1.6085 _22=2.8594 _33=1.00003 _43=-0.15 (aspect 1.778)
camera captured: pos 96.1 147.7 35.1 | proj _11=1.6085 _22=2.8594 _33=1.00003 _43=-0.15 (aspect 1.778)
camera captured: pos 96.1 147.7 35.1 | proj _11=1.6085 _22=2.8594 _33=1.00003 _43=-0.15 (aspect 1.778)
camera captured: pos 96.1 147.7 35.1 | proj _11=1.6085 _22=2.8594 _33=1.00003 _43=-0.15 (aspect 1.778)
camera captured: pos 96.1 147.7 35.1 | proj _11=1.6085 _22=2.8594 _33=1.00003 _43=-0.15 (aspect 1.778)
camera captured: pos 96.1 147.7 35.1 | proj _11=1.6085 _22=2.8594 _33=1.00003 _43=-0.15 (aspect 1.778)
camera captured: pos 96.1 147.7 35.1 | proj _11=1.6085 _22=2.8594 _33=1.00003 _43=-0.15 (aspect 1.778)
camera captured: pos 96.1 147.7 35.1 | proj _11=1.6085 _22=2.8594 _33=1.00003 _43=-0.15 (aspect 1.778)
camera captured: pos 96.1 147.7 35.1 | proj _11=1.6085 _22=2.8594 _33=1.00003 _43=-0.15 (aspect 1.778)
camera captured: pos 96.1 147.7 35.1 | proj _11=1.6085 _22=2.8594 _33=1.00003 _43=-0.15 (aspect 1.778)
camera captured: pos 96.1 147.7 35.1 | proj _11=1.6085 _22=2.8594 _33=1.00003 _43=-0.15 (aspect 1.778)
camera captured: pos 96.2 147.7 35.1 | proj _11=1.6085 _22=2.8594 _33=1.00003 _43=-0.15 (aspect 1.778)
camera captured: pos 96.2 147.7 35.1 | proj _11=1.6085 _22=2.8594 _33=1.00003 _43=-0.15 (aspect 1.778)
camera captured: pos 96.2 147.7 35.1 | proj _11=1.6085 _22=2.8594 _33=1.00003 _43=-0.15 (aspect 1.778)
camera captured: pos 96.2 147.7 35.1 | proj _11=1.6085 _22=2.8594 _33=1.00003 _43=-0.15 (aspect 1.778)
camera captured: pos 96.2 147.7 35.1 | proj _11=1.6085 _22=2.8594 _33=1.00003 _43=-0.15 (aspect 1.778)
camera captured: pos 96.2 147.7 35.1 | proj _11=1.6085 _22=2.8594 _33=1.00003 _43=-0.15 (aspect 1.778)
camera captured: pos 96.1 147.8 35.1 | proj _11=1.6085 _22=2.8594 _33=1.00003 _43=-0.15 (aspect 1.778)
camera captured: pos 96.0 147.8 35.1 | proj _11=1.6085 _22=2.8594 _33=1.00003 _43=-0.15 (aspect 1.778)
camera captured: pos 95.9 147.8 35.1 | proj _11=1.6085 _22=2.8594 _33=1.00003 _43=-0.15 (aspect 1.778)
camera captured: pos 95.8 147.8 35.1 | proj _11=1.6085 _22=2.8594 _33=1.00003 _43=-0.15 (aspect 1.778)
camera captured: pos 95.8 147.8 35.1 | proj _11=1.6085 _22=2.8594 _33=1.00003 _43=-0.15 (aspect 1.778)
camera captured: pos 95.8 147.8 35.1 | proj _11=1.6085 _22=2.8594 _33=1.00003 _43=-0.15 (aspect 1.778)
camera captured: pos 95.8 147.8 35.1 | proj _11=1.6085 _22=2.8594 _33=1.00003 _43=-0.15 (aspect 1.778)
camera captured: pos 95.8 147.8 35.1 | proj _11=1.6085 _22=2.8594 _33=1.00003 _43=-0.15 (aspect 1.778)
camera captured: pos 95.8 147.8 35.1 | proj _11=1.6085 _22=2.8594 _33=1.00003 _43=-0.15 (aspect 1.778)
camera captured: pos 95.8 147.8 35.1 | proj _11=1.6085 _22=2.8594 _33=1.00003 _43=-0.15 (aspect 1.778)
camera captured: pos 96.0 147.8 35.1 | proj _11=1.6085 _22=2.8594 _33=1.00003 _43=-0.15 (aspect 1.778)
camera captured: pos 96.1 147.7 35.1 | proj _11=1.6085 _22=2.8594 _33=1.00003 _43=-0.15 (aspect 1.778)
camera captured: pos 96.3 147.7 35.1 | proj _11=1.6085 _22=2.8594 _33=1.00003 _43=-0.15 (aspect 1.778)
camera captured: pos 96.4 147.7 35.2 | proj _11=1.6085 _22=2.8594 _33=1.00003 _43=-0.15 (aspect 1.778)
camera captured: pos 96.5 147.7 35.2 | proj _11=1.6085 _22=2.8594 _33=1.00003 _43=-0.15 (aspect 1.778)
camera captured: pos 96.7 147.7 35.2 | proj _11=1.6085 _22=2.8594 _33=1.00003 _43=-0.15 (aspect 1.778)
camera captured: pos 97.0 147.7 35.2 | proj _11=1.6085 _22=2.8594 _33=1.00003 _43=-0.15 (aspect 1.778)
camera captured: pos 97.4 147.7 35.2 | proj _11=1.6085 _22=2.8594 _33=1.00003 _43=-0.15 (aspect 1.778)
camera captured: pos 98.0 147.7 35.1 | proj _11=1.6085 _22=2.8594 _33=1.00003 _43=-0.15 (aspect 1.778)
camera captured: pos 98.9 147.7 34.8 | proj _11=1.6085 _22=2.8594 _33=1.00003 _43=-0.15 (aspect 1.778)
camera captured: pos 99.8 147.8 34.3 | proj _11=1.6085 _22=2.8594 _33=1.00003 _43=-0.15 (aspect 1.778)
camera captured: pos 100.2 147.8 34.1 | proj _11=1.6085 _22=2.8594 _33=1.00003 _43=-0.15 (aspect 1.778)
camera captured: pos 100.7 147.8 33.6 | proj _11=1.6085 _22=2.8594 _33=1.00003 _43=-0.15 (aspect 1.778)
camera captured: pos 101.5 147.9 32.6 | proj _11=1.6085 _22=2.8594 _33=1.00003 _43=-0.15 (aspect 1.778)
camera captured: pos 101.7 147.9 32.4 | proj _11=1.6085 _22=2.8594 _33=1.00003 _43=-0.15 (aspect 1.778)
camera captured: pos 100.9 147.9 33.5 | proj _11=1.6085 _22=2.8594 _33=1.00003 _43=-0.15 (aspect 1.778)
camera captured: pos 98.8 147.8 34.8 | proj _11=1.6085 _22=2.8594 _33=1.00003 _43=-0.15 (aspect 1.778)
camera captured: pos 98.6 147.8 34.9 | proj _11=1.6085 _22=2.8594 _33=1.00003 _43=-0.15 (aspect 1.778)
camera captured: pos 97.1 147.8 35.2 | proj _11=1.6085 _22=2.8594 _33=1.00003 _43=-0.15 (aspect 1.778)
camera captured: pos 96.6 147.8 35.2 | proj _11=1.6085 _22=2.8594 _33=1.00003 _43=-0.15 (aspect 1.778)
camera captured: pos 96.1 147.8 35.1 | proj _11=1.6085 _22=2.8594 _33=1.00003 _43=-0.15 (aspect 1.778)
camera captured: pos 95.6 147.8 35.0 | proj _11=1.6085 _22=2.8594 _33=1.00003 _43=-0.15 (aspect 1.778)
camera captured: pos 93.9 147.8 34.3 | proj _11=1.6085 _22=2.8594 _33=1.00003 _43=-0.15 (aspect 1.778)
camera captured: pos 92.7 147.7 33.3 | proj _11=1.6085 _22=2.8594 _33=1.00003 _43=-0.15 (aspect 1.778)
camera captured: pos 92.4 147.7 32.8 | proj _11=1.6085 _22=2.8594 _33=1.00003 _43=-0.15 (aspect 1.778)
camera captured: pos 92.3 147.7 32.8 | proj _11=1.6085 _22=2.8594 _33=1.00003 _43=-0.15 (aspect 1.778)
camera captured: pos 92.3 147.7 32.8 | proj _11=1.6085 _22=2.8594 _33=1.00003 _43=-0.15 (aspect 1.778)
camera captured: pos 92.3 147.7 32.8 | proj _11=1.6085 _22=2.8594 _33=1.00003 _43=-0.15 (aspect 1.778)
camera captured: pos 92.3 147.7 32.8 | proj _11=1.6085 _22=2.8594 _33=1.00003 _43=-0.15 (aspect 1.778)
camera captured: pos 92.5 147.7 33.0 | proj _11=1.6085 _22=2.8594 _33=1.00003 _43=-0.15 (aspect 1.778)
camera captured: pos 92.8 147.8 33.4 | proj _11=1.6085 _22=2.8594 _33=1.00003 _43=-0.15 (aspect 1.778)
camera captured: pos 93.2 147.8 33.8 | proj _11=1.6085 _22=2.8594 _33=1.00003 _43=-0.15 (aspect 1.778)
camera captured: pos 95.3 147.9 35.0 | proj _11=1.6085 _22=2.8594 _33=1.00003 _43=-0.15 (aspect 1.778)
camera captured: pos 99.9 148.4 34.2 | proj _11=1.6085 _22=2.8594 _33=1.00003 _43=-0.15 (aspect 1.778)
camera captured: pos 102.3 148.7 30.2 | proj _11=1.6085 _22=2.8594 _33=1.00003 _43=-0.15 (aspect 1.778)
camera captured: pos 100.4 148.6 27.7 | proj _11=1.6085 _22=2.8594 _33=1.00003 _43=-0.15 (aspect 1.778)
camera captured: pos 100.1 148.5 27.6 | proj _11=1.6085 _22=2.8594 _33=1.00003 _43=-0.15 (aspect 1.778)
camera captured: pos 99.9 148.5 27.6 | proj _11=1.6085 _22=2.8594 _33=1.00003 _43=-0.15 (aspect 1.778)
camera captured: pos 99.6 148.4 27.7 | proj _11=1.6085 _22=2.8594 _33=1.00003 _43=-0.15 (aspect 1.778)
camera captured: pos 99.6 148.4 27.7 | proj _11=1.6085 _22=2.8594 _33=1.00003 _43=-0.15 (aspect 1.778)
camera captured: pos 99.7 148.2 27.7 | proj _11=1.6085 _22=2.8594 _33=1.00003 _43=-0.15 (aspect 1.778)
camera captured: pos 100.0 148.1 27.6 | proj _11=1.6085 _22=2.8594 _33=1.00003 _43=-0.15 (aspect 1.778)
camera captured: pos 100.0 148.1 27.6 | proj _11=1.6085 _22=2.8594 _33=1.00003 _43=-0.15 (aspect 1.778)
camera captured: pos 100.1 148.0 27.6 | proj _11=1.6085 _22=2.8594 _33=1.00003 _43=-0.15 (aspect 1.778)
camera captured: pos 100.1 148.0 27.6 | proj _11=1.6085 _22=2.8594 _33=1.00003 _43=-0.15 (aspect 1.778)
camera captured: pos 100.2 148.0 27.6 | proj _11=1.6085 _22=2.8594 _33=1.00003 _43=-0.15 (aspect 1.778)
camera captured: pos 100.3 148.0 27.6 | proj _11=1.6085 _22=2.8594 _33=1.00003 _43=-0.15 (aspect 1.778)
camera captured: pos 100.3 148.0 27.6 | proj _11=1.6085 _22=2.8594 _33=1.00003 _43=-0.15 (aspect 1.778)
camera captured: pos 100.3 148.0 27.7 | proj _11=1.6085 _22=2.8594 _33=1.00003 _43=-0.15 (aspect 1.778)
camera captured: pos 100.4 148.0 27.7 | proj _11=1.6085 _22=2.8594 _33=1.00003 _43=-0.15 (aspect 1.778)
camera captured: pos 100.9 148.1 27.6 | proj _11=1.6085 _22=2.8594 _33=1.00003 _43=-0.15 (aspect 1.778)
camera captured: pos 101.2 148.1 27.6 | proj _11=1.6085 _22=2.8594 _33=1.00003 _43=-0.15 (aspect 1.778)
camera captured: pos 101.5 148.1 27.7 | proj _11=1.6085 _22=2.8594 _33=1.00003 _43=-0.15 (aspect 1.778)
camera captured: pos 101.8 148.2 27.7 | proj _11=1.6085 _22=2.8594 _33=1.00003 _43=-0.15 (aspect 1.778)
camera captured: pos 102.1 148.2 27.9 | proj _11=1.6085 _22=2.8594 _33=1.00003 _43=-0.15 (aspect 1.778)
camera captured: pos 102.2 148.2 28.2 | proj _11=1.6085 _22=2.8594 _33=1.00003 _43=-0.15 (aspect 1.778)
camera captured: pos 102.2 148.2 28.5 | proj _11=1.6085 _22=2.8594 _33=1.00003 _43=-0.15 (aspect 1.778)
camera captured: pos 102.3 148.2 28.8 | proj _11=1.6085 _22=2.8594 _33=1.00003 _43=-0.15 (aspect 1.778)
camera captured: pos 102.3 148.2 29.1 | proj _11=1.6085 _22=2.8594 _33=1.00003 _43=-0.15 (aspect 1.778)
camera captured: pos 102.3 148.2 29.3 | proj _11=1.6085 _22=2.8594 _33=1.00003 _43=-0.15 (aspect 1.778)
camera captured: pos 102.4 148.2 29.6 | proj _11=1.6085 _22=2.8594 _33=1.00003 _43=-0.15 (aspect 1.778)
camera captured: pos 102.3 148.2 30.1 | proj _11=1.6085 _22=2.8594 _33=1.00003 _43=-0.15 (aspect 1.778)
camera captured: pos 102.2 148.2 30.8 | proj _11=1.6085 _22=2.8594 _33=1.00003 _43=-0.15 (aspect 1.778)
camera captured: pos 102.0 148.1 31.5 | proj _11=1.6085 _22=2.8594 _33=1.00003 _43=-0.15 (aspect 1.778)
camera captured: pos 101.4 148.0 32.7 | proj _11=1.6085 _22=2.8594 _33=1.00003 _43=-0.15 (aspect 1.778)
camera captured: pos 100.1 147.9 34.1 | proj _11=1.6085 _22=2.8594 _33=1.00003 _43=-0.15 (aspect 1.778)
camera captured: pos 98.2 147.9 35.0 | proj _11=1.6085 _22=2.8594 _33=1.00003 _43=-0.15 (aspect 1.778)
camera captured: pos 96.2 147.9 35.1 | proj _11=1.6085 _22=2.8594 _33=1.00003 _43=-0.15 (aspect 1.778)
camera captured: pos 96.8 148.2 35.2 | proj _11=1.6085 _22=2.8594 _33=1.00003 _43=-0.15 (aspect 1.778)
camera captured: pos 97.0 148.1 35.2 | proj _11=1.6085 _22=2.8594 _33=1.00003 _43=-0.15 (aspect 1.778)
camera captured: pos 96.9 148.1 35.2 | proj _11=1.6085 _22=2.8594 _33=1.00003 _43=-0.15 (aspect 1.778)
camera captured: pos 97.0 148.1 35.2 | proj _11=1.6085 _22=2.8594 _33=1.00003 _43=-0.15 (aspect 1.778)
camera captured: pos 97.1 148.0 35.2 | proj _11=1.6085 _22=2.8594 _33=1.00003 _43=-0.15 (aspect 1.778)
camera captured: pos 97.1 148.0 35.2 | proj _11=1.6085 _22=2.8594 _33=1.00003 _43=-0.15 (aspect 1.778)
camera captured: pos 97.1 148.1 35.2 | proj _11=1.6085 _22=2.8594 _33=1.00003 _43=-0.15 (aspect 1.778)
camera captured: pos 97.2 148.3 35.1 | proj _11=1.6085 _22=2.8594 _33=1.00003 _43=-0.15 (aspect 1.778)
camera captured: pos 97.2 148.2 35.1 | proj _11=1.6085 _22=2.8594 _33=1.00003 _43=-0.15 (aspect 1.778)
camera captured: pos 97.2 148.2 35.1 | proj _11=1.6085 _22=2.8594 _33=1.00003 _43=-0.15 (aspect 1.778)
camera captured: pos 97.2 148.2 35.1 | proj _11=1.6085 _22=2.8594 _33=1.00003 _43=-0.15 (aspect 1.778)
camera captured: pos 97.2 148.2 35.1 | proj _11=1.6085 _22=2.8594 _33=1.00003 _43=-0.15 (aspect 1.778)
camera captured: pos 97.2 148.2 35.1 | proj _11=1.6085 _22=2.8594 _33=1.00003 _43=-0.15 (aspect 1.778)
camera captured: pos 97.2 148.2 35.1 | proj _11=1.6085 _22=2.8594 _33=1.00003 _43=-0.15 (aspect 1.778)
camera captured: pos 97.2 148.2 35.1 | proj _11=1.6085 _22=2.8594 _33=1.00003 _43=-0.15 (aspect 1.778)
camera captured: pos 97.2 148.2 35.1 | proj _11=1.6085 _22=2.8594 _33=1.00003 _43=-0.15 (aspect 1.778)
camera captured: pos 97.2 148.2 35.1 | proj _11=1.6085 _22=2.8594 _33=1.00003 _43=-0.15 (aspect 1.778)
camera captured: pos 97.2 148.2 35.1 | proj _11=1.6085 _22=2.8594 _33=1.00003 _43=-0.15 (aspect 1.778)
camera captured: pos 97.2 148.2 35.1 | proj _11=1.6085 _22=2.8594 _33=1.00003 _43=-0.15 (aspect 1.778)
camera captured: pos 97.2 148.2 35.1 | proj _11=1.6085 _22=2.8594 _33=1.00003 _43=-0.15 (aspect 1.778)
camera captured: pos 97.2 148.2 35.1 | proj _11=1.6085 _22=2.8594 _33=1.00003 _43=-0.15 (aspect 1.778)
camera captured: pos 97.2 148.2 35.1 | proj _11=1.6085 _22=2.8594 _33=1.00003 _43=-0.15 (aspect 1.778)
camera captured: pos 97.2 148.2 35.1 | proj _11=1.6085 _22=2.8594 _33=1.00003 _43=-0.15 (aspect 1.778)
camera captured: pos 97.2 148.2 35.1 | proj _11=1.6085 _22=2.8594 _33=1.00003 _43=-0.15 (aspect 1.778)
camera captured: pos 97.2 148.2 35.1 | proj _11=1.6085 _22=2.8594 _33=1.00003 _43=-0.15 (aspect 1.778)
camera captured: pos 97.2 148.2 35.1 | proj _11=1.6085 _22=2.8594 _33=1.00003 _43=-0.15 (aspect 1.778)
camera captured: pos 97.2 148.2 35.1 | proj _11=1.6085 _22=2.8594 _33=1.00003 _43=-0.15 (aspect 1.778)
camera captured: pos 97.2 148.2 35.1 | proj _11=1.6085 _22=2.8594 _33=1.00003 _43=-0.15 (aspect 1.778)
camera captured: pos 97.2 148.2 35.1 | proj _11=1.6085 _22=2.8594 _33=1.00003 _43=-0.15 (aspect 1.778)
camera captured: pos 97.2 148.2 35.1 | proj _11=1.6085 _22=2.8594 _33=1.00003 _43=-0.15 (aspect 1.778)
camera captured: pos 97.2 148.2 35.1 | proj _11=1.6085 _22=2.8594 _33=1.00003 _43=-0.15 (aspect 1.778)
camera captured: pos 97.2 148.2 35.1 | proj _11=1.6085 _22=2.8594 _33=1.00003 _43=-0.15 (aspect 1.778)
camera captured: pos 97.2 148.2 35.1 | proj _11=1.6085 _22=2.8594 _33=1.00003 _43=-0.15 (aspect 1.778)
camera captured: pos 97.2 148.2 35.1 | proj _11=1.6085 _22=2.8594 _33=1.00003 _43=-0.15 (aspect 1.778)
camera captured: pos 97.2 148.2 35.1 | proj _11=1.6085 _22=2.8594 _33=1.00003 _43=-0.15 (aspect 1.778)
camera captured: pos 97.2 148.2 35.1 | proj _11=1.6085 _22=2.8594 _33=1.00003 _43=-0.15 (aspect 1.778)
camera captured: pos 97.2 148.2 35.1 | proj _11=1.6085 _22=2.8594 _33=1.00003 _43=-0.15 (aspect 1.778)
camera captured: pos 97.2 148.2 35.1 | proj _11=1.6085 _22=2.8594 _33=1.00003 _43=-0.15 (aspect 1.778)
camera captured: pos 97.2 148.2 35.1 | proj _11=1.6085 _22=2.8594 _33=1.00003 _43=-0.15 (aspect 1.778)
camera captured: pos 97.2 148.2 35.1 | proj _11=1.6085 _22=2.8594 _33=1.00003 _43=-0.15 (aspect 1.778)
camera captured: pos 97.2 148.2 35.1 | proj _11=1.6085 _22=2.8594 _33=1.00003 _43=-0.15 (aspect 1.778)
camera captured: pos 97.2 148.2 35.1 | proj _11=1.6085 _22=2.8594 _33=1.00003 _43=-0.15 (aspect 1.778)
camera captured: pos 97.2 148.2 35.1 | proj _11=1.6085 _22=2.8594 _33=1.00003 _43=-0.15 (aspect 1.778)
camera captured: pos 97.2 148.2 35.1 | proj _11=1.6085 _22=2.8594 _33=1.00003 _43=-0.15 (aspect 1.778)
camera captured: pos 97.2 148.2 35.1 | proj _11=1.6085 _22=2.8594 _33=1.00003 _43=-0.15 (aspect 1.778)
camera captured: pos 97.2 148.2 35.1 | proj _11=1.6085 _22=2.8594 _33=1.00003 _43=-0.15 (aspect 1.778)
camera captured: pos 97.2 148.2 35.1 | proj _11=1.6085 _22=2.8594 _33=1.00003 _43=-0.15 (aspect 1.778)
camera captured: pos 97.2 148.2 35.1 | proj _11=1.6085 _22=2.8594 _33=1.00003 _43=-0.15 (aspect 1.778)
camera captured: pos 97.2 148.2 35.1 | proj _11=1.6085 _22=2.8594 _33=1.00003 _43=-0.15 (aspect 1.778)
camera captured: pos 97.2 148.2 35.1 | proj _11=1.6085 _22=2.8594 _33=1.00003 _43=-0.15 (aspect 1.778)
camera captured: pos 97.2 148.2 35.1 | proj _11=1.6085 _22=2.8594 _33=1.00003 _43=-0.15 (aspect 1.778)
camera captured: pos 97.2 148.2 35.1 | proj _11=1.6085 _22=2.8594 _33=1.00003 _43=-0.15 (aspect 1.778)
camera captured: pos 97.2 148.2 35.1 | proj _11=1.6085 _22=2.8594 _33=1.00003 _43=-0.15 (aspect 1.778)
camera captured: pos 97.2 148.2 35.1 | proj _11=1.6085 _22=2.8594 _33=1.00003 _43=-0.15 (aspect 1.778)
camera captured: pos 97.2 148.2 35.1 | proj _11=1.6085 _22=2.8594 _33=1.00003 _43=-0.15 (aspect 1.778)
camera captured: pos 97.2 148.2 35.1 | proj _11=1.6085 _22=2.8594 _33=1.00003 _43=-0.15 (aspect 1.778)
camera captured: pos 97.2 148.2 35.1 | proj _11=1.6085 _22=2.8594 _33=1.00003 _43=-0.15 (aspect 1.778)
camera captured: pos 97.2 148.2 35.1 | proj _11=1.6085 _22=2.8594 _33=1.00003 _43=-0.15 (aspect 1.778)
camera captured: pos 97.2 148.2 35.1 | proj _11=1.6085 _22=2.8594 _33=1.00003 _43=-0.15 (aspect 1.778)
camera captured: pos 97.2 148.2 35.1 | proj _11=1.6085 _22=2.8594 _33=1.00003 _43=-0.15 (aspect 1.778)
camera captured: pos 97.2 148.2 35.1 | proj _11=1.6085 _22=2.8594 _33=1.00003 _43=-0.15 (aspect 1.778)
camera captured: pos 97.2 148.2 35.1 | proj _11=1.6085 _22=2.8594 _33=1.00003 _43=-0.15 (aspect 1.778)
camera captured: pos 97.2 148.2 35.1 | proj _11=1.6085 _22=2.8594 _33=1.00003 _43=-0.15 (aspect 1.778)
camera captured: pos 97.2 148.2 35.1 | proj _11=1.6085 _22=2.8594 _33=1.00003 _43=-0.15 (aspect 1.778)
camera captured: pos 97.2 148.2 35.1 | proj _11=1.6085 _22=2.8594 _33=1.00003 _43=-0.15 (aspect 1.778)
camera captured: pos 97.2 148.2 35.1 | proj _11=1.6085 _22=2.8594 _33=1.00003 _43=-0.15 (aspect 1.778)
camera captured: pos 97.2 148.2 35.1 | proj _11=1.6085 _22=2.8594 _33=1.00003 _43=-0.15 (aspect 1.778)
camera captured: pos 97.2 148.2 35.1 | proj _11=1.6085 _22=2.8594 _33=1.00003 _43=-0.15 (aspect 1.778)
camera captured: pos 97.2 148.2 35.1 | proj _11=1.6085 _22=2.8594 _33=1.00003 _43=-0.15 (aspect 1.778)
camera captured: pos 97.2 148.2 35.1 | proj _11=1.6085 _22=2.8594 _33=1.00003 _43=-0.15 (aspect 1.778)
camera captured: pos 97.2 148.2 35.1 | proj _11=1.6085 _22=2.8594 _33=1.00003 _43=-0.15 (aspect 1.778)
camera captured: pos 97.2 148.2 35.1 | proj _11=1.6085 _22=2.8594 _33=1.00003 _43=-0.15 (aspect 1.778)
camera captured: pos 97.2 148.2 35.1 | proj _11=1.6085 _22=2.8594 _33=1.00003 _43=-0.15 (aspect 1.778)
camera captured: pos 97.2 148.2 35.1 | proj _11=1.6085 _22=2.8594 _33=1.00003 _43=-0.15 (aspect 1.778)
camera captured: pos 97.2 148.2 35.1 | proj _11=1.6085 _22=2.8594 _33=1.00003 _43=-0.15 (aspect 1.778)
camera captured: pos 97.2 148.2 35.1 | proj _11=1.6085 _22=2.8594 _33=1.00003 _43=-0.15 (aspect 1.778)
camera captured: pos 97.2 148.2 35.1 | proj _11=1.6085 _22=2.8594 _33=1.00003 _43=-0.15 (aspect 1.778)
camera captured: pos 97.2 148.2 35.1 | proj _11=1.6085 _22=2.8594 _33=1.00003 _43=-0.15 (aspect 1.778)
camera captured: pos 97.2 148.2 35.1 | proj _11=1.6085 _22=2.8594 _33=1.00003 _43=-0.15 (aspect 1.778)
camera captured: pos 97.2 148.2 35.1 | proj _11=1.6085 _22=2.8594 _33=1.00003 _43=-0.15 (aspect 1.778)
frame 2400 | draws 550/frame | FFP converted 407/frame (74.1%) | far substitutions 407/frame
    not converted: screen-space 4  skinned 24  depth-only 112  ortho 0  no camera 0  other 3  (per frame)
    albedo: moved off stage 0 35/frame, blanked 176/frame | RT textures known 94 | lights 2.6/frame (24 shaders)
    camera 97.2 148.2 35.1 | transform writes 66/frame | redundant state calls dropped 8146/frame
camera captured: pos 97.2 148.2 35.1 | proj _11=1.6085 _22=2.8594 _33=1.00003 _43=-0.15 (aspect 1.778)
camera captured: pos 97.2 148.2 35.1 | proj _11=1.6085 _22=2.8594 _33=1.00003 _43=-0.15 (aspect 1.778)
camera captured: pos 97.2 148.2 35.1 | proj _11=1.6085 _22=2.8594 _33=1.00003 _43=-0.15 (aspect 1.778)
camera captured: pos 97.2 148.2 35.1 | proj _11=1.6085 _22=2.8594 _33=1.00003 _43=-0.15 (aspect 1.778)
camera captured: pos 97.2 148.2 35.1 | proj _11=1.6085 _22=2.8594 _33=1.00003 _43=-0.15 (aspect 1.778)
camera captured: pos 97.2 148.2 35.1 | proj _11=1.6085 _22=2.8594 _33=1.00003 _43=-0.15 (aspect 1.778)
camera captured: pos 97.2 148.2 35.1 | proj _11=1.6085 _22=2.8594 _33=1.00003 _43=-0.15 (aspect 1.778)
camera captured: pos 97.2 148.2 35.1 | proj _11=1.6085 _22=2.8594 _33=1.00003 _43=-0.15 (aspect 1.778)
camera captured: pos 97.2 148.2 35.1 | proj _11=1.6085 _22=2.8594 _33=1.00003 _43=-0.15 (aspect 1.778)
camera captured: pos 97.2 148.2 35.1 | proj _11=1.6085 _22=2.8594 _33=1.00003 _43=-0.15 (aspect 1.778)
camera captured: pos 97.2 148.2 35.1 | proj _11=1.6085 _22=2.8594 _33=1.00003 _43=-0.15 (aspect 1.778)
camera captured: pos 97.2 148.2 35.1 | proj _11=1.6085 _22=2.8594 _33=1.00003 _43=-0.15 (aspect 1.778)
camera captured: pos 97.2 148.2 35.1 | proj _11=1.6085 _22=2.8594 _33=1.00003 _43=-0.15 (aspect 1.778)
camera captured: pos 97.2 148.2 35.1 | proj _11=1.6085 _22=2.8594 _33=1.00003 _43=-0.15 (aspect 1.778)
camera captured: pos 97.2 148.2 35.1 | proj _11=1.6085 _22=2.8594 _33=1.00003 _43=-0.15 (aspect 1.778)
camera captured: pos 97.2 148.2 35.1 | proj _11=1.6085 _22=2.8594 _33=1.00003 _43=-0.15 (aspect 1.778)
camera captured: pos 97.2 148.2 35.1 | proj _11=1.6085 _22=2.8594 _33=1.00003 _43=-0.15 (aspect 1.778)
camera captured: pos 97.2 148.2 35.1 | proj _11=1.6085 _22=2.8594 _33=1.00003 _43=-0.15 (aspect 1.778)
camera captured: pos 97.2 148.2 35.1 | proj _11=1.6085 _22=2.8594 _33=1.00003 _43=-0.15 (aspect 1.778)
camera captured: pos 97.2 148.2 35.1 | proj _11=1.6085 _22=2.8594 _33=1.00003 _43=-0.15 (aspect 1.778)
camera captured: pos 97.2 148.2 35.1 | proj _11=1.6085 _22=2.8594 _33=1.00003 _43=-0.15 (aspect 1.778)
camera captured: pos 97.2 148.2 35.1 | proj _11=1.6085 _22=2.8594 _33=1.00003 _43=-0.15 (aspect 1.778)
camera captured: pos 97.2 148.2 35.1 | proj _11=1.6085 _22=2.8594 _33=1.00003 _43=-0.15 (aspect 1.778)
camera captured: pos 97.2 148.2 35.1 | proj _11=1.6085 _22=2.8594 _33=1.00003 _43=-0.15 (aspect 1.778)
camera captured: pos 97.2 148.2 35.1 | proj _11=1.6085 _22=2.8594 _33=1.00003 _43=-0.15 (aspect 1.778)
camera captured: pos 97.2 148.2 35.1 | proj _11=1.6085 _22=2.8594 _33=1.00003 _43=-0.15 (aspect 1.778)
camera captured: pos 97.2 148.2 35.1 | proj _11=1.6085 _22=2.8594 _33=1.00003 _43=-0.15 (aspect 1.778)
camera captured: pos 97.2 148.2 35.1 | proj _11=1.6085 _22=2.8594 _33=1.00003 _43=-0.15 (aspect 1.778)
camera captured: pos 97.2 148.2 35.1 | proj _11=1.6085 _22=2.8594 _33=1.00003 _43=-0.15 (aspect 1.778)
camera captured: pos 97.2 148.2 35.1 | proj _11=1.6085 _22=2.8594 _33=1.00003 _43=-0.15 (aspect 1.778)
camera captured: pos 97.2 148.2 35.1 | proj _11=1.6085 _22=2.8594 _33=1.00003 _43=-0.15 (aspect 1.778)
camera captured: pos 97.2 148.2 35.1 | proj _11=1.6085 _22=2.8594 _33=1.00003 _43=-0.15 (aspect 1.778)
camera captured: pos 97.2 148.2 35.1 | proj _11=1.6085 _22=2.8594 _33=1.00003 _43=-0.15 (aspect 1.778)
camera captured: pos 97.2 148.2 35.1 | proj _11=1.6085 _22=2.8594 _33=1.00003 _43=-0.15 (aspect 1.778)
camera captured: pos 97.2 148.2 35.1 | proj _11=1.6085 _22=2.8594 _33=1.00003 _43=-0.15 (aspect 1.778)
camera captured: pos 97.2 148.2 35.1 | proj _11=1.6085 _22=2.8594 _33=1.00003 _43=-0.15 (aspect 1.778)
camera captured: pos 97.2 148.2 35.1 | proj _11=1.6085 _22=2.8594 _33=1.00003 _43=-0.15 (aspect 1.778)
camera captured: pos 97.2 148.2 35.1 | proj _11=1.6085 _22=2.8594 _33=1.00003 _43=-0.15 (aspect 1.778)
camera captured: pos 97.2 148.2 35.1 | proj _11=1.6085 _22=2.8594 _33=1.00003 _43=-0.15 (aspect 1.778)
camera captured: pos 97.2 148.2 35.1 | proj _11=1.6085 _22=2.8594 _33=1.00003 _43=-0.15 (aspect 1.778)
camera captured: pos 97.2 148.2 35.1 | proj _11=1.6085 _22=2.8594 _33=1.00003 _43=-0.15 (aspect 1.778)
camera captured: pos 97.2 148.2 35.1 | proj _11=1.6085 _22=2.8594 _33=1.00003 _43=-0.15 (aspect 1.778)
camera captured: pos 97.2 148.2 35.1 | proj _11=1.6085 _22=2.8594 _33=1.00003 _43=-0.15 (aspect 1.778)
camera captured: pos 97.2 148.2 35.1 | proj _11=1.6085 _22=2.8594 _33=1.00003 _43=-0.15 (aspect 1.778)
camera captured: pos 97.2 148.2 35.1 | proj _11=1.6085 _22=2.8594 _33=1.00003 _43=-0.15 (aspect 1.778)
camera captured: pos 97.2 148.2 35.1 | proj _11=1.6085 _22=2.8594 _33=1.00003 _43=-0.15 (aspect 1.778)
camera captured: pos 97.2 148.2 35.1 | proj _11=1.6085 _22=2.8594 _33=1.00003 _43=-0.15 (aspect 1.778)
camera captured: pos 97.2 148.2 35.1 | proj _11=1.6085 _22=2.8594 _33=1.00003 _43=-0.15 (aspect 1.778)
camera captured: pos 97.2 148.2 35.1 | proj _11=1.6085 _22=2.8594 _33=1.00003 _43=-0.15 (aspect 1.778)
camera captured: pos 97.2 148.2 35.1 | proj _11=1.6085 _22=2.8594 _33=1.00003 _43=-0.15 (aspect 1.778)
camera captured: pos 97.2 148.2 35.1 | proj _11=1.6085 _22=2.8594 _33=1.00003 _43=-0.15 (aspect 1.778)
camera captured: pos 97.2 148.2 35.1 | proj _11=1.6085 _22=2.8594 _33=1.00003 _43=-0.15 (aspect 1.778)
camera captured: pos 97.2 148.2 35.1 | proj _11=1.6085 _22=2.8594 _33=1.00003 _43=-0.15 (aspect 1.778)
camera captured: pos 97.2 148.2 35.1 | proj _11=1.6085 _22=2.8594 _33=1.00003 _43=-0.15 (aspect 1.778)
camera captured: pos 97.2 148.2 35.1 | proj _11=1.6085 _22=2.8594 _33=1.00003 _43=-0.15 (aspect 1.778)
camera captured: pos 97.2 148.2 35.1 | proj _11=1.6085 _22=2.8594 _33=1.00003 _43=-0.15 (aspect 1.778)
camera captured: pos 97.2 148.2 35.1 | proj _11=1.6085 _22=2.8594 _33=1.00003 _43=-0.15 (aspect 1.778)
camera captured: pos 97.2 148.2 35.1 | proj _11=1.6085 _22=2.8594 _33=1.00003 _43=-0.15 (aspect 1.778)
camera captured: pos 97.2 148.2 35.1 | proj _11=1.6085 _22=2.8594 _33=1.00003 _43=-0.15 (aspect 1.778)
camera captured: pos 97.2 148.2 35.1 | proj _11=1.6085 _22=2.8594 _33=1.00003 _43=-0.15 (aspect 1.778)
camera captured: pos 97.2 148.2 35.1 | proj _11=1.6085 _22=2.8594 _33=1.00003 _43=-0.15 (aspect 1.778)
camera captured: pos 97.2 148.2 35.1 | proj _11=1.6085 _22=2.8594 _33=1.00003 _43=-0.15 (aspect 1.778)
camera captured: pos 97.2 148.2 35.1 | proj _11=1.6085 _22=2.8594 _33=1.00003 _43=-0.15 (aspect 1.778)
camera captured: pos 97.2 148.2 35.1 | proj _11=1.6085 _22=2.8594 _33=1.00003 _43=-0.15 (aspect 1.778)
camera captured: pos 97.2 148.2 35.1 | proj _11=1.6085 _22=2.8594 _33=1.00003 _43=-0.15 (aspect 1.778)
camera captured: pos 97.2 148.2 35.1 | proj _11=1.6085 _22=2.8594 _33=1.00003 _43=-0.15 (aspect 1.778)
camera captured: pos 97.2 148.2 35.1 | proj _11=1.6085 _22=2.8594 _33=1.00003 _43=-0.15 (aspect 1.778)
camera captured: pos 97.2 148.2 35.1 | proj _11=1.6085 _22=2.8594 _33=1.00003 _43=-0.15 (aspect 1.778)
camera captured: pos 97.2 148.2 35.1 | proj _11=1.6085 _22=2.8594 _33=1.00003 _43=-0.15 (aspect 1.778)
camera captured: pos 97.2 148.2 35.1 | proj _11=1.6085 _22=2.8594 _33=1.00003 _43=-0.15 (aspect 1.778)
camera captured: pos 97.2 148.2 35.1 | proj _11=1.6085 _22=2.8594 _33=1.00003 _43=-0.15 (aspect 1.778)
camera captured: pos 97.2 148.2 35.1 | proj _11=1.6085 _22=2.8594 _33=1.00003 _43=-0.15 (aspect 1.778)
camera captured: pos 97.2 148.2 35.1 | proj _11=1.6085 _22=2.8594 _33=1.00003 _43=-0.15 (aspect 1.778)
camera captured: pos 97.2 148.2 35.1 | proj _11=1.6085 _22=2.8594 _33=1.00003 _43=-0.15 (aspect 1.778)
camera captured: pos 97.2 148.2 35.1 | proj _11=1.6085 _22=2.8594 _33=1.00003 _43=-0.15 (aspect 1.778)
camera captured: pos 97.2 148.2 35.1 | proj _11=1.6085 _22=2.8594 _33=1.00003 _43=-0.15 (aspect 1.778)
camera captured: pos 97.2 148.2 35.1 | proj _11=1.6085 _22=2.8594 _33=1.00003 _43=-0.15 (aspect 1.778)
camera captured: pos 97.2 148.2 35.1 | proj _11=1.6085 _22=2.8594 _33=1.00003 _43=-0.15 (aspect 1.778)
camera captured: pos 97.2 148.2 35.1 | proj _11=1.6085 _22=2.8594 _33=1.00003 _43=-0.15 (aspect 1.778)
camera captured: pos 97.2 148.2 35.1 | proj _11=1.6085 _22=2.8594 _33=1.00003 _43=-0.15 (aspect 1.778)
camera captured: pos 97.2 148.2 35.1 | proj _11=1.6085 _22=2.8594 _33=1.00003 _43=-0.15 (aspect 1.778)
camera captured: pos 97.2 148.2 35.1 | proj _11=1.6085 _22=2.8594 _33=1.00003 _43=-0.15 (aspect 1.778)
camera captured: pos 97.2 148.2 35.1 | proj _11=1.6085 _22=2.8594 _33=1.00003 _43=-0.15 (aspect 1.778)
camera captured: pos 97.2 148.2 35.1 | proj _11=1.6085 _22=2.8594 _33=1.00003 _43=-0.15 (aspect 1.778)
camera captured: pos 97.2 148.2 35.1 | proj _11=1.6085 _22=2.8594 _33=1.00003 _43=-0.15 (aspect 1.778)
camera captured: pos 97.2 148.2 35.1 | proj _11=1.6085 _22=2.8594 _33=1.00003 _43=-0.15 (aspect 1.778)
camera captured: pos 97.2 148.2 35.1 | proj _11=1.6085 _22=2.8594 _33=1.00003 _43=-0.15 (aspect 1.778)
camera captured: pos 97.2 148.2 35.1 | proj _11=1.6085 _22=2.8594 _33=1.00003 _43=-0.15 (aspect 1.778)
camera captured: pos 97.2 148.2 35.1 | proj _11=1.6085 _22=2.8594 _33=1.00003 _43=-0.15 (aspect 1.778)
camera captured: pos 97.2 148.2 35.1 | proj _11=1.6085 _22=2.8594 _33=1.00003 _43=-0.15 (aspect 1.778)
camera captured: pos 97.2 148.2 35.1 | proj _11=1.6085 _22=2.8594 _33=1.00003 _43=-0.15 (aspect 1.778)
camera captured: pos 97.2 148.2 35.1 | proj _11=1.6085 _22=2.8594 _33=1.00003 _43=-0.15 (aspect 1.778)
camera captured: pos 97.2 148.2 35.1 | proj _11=1.6085 _22=2.8594 _33=1.00003 _43=-0.15 (aspect 1.778)
camera captured: pos 97.2 148.2 35.1 | proj _11=1.6085 _22=2.8594 _33=1.00003 _43=-0.15 (aspect 1.778)
camera captured: pos 97.2 148.2 35.1 | proj _11=1.6085 _22=2.8594 _33=1.00003 _43=-0.15 (aspect 1.778)
camera captured: pos 97.2 148.2 35.1 | proj _11=1.6085 _22=2.8594 _33=1.00003 _43=-0.15 (aspect 1.778)
camera captured: pos 97.2 148.2 35.1 | proj _11=1.6085 _22=2.8594 _33=1.00003 _43=-0.15 (aspect 1.778)
camera captured: pos 97.2 148.2 35.1 | proj _11=1.6085 _22=2.8594 _33=1.00003 _43=-0.15 (aspect 1.778)
camera captured: pos 97.2 148.2 35.1 | proj _11=1.6085 _22=2.8594 _33=1.00003 _43=-0.15 (aspect 1.778)
camera captured: pos 97.2 148.2 35.1 | proj _11=1.6085 _22=2.8594 _33=1.00003 _43=-0.15 (aspect 1.778)
camera captured: pos 97.2 148.2 35.1 | proj _11=1.6085 _22=2.8594 _33=1.00003 _43=-0.15 (aspect 1.778)
camera captured: pos 97.2 148.2 35.1 | proj _11=1.6085 _22=2.8594 _33=1.00003 _43=-0.15 (aspect 1.778)
camera captured: pos 97.2 148.2 35.1 | proj _11=1.6085 _22=2.8594 _33=1.00003 _43=-0.15 (aspect 1.778)
camera captured: pos 97.2 148.2 35.1 | proj _11=1.6085 _22=2.8594 _33=1.00003 _43=-0.15 (aspect 1.778)
camera captured: pos 97.2 148.2 35.1 | proj _11=1.6085 _22=2.8594 _33=1.00003 _43=-0.15 (aspect 1.778)
camera captured: pos 97.2 148.2 35.1 | proj _11=1.6085 _22=2.8594 _33=1.00003 _43=-0.15 (aspect 1.778)
camera captured: pos 97.2 148.2 35.1 | proj _11=1.6085 _22=2.8594 _33=1.00003 _43=-0.15 (aspect 1.778)
camera captured: pos 97.2 148.2 35.1 | proj _11=1.6085 _22=2.8594 _33=1.00003 _43=-0.15 (aspect 1.778)
camera captured: pos 97.2 148.2 35.1 | proj _11=1.6085 _22=2.8594 _33=1.00003 _43=-0.15 (aspect 1.778)
camera captured: pos 97.2 148.2 35.1 | proj _11=1.6085 _22=2.8594 _33=1.00003 _43=-0.15 (aspect 1.778)
camera captured: pos 97.2 148.2 35.1 | proj _11=1.6085 _22=2.8594 _33=1.00003 _43=-0.15 (aspect 1.778)
camera captured: pos 97.2 148.2 35.1 | proj _11=1.6085 _22=2.8594 _33=1.00003 _43=-0.15 (aspect 1.778)
camera captured: pos 97.2 148.2 35.1 | proj _11=1.6085 _22=2.8594 _33=1.00003 _43=-0.15 (aspect 1.778)
camera captured: pos 97.2 148.2 35.1 | proj _11=1.6085 _22=2.8594 _33=1.00003 _43=-0.15 (aspect 1.778)
camera captured: pos 97.2 148.2 35.1 | proj _11=1.6085 _22=2.8594 _33=1.00003 _43=-0.15 (aspect 1.778)
camera captured: pos 97.2 148.2 35.1 | proj _11=1.6085 _22=2.8594 _33=1.00003 _43=-0.15 (aspect 1.778)
camera captured: pos 97.2 148.2 35.1 | proj _11=1.6085 _22=2.8594 _33=1.00003 _43=-0.15 (aspect 1.778)
camera captured: pos 97.2 148.2 35.1 | proj _11=1.6085 _22=2.8594 _33=1.00003 _43=-0.15 (aspect 1.778)
camera captured: pos 97.2 148.2 35.1 | proj _11=1.6085 _22=2.8594 _33=1.00003 _43=-0.15 (aspect 1.778)
camera captured: pos 97.2 148.2 35.1 | proj _11=1.6085 _22=2.8594 _33=1.00003 _43=-0.15 (aspect 1.778)
camera captured: pos 97.2 148.2 35.1 | proj _11=1.6085 _22=2.8594 _33=1.00003 _43=-0.15 (aspect 1.778)
camera captured: pos 97.2 148.2 35.1 | proj _11=1.6085 _22=2.8594 _33=1.00003 _43=-0.15 (aspect 1.778)
camera captured: pos 97.2 148.2 35.1 | proj _11=1.6085 _22=2.8594 _33=1.00003 _43=-0.15 (aspect 1.778)
camera captured: pos 97.2 148.2 35.1 | proj _11=1.6085 _22=2.8594 _33=1.00003 _43=-0.15 (aspect 1.778)
camera captured: pos 97.2 148.2 35.1 | proj _11=1.6085 _22=2.8594 _33=1.00003 _43=-0.15 (aspect 1.778)
camera captured: pos 97.2 148.2 35.1 | proj _11=1.6085 _22=2.8594 _33=1.00003 _43=-0.15 (aspect 1.778)
camera captured: pos 97.2 148.2 35.1 | proj _11=1.6085 _22=2.8594 _33=1.00003 _43=-0.15 (aspect 1.778)
camera captured: pos 97.2 148.2 35.1 | proj _11=1.6085 _22=2.8594 _33=1.00003 _43=-0.15 (aspect 1.778)
camera captured: pos 97.2 148.2 35.1 | proj _11=1.6085 _22=2.8594 _33=1.00003 _43=-0.15 (aspect 1.778)
camera captured: pos 97.2 148.2 35.1 | proj _11=1.6085 _22=2.8594 _33=1.00003 _43=-0.15 (aspect 1.778)
camera captured: pos 97.2 148.2 35.1 | proj _11=1.6085 _22=2.8594 _33=1.00003 _43=-0.15 (aspect 1.778)
camera captured: pos 97.2 148.2 35.1 | proj _11=1.6085 _22=2.8594 _33=1.00003 _43=-0.15 (aspect 1.778)
camera captured: pos 97.2 148.2 35.1 | proj _11=1.6085 _22=2.8594 _33=1.00003 _43=-0.15 (aspect 1.778)
camera captured: pos 97.2 148.2 35.1 | proj _11=1.6085 _22=2.8594 _33=1.00003 _43=-0.15 (aspect 1.778)
camera captured: pos 97.2 148.2 35.1 | proj _11=1.6085 _22=2.8594 _33=1.00003 _43=-0.15 (aspect 1.778)
camera captured: pos 97.2 148.2 35.1 | proj _11=1.6085 _22=2.8594 _33=1.00003 _43=-0.15 (aspect 1.778)
camera captured: pos 97.2 148.2 35.1 | proj _11=1.6085 _22=2.8594 _33=1.00003 _43=-0.15 (aspect 1.778)
camera captured: pos 97.2 148.2 35.1 | proj _11=1.6085 _22=2.8594 _33=1.00003 _43=-0.15 (aspect 1.778)
camera captured: pos 97.2 148.2 35.1 | proj _11=1.6085 _22=2.8594 _33=1.00003 _43=-0.15 (aspect 1.778)
camera captured: pos 97.2 148.2 35.1 | proj _11=1.6085 _22=2.8594 _33=1.00003 _43=-0.15 (aspect 1.778)
camera captured: pos 97.2 148.2 35.1 | proj _11=1.6085 _22=2.8594 _33=1.00003 _43=-0.15 (aspect 1.778)
camera captured: pos 97.2 148.2 35.1 | proj _11=1.6085 _22=2.8594 _33=1.00003 _43=-0.15 (aspect 1.778)
camera captured: pos 97.2 148.2 35.1 | proj _11=1.6085 _22=2.8594 _33=1.00003 _43=-0.15 (aspect 1.778)
camera captured: pos 97.2 148.2 35.1 | proj _11=1.6085 _22=2.8594 _33=1.00003 _43=-0.15 (aspect 1.778)
camera captured: pos 97.2 148.2 35.1 | proj _11=1.6085 _22=2.8594 _33=1.00003 _43=-0.15 (aspect 1.778)
camera captured: pos 97.2 148.2 35.1 | proj _11=1.6085 _22=2.8594 _33=1.00003 _43=-0.15 (aspect 1.778)
camera captured: pos 97.2 148.2 35.1 | proj _11=1.6085 _22=2.8594 _33=1.00003 _43=-0.15 (aspect 1.778)
camera captured: pos 97.2 148.2 35.1 | proj _11=1.6085 _22=2.8594 _33=1.00003 _43=-0.15 (aspect 1.778)
camera captured: pos 97.2 148.2 35.1 | proj _11=1.6085 _22=2.8594 _33=1.00003 _43=-0.15 (aspect 1.778)
camera captured: pos 97.2 148.2 35.1 | proj _11=1.6085 _22=2.8594 _33=1.00003 _43=-0.15 (aspect 1.778)
camera captured: pos 97.2 148.2 35.1 | proj _11=1.6085 _22=2.8594 _33=1.00003 _43=-0.15 (aspect 1.778)
camera captured: pos 97.2 148.2 35.1 | proj _11=1.6085 _22=2.8594 _33=1.00003 _43=-0.15 (aspect 1.778)
camera captured: pos 97.2 148.2 35.1 | proj _11=1.6085 _22=2.8594 _33=1.00003 _43=-0.15 (aspect 1.778)
camera captured: pos 97.2 148.2 35.1 | proj _11=1.6085 _22=2.8594 _33=1.00003 _43=-0.15 (aspect 1.778)
camera captured: pos 97.2 148.2 35.1 | proj _11=1.6085 _22=2.8594 _33=1.00003 _43=-0.15 (aspect 1.778)
camera captured: pos 97.2 148.2 35.1 | proj _11=1.6085 _22=2.8594 _33=1.00003 _43=-0.15 (aspect 1.778)
camera captured: pos 97.2 148.2 35.1 | proj _11=1.6085 _22=2.8594 _33=1.00003 _43=-0.15 (aspect 1.778)
camera captured: pos 97.2 148.2 35.1 | proj _11=1.6085 _22=2.8594 _33=1.00003 _43=-0.15 (aspect 1.778)
camera captured: pos 97.2 148.2 35.1 | proj _11=1.6085 _22=2.8594 _33=1.00003 _43=-0.15 (aspect 1.778)
camera captured: pos 97.2 148.2 35.1 | proj _11=1.6085 _22=2.8594 _33=1.00003 _43=-0.15 (aspect 1.778)
camera captured: pos 97.2 148.2 35.1 | proj _11=1.6085 _22=2.8594 _33=1.00003 _43=-0.15 (aspect 1.778)
camera captured: pos 97.2 148.2 35.1 | proj _11=1.6085 _22=2.8594 _33=1.00003 _43=-0.15 (aspect 1.778)
camera captured: pos 97.2 148.2 35.1 | proj _11=1.6085 _22=2.8594 _33=1.00003 _43=-0.15 (aspect 1.778)
camera captured: pos 97.2 148.2 35.1 | proj _11=1.6085 _22=2.8594 _33=1.00003 _43=-0.15 (aspect 1.778)
camera captured: pos 97.2 148.2 35.1 | proj _11=1.6085 _22=2.8594 _33=1.00003 _43=-0.15 (aspect 1.778)
camera captured: pos 97.2 148.2 35.1 | proj _11=1.6085 _22=2.8594 _33=1.00003 _43=-0.15 (aspect 1.778)
camera captured: pos 97.2 148.2 35.1 | proj _11=1.6085 _22=2.8594 _33=1.00003 _43=-0.15 (aspect 1.778)
camera captured: pos 97.2 148.2 35.1 | proj _11=1.6085 _22=2.8594 _33=1.00003 _43=-0.15 (aspect 1.778)
camera captured: pos 97.2 148.2 35.1 | proj _11=1.6085 _22=2.8594 _33=1.00003 _43=-0.15 (aspect 1.778)
camera captured: pos 97.2 148.2 35.1 | proj _11=1.6085 _22=2.8594 _33=1.00003 _43=-0.15 (aspect 1.778)
camera captured: pos 97.2 148.2 35.1 | proj _11=1.6085 _22=2.8594 _33=1.00003 _43=-0.15 (aspect 1.778)
camera captured: pos 97.2 148.2 35.1 | proj _11=1.6085 _22=2.8594 _33=1.00003 _43=-0.15 (aspect 1.778)
camera captured: pos 97.2 148.2 35.1 | proj _11=1.6085 _22=2.8594 _33=1.00003 _43=-0.15 (aspect 1.778)
camera captured: pos 97.2 148.2 35.1 | proj _11=1.6085 _22=2.8594 _33=1.00003 _43=-0.15 (aspect 1.778)
camera captured: pos 97.2 148.2 35.1 | proj _11=1.6085 _22=2.8594 _33=1.00003 _43=-0.15 (aspect 1.778)
camera captured: pos 97.2 148.2 35.1 | proj _11=1.6085 _22=2.8594 _33=1.00003 _43=-0.15 (aspect 1.778)
camera captured: pos 97.2 148.2 35.1 | proj _11=1.6085 _22=2.8594 _33=1.00003 _43=-0.15 (aspect 1.778)
camera captured: pos 97.2 148.2 35.1 | proj _11=1.6085 _22=2.8594 _33=1.00003 _43=-0.15 (aspect 1.778)
camera captured: pos 97.2 148.2 35.1 | proj _11=1.6085 _22=2.8594 _33=1.00003 _43=-0.15 (aspect 1.778)
camera captured: pos 97.2 148.2 35.1 | proj _11=1.6085 _22=2.8594 _33=1.00003 _43=-0.15 (aspect 1.778)
camera captured: pos 97.2 148.2 35.1 | proj _11=1.6085 _22=2.8594 _33=1.00003 _43=-0.15 (aspect 1.778)
camera captured: pos 97.2 148.2 35.1 | proj _11=1.6085 _22=2.8594 _33=1.00003 _43=-0.15 (aspect 1.778)
camera captured: pos 97.2 148.2 35.1 | proj _11=1.6085 _22=2.8594 _33=1.00003 _43=-0.15 (aspect 1.778)
camera captured: pos 97.2 148.2 35.1 | proj _11=1.6085 _22=2.8594 _33=1.00003 _43=-0.15 (aspect 1.778)
camera captured: pos 97.2 148.2 35.1 | proj _11=1.6085 _22=2.8594 _33=1.00003 _43=-0.15 (aspect 1.778)
camera captured: pos 97.2 148.2 35.1 | proj _11=1.6085 _22=2.8594 _33=1.00003 _43=-0.15 (aspect 1.778)
camera captured: pos 97.2 148.2 35.1 | proj _11=1.6085 _22=2.8594 _33=1.00003 _43=-0.15 (aspect 1.778)
camera captured: pos 97.2 148.2 35.1 | proj _11=1.6085 _22=2.8594 _33=1.00003 _43=-0.15 (aspect 1.778)
camera captured: pos 97.4 148.3 35.1 | proj _11=1.6085 _22=2.8594 _33=1.00003 _43=-0.15 (aspect 1.778)
camera captured: pos 97.5 148.3 35.1 | proj _11=1.6085 _22=2.8594 _33=1.00003 _43=-0.15 (aspect 1.778)
camera captured: pos 97.7 148.3 35.1 | proj _11=1.6085 _22=2.8594 _33=1.00003 _43=-0.15 (aspect 1.778)
camera captured: pos 97.8 148.4 35.0 | proj _11=1.6085 _22=2.8594 _33=1.00003 _43=-0.15 (aspect 1.778)
camera captured: pos 97.9 148.4 35.0 | proj _11=1.6085 _22=2.8594 _33=1.00003 _43=-0.15 (aspect 1.778)
camera captured: pos 98.0 148.4 35.0 | proj _11=1.6085 _22=2.8594 _33=1.00003 _43=-0.15 (aspect 1.778)
camera captured: pos 98.1 148.4 35.0 | proj _11=1.6085 _22=2.8594 _33=1.00003 _43=-0.15 (aspect 1.778)
camera captured: pos 98.2 148.4 35.0 | proj _11=1.6085 _22=2.8594 _33=1.00003 _43=-0.15 (aspect 1.778)
camera captured: pos 98.3 148.4 35.0 | proj _11=1.6085 _22=2.8594 _33=1.00003 _43=-0.15 (aspect 1.778)
camera captured: pos 98.4 148.5 35.0 | proj _11=1.6085 _22=2.8594 _33=1.00003 _43=-0.15 (aspect 1.778)
camera captured: pos 98.4 148.5 35.0 | proj _11=1.6085 _22=2.8594 _33=1.00003 _43=-0.15 (aspect 1.778)
camera captured: pos 98.5 148.5 34.9 | proj _11=1.6085 _22=2.8594 _33=1.00003 _43=-0.15 (aspect 1.778)
camera captured: pos 98.6 148.5 34.9 | proj _11=1.6085 _22=2.8594 _33=1.00003 _43=-0.15 (aspect 1.778)
camera captured: pos 98.7 148.5 34.9 | proj _11=1.6085 _22=2.8594 _33=1.00003 _43=-0.15 (aspect 1.778)
camera captured: pos 98.8 148.5 34.9 | proj _11=1.6085 _22=2.8594 _33=1.00003 _43=-0.15 (aspect 1.778)
camera captured: pos 98.8 148.5 34.9 | proj _11=1.6085 _22=2.8594 _33=1.00003 _43=-0.15 (aspect 1.778)
camera captured: pos 98.9 148.5 34.9 | proj _11=1.6085 _22=2.8594 _33=1.00003 _43=-0.15 (aspect 1.778)
camera captured: pos 98.9 148.5 34.9 | proj _11=1.6085 _22=2.8594 _33=1.00003 _43=-0.15 (aspect 1.778)
camera captured: pos 99.0 148.5 34.8 | proj _11=1.6085 _22=2.8594 _33=1.00003 _43=-0.15 (aspect 1.778)
camera captured: pos 99.0 148.5 34.8 | proj _11=1.6085 _22=2.8594 _33=1.00003 _43=-0.15 (aspect 1.778)
camera captured: pos 99.1 148.5 34.8 | proj _11=1.6085 _22=2.8594 _33=1.00003 _43=-0.15 (aspect 1.778)
camera captured: pos 99.1 148.5 34.8 | proj _11=1.6085 _22=2.8594 _33=1.00003 _43=-0.15 (aspect 1.778)
camera captured: pos 99.2 148.5 34.8 | proj _11=1.6085 _22=2.8594 _33=1.00003 _43=-0.15 (aspect 1.778)
camera captured: pos 99.2 148.5 34.8 | proj _11=1.6085 _22=2.8594 _33=1.00003 _43=-0.15 (aspect 1.778)
camera captured: pos 99.3 148.5 34.8 | proj _11=1.6085 _22=2.8594 _33=1.00003 _43=-0.15 (aspect 1.778)
camera captured: pos 99.3 148.5 34.7 | proj _11=1.6085 _22=2.8594 _33=1.00003 _43=-0.15 (aspect 1.778)
camera captured: pos 99.4 148.5 34.7 | proj _11=1.6085 _22=2.8594 _33=1.00003 _43=-0.15 (aspect 1.778)
camera captured: pos 99.4 148.5 34.7 | proj _11=1.6085 _22=2.8594 _33=1.00003 _43=-0.15 (aspect 1.778)
camera captured: pos 99.4 148.5 34.7 | proj _11=1.6085 _22=2.8594 _33=1.00003 _43=-0.15 (aspect 1.778)
camera captured: pos 99.4 148.5 34.7 | proj _11=1.6085 _22=2.8594 _33=1.00003 _43=-0.15 (aspect 1.778)
camera captured: pos 99.5 148.5 34.7 | proj _11=1.6085 _22=2.8594 _33=1.00003 _43=-0.15 (aspect 1.778)
camera captured: pos 99.5 148.5 34.7 | proj _11=1.6085 _22=2.8594 _33=1.00003 _43=-0.15 (aspect 1.778)
camera captured: pos 99.5 148.5 34.7 | proj _11=1.6085 _22=2.8594 _33=1.00003 _43=-0.15 (aspect 1.778)
camera captured: pos 99.5 148.5 34.6 | proj _11=1.6085 _22=2.8594 _33=1.00003 _43=-0.15 (aspect 1.778)
camera captured: pos 99.5 148.5 34.6 | proj _11=1.6085 _22=2.8594 _33=1.00003 _43=-0.15 (aspect 1.778)
camera captured: pos 99.5 148.5 34.6 | proj _11=1.6085 _22=2.8594 _33=1.00003 _43=-0.15 (aspect 1.778)
camera captured: pos 99.5 148.5 34.6 | proj _11=1.6085 _22=2.8594 _33=1.00003 _43=-0.15 (aspect 1.778)
camera captured: pos 99.5 148.5 34.6 | proj _11=1.6085 _22=2.8594 _33=1.00003 _43=-0.15 (aspect 1.778)
camera captured: pos 99.5 148.5 34.6 | proj _11=1.6085 _22=2.8594 _33=1.00003 _43=-0.15 (aspect 1.778)
camera captured: pos 99.5 148.5 34.5 | proj _11=1.6085 _22=2.8594 _33=1.00003 _43=-0.15 (aspect 1.778)
camera captured: pos 99.5 148.5 34.5 | proj _11=1.6085 _22=2.8594 _33=1.00003 _43=-0.15 (aspect 1.778)
camera captured: pos 99.4 148.5 34.4 | proj _11=1.6085 _22=2.8594 _33=1.00003 _43=-0.15 (aspect 1.778)
camera captured: pos 99.4 148.5 34.4 | proj _11=1.6085 _22=2.8594 _33=1.00003 _43=-0.15 (aspect 1.778)
camera captured: pos 99.4 148.5 34.4 | proj _11=1.6085 _22=2.8594 _33=1.00003 _43=-0.15 (aspect 1.778)
camera captured: pos 99.4 148.5 34.4 | proj _11=1.6085 _22=2.8594 _33=1.00003 _43=-0.15 (aspect 1.778)
camera captured: pos 99.4 148.5 34.4 | proj _11=1.6085 _22=2.8594 _33=1.00003 _43=-0.15 (aspect 1.778)
camera captured: pos 99.4 148.5 34.4 | proj _11=1.6085 _22=2.8594 _33=1.00003 _43=-0.15 (aspect 1.778)
camera captured: pos 99.4 148.5 34.4 | proj _11=1.6085 _22=2.8594 _33=1.00003 _43=-0.15 (aspect 1.778)
camera captured: pos 99.4 148.5 34.4 | proj _11=1.6085 _22=2.8594 _33=1.00003 _43=-0.15 (aspect 1.778)
camera captured: pos 99.4 148.5 34.4 | proj _11=1.6085 _22=2.8594 _33=1.00003 _43=-0.15 (aspect 1.778)
camera captured: pos 99.4 148.5 34.4 | proj _11=1.6085 _22=2.8594 _33=1.00003 _43=-0.15 (aspect 1.778)
camera captured: pos 99.4 148.5 34.4 | proj _11=1.6085 _22=2.8594 _33=1.00003 _43=-0.15 (aspect 1.778)
camera captured: pos 99.4 148.5 34.4 | proj _11=1.6085 _22=2.8594 _33=1.00003 _43=-0.15 (aspect 1.778)
camera captured: pos 99.4 148.5 34.4 | proj _11=1.6085 _22=2.8594 _33=1.00003 _43=-0.15 (aspect 1.778)
camera captured: pos 99.4 148.5 34.4 | proj _11=1.6085 _22=2.8594 _33=1.00003 _43=-0.15 (aspect 1.778)
camera captured: pos 99.4 148.5 34.4 | proj _11=1.6085 _22=2.8594 _33=1.00003 _43=-0.15 (aspect 1.778)
camera captured: pos 99.4 148.5 34.4 | proj _11=1.6085 _22=2.8594 _33=1.00003 _43=-0.15 (aspect 1.778)
camera captured: pos 99.4 148.5 34.4 | proj _11=1.6085 _22=2.8594 _33=1.00003 _43=-0.15 (aspect 1.778)
camera captured: pos 99.4 148.5 34.4 | proj _11=1.6085 _22=2.8594 _33=1.00003 _43=-0.15 (aspect 1.778)
camera captured: pos 99.4 148.5 34.4 | proj _11=1.6085 _22=2.8594 _33=1.00003 _43=-0.15 (aspect 1.778)
camera captured: pos 99.4 148.5 34.4 | proj _11=1.6085 _22=2.8594 _33=1.00003 _43=-0.15 (aspect 1.778)
camera captured: pos 99.4 148.5 34.4 | proj _11=1.6085 _22=2.8594 _33=1.00003 _43=-0.15 (aspect 1.778)
camera captured: pos 99.4 148.5 34.4 | proj _11=1.6085 _22=2.8594 _33=1.00003 _43=-0.15 (aspect 1.778)
camera captured: pos 99.4 148.5 34.4 | proj _11=1.6085 _22=2.8594 _33=1.00003 _43=-0.15 (aspect 1.778)
camera captured: pos 99.4 148.5 34.4 | proj _11=1.6085 _22=2.8594 _33=1.00003 _43=-0.15 (aspect 1.778)
camera captured: pos 99.4 148.5 34.4 | proj _11=1.6085 _22=2.8594 _33=1.00003 _43=-0.15 (aspect 1.778)
camera captured: pos 99.4 148.5 34.4 | proj _11=1.6085 _22=2.8594 _33=1.00003 _43=-0.15 (aspect 1.778)
camera captured: pos 99.4 148.5 34.4 | proj _11=1.6085 _22=2.8594 _33=1.00003 _43=-0.15 (aspect 1.778)
camera captured: pos 99.4 148.5 34.4 | proj _11=1.6085 _22=2.8594 _33=1.00003 _43=-0.15 (aspect 1.778)
camera captured: pos 99.4 148.5 34.4 | proj _11=1.6085 _22=2.8594 _33=1.00003 _43=-0.15 (aspect 1.778)
camera captured: pos 99.4 148.5 34.4 | proj _11=1.6085 _22=2.8594 _33=1.00003 _43=-0.15 (aspect 1.778)
camera captured: pos 99.4 148.5 34.4 | proj _11=1.6085 _22=2.8594 _33=1.00003 _43=-0.15 (aspect 1.778)
camera captured: pos 99.4 148.5 34.4 | proj _11=1.6085 _22=2.8594 _33=1.00003 _43=-0.15 (aspect 1.778)
camera captured: pos 99.4 148.5 34.4 | proj _11=1.6085 _22=2.8594 _33=1.00003 _43=-0.15 (aspect 1.778)
camera captured: pos 99.4 148.5 34.4 | proj _11=1.6085 _22=2.8594 _33=1.00003 _43=-0.15 (aspect 1.778)
camera captured: pos 99.4 148.5 34.4 | proj _11=1.6085 _22=2.8594 _33=1.00003 _43=-0.15 (aspect 1.778)
camera captured: pos 99.4 148.5 34.4 | proj _11=1.6085 _22=2.8594 _33=1.00003 _43=-0.15 (aspect 1.778)
camera captured: pos 99.3 148.5 34.4 | proj _11=1.6085 _22=2.8594 _33=1.00003 _43=-0.15 (aspect 1.778)
camera captured: pos 99.2 148.5 34.4 | proj _11=1.6085 _22=2.8594 _33=1.00003 _43=-0.15 (aspect 1.778)
camera captured: pos 99.1 148.5 34.5 | proj _11=1.6085 _22=2.8594 _33=1.00003 _43=-0.15 (aspect 1.778)
camera captured: pos 99.0 148.5 34.5 | proj _11=1.6085 _22=2.8594 _33=1.00003 _43=-0.15 (aspect 1.778)
camera captured: pos 99.0 148.5 34.5 | proj _11=1.6085 _22=2.8594 _33=1.00003 _43=-0.15 (aspect 1.778)
camera captured: pos 98.9 148.5 34.5 | proj _11=1.6085 _22=2.8594 _33=1.00003 _43=-0.15 (aspect 1.778)
camera captured: pos 98.9 148.5 34.5 | proj _11=1.6085 _22=2.8594 _33=1.00003 _43=-0.15 (aspect 1.778)
camera captured: pos 98.8 148.5 34.5 | proj _11=1.6085 _22=2.8594 _33=1.00003 _43=-0.15 (aspect 1.778)
camera captured: pos 98.8 148.5 34.5 | proj _11=1.6085 _22=2.8594 _33=1.00003 _43=-0.15 (aspect 1.778)
camera captured: pos 98.7 148.5 34.5 | proj _11=1.6085 _22=2.8594 _33=1.00003 _43=-0.15 (aspect 1.778)
camera captured: pos 98.7 148.5 34.6 | proj _11=1.6085 _22=2.8594 _33=1.00003 _43=-0.15 (aspect 1.778)
camera captured: pos 98.6 148.5 34.6 | proj _11=1.6085 _22=2.8594 _33=1.00003 _43=-0.15 (aspect 1.778)
camera captured: pos 98.6 148.5 34.6 | proj _11=1.6085 _22=2.8594 _33=1.00003 _43=-0.15 (aspect 1.778)
camera captured: pos 98.5 148.5 34.6 | proj _11=1.6085 _22=2.8594 _33=1.00003 _43=-0.15 (aspect 1.778)
camera captured: pos 98.5 148.5 34.6 | proj _11=1.6085 _22=2.8594 _33=1.00003 _43=-0.15 (aspect 1.778)
camera captured: pos 98.5 148.5 34.6 | proj _11=1.6085 _22=2.8594 _33=1.00003 _43=-0.15 (aspect 1.778)
camera captured: pos 98.5 148.5 34.6 | proj _11=1.6085 _22=2.8594 _33=1.00003 _43=-0.15 (aspect 1.778)
camera captured: pos 98.5 148.5 34.6 | proj _11=1.6085 _22=2.8594 _33=1.00003 _43=-0.15 (aspect 1.778)
camera captured: pos 98.5 148.5 34.6 | proj _11=1.6085 _22=2.8594 _33=1.00003 _43=-0.15 (aspect 1.778)
camera captured: pos 98.4 148.5 34.6 | proj _11=1.6085 _22=2.8594 _33=1.00003 _43=-0.15 (aspect 1.778)
camera captured: pos 98.4 148.5 34.6 | proj _11=1.6085 _22=2.8594 _33=1.00003 _43=-0.15 (aspect 1.778)
camera captured: pos 98.4 148.5 34.6 | proj _11=1.6085 _22=2.8594 _33=1.00003 _43=-0.15 (aspect 1.778)
camera captured: pos 98.3 148.5 34.6 | proj _11=1.6085 _22=2.8594 _33=1.00003 _43=-0.15 (aspect 1.778)
camera captured: pos 98.3 148.6 34.6 | proj _11=1.6085 _22=2.8594 _33=1.00003 _43=-0.15 (aspect 1.778)
camera captured: pos 98.3 148.6 34.6 | proj _11=1.6085 _22=2.8594 _33=1.00003 _43=-0.15 (aspect 1.778)
camera captured: pos 98.3 148.6 34.6 | proj _11=1.6085 _22=2.8594 _33=1.00003 _43=-0.15 (aspect 1.778)
camera captured: pos 98.2 148.6 34.6 | proj _11=1.6085 _22=2.8594 _33=1.00003 _43=-0.15 (aspect 1.778)
camera captured: pos 98.2 148.6 34.6 | proj _11=1.6085 _22=2.8594 _33=1.00003 _43=-0.15 (aspect 1.778)
camera captured: pos 98.2 148.7 34.6 | proj _11=1.6085 _22=2.8594 _33=1.00003 _43=-0.15 (aspect 1.778)
camera captured: pos 98.2 148.7 34.5 | proj _11=1.6085 _22=2.8594 _33=1.00003 _43=-0.15 (aspect 1.778)
camera captured: pos 98.2 148.8 34.5 | proj _11=1.6085 _22=2.8594 _33=1.00003 _43=-0.15 (aspect 1.778)
camera captured: pos 98.3 148.8 34.5 | proj _11=1.6085 _22=2.8594 _33=1.00003 _43=-0.15 (aspect 1.778)
camera captured: pos 98.3 148.9 34.5 | proj _11=1.6085 _22=2.8594 _33=1.00003 _43=-0.15 (aspect 1.778)
camera captured: pos 98.4 149.0 34.5 | proj _11=1.6085 _22=2.8594 _33=1.00003 _43=-0.15 (aspect 1.778)
camera captured: pos 98.5 149.1 34.4 | proj _11=1.6085 _22=2.8594 _33=1.00003 _43=-0.15 (aspect 1.778)
camera captured: pos 98.6 149.1 34.4 | proj _11=1.6085 _22=2.8594 _33=1.00003 _43=-0.15 (aspect 1.778)
camera captured: pos 98.8 149.2 34.4 | proj _11=1.6085 _22=2.8594 _33=1.00003 _43=-0.15 (aspect 1.778)
camera captured: pos 98.9 149.2 34.3 | proj _11=1.6085 _22=2.8594 _33=1.00003 _43=-0.15 (aspect 1.778)
camera captured: pos 99.0 149.2 34.3 | proj _11=1.6085 _22=2.8594 _33=1.00003 _43=-0.15 (aspect 1.778)
camera captured: pos 99.1 149.2 34.3 | proj _11=1.6085 _22=2.8594 _33=1.00003 _43=-0.15 (aspect 1.778)
camera captured: pos 99.2 149.3 34.3 | proj _11=1.6085 _22=2.8594 _33=1.00003 _43=-0.15 (aspect 1.778)
camera captured: pos 99.3 149.2 34.2 | proj _11=1.6085 _22=2.8594 _33=1.00003 _43=-0.15 (aspect 1.778)
camera captured: pos 99.3 149.2 34.2 | proj _11=1.6085 _22=2.8594 _33=1.00003 _43=-0.15 (aspect 1.778)
camera captured: pos 99.4 149.1 34.3 | proj _11=1.6085 _22=2.8594 _33=1.00003 _43=-0.15 (aspect 1.778)
camera captured: pos 99.4 149.1 34.3 | proj _11=1.6085 _22=2.8594 _33=1.00003 _43=-0.15 (aspect 1.778)
camera captured: pos 99.3 149.0 34.3 | proj _11=1.6085 _22=2.8594 _33=1.00003 _43=-0.15 (aspect 1.778)
camera captured: pos 99.3 149.0 34.3 | proj _11=1.6085 _22=2.8594 _33=1.00003 _43=-0.15 (aspect 1.778)
camera captured: pos 99.3 149.0 34.3 | proj _11=1.6085 _22=2.8594 _33=1.00003 _43=-0.15 (aspect 1.778)
camera captured: pos 99.3 149.0 34.3 | proj _11=1.6085 _22=2.8594 _33=1.00003 _43=-0.15 (aspect 1.778)
camera captured: pos 99.2 148.9 34.4 | proj _11=1.6085 _22=2.8594 _33=1.00003 _43=-0.15 (aspect 1.778)
camera captured: pos 99.1 148.8 34.4 | proj _11=1.6085 _22=2.8594 _33=1.00003 _43=-0.15 (aspect 1.778)
camera captured: pos 99.0 148.7 34.5 | proj _11=1.6085 _22=2.8594 _33=1.00003 _43=-0.15 (aspect 1.778)
camera captured: pos 98.8 148.7 34.5 | proj _11=1.6085 _22=2.8594 _33=1.00003 _43=-0.15 (aspect 1.778)
camera captured: pos 98.6 148.6 34.5 | proj _11=1.6085 _22=2.8594 _33=1.00003 _43=-0.15 (aspect 1.778)
camera captured: pos 98.4 148.5 34.6 | proj _11=1.6085 _22=2.8594 _33=1.00003 _43=-0.15 (aspect 1.778)
camera captured: pos 98.3 148.4 34.6 | proj _11=1.6085 _22=2.8594 _33=1.00003 _43=-0.15 (aspect 1.778)
camera captured: pos 98.2 148.3 34.6 | proj _11=1.6085 _22=2.8594 _33=1.00003 _43=-0.15 (aspect 1.778)
camera captured: pos 98.1 148.2 34.6 | proj _11=1.6085 _22=2.8594 _33=1.00003 _43=-0.15 (aspect 1.778)
camera captured: pos 98.0 148.1 34.6 | proj _11=1.6085 _22=2.8594 _33=1.00003 _43=-0.15 (aspect 1.778)
camera captured: pos 97.8 148.0 34.7 | proj _11=1.6085 _22=2.8594 _33=1.00003 _43=-0.15 (aspect 1.778)
camera captured: pos 97.8 147.9 34.7 | proj _11=1.6085 _22=2.8594 _33=1.00003 _43=-0.15 (aspect 1.778)
camera captured: pos 97.6 147.7 34.7 | proj _11=1.6085 _22=2.8594 _33=1.00003 _43=-0.15 (aspect 1.778)
camera captured: pos 97.5 147.6 34.6 | proj _11=1.6085 _22=2.8594 _33=1.00003 _43=-0.15 (aspect 1.778)
camera captured: pos 97.5 147.5 34.6 | proj _11=1.6085 _22=2.8594 _33=1.00003 _43=-0.15 (aspect 1.778)
camera captured: pos 97.4 147.5 34.6 | proj _11=1.6085 _22=2.8594 _33=1.00003 _43=-0.15 (aspect 1.778)
camera captured: pos 97.3 147.4 34.6 | proj _11=1.6085 _22=2.8594 _33=1.00003 _43=-0.15 (aspect 1.778)
camera captured: pos 97.2 147.4 34.6 | proj _11=1.6085 _22=2.8594 _33=1.00003 _43=-0.15 (aspect 1.778)
camera captured: pos 97.2 147.3 34.6 | proj _11=1.6085 _22=2.8594 _33=1.00003 _43=-0.15 (aspect 1.778)
camera captured: pos 97.1 147.3 34.6 | proj _11=1.6085 _22=2.8594 _33=1.00003 _43=-0.15 (aspect 1.778)
camera captured: pos 97.0 147.3 34.6 | proj _11=1.6085 _22=2.8594 _33=1.00003 _43=-0.15 (aspect 1.778)
camera captured: pos 96.8 147.3 34.5 | proj _11=1.6085 _22=2.8594 _33=1.00003 _43=-0.15 (aspect 1.778)
camera captured: pos 96.5 147.3 34.5 | proj _11=1.6085 _22=2.8594 _33=1.00003 _43=-0.15 (aspect 1.778)
camera captured: pos 96.2 147.4 34.4 | proj _11=1.6085 _22=2.8594 _33=1.00003 _43=-0.15 (aspect 1.778)
camera captured: pos 95.9 147.4 34.3 | proj _11=1.6085 _22=2.8594 _33=1.00003 _43=-0.15 (aspect 1.778)
camera captured: pos 95.5 147.4 34.1 | proj _11=1.6085 _22=2.8594 _33=1.00003 _43=-0.15 (aspect 1.778)
camera captured: pos 95.1 147.4 33.9 | proj _11=1.6085 _22=2.8594 _33=1.00003 _43=-0.15 (aspect 1.778)
camera captured: pos 94.7 147.4 33.6 | proj _11=1.6085 _22=2.8594 _33=1.00003 _43=-0.15 (aspect 1.778)
camera captured: pos 94.4 147.4 33.4 | proj _11=1.6085 _22=2.8594 _33=1.00003 _43=-0.15 (aspect 1.778)
camera captured: pos 94.1 147.4 33.1 | proj _11=1.6085 _22=2.8594 _33=1.00003 _43=-0.15 (aspect 1.778)
camera captured: pos 93.8 147.4 32.8 | proj _11=1.6085 _22=2.8594 _33=1.00003 _43=-0.15 (aspect 1.778)
camera captured: pos 93.5 147.4 32.4 | proj _11=1.6085 _22=2.8594 _33=1.00003 _43=-0.15 (aspect 1.778)
camera captured: pos 93.3 147.5 32.1 | proj _11=1.6085 _22=2.8594 _33=1.00003 _43=-0.15 (aspect 1.778)
camera captured: pos 93.1 147.5 31.8 | proj _11=1.6085 _22=2.8594 _33=1.00003 _43=-0.15 (aspect 1.778)
camera captured: pos 92.9 147.5 31.5 | proj _11=1.6085 _22=2.8594 _33=1.00003 _43=-0.15 (aspect 1.778)
camera captured: pos 92.8 147.5 31.1 | proj _11=1.6085 _22=2.8594 _33=1.00003 _43=-0.15 (aspect 1.778)
camera captured: pos 92.7 147.5 30.8 | proj _11=1.6085 _22=2.8594 _33=1.00003 _43=-0.15 (aspect 1.778)
camera captured: pos 92.6 147.5 30.6 | proj _11=1.6085 _22=2.8594 _33=1.00003 _43=-0.15 (aspect 1.778)
camera captured: pos 92.5 147.5 30.3 | proj _11=1.6085 _22=2.8594 _33=1.00003 _43=-0.15 (aspect 1.778)
camera captured: pos 92.5 147.6 30.1 | proj _11=1.6085 _22=2.8594 _33=1.00003 _43=-0.15 (aspect 1.778)
camera captured: pos 92.5 147.6 29.9 | proj _11=1.6085 _22=2.8594 _33=1.00003 _43=-0.15 (aspect 1.778)
camera captured: pos 92.4 147.6 29.5 | proj _11=1.6085 _22=2.8594 _33=1.00003 _43=-0.15 (aspect 1.778)
camera captured: pos 92.4 147.6 29.3 | proj _11=1.6085 _22=2.8594 _33=1.00003 _43=-0.15 (aspect 1.778)
camera captured: pos 92.4 147.6 29.2 | proj _11=1.6085 _22=2.8594 _33=1.00003 _43=-0.15 (aspect 1.778)
camera captured: pos 92.4 147.6 29.0 | proj _11=1.6085 _22=2.8594 _33=1.00003 _43=-0.15 (aspect 1.778)
camera captured: pos 92.4 147.7 28.9 | proj _11=1.6085 _22=2.8594 _33=1.00003 _43=-0.15 (aspect 1.778)
camera captured: pos 92.4 147.7 28.9 | proj _11=1.6085 _22=2.8594 _33=1.00003 _43=-0.15 (aspect 1.778)
camera captured: pos 92.4 147.7 28.8 | proj _11=1.6085 _22=2.8594 _33=1.00003 _43=-0.15 (aspect 1.778)
camera captured: pos 92.4 147.7 28.7 | proj _11=1.6085 _22=2.8594 _33=1.00003 _43=-0.15 (aspect 1.778)
camera captured: pos 92.4 147.7 28.7 | proj _11=1.6085 _22=2.8594 _33=1.00003 _43=-0.15 (aspect 1.778)
camera captured: pos 92.4 147.7 28.6 | proj _11=1.6085 _22=2.8594 _33=1.00003 _43=-0.15 (aspect 1.778)
camera captured: pos 92.4 147.7 28.6 | proj _11=1.6085 _22=2.8594 _33=1.00003 _43=-0.15 (aspect 1.778)
camera captured: pos 92.4 147.7 28.6 | proj _11=1.6085 _22=2.8594 _33=1.00003 _43=-0.15 (aspect 1.778)
camera captured: pos 92.4 147.8 28.7 | proj _11=1.6085 _22=2.8594 _33=1.00003 _43=-0.15 (aspect 1.778)
camera captured: pos 92.4 147.8 28.8 | proj _11=1.6085 _22=2.8594 _33=1.00003 _43=-0.15 (aspect 1.778)
camera captured: pos 92.4 147.9 28.8 | proj _11=1.6085 _22=2.8594 _33=1.00003 _43=-0.15 (aspect 1.778)
camera captured: pos 92.4 147.9 29.0 | proj _11=1.6085 _22=2.8594 _33=1.00003 _43=-0.15 (aspect 1.778)
camera captured: pos 92.4 148.0 29.0 | proj _11=1.6085 _22=2.8594 _33=1.00003 _43=-0.15 (aspect 1.778)
camera captured: pos 92.4 148.0 29.2 | proj _11=1.6085 _22=2.8594 _33=1.00003 _43=-0.15 (aspect 1.778)
camera captured: pos 92.4 148.1 29.3 | proj _11=1.6085 _22=2.8594 _33=1.00003 _43=-0.15 (aspect 1.778)
camera captured: pos 92.5 148.2 29.4 | proj _11=1.6085 _22=2.8594 _33=1.00003 _43=-0.15 (aspect 1.778)
camera captured: pos 92.5 148.3 29.6 | proj _11=1.6085 _22=2.8594 _33=1.00003 _43=-0.15 (aspect 1.778)
camera captured: pos 92.5 148.4 29.7 | proj _11=1.6085 _22=2.8594 _33=1.00003 _43=-0.15 (aspect 1.778)
camera captured: pos 92.5 148.5 29.8 | proj _11=1.6085 _22=2.8594 _33=1.00003 _43=-0.15 (aspect 1.778)
camera captured: pos 92.6 148.6 30.0 | proj _11=1.6085 _22=2.8594 _33=1.00003 _43=-0.15 (aspect 1.778)
camera captured: pos 92.6 148.7 30.1 | proj _11=1.6085 _22=2.8594 _33=1.00003 _43=-0.15 (aspect 1.778)
camera captured: pos 92.7 148.8 30.3 | proj _11=1.6085 _22=2.8594 _33=1.00003 _43=-0.15 (aspect 1.778)
camera captured: pos 92.7 148.9 30.4 | proj _11=1.6085 _22=2.8594 _33=1.00003 _43=-0.15 (aspect 1.778)
camera captured: pos 92.8 149.1 30.6 | proj _11=1.6085 _22=2.8594 _33=1.00003 _43=-0.15 (aspect 1.778)
camera captured: pos 92.9 149.2 30.8 | proj _11=1.6085 _22=2.8594 _33=1.00003 _43=-0.15 (aspect 1.778)
camera captured: pos 93.0 149.4 31.0 | proj _11=1.6085 _22=2.8594 _33=1.00003 _43=-0.15 (aspect 1.778)
camera captured: pos 93.1 149.5 31.2 | proj _11=1.6085 _22=2.8594 _33=1.00003 _43=-0.15 (aspect 1.778)
camera captured: pos 93.3 149.6 31.3 | proj _11=1.6085 _22=2.8594 _33=1.00003 _43=-0.15 (aspect 1.778)
camera captured: pos 93.4 149.7 31.4 | proj _11=1.6085 _22=2.8594 _33=1.00003 _43=-0.15 (aspect 1.778)
camera captured: pos 93.5 149.8 31.5 | proj _11=1.6085 _22=2.8594 _33=1.00003 _43=-0.15 (aspect 1.778)
camera captured: pos 93.6 149.9 31.7 | proj _11=1.6085 _22=2.8594 _33=1.00003 _43=-0.15 (aspect 1.778)
camera captured: pos 93.7 150.0 31.8 | proj _11=1.6085 _22=2.8594 _33=1.00003 _43=-0.15 (aspect 1.778)
camera captured: pos 93.8 150.1 31.8 | proj _11=1.6085 _22=2.8594 _33=1.00003 _43=-0.15 (aspect 1.778)
camera captured: pos 93.9 150.1 31.9 | proj _11=1.6085 _22=2.8594 _33=1.00003 _43=-0.15 (aspect 1.778)
camera captured: pos 93.9 150.2 32.0 | proj _11=1.6085 _22=2.8594 _33=1.00003 _43=-0.15 (aspect 1.778)
camera captured: pos 94.0 150.3 32.0 | proj _11=1.6085 _22=2.8594 _33=1.00003 _43=-0.15 (aspect 1.778)
camera captured: pos 94.1 150.3 32.1 | proj _11=1.6085 _22=2.8594 _33=1.00003 _43=-0.15 (aspect 1.778)
camera captured: pos 94.2 150.4 32.1 | proj _11=1.6085 _22=2.8594 _33=1.00003 _43=-0.15 (aspect 1.778)
camera captured: pos 94.2 150.4 32.1 | proj _11=1.6085 _22=2.8594 _33=1.00003 _43=-0.15 (aspect 1.778)
camera captured: pos 94.2 150.4 32.2 | proj _11=1.6085 _22=2.8594 _33=1.00003 _43=-0.15 (aspect 1.778)
camera captured: pos 94.3 150.4 32.2 | proj _11=1.6085 _22=2.8594 _33=1.00003 _43=-0.15 (aspect 1.778)
camera captured: pos 94.3 150.4 32.2 | proj _11=1.6085 _22=2.8594 _33=1.00003 _43=-0.15 (aspect 1.778)
camera captured: pos 94.3 150.4 32.2 | proj _11=1.6085 _22=2.8594 _33=1.00003 _43=-0.15 (aspect 1.778)
camera captured: pos 94.4 150.5 32.3 | proj _11=1.6085 _22=2.8594 _33=1.00003 _43=-0.15 (aspect 1.778)
camera captured: pos 94.4 150.5 32.3 | proj _11=1.6085 _22=2.8594 _33=1.00003 _43=-0.15 (aspect 1.778)
camera captured: pos 94.4 150.4 32.3 | proj _11=1.6085 _22=2.8594 _33=1.00003 _43=-0.15 (aspect 1.778)
camera captured: pos 94.4 150.4 32.4 | proj _11=1.6085 _22=2.8594 _33=1.00003 _43=-0.15 (aspect 1.778)
camera captured: pos 94.4 150.4 32.4 | proj _11=1.6085 _22=2.8594 _33=1.00003 _43=-0.15 (aspect 1.778)
camera captured: pos 94.4 150.3 32.5 | proj _11=1.6085 _22=2.8594 _33=1.00003 _43=-0.15 (aspect 1.778)
camera captured: pos 94.4 150.1 32.6 | proj _11=1.6085 _22=2.8594 _33=1.00003 _43=-0.15 (aspect 1.778)
camera captured: pos 94.4 150.1 32.6 | proj _11=1.6085 _22=2.8594 _33=1.00003 _43=-0.15 (aspect 1.778)
camera captured: pos 94.3 150.0 32.6 | proj _11=1.6085 _22=2.8594 _33=1.00003 _43=-0.15 (aspect 1.778)
camera captured: pos 94.3 149.9 32.6 | proj _11=1.6085 _22=2.8594 _33=1.00003 _43=-0.15 (aspect 1.778)
camera captured: pos 94.2 149.8 32.6 | proj _11=1.6085 _22=2.8594 _33=1.00003 _43=-0.15 (aspect 1.778)
camera captured: pos 94.1 149.7 32.5 | proj _11=1.6085 _22=2.8594 _33=1.00003 _43=-0.15 (aspect 1.778)
camera captured: pos 94.0 149.5 32.5 | proj _11=1.6085 _22=2.8594 _33=1.00003 _43=-0.15 (aspect 1.778)
camera captured: pos 93.9 149.5 32.5 | proj _11=1.6085 _22=2.8594 _33=1.00003 _43=-0.15 (aspect 1.778)
camera captured: pos 93.8 149.4 32.4 | proj _11=1.6085 _22=2.8594 _33=1.00003 _43=-0.15 (aspect 1.778)
camera captured: pos 93.8 149.3 32.4 | proj _11=1.6085 _22=2.8594 _33=1.00003 _43=-0.15 (aspect 1.778)
camera captured: pos 93.7 149.2 32.4 | proj _11=1.6085 _22=2.8594 _33=1.00003 _43=-0.15 (aspect 1.778)
camera captured: pos 93.7 149.1 32.4 | proj _11=1.6085 _22=2.8594 _33=1.00003 _43=-0.15 (aspect 1.778)
camera captured: pos 93.7 149.1 32.3 | proj _11=1.6085 _22=2.8594 _33=1.00003 _43=-0.15 (aspect 1.778)
camera captured: pos 93.6 149.0 32.3 | proj _11=1.6085 _22=2.8594 _33=1.00003 _43=-0.15 (aspect 1.778)
camera captured: pos 93.6 149.0 32.3 | proj _11=1.6085 _22=2.8594 _33=1.00003 _43=-0.15 (aspect 1.778)
camera captured: pos 93.6 148.9 32.3 | proj _11=1.6085 _22=2.8594 _33=1.00003 _43=-0.15 (aspect 1.778)
camera captured: pos 93.5 148.8 32.3 | proj _11=1.6085 _22=2.8594 _33=1.00003 _43=-0.15 (aspect 1.778)
camera captured: pos 93.5 148.8 32.3 | proj _11=1.6085 _22=2.8594 _33=1.00003 _43=-0.15 (aspect 1.778)
camera captured: pos 93.5 148.7 32.2 | proj _11=1.6085 _22=2.8594 _33=1.00003 _43=-0.15 (aspect 1.778)
camera captured: pos 93.5 148.6 32.2 | proj _11=1.6085 _22=2.8594 _33=1.00003 _43=-0.15 (aspect 1.778)
camera captured: pos 93.4 148.5 32.2 | proj _11=1.6085 _22=2.8594 _33=1.00003 _43=-0.15 (aspect 1.778)
camera captured: pos 93.4 148.5 32.2 | proj _11=1.6085 _22=2.8594 _33=1.00003 _43=-0.15 (aspect 1.778)
camera captured: pos 93.4 148.4 32.1 | proj _11=1.6085 _22=2.8594 _33=1.00003 _43=-0.15 (aspect 1.778)
camera captured: pos 93.3 148.3 32.1 | proj _11=1.6085 _22=2.8594 _33=1.00003 _43=-0.15 (aspect 1.778)
camera captured: pos 93.3 148.3 32.1 | proj _11=1.6085 _22=2.8594 _33=1.00003 _43=-0.15 (aspect 1.778)
camera captured: pos 93.3 148.3 32.1 | proj _11=1.6085 _22=2.8594 _33=1.00003 _43=-0.15 (aspect 1.778)
camera captured: pos 93.3 148.3 32.1 | proj _11=1.6085 _22=2.8594 _33=1.00003 _43=-0.15 (aspect 1.778)
camera captured: pos 93.3 148.3 32.1 | proj _11=1.6085 _22=2.8594 _33=1.00003 _43=-0.15 (aspect 1.778)
camera captured: pos 93.3 148.2 32.1 | proj _11=1.6085 _22=2.8594 _33=1.00003 _43=-0.15 (aspect 1.778)
camera captured: pos 93.3 148.2 32.1 | proj _11=1.6085 _22=2.8594 _33=1.00003 _43=-0.15 (aspect 1.778)
camera captured: pos 93.3 148.2 32.1 | proj _11=1.6085 _22=2.8594 _33=1.00003 _43=-0.15 (aspect 1.778)
camera captured: pos 93.3 148.2 32.1 | proj _11=1.6085 _22=2.8594 _33=1.00003 _43=-0.15 (aspect 1.778)
camera captured: pos 93.3 148.2 32.1 | proj _11=1.6085 _22=2.8594 _33=1.00003 _43=-0.15 (aspect 1.778)
camera captured: pos 93.3 148.2 32.1 | proj _11=1.6085 _22=2.8594 _33=1.00003 _43=-0.15 (aspect 1.778)
camera captured: pos 93.3 148.2 32.1 | proj _11=1.6085 _22=2.8594 _33=1.00003 _43=-0.15 (aspect 1.778)
camera captured: pos 93.3 148.2 32.1 | proj _11=1.6085 _22=2.8594 _33=1.00003 _43=-0.15 (aspect 1.778)
camera captured: pos 93.3 148.2 32.1 | proj _11=1.6085 _22=2.8594 _33=1.00003 _43=-0.15 (aspect 1.778)
camera captured: pos 93.3 148.3 32.0 | proj _11=1.6085 _22=2.8594 _33=1.00003 _43=-0.15 (aspect 1.778)
camera captured: pos 93.3 148.3 32.0 | proj _11=1.6085 _22=2.8594 _33=1.00003 _43=-0.15 (aspect 1.778)
camera captured: pos 93.3 148.4 32.0 | proj _11=1.6085 _22=2.8594 _33=1.00003 _43=-0.15 (aspect 1.778)
camera captured: pos 93.3 148.4 32.0 | proj _11=1.6085 _22=2.8594 _33=1.00003 _43=-0.15 (aspect 1.778)
camera captured: pos 93.3 148.4 32.0 | proj _11=1.6085 _22=2.8594 _33=1.00003 _43=-0.15 (aspect 1.778)
camera captured: pos 93.3 148.4 32.0 | proj _11=1.6085 _22=2.8594 _33=1.00003 _43=-0.15 (aspect 1.778)
camera captured: pos 93.3 148.4 32.0 | proj _11=1.6085 _22=2.8594 _33=1.00003 _43=-0.15 (aspect 1.778)
camera captured: pos 93.3 148.4 32.0 | proj _11=1.6085 _22=2.8594 _33=1.00003 _43=-0.15 (aspect 1.778)
camera captured: pos 93.3 148.4 32.0 | proj _11=1.6085 _22=2.8594 _33=1.00003 _43=-0.15 (aspect 1.778)
camera captured: pos 93.3 148.4 32.0 | proj _11=1.6085 _22=2.8594 _33=1.00003 _43=-0.15 (aspect 1.778)
camera captured: pos 93.3 148.4 32.0 | proj _11=1.6085 _22=2.8594 _33=1.00003 _43=-0.15 (aspect 1.778)
camera captured: pos 93.3 148.4 32.0 | proj _11=1.6085 _22=2.8594 _33=1.00003 _43=-0.15 (aspect 1.778)
camera captured: pos 93.3 148.4 32.0 | proj _11=1.6085 _22=2.8594 _33=1.00003 _43=-0.15 (aspect 1.778)
camera captured: pos 93.3 148.4 32.0 | proj _11=1.6085 _22=2.8594 _33=1.00003 _43=-0.15 (aspect 1.778)
camera captured: pos 93.3 148.4 32.0 | proj _11=1.6085 _22=2.8594 _33=1.00003 _43=-0.15 (aspect 1.778)
camera captured: pos 93.3 148.4 32.0 | proj _11=1.6085 _22=2.8594 _33=1.00003 _43=-0.15 (aspect 1.778)
camera captured: pos 93.3 148.3 32.0 | proj _11=1.6085 _22=2.8594 _33=1.00003 _43=-0.15 (aspect 1.778)
camera captured: pos 93.3 148.3 32.0 | proj _11=1.6085 _22=2.8594 _33=1.00003 _43=-0.15 (aspect 1.778)
camera captured: pos 93.3 148.2 32.0 | proj _11=1.6085 _22=2.8594 _33=1.00003 _43=-0.15 (aspect 1.778)
camera captured: pos 93.3 148.2 32.0 | proj _11=1.6085 _22=2.8594 _33=1.00003 _43=-0.15 (aspect 1.778)
camera captured: pos 93.3 148.2 32.0 | proj _11=1.6085 _22=2.8594 _33=1.00003 _43=-0.15 (aspect 1.778)
camera captured: pos 93.3 148.2 32.0 | proj _11=1.6085 _22=2.8594 _33=1.00003 _43=-0.15 (aspect 1.778)
camera captured: pos 93.3 148.2 32.1 | proj _11=1.6085 _22=2.8594 _33=1.00003 _43=-0.15 (aspect 1.778)
camera captured: pos 93.3 148.2 32.1 | proj _11=1.6085 _22=2.8594 _33=1.00003 _43=-0.15 (aspect 1.778)
camera captured: pos 93.3 148.2 32.1 | proj _11=1.6085 _22=2.8594 _33=1.00003 _43=-0.15 (aspect 1.778)
camera captured: pos 93.3 148.2 32.1 | proj _11=1.6085 _22=2.8594 _33=1.00003 _43=-0.15 (aspect 1.778)
camera captured: pos 93.3 148.2 32.1 | proj _11=1.6085 _22=2.8594 _33=1.00003 _43=-0.15 (aspect 1.778)
camera captured: pos 93.3 148.2 32.1 | proj _11=1.6085 _22=2.8594 _33=1.00003 _43=-0.15 (aspect 1.778)
camera captured: pos 93.3 148.2 32.1 | proj _11=1.6085 _22=2.8594 _33=1.00003 _43=-0.15 (aspect 1.778)
camera captured: pos 93.3 148.2 32.1 | proj _11=1.6085 _22=2.8594 _33=1.00003 _43=-0.15 (aspect 1.778)
camera captured: pos 93.4 148.2 32.1 | proj _11=1.6085 _22=2.8594 _33=1.00003 _43=-0.15 (aspect 1.778)
camera captured: pos 93.4 148.2 32.0 | proj _11=1.6085 _22=2.8594 _33=1.00003 _43=-0.15 (aspect 1.778)
camera captured: pos 93.5 148.2 32.0 | proj _11=1.6085 _22=2.8594 _33=1.00003 _43=-0.15 (aspect 1.778)
camera captured: pos 93.5 148.2 32.0 | proj _11=1.6085 _22=2.8594 _33=1.00003 _43=-0.15 (aspect 1.778)
camera captured: pos 93.5 148.2 32.0 | proj _11=1.6085 _22=2.8594 _33=1.00003 _43=-0.15 (aspect 1.778)
camera captured: pos 93.6 148.2 32.0 | proj _11=1.6085 _22=2.8594 _33=1.00003 _43=-0.15 (aspect 1.778)
camera captured: pos 93.6 148.2 32.0 | proj _11=1.6085 _22=2.8594 _33=1.00003 _43=-0.15 (aspect 1.778)
camera captured: pos 93.6 148.2 31.9 | proj _11=1.6085 _22=2.8594 _33=1.00003 _43=-0.15 (aspect 1.778)
camera captured: pos 93.6 148.2 31.9 | proj _11=1.6085 _22=2.8594 _33=1.00003 _43=-0.15 (aspect 1.778)
camera captured: pos 93.6 148.2 31.9 | proj _11=1.6085 _22=2.8594 _33=1.00003 _43=-0.15 (aspect 1.778)
camera captured: pos 93.6 148.2 31.9 | proj _11=1.6085 _22=2.8594 _33=1.00003 _43=-0.15 (aspect 1.778)
camera captured: pos 93.7 148.2 31.9 | proj _11=1.6085 _22=2.8594 _33=1.00003 _43=-0.15 (aspect 1.778)
camera captured: pos 93.7 148.2 31.9 | proj _11=1.6085 _22=2.8594 _33=1.00003 _43=-0.15 (aspect 1.778)
camera captured: pos 93.7 148.2 31.9 | proj _11=1.6085 _22=2.8594 _33=1.00003 _43=-0.15 (aspect 1.778)
camera captured: pos 93.7 148.2 31.9 | proj _11=1.6085 _22=2.8594 _33=1.00003 _43=-0.15 (aspect 1.778)
camera captured: pos 93.7 148.2 31.9 | proj _11=1.6085 _22=2.8594 _33=1.00003 _43=-0.15 (aspect 1.778)
camera captured: pos 93.7 148.2 31.9 | proj _11=1.6085 _22=2.8594 _33=1.00003 _43=-0.15 (aspect 1.778)
camera captured: pos 93.7 148.2 31.9 | proj _11=1.6085 _22=2.8594 _33=1.00003 _43=-0.15 (aspect 1.778)
camera captured: pos 93.7 148.2 31.9 | proj _11=1.6085 _22=2.8594 _33=1.00003 _43=-0.15 (aspect 1.778)
camera captured: pos 93.7 148.2 31.9 | proj _11=1.6085 _22=2.8594 _33=1.00003 _43=-0.15 (aspect 1.778)
camera captured: pos 93.7 148.2 31.8 | proj _11=1.6085 _22=2.8594 _33=1.00003 _43=-0.15 (aspect 1.778)
camera captured: pos 93.7 148.2 31.8 | proj _11=1.6085 _22=2.8594 _33=1.00003 _43=-0.15 (aspect 1.778)
camera captured: pos 93.7 148.2 31.8 | proj _11=1.6085 _22=2.8594 _33=1.00003 _43=-0.15 (aspect 1.778)
camera captured: pos 93.7 148.2 31.8 | proj _11=1.6085 _22=2.8594 _33=1.00003 _43=-0.15 (aspect 1.778)
camera captured: pos 93.8 148.2 31.8 | proj _11=1.6085 _22=2.8594 _33=1.00003 _43=-0.15 (aspect 1.778)
camera captured: pos 93.8 148.2 31.8 | proj _11=1.6085 _22=2.8594 _33=1.00003 _43=-0.15 (aspect 1.778)
camera captured: pos 93.8 148.2 31.8 | proj _11=1.6085 _22=2.8594 _33=1.00003 _43=-0.15 (aspect 1.778)
camera captured: pos 93.8 148.2 31.8 | proj _11=1.6085 _22=2.8594 _33=1.00003 _43=-0.15 (aspect 1.778)
camera captured: pos 93.8 148.2 31.8 | proj _11=1.6085 _22=2.8594 _33=1.00003 _43=-0.15 (aspect 1.778)
camera captured: pos 93.8 148.2 31.8 | proj _11=1.6085 _22=2.8594 _33=1.00003 _43=-0.15 (aspect 1.778)
camera captured: pos 93.8 148.2 31.8 | proj _11=1.6085 _22=2.8594 _33=1.00003 _43=-0.15 (aspect 1.778)
camera captured: pos 93.8 148.2 31.8 | proj _11=1.6085 _22=2.8594 _33=1.00003 _43=-0.15 (aspect 1.778)
camera captured: pos 93.8 148.2 31.8 | proj _11=1.6085 _22=2.8594 _33=1.00003 _43=-0.15 (aspect 1.778)
camera captured: pos 93.8 148.2 31.8 | proj _11=1.6085 _22=2.8594 _33=1.00003 _43=-0.15 (aspect 1.778)
camera captured: pos 93.8 148.2 31.8 | proj _11=1.6085 _22=2.8594 _33=1.00003 _43=-0.15 (aspect 1.778)
camera captured: pos 93.8 148.2 31.8 | proj _11=1.6085 _22=2.8594 _33=1.00003 _43=-0.15 (aspect 1.778)
camera captured: pos 93.8 148.2 31.8 | proj _11=1.6085 _22=2.8594 _33=1.00003 _43=-0.15 (aspect 1.778)
camera captured: pos 93.8 148.2 31.8 | proj _11=1.6085 _22=2.8594 _33=1.00003 _43=-0.15 (aspect 1.778)
camera captured: pos 93.8 148.2 31.8 | proj _11=1.6085 _22=2.8594 _33=1.00003 _43=-0.15 (aspect 1.778)
camera captured: pos 93.8 148.2 31.8 | proj _11=1.6085 _22=2.8594 _33=1.00003 _43=-0.15 (aspect 1.778)
camera captured: pos 93.8 148.2 31.8 | proj _11=1.6085 _22=2.8594 _33=1.00003 _43=-0.15 (aspect 1.778)
camera captured: pos 93.8 148.2 31.8 | proj _11=1.6085 _22=2.8594 _33=1.00003 _43=-0.15 (aspect 1.778)
camera captured: pos 93.8 148.2 31.8 | proj _11=1.6085 _22=2.8594 _33=1.00003 _43=-0.15 (aspect 1.778)
camera captured: pos 93.8 148.2 31.8 | proj _11=1.6085 _22=2.8594 _33=1.00003 _43=-0.15 (aspect 1.778)
camera captured: pos 93.8 148.2 31.8 | proj _11=1.6085 _22=2.8594 _33=1.00003 _43=-0.15 (aspect 1.778)
camera captured: pos 93.8 148.2 31.8 | proj _11=1.6085 _22=2.8594 _33=1.00003 _43=-0.15 (aspect 1.778)
camera captured: pos 93.8 148.2 31.8 | proj _11=1.6085 _22=2.8594 _33=1.00003 _43=-0.15 (aspect 1.778)
camera captured: pos 93.8 148.2 31.8 | proj _11=1.6085 _22=2.8594 _33=1.00003 _43=-0.15 (aspect 1.778)
camera captured: pos 93.8 148.2 31.8 | proj _11=1.6085 _22=2.8594 _33=1.00003 _43=-0.15 (aspect 1.778)
camera captured: pos 93.8 148.2 31.8 | proj _11=1.6085 _22=2.8594 _33=1.00003 _43=-0.15 (aspect 1.778)
camera captured: pos 93.8 148.2 31.8 | proj _11=1.6085 _22=2.8594 _33=1.00003 _43=-0.15 (aspect 1.778)
camera captured: pos 93.8 148.2 31.8 | proj _11=1.6085 _22=2.8594 _33=1.00003 _43=-0.15 (aspect 1.778)
camera captured: pos 93.8 148.2 31.8 | proj _11=1.6085 _22=2.8594 _33=1.00003 _43=-0.15 (aspect 1.778)
camera captured: pos 93.8 148.2 31.8 | proj _11=1.6085 _22=2.8594 _33=1.00003 _43=-0.15 (aspect 1.778)
camera captured: pos 93.8 148.2 31.8 | proj _11=1.6085 _22=2.8594 _33=1.00003 _43=-0.15 (aspect 1.778)
camera captured: pos 93.8 148.2 31.8 | proj _11=1.6085 _22=2.8594 _33=1.00003 _43=-0.15 (aspect 1.778)
camera captured: pos 93.8 148.2 31.8 | proj _11=1.6085 _22=2.8594 _33=1.00003 _43=-0.15 (aspect 1.778)
camera captured: pos 93.8 148.2 31.8 | proj _11=1.6085 _22=2.8594 _33=1.00003 _43=-0.15 (aspect 1.778)
camera captured: pos 93.8 148.2 31.8 | proj _11=1.6085 _22=2.8594 _33=1.00003 _43=-0.15 (aspect 1.778)
camera captured: pos 93.8 148.2 31.8 | proj _11=1.6085 _22=2.8594 _33=1.00003 _43=-0.15 (aspect 1.778)
camera captured: pos 93.8 148.2 31.8 | proj _11=1.6085 _22=2.8594 _33=1.00003 _43=-0.15 (aspect 1.778)
camera captured: pos 93.8 148.2 31.8 | proj _11=1.6085 _22=2.8594 _33=1.00003 _43=-0.15 (aspect 1.778)
camera captured: pos 93.8 148.2 31.8 | proj _11=1.6085 _22=2.8594 _33=1.00003 _43=-0.15 (aspect 1.778)
camera captured: pos 93.8 148.2 31.8 | proj _11=1.6085 _22=2.8594 _33=1.00003 _43=-0.15 (aspect 1.778)
camera captured: pos 93.8 148.2 31.8 | proj _11=1.6085 _22=2.8594 _33=1.00003 _43=-0.15 (aspect 1.778)
camera captured: pos 93.8 148.2 31.8 | proj _11=1.6085 _22=2.8594 _33=1.00003 _43=-0.15 (aspect 1.778)
camera captured: pos 93.8 148.2 31.8 | proj _11=1.6085 _22=2.8594 _33=1.00003 _43=-0.15 (aspect 1.778)
camera captured: pos 93.8 148.2 31.8 | proj _11=1.6085 _22=2.8594 _33=1.00003 _43=-0.15 (aspect 1.778)
camera captured: pos 93.8 148.2 31.8 | proj _11=1.6085 _22=2.8594 _33=1.00003 _43=-0.15 (aspect 1.778)
camera captured: pos 93.7 148.2 31.8 | proj _11=1.6085 _22=2.8594 _33=1.00003 _43=-0.15 (aspect 1.778)
camera captured: pos 93.7 148.2 31.8 | proj _11=1.6085 _22=2.8594 _33=1.00003 _43=-0.15 (aspect 1.778)
camera captured: pos 93.7 148.2 31.8 | proj _11=1.6085 _22=2.8594 _33=1.00003 _43=-0.15 (aspect 1.778)
camera captured: pos 93.7 148.2 31.8 | proj _11=1.6085 _22=2.8594 _33=1.00003 _43=-0.15 (aspect 1.778)
camera captured: pos 93.7 148.2 31.8 | proj _11=1.6085 _22=2.8594 _33=1.00003 _43=-0.15 (aspect 1.778)
camera captured: pos 93.7 148.2 31.8 | proj _11=1.6085 _22=2.8594 _33=1.00003 _43=-0.15 (aspect 1.778)
camera captured: pos 93.7 148.2 31.8 | proj _11=1.6085 _22=2.8594 _33=1.00003 _43=-0.15 (aspect 1.778)
camera captured: pos 93.6 148.2 31.8 | proj _11=1.6085 _22=2.8594 _33=1.00003 _43=-0.15 (aspect 1.778)
camera captured: pos 93.6 148.2 31.8 | proj _11=1.6085 _22=2.8594 _33=1.00003 _43=-0.15 (aspect 1.778)
camera captured: pos 93.6 148.2 31.9 | proj _11=1.6085 _22=2.8594 _33=1.00003 _43=-0.15 (aspect 1.778)
camera captured: pos 93.6 148.2 31.9 | proj _11=1.6085 _22=2.8594 _33=1.00003 _43=-0.15 (aspect 1.778)
camera captured: pos 93.5 148.2 31.9 | proj _11=1.6085 _22=2.8594 _33=1.00003 _43=-0.15 (aspect 1.778)
camera captured: pos 93.5 148.2 31.9 | proj _11=1.6085 _22=2.8594 _33=1.00003 _43=-0.15 (aspect 1.778)
camera captured: pos 93.5 148.2 31.9 | proj _11=1.6085 _22=2.8594 _33=1.00003 _43=-0.15 (aspect 1.778)
camera captured: pos 93.4 148.2 32.0 | proj _11=1.6085 _22=2.8594 _33=1.00003 _43=-0.15 (aspect 1.778)
camera captured: pos 93.4 148.2 32.0 | proj _11=1.6085 _22=2.8594 _33=1.00003 _43=-0.15 (aspect 1.778)
camera captured: pos 93.3 148.2 32.0 | proj _11=1.6085 _22=2.8594 _33=1.00003 _43=-0.15 (aspect 1.778)
camera captured: pos 93.3 148.2 32.1 | proj _11=1.6085 _22=2.8594 _33=1.00003 _43=-0.15 (aspect 1.778)
camera captured: pos 93.3 148.2 32.1 | proj _11=1.6085 _22=2.8594 _33=1.00003 _43=-0.15 (aspect 1.778)
camera captured: pos 93.2 148.2 32.1 | proj _11=1.6085 _22=2.8594 _33=1.00003 _43=-0.15 (aspect 1.778)
camera captured: pos 93.2 148.2 32.2 | proj _11=1.6085 _22=2.8594 _33=1.00003 _43=-0.15 (aspect 1.778)
camera captured: pos 93.1 148.2 32.2 | proj _11=1.6085 _22=2.8594 _33=1.00003 _43=-0.15 (aspect 1.778)
camera captured: pos 93.1 148.2 32.2 | proj _11=1.6085 _22=2.8594 _33=1.00003 _43=-0.15 (aspect 1.778)
camera captured: pos 93.0 148.2 32.2 | proj _11=1.6085 _22=2.8594 _33=1.00003 _43=-0.15 (aspect 1.778)
camera captured: pos 93.0 148.2 32.3 | proj _11=1.6085 _22=2.8594 _33=1.00003 _43=-0.15 (aspect 1.778)
camera captured: pos 92.9 148.2 32.3 | proj _11=1.6085 _22=2.8594 _33=1.00003 _43=-0.15 (aspect 1.778)
camera captured: pos 92.9 148.2 32.4 | proj _11=1.6085 _22=2.8594 _33=1.00003 _43=-0.15 (aspect 1.778)
camera captured: pos 92.9 148.2 32.5 | proj _11=1.6085 _22=2.8594 _33=1.00003 _43=-0.15 (aspect 1.778)
camera captured: pos 92.9 148.2 32.6 | proj _11=1.6085 _22=2.8594 _33=1.00003 _43=-0.15 (aspect 1.778)
camera captured: pos 92.9 148.2 32.7 | proj _11=1.6085 _22=2.8594 _33=1.00003 _43=-0.15 (aspect 1.778)
camera captured: pos 92.9 148.2 32.8 | proj _11=1.6085 _22=2.8594 _33=1.00003 _43=-0.15 (aspect 1.778)
camera captured: pos 92.9 148.2 32.9 | proj _11=1.6085 _22=2.8594 _33=1.00003 _43=-0.15 (aspect 1.778)
camera captured: pos 93.0 148.2 33.0 | proj _11=1.6085 _22=2.8594 _33=1.00003 _43=-0.15 (aspect 1.778)
camera captured: pos 93.0 148.2 33.1 | proj _11=1.6085 _22=2.8594 _33=1.00003 _43=-0.15 (aspect 1.778)
camera captured: pos 93.0 148.2 33.2 | proj _11=1.6085 _22=2.8594 _33=1.00003 _43=-0.15 (aspect 1.778)
camera captured: pos 93.0 148.2 33.2 | proj _11=1.6085 _22=2.8594 _33=1.00003 _43=-0.15 (aspect 1.778)
camera captured: pos 93.0 148.2 33.3 | proj _11=1.6085 _22=2.8594 _33=1.00003 _43=-0.15 (aspect 1.778)
camera captured: pos 93.0 148.2 33.3 | proj _11=1.6085 _22=2.8594 _33=1.00003 _43=-0.15 (aspect 1.778)
camera captured: pos 93.0 148.2 33.4 | proj _11=1.6085 _22=2.8594 _33=1.00003 _43=-0.15 (aspect 1.778)
camera captured: pos 92.9 148.2 33.4 | proj _11=1.6085 _22=2.8594 _33=1.00003 _43=-0.15 (aspect 1.778)
camera captured: pos 92.9 148.2 33.5 | proj _11=1.6085 _22=2.8594 _33=1.00003 _43=-0.15 (aspect 1.778)
camera captured: pos 92.9 148.2 33.6 | proj _11=1.6085 _22=2.8594 _33=1.00003 _43=-0.15 (aspect 1.778)
camera captured: pos 92.9 148.2 33.6 | proj _11=1.6085 _22=2.8594 _33=1.00003 _43=-0.15 (aspect 1.778)
camera captured: pos 92.9 148.2 33.7 | proj _11=1.6085 _22=2.8594 _33=1.00003 _43=-0.15 (aspect 1.778)
camera captured: pos 92.8 148.2 33.8 | proj _11=1.6085 _22=2.8594 _33=1.00003 _43=-0.15 (aspect 1.778)
camera captured: pos 92.8 148.2 33.8 | proj _11=1.6085 _22=2.8594 _33=1.00003 _43=-0.15 (aspect 1.778)
camera captured: pos 92.8 148.2 33.9 | proj _11=1.6085 _22=2.8594 _33=1.00003 _43=-0.15 (aspect 1.778)
camera captured: pos 92.8 148.2 33.9 | proj _11=1.6085 _22=2.8594 _33=1.00003 _43=-0.15 (aspect 1.778)
camera captured: pos 92.7 148.2 34.0 | proj _11=1.6085 _22=2.8594 _33=1.00003 _43=-0.15 (aspect 1.778)
camera captured: pos 92.7 148.2 34.0 | proj _11=1.6085 _22=2.8594 _33=1.00003 _43=-0.15 (aspect 1.778)
camera captured: pos 92.7 148.2 34.1 | proj _11=1.6085 _22=2.8594 _33=1.00003 _43=-0.15 (aspect 1.778)
camera captured: pos 92.7 148.2 34.1 | proj _11=1.6085 _22=2.8594 _33=1.00003 _43=-0.15 (aspect 1.778)
camera captured: pos 92.7 148.2 34.1 | proj _11=1.6085 _22=2.8594 _33=1.00003 _43=-0.15 (aspect 1.778)
camera captured: pos 92.7 148.2 34.1 | proj _11=1.6085 _22=2.8594 _33=1.00003 _43=-0.15 (aspect 1.778)
camera captured: pos 92.7 148.2 34.1 | proj _11=1.6085 _22=2.8594 _33=1.00003 _43=-0.15 (aspect 1.778)
camera captured: pos 92.7 148.2 34.1 | proj _11=1.6085 _22=2.8594 _33=1.00003 _43=-0.15 (aspect 1.778)
frame 3000 | draws 1411/frame | FFP converted 1065/frame (75.5%) | far substitutions 1065/frame
    not converted: screen-space 10  skinned 63  depth-only 267  ortho 0  no camera 0  other 5  (per frame)
    albedo: moved off stage 0 99/frame, blanked 435/frame | RT textures known 94 | lights 5.4/frame (24 shaders)
    camera 92.7 148.2 34.1 | transform writes 184/frame | redundant state calls dropped 21304/frame
camera captured: pos 92.7 148.2 34.1 | proj _11=1.6085 _22=2.8594 _33=1.00003 _43=-0.15 (aspect 1.778)
camera captured: pos 92.7 148.2 34.1 | proj _11=1.6085 _22=2.8594 _33=1.00003 _43=-0.15 (aspect 1.778)
camera captured: pos 92.7 148.2 34.1 | proj _11=1.6085 _22=2.8594 _33=1.00003 _43=-0.15 (aspect 1.778)
camera captured: pos 92.7 148.2 34.1 | proj _11=1.6085 _22=2.8594 _33=1.00003 _43=-0.15 (aspect 1.778)
camera captured: pos 92.7 148.2 34.0 | proj _11=1.6085 _22=2.8594 _33=1.00003 _43=-0.15 (aspect 1.778)
camera captured: pos 92.8 148.2 34.0 | proj _11=1.6085 _22=2.8594 _33=1.00003 _43=-0.15 (aspect 1.778)
camera captured: pos 92.8 148.2 34.0 | proj _11=1.6085 _22=2.8594 _33=1.00003 _43=-0.15 (aspect 1.778)
camera captured: pos 92.8 148.2 34.0 | proj _11=1.6085 _22=2.8594 _33=1.00003 _43=-0.15 (aspect 1.778)
camera captured: pos 92.8 148.2 33.9 | proj _11=1.6085 _22=2.8594 _33=1.00003 _43=-0.15 (aspect 1.778)
camera captured: pos 92.9 148.2 33.9 | proj _11=1.6085 _22=2.8594 _33=1.00003 _43=-0.15 (aspect 1.778)
camera captured: pos 92.9 148.2 33.9 | proj _11=1.6085 _22=2.8594 _33=1.00003 _43=-0.15 (aspect 1.778)
camera captured: pos 93.0 148.2 33.8 | proj _11=1.6085 _22=2.8594 _33=1.00003 _43=-0.15 (aspect 1.778)
camera captured: pos 93.1 148.2 33.7 | proj _11=1.6085 _22=2.8594 _33=1.00003 _43=-0.15 (aspect 1.778)
camera captured: pos 93.2 148.2 33.7 | proj _11=1.6085 _22=2.8594 _33=1.00003 _43=-0.15 (aspect 1.778)
camera captured: pos 93.2 148.2 33.6 | proj _11=1.6085 _22=2.8594 _33=1.00003 _43=-0.15 (aspect 1.778)
camera captured: pos 93.3 148.2 33.5 | proj _11=1.6085 _22=2.8594 _33=1.00003 _43=-0.15 (aspect 1.778)
camera captured: pos 93.4 148.2 33.5 | proj _11=1.6085 _22=2.8594 _33=1.00003 _43=-0.15 (aspect 1.778)
camera captured: pos 93.5 148.2 33.4 | proj _11=1.6085 _22=2.8594 _33=1.00003 _43=-0.15 (aspect 1.778)
camera captured: pos 93.6 148.2 33.3 | proj _11=1.6085 _22=2.8594 _33=1.00003 _43=-0.15 (aspect 1.778)
camera captured: pos 93.7 148.2 33.3 | proj _11=1.6085 _22=2.8594 _33=1.00003 _43=-0.15 (aspect 1.778)
camera captured: pos 93.8 148.2 33.2 | proj _11=1.6085 _22=2.8594 _33=1.00003 _43=-0.15 (aspect 1.778)
camera captured: pos 93.9 148.2 33.1 | proj _11=1.6085 _22=2.8594 _33=1.00003 _43=-0.15 (aspect 1.778)
camera captured: pos 94.0 148.2 33.1 | proj _11=1.6085 _22=2.8594 _33=1.00003 _43=-0.15 (aspect 1.778)
camera captured: pos 94.1 148.2 33.0 | proj _11=1.6085 _22=2.8594 _33=1.00003 _43=-0.15 (aspect 1.778)
camera captured: pos 94.2 148.2 33.0 | proj _11=1.6085 _22=2.8594 _33=1.00003 _43=-0.15 (aspect 1.778)
camera captured: pos 94.2 148.2 32.9 | proj _11=1.6085 _22=2.8594 _33=1.00003 _43=-0.15 (aspect 1.778)
camera captured: pos 94.3 148.2 32.8 | proj _11=1.6085 _22=2.8594 _33=1.00003 _43=-0.15 (aspect 1.778)
camera captured: pos 94.4 148.2 32.8 | proj _11=1.6085 _22=2.8594 _33=1.00003 _43=-0.15 (aspect 1.778)
camera captured: pos 94.5 148.2 32.7 | proj _11=1.6085 _22=2.8594 _33=1.00003 _43=-0.15 (aspect 1.778)
camera captured: pos 94.6 148.2 32.6 | proj _11=1.6085 _22=2.8594 _33=1.00003 _43=-0.15 (aspect 1.778)
camera captured: pos 94.7 148.2 32.6 | proj _11=1.6085 _22=2.8594 _33=1.00003 _43=-0.15 (aspect 1.778)
camera captured: pos 94.8 148.2 32.5 | proj _11=1.6085 _22=2.8594 _33=1.00003 _43=-0.15 (aspect 1.778)
camera captured: pos 94.8 148.2 32.5 | proj _11=1.6085 _22=2.8594 _33=1.00003 _43=-0.15 (aspect 1.778)
camera captured: pos 94.9 148.2 32.4 | proj _11=1.6085 _22=2.8594 _33=1.00003 _43=-0.15 (aspect 1.778)
camera captured: pos 95.0 148.2 32.3 | proj _11=1.6085 _22=2.8594 _33=1.00003 _43=-0.15 (aspect 1.778)
camera captured: pos 95.1 148.2 32.3 | proj _11=1.6085 _22=2.8594 _33=1.00003 _43=-0.15 (aspect 1.778)
camera captured: pos 95.2 148.2 32.2 | proj _11=1.6085 _22=2.8594 _33=1.00003 _43=-0.15 (aspect 1.778)
camera captured: pos 95.3 148.2 32.1 | proj _11=1.6085 _22=2.8594 _33=1.00003 _43=-0.15 (aspect 1.778)
camera captured: pos 95.4 148.2 32.1 | proj _11=1.6085 _22=2.8594 _33=1.00003 _43=-0.15 (aspect 1.778)
camera captured: pos 95.5 148.2 32.0 | proj _11=1.6085 _22=2.8594 _33=1.00003 _43=-0.15 (aspect 1.778)
camera captured: pos 95.5 148.2 32.0 | proj _11=1.6085 _22=2.8594 _33=1.00003 _43=-0.15 (aspect 1.778)
camera captured: pos 95.6 148.2 31.9 | proj _11=1.6085 _22=2.8594 _33=1.00003 _43=-0.15 (aspect 1.778)
camera captured: pos 95.7 148.2 31.8 | proj _11=1.6085 _22=2.8594 _33=1.00003 _43=-0.15 (aspect 1.778)
camera captured: pos 95.8 148.2 31.8 | proj _11=1.6085 _22=2.8594 _33=1.00003 _43=-0.15 (aspect 1.778)
camera captured: pos 95.8 148.2 31.7 | proj _11=1.6085 _22=2.8594 _33=1.00003 _43=-0.15 (aspect 1.778)
camera captured: pos 95.9 148.2 31.6 | proj _11=1.6085 _22=2.8594 _33=1.00003 _43=-0.15 (aspect 1.778)
camera captured: pos 95.9 148.2 31.5 | proj _11=1.6085 _22=2.8594 _33=1.00003 _43=-0.15 (aspect 1.778)
camera captured: pos 95.9 148.2 31.4 | proj _11=1.6085 _22=2.8594 _33=1.00003 _43=-0.15 (aspect 1.778)
camera captured: pos 95.9 148.2 31.4 | proj _11=1.6085 _22=2.8594 _33=1.00003 _43=-0.15 (aspect 1.778)
camera captured: pos 95.8 148.2 31.3 | proj _11=1.6085 _22=2.8594 _33=1.00003 _43=-0.15 (aspect 1.778)
camera captured: pos 95.8 148.2 31.2 | proj _11=1.6085 _22=2.8594 _33=1.00003 _43=-0.15 (aspect 1.778)
camera captured: pos 95.8 148.2 31.1 | proj _11=1.6085 _22=2.8594 _33=1.00003 _43=-0.15 (aspect 1.778)
camera captured: pos 95.7 148.2 31.0 | proj _11=1.6085 _22=2.8594 _33=1.00003 _43=-0.15 (aspect 1.778)
camera captured: pos 95.7 148.2 30.9 | proj _11=1.6085 _22=2.8594 _33=1.00003 _43=-0.15 (aspect 1.778)
camera captured: pos 95.6 148.2 30.9 | proj _11=1.6085 _22=2.8594 _33=1.00003 _43=-0.15 (aspect 1.778)
camera captured: pos 95.6 148.2 30.8 | proj _11=1.6085 _22=2.8594 _33=1.00003 _43=-0.15 (aspect 1.778)
camera captured: pos 95.5 148.2 30.7 | proj _11=1.6085 _22=2.8594 _33=1.00003 _43=-0.15 (aspect 1.778)
camera captured: pos 95.4 148.2 30.7 | proj _11=1.6085 _22=2.8594 _33=1.00003 _43=-0.15 (aspect 1.778)
camera captured: pos 95.4 148.2 30.6 | proj _11=1.6085 _22=2.8594 _33=1.00003 _43=-0.15 (aspect 1.778)
camera captured: pos 95.3 148.3 30.6 | proj _11=1.6085 _22=2.8594 _33=1.00003 _43=-0.15 (aspect 1.778)
camera captured: pos 95.2 148.3 30.6 | proj _11=1.6085 _22=2.8594 _33=1.00003 _43=-0.15 (aspect 1.778)
camera captured: pos 95.1 148.3 30.6 | proj _11=1.6085 _22=2.8594 _33=1.00003 _43=-0.15 (aspect 1.778)
camera captured: pos 95.0 148.4 30.6 | proj _11=1.6085 _22=2.8594 _33=1.00003 _43=-0.15 (aspect 1.778)
camera captured: pos 95.0 148.4 30.6 | proj _11=1.6085 _22=2.8594 _33=1.00003 _43=-0.15 (aspect 1.778)
camera captured: pos 94.9 148.4 30.6 | proj _11=1.6085 _22=2.8594 _33=1.00003 _43=-0.15 (aspect 1.778)
camera captured: pos 94.8 148.4 30.6 | proj _11=1.6085 _22=2.8594 _33=1.00003 _43=-0.15 (aspect 1.778)
camera captured: pos 94.8 148.3 30.6 | proj _11=1.6085 _22=2.8594 _33=1.00003 _43=-0.15 (aspect 1.778)
camera captured: pos 94.7 148.3 30.6 | proj _11=1.6085 _22=2.8594 _33=1.00003 _43=-0.15 (aspect 1.778)
camera captured: pos 94.6 148.3 30.6 | proj _11=1.6085 _22=2.8594 _33=1.00003 _43=-0.15 (aspect 1.778)
camera captured: pos 94.6 148.3 30.6 | proj _11=1.6085 _22=2.8594 _33=1.00003 _43=-0.15 (aspect 1.778)
camera captured: pos 94.5 148.2 30.7 | proj _11=1.6085 _22=2.8594 _33=1.00003 _43=-0.15 (aspect 1.778)
camera captured: pos 94.5 148.2 30.7 | proj _11=1.6085 _22=2.8594 _33=1.00003 _43=-0.15 (aspect 1.778)
camera captured: pos 94.4 148.2 30.8 | proj _11=1.6085 _22=2.8594 _33=1.00003 _43=-0.15 (aspect 1.778)
camera captured: pos 94.4 148.2 30.8 | proj _11=1.6085 _22=2.8594 _33=1.00003 _43=-0.15 (aspect 1.778)
camera captured: pos 94.3 148.2 30.8 | proj _11=1.6085 _22=2.8594 _33=1.00003 _43=-0.15 (aspect 1.778)
camera captured: pos 94.2 148.2 30.8 | proj _11=1.6085 _22=2.8594 _33=1.00003 _43=-0.15 (aspect 1.778)
camera captured: pos 94.2 148.2 30.9 | proj _11=1.6085 _22=2.8594 _33=1.00003 _43=-0.15 (aspect 1.778)
camera captured: pos 94.1 148.2 30.9 | proj _11=1.6085 _22=2.8594 _33=1.00003 _43=-0.15 (aspect 1.778)
camera captured: pos 94.1 148.2 30.9 | proj _11=1.6085 _22=2.8594 _33=1.00003 _43=-0.15 (aspect 1.778)
camera captured: pos 94.0 148.2 30.9 | proj _11=1.6085 _22=2.8594 _33=1.00003 _43=-0.15 (aspect 1.778)
camera captured: pos 94.0 148.2 30.9 | proj _11=1.6085 _22=2.8594 _33=1.00003 _43=-0.15 (aspect 1.778)
camera captured: pos 93.9 148.2 31.0 | proj _11=1.6085 _22=2.8594 _33=1.00003 _43=-0.15 (aspect 1.778)
camera captured: pos 93.9 148.2 31.0 | proj _11=1.6085 _22=2.8594 _33=1.00003 _43=-0.15 (aspect 1.778)
camera captured: pos 93.9 148.2 31.0 | proj _11=1.6085 _22=2.8594 _33=1.00003 _43=-0.15 (aspect 1.778)
camera captured: pos 93.9 148.2 31.0 | proj _11=1.6085 _22=2.8594 _33=1.00003 _43=-0.15 (aspect 1.778)
camera captured: pos 93.8 148.2 31.0 | proj _11=1.6085 _22=2.8594 _33=1.00003 _43=-0.15 (aspect 1.778)
camera captured: pos 93.8 148.2 31.1 | proj _11=1.6085 _22=2.8594 _33=1.00003 _43=-0.15 (aspect 1.778)
camera captured: pos 93.8 148.2 31.1 | proj _11=1.6085 _22=2.8594 _33=1.00003 _43=-0.15 (aspect 1.778)
camera captured: pos 93.8 148.2 31.1 | proj _11=1.6085 _22=2.8594 _33=1.00003 _43=-0.15 (aspect 1.778)
camera captured: pos 93.7 148.2 31.1 | proj _11=1.6085 _22=2.8594 _33=1.00003 _43=-0.15 (aspect 1.778)
camera captured: pos 93.7 148.2 31.1 | proj _11=1.6085 _22=2.8594 _33=1.00003 _43=-0.15 (aspect 1.778)
camera captured: pos 93.7 148.2 31.2 | proj _11=1.6085 _22=2.8594 _33=1.00003 _43=-0.15 (aspect 1.778)
camera captured: pos 93.7 148.2 31.2 | proj _11=1.6085 _22=2.8594 _33=1.00003 _43=-0.15 (aspect 1.778)
camera captured: pos 93.6 148.2 31.2 | proj _11=1.6085 _22=2.8594 _33=1.00003 _43=-0.15 (aspect 1.778)
camera captured: pos 93.6 148.2 31.2 | proj _11=1.6085 _22=2.8594 _33=1.00003 _43=-0.15 (aspect 1.778)
camera captured: pos 93.6 148.2 31.2 | proj _11=1.6085 _22=2.8594 _33=1.00003 _43=-0.15 (aspect 1.778)
camera captured: pos 93.5 148.2 31.3 | proj _11=1.6085 _22=2.8594 _33=1.00003 _43=-0.15 (aspect 1.778)
camera captured: pos 93.5 148.2 31.3 | proj _11=1.6085 _22=2.8594 _33=1.00003 _43=-0.15 (aspect 1.778)
camera captured: pos 93.5 148.2 31.3 | proj _11=1.6085 _22=2.8594 _33=1.00003 _43=-0.15 (aspect 1.778)
camera captured: pos 93.5 148.2 31.3 | proj _11=1.6085 _22=2.8594 _33=1.00003 _43=-0.15 (aspect 1.778)
camera captured: pos 93.4 148.2 31.3 | proj _11=1.6085 _22=2.8594 _33=1.00003 _43=-0.15 (aspect 1.778)
camera captured: pos 93.4 148.2 31.3 | proj _11=1.6085 _22=2.8594 _33=1.00003 _43=-0.15 (aspect 1.778)
camera captured: pos 93.4 148.2 31.4 | proj _11=1.6085 _22=2.8594 _33=1.00003 _43=-0.15 (aspect 1.778)
camera captured: pos 93.4 148.2 31.4 | proj _11=1.6085 _22=2.8594 _33=1.00003 _43=-0.15 (aspect 1.778)
camera captured: pos 93.3 148.2 31.4 | proj _11=1.6085 _22=2.8594 _33=1.00003 _43=-0.15 (aspect 1.778)
camera captured: pos 93.3 148.2 31.4 | proj _11=1.6085 _22=2.8594 _33=1.00003 _43=-0.15 (aspect 1.778)
camera captured: pos 93.3 148.2 31.4 | proj _11=1.6085 _22=2.8594 _33=1.00003 _43=-0.15 (aspect 1.778)
camera captured: pos 93.3 148.2 31.5 | proj _11=1.6085 _22=2.8594 _33=1.00003 _43=-0.15 (aspect 1.778)
camera captured: pos 93.3 148.2 31.5 | proj _11=1.6085 _22=2.8594 _33=1.00003 _43=-0.15 (aspect 1.778)
camera captured: pos 93.3 148.2 31.5 | proj _11=1.6085 _22=2.8594 _33=1.00003 _43=-0.15 (aspect 1.778)
camera captured: pos 93.3 148.2 31.6 | proj _11=1.6085 _22=2.8594 _33=1.00003 _43=-0.15 (aspect 1.778)
camera captured: pos 93.2 148.2 31.6 | proj _11=1.6085 _22=2.8594 _33=1.00003 _43=-0.15 (aspect 1.778)
camera captured: pos 93.2 148.2 31.6 | proj _11=1.6085 _22=2.8594 _33=1.00003 _43=-0.15 (aspect 1.778)
camera captured: pos 93.2 148.2 31.7 | proj _11=1.6085 _22=2.8594 _33=1.00003 _43=-0.15 (aspect 1.778)
camera captured: pos 93.2 148.2 31.7 | proj _11=1.6085 _22=2.8594 _33=1.00003 _43=-0.15 (aspect 1.778)
camera captured: pos 93.2 148.2 31.7 | proj _11=1.6085 _22=2.8594 _33=1.00003 _43=-0.15 (aspect 1.778)
camera captured: pos 93.2 148.2 31.7 | proj _11=1.6085 _22=2.8594 _33=1.00003 _43=-0.15 (aspect 1.778)
camera captured: pos 93.2 148.2 31.8 | proj _11=1.6085 _22=2.8594 _33=1.00003 _43=-0.15 (aspect 1.778)
camera captured: pos 93.2 148.2 31.8 | proj _11=1.6085 _22=2.8594 _33=1.00003 _43=-0.15 (aspect 1.778)
camera captured: pos 93.2 148.2 31.8 | proj _11=1.6085 _22=2.8594 _33=1.00003 _43=-0.15 (aspect 1.778)
camera captured: pos 93.2 148.2 31.9 | proj _11=1.6085 _22=2.8594 _33=1.00003 _43=-0.15 (aspect 1.778)
camera captured: pos 93.2 148.2 31.9 | proj _11=1.6085 _22=2.8594 _33=1.00003 _43=-0.15 (aspect 1.778)
camera captured: pos 93.2 148.2 31.9 | proj _11=1.6085 _22=2.8594 _33=1.00003 _43=-0.15 (aspect 1.778)
camera captured: pos 93.2 148.2 32.0 | proj _11=1.6085 _22=2.8594 _33=1.00003 _43=-0.15 (aspect 1.778)
camera captured: pos 93.2 148.2 32.0 | proj _11=1.6085 _22=2.8594 _33=1.00003 _43=-0.15 (aspect 1.778)
camera captured: pos 93.2 148.2 32.0 | proj _11=1.6085 _22=2.8594 _33=1.00003 _43=-0.15 (aspect 1.778)
camera captured: pos 93.2 148.2 32.1 | proj _11=1.6085 _22=2.8594 _33=1.00003 _43=-0.15 (aspect 1.778)
camera captured: pos 93.2 148.2 32.1 | proj _11=1.6085 _22=2.8594 _33=1.00003 _43=-0.15 (aspect 1.778)
camera captured: pos 93.2 148.2 32.1 | proj _11=1.6085 _22=2.8594 _33=1.00003 _43=-0.15 (aspect 1.778)
camera captured: pos 93.1 148.2 32.1 | proj _11=1.6085 _22=2.8594 _33=1.00003 _43=-0.15 (aspect 1.778)
camera captured: pos 93.1 148.2 32.2 | proj _11=1.6085 _22=2.8594 _33=1.00003 _43=-0.15 (aspect 1.778)
camera captured: pos 93.1 148.2 32.2 | proj _11=1.6085 _22=2.8594 _33=1.00003 _43=-0.15 (aspect 1.778)
camera captured: pos 93.1 148.2 32.2 | proj _11=1.6085 _22=2.8594 _33=1.00003 _43=-0.15 (aspect 1.778)
camera captured: pos 93.1 148.2 32.2 | proj _11=1.6085 _22=2.8594 _33=1.00003 _43=-0.15 (aspect 1.778)
camera captured: pos 93.0 148.2 32.2 | proj _11=1.6085 _22=2.8594 _33=1.00003 _43=-0.15 (aspect 1.778)
camera captured: pos 93.0 148.2 32.3 | proj _11=1.6085 _22=2.8594 _33=1.00003 _43=-0.15 (aspect 1.778)
camera captured: pos 93.0 148.2 32.3 | proj _11=1.6085 _22=2.8594 _33=1.00003 _43=-0.15 (aspect 1.778)
camera captured: pos 93.0 148.2 32.3 | proj _11=1.6085 _22=2.8594 _33=1.00003 _43=-0.15 (aspect 1.778)
camera captured: pos 92.9 148.2 32.3 | proj _11=1.6085 _22=2.8594 _33=1.00003 _43=-0.15 (aspect 1.778)
camera captured: pos 92.9 148.2 32.3 | proj _11=1.6085 _22=2.8594 _33=1.00003 _43=-0.15 (aspect 1.778)
camera captured: pos 92.9 148.2 32.4 | proj _11=1.6085 _22=2.8594 _33=1.00003 _43=-0.15 (aspect 1.778)
camera captured: pos 92.9 148.2 32.4 | proj _11=1.6085 _22=2.8594 _33=1.00003 _43=-0.15 (aspect 1.778)
camera captured: pos 92.8 148.2 32.4 | proj _11=1.6085 _22=2.8594 _33=1.00003 _43=-0.15 (aspect 1.778)
camera captured: pos 92.8 148.2 32.4 | proj _11=1.6085 _22=2.8594 _33=1.00003 _43=-0.15 (aspect 1.778)
camera captured: pos 92.8 148.2 32.4 | proj _11=1.6085 _22=2.8594 _33=1.00003 _43=-0.15 (aspect 1.778)
camera captured: pos 92.7 148.2 32.5 | proj _11=1.6085 _22=2.8594 _33=1.00003 _43=-0.15 (aspect 1.778)
camera captured: pos 92.7 148.2 32.5 | proj _11=1.6085 _22=2.8594 _33=1.00003 _43=-0.15 (aspect 1.778)
camera captured: pos 92.7 148.2 32.5 | proj _11=1.6085 _22=2.8594 _33=1.00003 _43=-0.15 (aspect 1.778)
camera captured: pos 92.7 148.2 32.5 | proj _11=1.6085 _22=2.8594 _33=1.00003 _43=-0.15 (aspect 1.778)
camera captured: pos 92.6 148.2 32.5 | proj _11=1.6085 _22=2.8594 _33=1.00003 _43=-0.15 (aspect 1.778)
camera captured: pos 92.6 148.2 32.5 | proj _11=1.6085 _22=2.8594 _33=1.00003 _43=-0.15 (aspect 1.778)
camera captured: pos 92.6 148.2 32.5 | proj _11=1.6085 _22=2.8594 _33=1.00003 _43=-0.15 (aspect 1.778)
camera captured: pos 92.5 148.2 32.5 | proj _11=1.6085 _22=2.8594 _33=1.00003 _43=-0.15 (aspect 1.778)
camera captured: pos 92.5 148.2 32.5 | proj _11=1.6085 _22=2.8594 _33=1.00003 _43=-0.15 (aspect 1.778)
camera captured: pos 92.5 148.2 32.5 | proj _11=1.6085 _22=2.8594 _33=1.00003 _43=-0.15 (aspect 1.778)
camera captured: pos 92.5 148.2 32.4 | proj _11=1.6085 _22=2.8594 _33=1.00003 _43=-0.15 (aspect 1.778)
camera captured: pos 92.5 148.2 32.4 | proj _11=1.6085 _22=2.8594 _33=1.00003 _43=-0.15 (aspect 1.778)
camera captured: pos 92.4 148.2 32.4 | proj _11=1.6085 _22=2.8594 _33=1.00003 _43=-0.15 (aspect 1.778)
camera captured: pos 92.4 148.2 32.3 | proj _11=1.6085 _22=2.8594 _33=1.00003 _43=-0.15 (aspect 1.778)
camera captured: pos 92.4 148.2 32.3 | proj _11=1.6085 _22=2.8594 _33=1.00003 _43=-0.15 (aspect 1.778)
camera captured: pos 92.4 148.2 32.3 | proj _11=1.6085 _22=2.8594 _33=1.00003 _43=-0.15 (aspect 1.778)
camera captured: pos 92.4 148.2 32.3 | proj _11=1.6085 _22=2.8594 _33=1.00003 _43=-0.15 (aspect 1.778)
camera captured: pos 92.4 148.2 32.2 | proj _11=1.6085 _22=2.8594 _33=1.00003 _43=-0.15 (aspect 1.778)
camera captured: pos 92.4 148.2 32.2 | proj _11=1.6085 _22=2.8594 _33=1.00003 _43=-0.15 (aspect 1.778)
camera captured: pos 92.4 148.2 32.2 | proj _11=1.6085 _22=2.8594 _33=1.00003 _43=-0.15 (aspect 1.778)
camera captured: pos 92.4 148.2 32.1 | proj _11=1.6085 _22=2.8594 _33=1.00003 _43=-0.15 (aspect 1.778)
camera captured: pos 92.5 148.2 32.1 | proj _11=1.6085 _22=2.8594 _33=1.00003 _43=-0.15 (aspect 1.778)
camera captured: pos 92.5 148.2 32.1 | proj _11=1.6085 _22=2.8594 _33=1.00003 _43=-0.15 (aspect 1.778)
camera captured: pos 92.5 148.2 32.1 | proj _11=1.6085 _22=2.8594 _33=1.00003 _43=-0.15 (aspect 1.778)
camera captured: pos 92.5 148.2 32.1 | proj _11=1.6085 _22=2.8594 _33=1.00003 _43=-0.15 (aspect 1.778)
camera captured: pos 92.6 148.2 32.1 | proj _11=1.6085 _22=2.8594 _33=1.00003 _43=-0.15 (aspect 1.778)
camera captured: pos 92.6 148.2 32.0 | proj _11=1.6085 _22=2.8594 _33=1.00003 _43=-0.15 (aspect 1.778)
camera captured: pos 92.6 148.2 32.0 | proj _11=1.6085 _22=2.8594 _33=1.00003 _43=-0.15 (aspect 1.778)
camera captured: pos 92.6 148.2 32.0 | proj _11=1.6085 _22=2.8594 _33=1.00003 _43=-0.15 (aspect 1.778)
camera captured: pos 92.7 148.2 32.0 | proj _11=1.6085 _22=2.8594 _33=1.00003 _43=-0.15 (aspect 1.778)
camera captured: pos 92.7 148.2 32.0 | proj _11=1.6085 _22=2.8594 _33=1.00003 _43=-0.15 (aspect 1.778)
camera captured: pos 92.7 148.2 31.9 | proj _11=1.6085 _22=2.8594 _33=1.00003 _43=-0.15 (aspect 1.778)
camera captured: pos 92.7 148.2 31.9 | proj _11=1.6085 _22=2.8594 _33=1.00003 _43=-0.15 (aspect 1.778)
camera captured: pos 92.8 148.2 31.9 | proj _11=1.6085 _22=2.8594 _33=1.00003 _43=-0.15 (aspect 1.778)
camera captured: pos 92.8 148.2 31.9 | proj _11=1.6085 _22=2.8594 _33=1.00003 _43=-0.15 (aspect 1.778)
camera captured: pos 92.8 148.2 31.9 | proj _11=1.6085 _22=2.8594 _33=1.00003 _43=-0.15 (aspect 1.778)
camera captured: pos 92.9 148.2 31.9 | proj _11=1.6085 _22=2.8594 _33=1.00003 _43=-0.15 (aspect 1.778)
camera captured: pos 92.9 148.2 31.9 | proj _11=1.6085 _22=2.8594 _33=1.00003 _43=-0.15 (aspect 1.778)
camera captured: pos 92.9 148.2 31.9 | proj _11=1.6085 _22=2.8594 _33=1.00003 _43=-0.15 (aspect 1.778)
camera captured: pos 92.9 148.2 31.9 | proj _11=1.6085 _22=2.8594 _33=1.00003 _43=-0.15 (aspect 1.778)
camera captured: pos 93.0 148.2 31.9 | proj _11=1.6085 _22=2.8594 _33=1.00003 _43=-0.15 (aspect 1.778)
camera captured: pos 93.0 148.2 31.9 | proj _11=1.6085 _22=2.8594 _33=1.00003 _43=-0.15 (aspect 1.778)
camera captured: pos 93.0 148.2 31.9 | proj _11=1.6085 _22=2.8594 _33=1.00003 _43=-0.15 (aspect 1.778)
camera captured: pos 93.1 148.2 32.0 | proj _11=1.6085 _22=2.8594 _33=1.00003 _43=-0.15 (aspect 1.778)
camera captured: pos 93.1 148.2 31.9 | proj _11=1.6085 _22=2.8594 _33=1.00003 _43=-0.15 (aspect 1.778)
camera captured: pos 93.1 148.2 31.9 | proj _11=1.6085 _22=2.8594 _33=1.00003 _43=-0.15 (aspect 1.778)
camera captured: pos 93.2 148.2 31.9 | proj _11=1.6085 _22=2.8594 _33=1.00003 _43=-0.15 (aspect 1.778)
camera captured: pos 93.2 148.2 31.9 | proj _11=1.6085 _22=2.8594 _33=1.00003 _43=-0.15 (aspect 1.778)
camera captured: pos 93.2 148.2 31.9 | proj _11=1.6085 _22=2.8594 _33=1.00003 _43=-0.15 (aspect 1.778)
camera captured: pos 93.2 148.2 31.9 | proj _11=1.6085 _22=2.8594 _33=1.00003 _43=-0.15 (aspect 1.778)
camera captured: pos 93.3 148.2 31.9 | proj _11=1.6085 _22=2.8594 _33=1.00003 _43=-0.15 (aspect 1.778)
camera captured: pos 93.3 148.2 31.8 | proj _11=1.6085 _22=2.8594 _33=1.00003 _43=-0.15 (aspect 1.778)
camera captured: pos 93.3 148.2 31.8 | proj _11=1.6085 _22=2.8594 _33=1.00003 _43=-0.15 (aspect 1.778)
camera captured: pos 93.3 148.2 31.8 | proj _11=1.6085 _22=2.8594 _33=1.00003 _43=-0.15 (aspect 1.778)
camera captured: pos 93.4 148.2 31.8 | proj _11=1.6085 _22=2.8594 _33=1.00003 _43=-0.15 (aspect 1.778)
camera captured: pos 93.4 148.2 31.8 | proj _11=1.6085 _22=2.8594 _33=1.00003 _43=-0.15 (aspect 1.778)
camera captured: pos 93.4 148.2 31.7 | proj _11=1.6085 _22=2.8594 _33=1.00003 _43=-0.15 (aspect 1.778)
camera captured: pos 93.4 148.2 31.7 | proj _11=1.6085 _22=2.8594 _33=1.00003 _43=-0.15 (aspect 1.778)
camera captured: pos 93.5 148.2 31.7 | proj _11=1.6085 _22=2.8594 _33=1.00003 _43=-0.15 (aspect 1.778)
camera captured: pos 93.5 148.2 31.7 | proj _11=1.6085 _22=2.8594 _33=1.00003 _43=-0.15 (aspect 1.778)
camera captured: pos 93.5 148.2 31.7 | proj _11=1.6085 _22=2.8594 _33=1.00003 _43=-0.15 (aspect 1.778)
camera captured: pos 93.5 148.2 31.7 | proj _11=1.6085 _22=2.8594 _33=1.00003 _43=-0.15 (aspect 1.778)
camera captured: pos 93.6 148.2 31.6 | proj _11=1.6085 _22=2.8594 _33=1.00003 _43=-0.15 (aspect 1.778)
camera captured: pos 93.6 148.2 31.6 | proj _11=1.6085 _22=2.8594 _33=1.00003 _43=-0.15 (aspect 1.778)
camera captured: pos 93.6 148.2 31.6 | proj _11=1.6085 _22=2.8594 _33=1.00003 _43=-0.15 (aspect 1.778)
camera captured: pos 93.6 148.2 31.6 | proj _11=1.6085 _22=2.8594 _33=1.00003 _43=-0.15 (aspect 1.778)
camera captured: pos 93.7 148.2 31.6 | proj _11=1.6085 _22=2.8594 _33=1.00003 _43=-0.15 (aspect 1.778)
camera captured: pos 93.7 148.2 31.5 | proj _11=1.6085 _22=2.8594 _33=1.00003 _43=-0.15 (aspect 1.778)
camera captured: pos 93.7 148.2 31.5 | proj _11=1.6085 _22=2.8594 _33=1.00003 _43=-0.15 (aspect 1.778)
camera captured: pos 93.8 148.2 31.5 | proj _11=1.6085 _22=2.8594 _33=1.00003 _43=-0.15 (aspect 1.778)
camera captured: pos 93.8 148.2 31.5 | proj _11=1.6085 _22=2.8594 _33=1.00003 _43=-0.15 (aspect 1.778)
camera captured: pos 93.8 148.2 31.5 | proj _11=1.6085 _22=2.8594 _33=1.00003 _43=-0.15 (aspect 1.778)
camera captured: pos 93.8 148.2 31.5 | proj _11=1.6085 _22=2.8594 _33=1.00003 _43=-0.15 (aspect 1.778)
camera captured: pos 93.8 148.2 31.5 | proj _11=1.6085 _22=2.8594 _33=1.00003 _43=-0.15 (aspect 1.778)
camera captured: pos 93.8 148.2 31.5 | proj _11=1.6085 _22=2.8594 _33=1.00003 _43=-0.15 (aspect 1.778)
camera captured: pos 93.8 148.2 31.5 | proj _11=1.6085 _22=2.8594 _33=1.00003 _43=-0.15 (aspect 1.778)
camera captured: pos 93.8 148.2 31.5 | proj _11=1.6085 _22=2.8594 _33=1.00003 _43=-0.15 (aspect 1.778)
camera captured: pos 93.8 148.2 31.5 | proj _11=1.6085 _22=2.8594 _33=1.00003 _43=-0.15 (aspect 1.778)
camera captured: pos 93.8 148.2 31.5 | proj _11=1.6085 _22=2.8594 _33=1.00003 _43=-0.15 (aspect 1.778)
camera captured: pos 93.8 148.2 31.5 | proj _11=1.6085 _22=2.8594 _33=1.00003 _43=-0.15 (aspect 1.778)
camera captured: pos 93.8 148.2 31.5 | proj _11=1.6085 _22=2.8594 _33=1.00003 _43=-0.15 (aspect 1.778)
camera captured: pos 93.8 148.2 31.5 | proj _11=1.6085 _22=2.8594 _33=1.00003 _43=-0.15 (aspect 1.778)
camera captured: pos 93.8 148.2 31.5 | proj _11=1.6085 _22=2.8594 _33=1.00003 _43=-0.15 (aspect 1.778)
camera captured: pos 93.8 148.2 31.5 | proj _11=1.6085 _22=2.8594 _33=1.00003 _43=-0.15 (aspect 1.778)
camera captured: pos 93.8 148.2 31.5 | proj _11=1.6085 _22=2.8594 _33=1.00003 _43=-0.15 (aspect 1.778)
camera captured: pos 93.8 148.2 31.5 | proj _11=1.6085 _22=2.8594 _33=1.00003 _43=-0.15 (aspect 1.778)
camera captured: pos 93.8 148.2 31.5 | proj _11=1.6085 _22=2.8594 _33=1.00003 _43=-0.15 (aspect 1.778)
camera captured: pos 93.8 148.2 31.5 | proj _11=1.6085 _22=2.8594 _33=1.00003 _43=-0.15 (aspect 1.778)
camera captured: pos 93.8 148.2 31.5 | proj _11=1.6085 _22=2.8594 _33=1.00003 _43=-0.15 (aspect 1.778)
camera captured: pos 93.8 148.2 31.5 | proj _11=1.6085 _22=2.8594 _33=1.00003 _43=-0.15 (aspect 1.778)
camera captured: pos 93.8 148.2 31.5 | proj _11=1.6085 _22=2.8594 _33=1.00003 _43=-0.15 (aspect 1.778)
camera captured: pos 93.8 148.2 31.5 | proj _11=1.6085 _22=2.8594 _33=1.00003 _43=-0.15 (aspect 1.778)
camera captured: pos 93.8 148.2 31.5 | proj _11=1.6085 _22=2.8594 _33=1.00003 _43=-0.15 (aspect 1.778)
camera captured: pos 93.8 148.2 31.5 | proj _11=1.6085 _22=2.8594 _33=1.00003 _43=-0.15 (aspect 1.778)
camera captured: pos 93.8 148.2 31.5 | proj _11=1.6085 _22=2.8594 _33=1.00003 _43=-0.15 (aspect 1.778)
camera captured: pos 93.8 148.2 31.5 | proj _11=1.6085 _22=2.8594 _33=1.00003 _43=-0.15 (aspect 1.778)
camera captured: pos 93.8 148.2 31.5 | proj _11=1.6085 _22=2.8594 _33=1.00003 _43=-0.15 (aspect 1.778)
camera captured: pos 93.8 148.2 31.5 | proj _11=1.6085 _22=2.8594 _33=1.00003 _43=-0.15 (aspect 1.778)
camera captured: pos 93.8 148.2 31.5 | proj _11=1.6085 _22=2.8594 _33=1.00003 _43=-0.15 (aspect 1.778)
camera captured: pos 93.8 148.2 31.5 | proj _11=1.6085 _22=2.8594 _33=1.00003 _43=-0.15 (aspect 1.778)
camera captured: pos 93.8 148.2 31.5 | proj _11=1.6085 _22=2.8594 _33=1.00003 _43=-0.15 (aspect 1.778)
camera captured: pos 93.8 148.2 31.5 | proj _11=1.6085 _22=2.8594 _33=1.00003 _43=-0.15 (aspect 1.778)
camera captured: pos 93.8 148.2 31.5 | proj _11=1.6085 _22=2.8594 _33=1.00003 _43=-0.15 (aspect 1.778)
camera captured: pos 93.8 148.2 31.5 | proj _11=1.6085 _22=2.8594 _33=1.00003 _43=-0.15 (aspect 1.778)
camera captured: pos 93.8 148.2 31.5 | proj _11=1.6085 _22=2.8594 _33=1.00003 _43=-0.15 (aspect 1.778)
camera captured: pos 93.8 148.2 31.5 | proj _11=1.6085 _22=2.8594 _33=1.00003 _43=-0.15 (aspect 1.778)
camera captured: pos 93.8 148.2 31.5 | proj _11=1.6085 _22=2.8594 _33=1.00003 _43=-0.15 (aspect 1.778)
camera captured: pos 93.8 148.2 31.5 | proj _11=1.6085 _22=2.8594 _33=1.00003 _43=-0.15 (aspect 1.778)
camera captured: pos 93.8 148.2 31.5 | proj _11=1.6085 _22=2.8594 _33=1.00003 _43=-0.15 (aspect 1.778)
camera captured: pos 93.8 148.2 31.5 | proj _11=1.6085 _22=2.8594 _33=1.00003 _43=-0.15 (aspect 1.778)
camera captured: pos 93.8 148.2 31.5 | proj _11=1.6085 _22=2.8594 _33=1.00003 _43=-0.15 (aspect 1.778)
camera captured: pos 93.8 148.2 31.5 | proj _11=1.6085 _22=2.8594 _33=1.00003 _43=-0.15 (aspect 1.778)
camera captured: pos 93.8 148.2 31.5 | proj _11=1.6085 _22=2.8594 _33=1.00003 _43=-0.15 (aspect 1.778)
camera captured: pos 93.8 148.2 31.5 | proj _11=1.6085 _22=2.8594 _33=1.00003 _43=-0.15 (aspect 1.778)
camera captured: pos 93.8 148.2 31.5 | proj _11=1.6085 _22=2.8594 _33=1.00003 _43=-0.15 (aspect 1.778)
camera captured: pos 93.8 148.2 31.5 | proj _11=1.6085 _22=2.8594 _33=1.00003 _43=-0.15 (aspect 1.778)
camera captured: pos 93.8 148.2 31.5 | proj _11=1.6085 _22=2.8594 _33=1.00003 _43=-0.15 (aspect 1.778)
camera captured: pos 93.8 148.2 31.5 | proj _11=1.6085 _22=2.8594 _33=1.00003 _43=-0.15 (aspect 1.778)
camera captured: pos 93.8 148.2 31.5 | proj _11=1.6085 _22=2.8594 _33=1.00003 _43=-0.15 (aspect 1.778)
camera captured: pos 93.8 148.2 31.5 | proj _11=1.6085 _22=2.8594 _33=1.00003 _43=-0.15 (aspect 1.778)
camera captured: pos 93.8 148.2 31.5 | proj _11=1.6085 _22=2.8594 _33=1.00003 _43=-0.15 (aspect 1.778)
camera captured: pos 93.8 148.2 31.5 | proj _11=1.6085 _22=2.8594 _33=1.00003 _43=-0.15 (aspect 1.778)
camera captured: pos 93.8 148.2 31.5 | proj _11=1.6085 _22=2.8594 _33=1.00003 _43=-0.15 (aspect 1.778)
camera captured: pos 93.8 148.2 31.5 | proj _11=1.6085 _22=2.8594 _33=1.00003 _43=-0.15 (aspect 1.778)
camera captured: pos 93.8 148.2 31.5 | proj _11=1.6085 _22=2.8594 _33=1.00003 _43=-0.15 (aspect 1.778)
camera captured: pos 93.8 148.2 31.5 | proj _11=1.6085 _22=2.8594 _33=1.00003 _43=-0.15 (aspect 1.778)
camera captured: pos 93.8 148.2 31.5 | proj _11=1.6085 _22=2.8594 _33=1.00003 _43=-0.15 (aspect 1.778)
camera captured: pos 93.8 148.2 31.5 | proj _11=1.6085 _22=2.8594 _33=1.00003 _43=-0.15 (aspect 1.778)
camera captured: pos 93.8 148.2 31.5 | proj _11=1.6085 _22=2.8594 _33=1.00003 _43=-0.15 (aspect 1.778)
camera captured: pos 93.8 148.2 31.5 | proj _11=1.6085 _22=2.8594 _33=1.00003 _43=-0.15 (aspect 1.778)
camera captured: pos 93.8 148.2 31.5 | proj _11=1.6085 _22=2.8594 _33=1.00003 _43=-0.15 (aspect 1.778)
camera captured: pos 93.8 148.2 31.5 | proj _11=1.6085 _22=2.8594 _33=1.00003 _43=-0.15 (aspect 1.778)
camera captured: pos 93.8 148.2 31.5 | proj _11=1.6085 _22=2.8594 _33=1.00003 _43=-0.15 (aspect 1.778)
camera captured: pos 93.8 148.2 31.5 | proj _11=1.6085 _22=2.8594 _33=1.00003 _43=-0.15 (aspect 1.778)
camera captured: pos 93.8 148.2 31.5 | proj _11=1.6085 _22=2.8594 _33=1.00003 _43=-0.15 (aspect 1.778)
camera captured: pos 93.8 148.2 31.5 | proj _11=1.6085 _22=2.8594 _33=1.00003 _43=-0.15 (aspect 1.778)
camera captured: pos 93.8 148.2 31.5 | proj _11=1.6085 _22=2.8594 _33=1.00003 _43=-0.15 (aspect 1.778)
camera captured: pos 93.8 148.2 31.5 | proj _11=1.6085 _22=2.8594 _33=1.00003 _43=-0.15 (aspect 1.778)
camera captured: pos 93.8 148.2 31.5 | proj _11=1.6085 _22=2.8594 _33=1.00003 _43=-0.15 (aspect 1.778)
camera captured: pos 93.8 148.2 31.5 | proj _11=1.6085 _22=2.8594 _33=1.00003 _43=-0.15 (aspect 1.778)
camera captured: pos 93.8 148.2 31.5 | proj _11=1.6085 _22=2.8594 _33=1.00003 _43=-0.15 (aspect 1.778)
camera captured: pos 93.8 148.2 31.5 | proj _11=1.6085 _22=2.8594 _33=1.00003 _43=-0.15 (aspect 1.778)
camera captured: pos 93.8 148.2 31.5 | proj _11=1.6085 _22=2.8594 _33=1.00003 _43=-0.15 (aspect 1.778)
camera captured: pos 93.8 148.2 31.5 | proj _11=1.6085 _22=2.8594 _33=1.00003 _43=-0.15 (aspect 1.778)
camera captured: pos 93.8 148.2 31.5 | proj _11=1.6085 _22=2.8594 _33=1.00003 _43=-0.15 (aspect 1.778)
camera captured: pos 93.8 148.2 31.5 | proj _11=1.6085 _22=2.8594 _33=1.00003 _43=-0.15 (aspect 1.778)
camera captured: pos 93.8 148.2 31.5 | proj _11=1.6085 _22=2.8594 _33=1.00003 _43=-0.15 (aspect 1.778)
camera captured: pos 93.8 148.2 31.5 | proj _11=1.6085 _22=2.8594 _33=1.00003 _43=-0.15 (aspect 1.778)
camera captured: pos 93.8 148.2 31.5 | proj _11=1.6085 _22=2.8594 _33=1.00003 _43=-0.15 (aspect 1.778)
camera captured: pos 93.8 148.2 31.5 | proj _11=1.6085 _22=2.8594 _33=1.00003 _43=-0.15 (aspect 1.778)
camera captured: pos 93.8 148.2 31.5 | proj _11=1.6085 _22=2.8594 _33=1.00003 _43=-0.15 (aspect 1.778)
camera captured: pos 93.8 148.2 31.5 | proj _11=1.6085 _22=2.8594 _33=1.00003 _43=-0.15 (aspect 1.778)
camera captured: pos 93.8 148.2 31.5 | proj _11=1.6085 _22=2.8594 _33=1.00003 _43=-0.15 (aspect 1.778)
camera captured: pos 93.8 148.2 31.5 | proj _11=1.6085 _22=2.8594 _33=1.00003 _43=-0.15 (aspect 1.778)
camera captured: pos 93.8 148.2 31.5 | proj _11=1.6085 _22=2.8594 _33=1.00003 _43=-0.15 (aspect 1.778)
camera captured: pos 93.8 148.2 31.5 | proj _11=1.6085 _22=2.8594 _33=1.00003 _43=-0.15 (aspect 1.778)
camera captured: pos 93.8 148.2 31.5 | proj _11=1.6085 _22=2.8594 _33=1.00003 _43=-0.15 (aspect 1.778)
camera captured: pos 93.8 148.2 31.5 | proj _11=1.6085 _22=2.8594 _33=1.00003 _43=-0.15 (aspect 1.778)
camera captured: pos 93.8 148.2 31.5 | proj _11=1.6085 _22=2.8594 _33=1.00003 _43=-0.15 (aspect 1.778)
camera captured: pos 93.8 148.2 31.5 | proj _11=1.6085 _22=2.8594 _33=1.00003 _43=-0.15 (aspect 1.778)
camera captured: pos 93.8 148.2 31.5 | proj _11=1.6085 _22=2.8594 _33=1.00003 _43=-0.15 (aspect 1.778)
camera captured: pos 93.8 148.2 31.5 | proj _11=1.6085 _22=2.8594 _33=1.00003 _43=-0.15 (aspect 1.778)
camera captured: pos 93.8 148.2 31.5 | proj _11=1.6085 _22=2.8594 _33=1.00003 _43=-0.15 (aspect 1.778)
camera captured: pos 93.8 148.2 31.5 | proj _11=1.6085 _22=2.8594 _33=1.00003 _43=-0.15 (aspect 1.778)
camera captured: pos 93.8 148.2 31.5 | proj _11=1.6085 _22=2.8594 _33=1.00003 _43=-0.15 (aspect 1.778)
camera captured: pos 93.8 148.2 31.5 | proj _11=1.6085 _22=2.8594 _33=1.00003 _43=-0.15 (aspect 1.778)
camera captured: pos 93.8 148.2 31.5 | proj _11=1.6085 _22=2.8594 _33=1.00003 _43=-0.15 (aspect 1.778)
camera captured: pos 93.8 148.2 31.5 | proj _11=1.6085 _22=2.8594 _33=1.00003 _43=-0.15 (aspect 1.778)
camera captured: pos 93.8 148.2 31.5 | proj _11=1.6085 _22=2.8594 _33=1.00003 _43=-0.15 (aspect 1.778)
camera captured: pos 93.8 148.2 31.5 | proj _11=1.6085 _22=2.8594 _33=1.00003 _43=-0.15 (aspect 1.778)
camera captured: pos 93.8 148.2 31.5 | proj _11=1.6085 _22=2.8594 _33=1.00003 _43=-0.15 (aspect 1.778)
camera captured: pos 93.8 148.2 31.5 | proj _11=1.6085 _22=2.8594 _33=1.00003 _43=-0.15 (aspect 1.778)
camera captured: pos 93.8 148.2 31.5 | proj _11=1.6085 _22=2.8594 _33=1.00003 _43=-0.15 (aspect 1.778)
camera captured: pos 93.8 148.2 31.5 | proj _11=1.6085 _22=2.8594 _33=1.00003 _43=-0.15 (aspect 1.778)
camera captured: pos 93.8 148.2 31.5 | proj _11=1.6085 _22=2.8594 _33=1.00003 _43=-0.15 (aspect 1.778)
camera captured: pos 93.8 148.2 31.5 | proj _11=1.6085 _22=2.8594 _33=1.00003 _43=-0.15 (aspect 1.778)
camera captured: pos 93.8 148.2 31.5 | proj _11=1.6085 _22=2.8594 _33=1.00003 _43=-0.15 (aspect 1.778)
camera captured: pos 93.8 148.2 31.5 | proj _11=1.6085 _22=2.8594 _33=1.00003 _43=-0.15 (aspect 1.778)
camera captured: pos 93.8 148.2 31.5 | proj _11=1.6085 _22=2.8594 _33=1.00003 _43=-0.15 (aspect 1.778)
camera captured: pos 93.8 148.2 31.5 | proj _11=1.6085 _22=2.8594 _33=1.00003 _43=-0.15 (aspect 1.778)
camera captured: pos 93.8 148.2 31.5 | proj _11=1.6085 _22=2.8594 _33=1.00003 _43=-0.15 (aspect 1.778)
camera captured: pos 93.8 148.2 31.5 | proj _11=1.6085 _22=2.8594 _33=1.00003 _43=-0.15 (aspect 1.778)
camera captured: pos 93.8 148.2 31.5 | proj _11=1.6085 _22=2.8594 _33=1.00003 _43=-0.15 (aspect 1.778)
camera captured: pos 93.8 148.2 31.5 | proj _11=1.6085 _22=2.8594 _33=1.00003 _43=-0.15 (aspect 1.778)
camera captured: pos 93.8 148.2 31.5 | proj _11=1.6085 _22=2.8594 _33=1.00003 _43=-0.15 (aspect 1.778)
camera captured: pos 93.8 148.2 31.5 | proj _11=1.6085 _22=2.8594 _33=1.00003 _43=-0.15 (aspect 1.778)
camera captured: pos 93.8 148.2 31.5 | proj _11=1.6085 _22=2.8594 _33=1.00003 _43=-0.15 (aspect 1.778)
camera captured: pos 93.8 148.2 31.5 | proj _11=1.6085 _22=2.8594 _33=1.00003 _43=-0.15 (aspect 1.778)
camera captured: pos 93.8 148.2 31.5 | proj _11=1.6085 _22=2.8594 _33=1.00003 _43=-0.15 (aspect 1.778)
camera captured: pos 93.8 148.2 31.5 | proj _11=1.6085 _22=2.8594 _33=1.00003 _43=-0.15 (aspect 1.778)
camera captured: pos 93.8 148.2 31.5 | proj _11=1.6085 _22=2.8594 _33=1.00003 _43=-0.15 (aspect 1.778)
camera captured: pos 93.8 148.2 31.5 | proj _11=1.6085 _22=2.8594 _33=1.00003 _43=-0.15 (aspect 1.778)
camera captured: pos 93.8 148.2 31.5 | proj _11=1.6085 _22=2.8594 _33=1.00003 _43=-0.15 (aspect 1.778)
camera captured: pos 93.8 148.2 31.5 | proj _11=1.6085 _22=2.8594 _33=1.00003 _43=-0.15 (aspect 1.778)
camera captured: pos 93.8 148.2 31.5 | proj _11=1.6085 _22=2.8594 _33=1.00003 _43=-0.15 (aspect 1.778)
camera captured: pos 93.8 148.2 31.5 | proj _11=1.6085 _22=2.8594 _33=1.00003 _43=-0.15 (aspect 1.778)
camera captured: pos 93.8 148.2 31.5 | proj _11=1.6085 _22=2.8594 _33=1.00003 _43=-0.15 (aspect 1.778)
camera captured: pos 93.8 148.2 31.5 | proj _11=1.6085 _22=2.8594 _33=1.00003 _43=-0.15 (aspect 1.778)
camera captured: pos 93.8 148.2 31.5 | proj _11=1.6085 _22=2.8594 _33=1.00003 _43=-0.15 (aspect 1.778)
camera captured: pos 93.8 148.2 31.5 | proj _11=1.6085 _22=2.8594 _33=1.00003 _43=-0.15 (aspect 1.778)
camera captured: pos 93.8 148.2 31.5 | proj _11=1.6085 _22=2.8594 _33=1.00003 _43=-0.15 (aspect 1.778)
camera captured: pos 93.8 148.2 31.5 | proj _11=1.6085 _22=2.8594 _33=1.00003 _43=-0.15 (aspect 1.778)
camera captured: pos 93.8 148.2 31.5 | proj _11=1.6085 _22=2.8594 _33=1.00003 _43=-0.15 (aspect 1.778)
camera captured: pos 93.8 148.2 31.5 | proj _11=1.6085 _22=2.8594 _33=1.00003 _43=-0.15 (aspect 1.778)
camera captured: pos 93.8 148.2 31.5 | proj _11=1.6085 _22=2.8594 _33=1.00003 _43=-0.15 (aspect 1.778)
camera captured: pos 93.8 148.2 31.5 | proj _11=1.6085 _22=2.8594 _33=1.00003 _43=-0.15 (aspect 1.778)
camera captured: pos 93.8 148.2 31.5 | proj _11=1.6085 _22=2.8594 _33=1.00003 _43=-0.15 (aspect 1.778)
camera captured: pos 93.8 148.2 31.5 | proj _11=1.6085 _22=2.8594 _33=1.00003 _43=-0.15 (aspect 1.778)
camera captured: pos 93.8 148.2 31.5 | proj _11=1.6085 _22=2.8594 _33=1.00003 _43=-0.15 (aspect 1.778)
camera captured: pos 93.8 148.2 31.5 | proj _11=1.6085 _22=2.8594 _33=1.00003 _43=-0.15 (aspect 1.778)
camera captured: pos 93.8 148.2 31.5 | proj _11=1.6085 _22=2.8594 _33=1.00003 _43=-0.15 (aspect 1.778)
camera captured: pos 93.8 148.2 31.5 | proj _11=1.6085 _22=2.8594 _33=1.00003 _43=-0.15 (aspect 1.778)
camera captured: pos 93.8 148.2 31.5 | proj _11=1.6085 _22=2.8594 _33=1.00003 _43=-0.15 (aspect 1.778)
camera captured: pos 93.8 148.2 31.5 | proj _11=1.6085 _22=2.8594 _33=1.00003 _43=-0.15 (aspect 1.778)
camera captured: pos 93.8 148.2 31.5 | proj _11=1.6085 _22=2.8594 _33=1.00003 _43=-0.15 (aspect 1.778)
camera captured: pos 93.8 148.2 31.5 | proj _11=1.6085 _22=2.8594 _33=1.00003 _43=-0.15 (aspect 1.778)
camera captured: pos 93.8 148.2 31.5 | proj _11=1.6085 _22=2.8594 _33=1.00003 _43=-0.15 (aspect 1.778)
camera captured: pos 93.8 148.2 31.5 | proj _11=1.6085 _22=2.8594 _33=1.00003 _43=-0.15 (aspect 1.778)
camera captured: pos 93.8 148.2 31.5 | proj _11=1.6085 _22=2.8594 _33=1.00003 _43=-0.15 (aspect 1.778)
camera captured: pos 93.8 148.2 31.5 | proj _11=1.6085 _22=2.8594 _33=1.00003 _43=-0.15 (aspect 1.778)
camera captured: pos 93.8 148.2 31.5 | proj _11=1.6085 _22=2.8594 _33=1.00003 _43=-0.15 (aspect 1.778)
camera captured: pos 93.8 148.2 31.5 | proj _11=1.6085 _22=2.8594 _33=1.00003 _43=-0.15 (aspect 1.778)
camera captured: pos 93.8 148.2 31.5 | proj _11=1.6085 _22=2.8594 _33=1.00003 _43=-0.15 (aspect 1.778)
camera captured: pos 93.8 148.2 31.5 | proj _11=1.6085 _22=2.8594 _33=1.00003 _43=-0.15 (aspect 1.778)
camera captured: pos 93.8 148.2 31.5 | proj _11=1.6085 _22=2.8594 _33=1.00003 _43=-0.15 (aspect 1.778)
camera captured: pos 93.8 148.2 31.5 | proj _11=1.6085 _22=2.8594 _33=1.00003 _43=-0.15 (aspect 1.778)
camera captured: pos 93.8 148.2 31.5 | proj _11=1.6085 _22=2.8594 _33=1.00003 _43=-0.15 (aspect 1.778)
camera captured: pos 93.8 148.2 31.5 | proj _11=1.6085 _22=2.8594 _33=1.00003 _43=-0.15 (aspect 1.778)
camera captured: pos 93.8 148.2 31.5 | proj _11=1.6085 _22=2.8594 _33=1.00003 _43=-0.15 (aspect 1.778)
camera captured: pos 93.8 148.2 31.5 | proj _11=1.6085 _22=2.8594 _33=1.00003 _43=-0.15 (aspect 1.778)
camera captured: pos 93.8 148.2 31.5 | proj _11=1.6085 _22=2.8594 _33=1.00003 _43=-0.15 (aspect 1.778)
camera captured: pos 93.8 148.2 31.5 | proj _11=1.6085 _22=2.8594 _33=1.00003 _43=-0.15 (aspect 1.778)
camera captured: pos 93.8 148.2 31.5 | proj _11=1.6085 _22=2.8594 _33=1.00003 _43=-0.15 (aspect 1.778)
camera captured: pos 93.8 148.2 31.5 | proj _11=1.6085 _22=2.8594 _33=1.00003 _43=-0.15 (aspect 1.778)
camera captured: pos 93.8 148.2 31.5 | proj _11=1.6085 _22=2.8594 _33=1.00003 _43=-0.15 (aspect 1.778)
camera captured: pos 93.8 148.2 31.5 | proj _11=1.6085 _22=2.8594 _33=1.00003 _43=-0.15 (aspect 1.778)
camera captured: pos 93.8 148.2 31.5 | proj _11=1.6085 _22=2.8594 _33=1.00003 _43=-0.15 (aspect 1.778)
camera captured: pos 93.8 148.2 31.5 | proj _11=1.6085 _22=2.8594 _33=1.00003 _43=-0.15 (aspect 1.778)
camera captured: pos 93.8 148.2 31.5 | proj _11=1.6085 _22=2.8594 _33=1.00003 _43=-0.15 (aspect 1.778)
camera captured: pos 93.8 148.2 31.5 | proj _11=1.6085 _22=2.8594 _33=1.00003 _43=-0.15 (aspect 1.778)
camera captured: pos 93.8 148.2 31.5 | proj _11=1.6085 _22=2.8594 _33=1.00003 _43=-0.15 (aspect 1.778)
camera captured: pos 93.8 148.2 31.5 | proj _11=1.6085 _22=2.8594 _33=1.00003 _43=-0.15 (aspect 1.778)
camera captured: pos 93.8 148.2 31.5 | proj _11=1.6085 _22=2.8594 _33=1.00003 _43=-0.15 (aspect 1.778)
camera captured: pos 93.8 148.2 31.5 | proj _11=1.6085 _22=2.8594 _33=1.00003 _43=-0.15 (aspect 1.778)
camera captured: pos 93.8 148.2 31.5 | proj _11=1.6085 _22=2.8594 _33=1.00003 _43=-0.15 (aspect 1.778)
camera captured: pos 93.8 148.2 31.5 | proj _11=1.6085 _22=2.8594 _33=1.00003 _43=-0.15 (aspect 1.778)
camera captured: pos 93.8 148.2 31.5 | proj _11=1.6085 _22=2.8594 _33=1.00003 _43=-0.15 (aspect 1.778)
camera captured: pos 93.8 148.2 31.5 | proj _11=1.6085 _22=2.8594 _33=1.00003 _43=-0.15 (aspect 1.778)
camera captured: pos 93.8 148.2 31.5 | proj _11=1.6085 _22=2.8594 _33=1.00003 _43=-0.15 (aspect 1.778)
camera captured: pos 93.8 148.2 31.5 | proj _11=1.6085 _22=2.8594 _33=1.00003 _43=-0.15 (aspect 1.778)
camera captured: pos 93.8 148.2 31.5 | proj _11=1.6085 _22=2.8594 _33=1.00003 _43=-0.15 (aspect 1.778)
camera captured: pos 93.8 148.2 31.5 | proj _11=1.6085 _22=2.8594 _33=1.00003 _43=-0.15 (aspect 1.778)
camera captured: pos 93.8 148.2 31.5 | proj _11=1.6085 _22=2.8594 _33=1.00003 _43=-0.15 (aspect 1.778)
camera captured: pos 93.8 148.2 31.5 | proj _11=1.6085 _22=2.8594 _33=1.00003 _43=-0.15 (aspect 1.778)
camera captured: pos 93.8 148.2 31.5 | proj _11=1.6085 _22=2.8594 _33=1.00003 _43=-0.15 (aspect 1.778)
camera captured: pos 93.8 148.2 31.5 | proj _11=1.6085 _22=2.8594 _33=1.00003 _43=-0.15 (aspect 1.778)
camera captured: pos 93.8 148.2 31.5 | proj _11=1.6085 _22=2.8594 _33=1.00003 _43=-0.15 (aspect 1.778)
camera captured: pos 93.8 148.2 31.5 | proj _11=1.6085 _22=2.8594 _33=1.00003 _43=-0.15 (aspect 1.778)
camera captured: pos 93.8 148.2 31.5 | proj _11=1.6085 _22=2.8594 _33=1.00003 _43=-0.15 (aspect 1.778)
camera captured: pos 93.8 148.2 31.5 | proj _11=1.6085 _22=2.8594 _33=1.00003 _43=-0.15 (aspect 1.778)
camera captured: pos 93.8 148.2 31.5 | proj _11=1.6085 _22=2.8594 _33=1.00003 _43=-0.15 (aspect 1.778)
camera captured: pos 93.8 148.2 31.5 | proj _11=1.6085 _22=2.8594 _33=1.00003 _43=-0.15 (aspect 1.778)
camera captured: pos 93.8 148.2 31.5 | proj _11=1.6085 _22=2.8594 _33=1.00003 _43=-0.15 (aspect 1.778)
camera captured: pos 93.8 148.2 31.5 | proj _11=1.6085 _22=2.8594 _33=1.00003 _43=-0.15 (aspect 1.778)
camera captured: pos 93.8 148.2 31.5 | proj _11=1.6085 _22=2.8594 _33=1.00003 _43=-0.15 (aspect 1.778)
camera captured: pos 93.8 148.2 31.5 | proj _11=1.6085 _22=2.8594 _33=1.00003 _43=-0.15 (aspect 1.778)
camera captured: pos 93.8 148.2 31.5 | proj _11=1.6085 _22=2.8594 _33=1.00003 _43=-0.15 (aspect 1.778)
camera captured: pos 93.8 148.2 31.5 | proj _11=1.6085 _22=2.8594 _33=1.00003 _43=-0.15 (aspect 1.778)
camera captured: pos 93.8 148.2 31.5 | proj _11=1.6085 _22=2.8594 _33=1.00003 _43=-0.15 (aspect 1.778)
camera captured: pos 93.8 148.2 31.5 | proj _11=1.6085 _22=2.8594 _33=1.00003 _43=-0.15 (aspect 1.778)
camera captured: pos 93.8 148.2 31.5 | proj _11=1.6085 _22=2.8594 _33=1.00003 _43=-0.15 (aspect 1.778)
camera captured: pos 93.8 148.2 31.5 | proj _11=1.6085 _22=2.8594 _33=1.00003 _43=-0.15 (aspect 1.778)
camera captured: pos 93.8 148.2 31.5 | proj _11=1.6085 _22=2.8594 _33=1.00003 _43=-0.15 (aspect 1.778)
camera captured: pos 93.8 148.2 31.5 | proj _11=1.6085 _22=2.8594 _33=1.00003 _43=-0.15 (aspect 1.778)
camera captured: pos 93.8 148.2 31.5 | proj _11=1.6085 _22=2.8594 _33=1.00003 _43=-0.15 (aspect 1.778)
camera captured: pos 93.8 148.2 31.5 | proj _11=1.6085 _22=2.8594 _33=1.00003 _43=-0.15 (aspect 1.778)
camera captured: pos 93.8 148.2 31.5 | proj _11=1.6085 _22=2.8594 _33=1.00003 _43=-0.15 (aspect 1.778)
camera captured: pos 93.8 148.2 31.5 | proj _11=1.6085 _22=2.8594 _33=1.00003 _43=-0.15 (aspect 1.778)
camera captured: pos 93.8 148.2 31.5 | proj _11=1.6085 _22=2.8594 _33=1.00003 _43=-0.15 (aspect 1.778)
camera captured: pos 93.8 148.2 31.5 | proj _11=1.6085 _22=2.8594 _33=1.00003 _43=-0.15 (aspect 1.778)
camera captured: pos 93.8 148.2 31.5 | proj _11=1.6085 _22=2.8594 _33=1.00003 _43=-0.15 (aspect 1.778)
camera captured: pos 93.8 148.2 31.5 | proj _11=1.6085 _22=2.8594 _33=1.00003 _43=-0.15 (aspect 1.778)
camera captured: pos 93.8 148.2 31.5 | proj _11=1.6085 _22=2.8594 _33=1.00003 _43=-0.15 (aspect 1.778)
camera captured: pos 93.8 148.2 31.5 | proj _11=1.6085 _22=2.8594 _33=1.00003 _43=-0.15 (aspect 1.778)
camera captured: pos 93.8 148.2 31.5 | proj _11=1.6085 _22=2.8594 _33=1.00003 _43=-0.15 (aspect 1.778)
camera captured: pos 93.8 148.2 31.6 | proj _11=1.6085 _22=2.8594 _33=1.00003 _43=-0.15 (aspect 1.778)
camera captured: pos 93.8 148.2 31.6 | proj _11=1.6085 _22=2.8594 _33=1.00003 _43=-0.15 (aspect 1.778)
camera captured: pos 93.8 148.2 31.6 | proj _11=1.6085 _22=2.8594 _33=1.00003 _43=-0.15 (aspect 1.778)
camera captured: pos 93.8 148.2 31.6 | proj _11=1.6085 _22=2.8594 _33=1.00003 _43=-0.15 (aspect 1.778)
camera captured: pos 93.8 148.2 31.6 | proj _11=1.6085 _22=2.8594 _33=1.00003 _43=-0.15 (aspect 1.778)
camera captured: pos 93.8 148.2 31.6 | proj _11=1.6085 _22=2.8594 _33=1.00003 _43=-0.15 (aspect 1.778)
camera captured: pos 93.8 148.2 31.6 | proj _11=1.6085 _22=2.8594 _33=1.00003 _43=-0.15 (aspect 1.778)
camera captured: pos 93.8 148.2 31.6 | proj _11=1.6085 _22=2.8594 _33=1.00003 _43=-0.15 (aspect 1.778)
camera captured: pos 93.8 148.2 31.6 | proj _11=1.6085 _22=2.8594 _33=1.00003 _43=-0.15 (aspect 1.778)
camera captured: pos 93.8 148.2 31.6 | proj _11=1.6085 _22=2.8594 _33=1.00003 _43=-0.15 (aspect 1.778)
camera captured: pos 93.8 148.2 31.6 | proj _11=1.6085 _22=2.8594 _33=1.00003 _43=-0.15 (aspect 1.778)
camera captured: pos 93.8 148.2 31.6 | proj _11=1.6085 _22=2.8594 _33=1.00003 _43=-0.15 (aspect 1.778)
camera captured: pos 93.8 148.2 31.6 | proj _11=1.6085 _22=2.8594 _33=1.00003 _43=-0.15 (aspect 1.778)
camera captured: pos 93.8 148.2 31.6 | proj _11=1.6085 _22=2.8594 _33=1.00003 _43=-0.15 (aspect 1.778)
camera captured: pos 93.8 148.2 31.6 | proj _11=1.6085 _22=2.8594 _33=1.00003 _43=-0.15 (aspect 1.778)
camera captured: pos 93.8 148.2 31.6 | proj _11=1.6085 _22=2.8594 _33=1.00003 _43=-0.15 (aspect 1.778)
camera captured: pos 93.8 148.2 31.6 | proj _11=1.6085 _22=2.8594 _33=1.00003 _43=-0.15 (aspect 1.778)
camera captured: pos 93.8 148.2 31.6 | proj _11=1.6085 _22=2.8594 _33=1.00003 _43=-0.15 (aspect 1.778)
camera captured: pos 93.8 148.2 31.6 | proj _11=1.6085 _22=2.8594 _33=1.00003 _43=-0.15 (aspect 1.778)
camera captured: pos 93.8 148.2 31.6 | proj _11=1.6085 _22=2.8594 _33=1.00003 _43=-0.15 (aspect 1.778)
camera captured: pos 93.8 148.2 31.6 | proj _11=1.6085 _22=2.8594 _33=1.00003 _43=-0.15 (aspect 1.778)
camera captured: pos 93.8 148.2 31.6 | proj _11=1.6085 _22=2.8594 _33=1.00003 _43=-0.15 (aspect 1.778)
camera captured: pos 93.8 148.2 31.6 | proj _11=1.6085 _22=2.8594 _33=1.00003 _43=-0.15 (aspect 1.778)
camera captured: pos 93.8 148.2 31.6 | proj _11=1.6085 _22=2.8594 _33=1.00003 _43=-0.15 (aspect 1.778)
camera captured: pos 93.8 148.2 31.6 | proj _11=1.6085 _22=2.8594 _33=1.00003 _43=-0.15 (aspect 1.778)
camera captured: pos 93.8 148.2 31.6 | proj _11=1.6085 _22=2.8594 _33=1.00003 _43=-0.15 (aspect 1.778)
camera captured: pos 93.8 148.2 31.6 | proj _11=1.6085 _22=2.8594 _33=1.00003 _43=-0.15 (aspect 1.778)
camera captured: pos 93.8 148.2 31.6 | proj _11=1.6085 _22=2.8594 _33=1.00003 _43=-0.15 (aspect 1.778)
camera captured: pos 93.8 148.2 31.6 | proj _11=1.6085 _22=2.8594 _33=1.00003 _43=-0.15 (aspect 1.778)
camera captured: pos 93.8 148.2 31.6 | proj _11=1.6085 _22=2.8594 _33=1.00003 _43=-0.15 (aspect 1.778)
camera captured: pos 93.8 148.2 31.6 | proj _11=1.6085 _22=2.8594 _33=1.00003 _43=-0.15 (aspect 1.778)
camera captured: pos 93.8 148.2 31.6 | proj _11=1.6085 _22=2.8594 _33=1.00003 _43=-0.15 (aspect 1.778)
camera captured: pos 93.8 148.2 31.6 | proj _11=1.6085 _22=2.8594 _33=1.00003 _43=-0.15 (aspect 1.778)
camera captured: pos 93.8 148.2 31.6 | proj _11=1.6085 _22=2.8594 _33=1.00003 _43=-0.15 (aspect 1.778)
camera captured: pos 93.8 148.2 31.6 | proj _11=1.6085 _22=2.8594 _33=1.00003 _43=-0.15 (aspect 1.778)
camera captured: pos 93.8 148.2 31.6 | proj _11=1.6085 _22=2.8594 _33=1.00003 _43=-0.15 (aspect 1.778)
camera captured: pos 93.8 148.2 31.6 | proj _11=1.6085 _22=2.8594 _33=1.00003 _43=-0.15 (aspect 1.778)
camera captured: pos 93.8 148.2 31.6 | proj _11=1.6085 _22=2.8594 _33=1.00003 _43=-0.15 (aspect 1.778)
camera captured: pos 93.8 148.2 31.6 | proj _11=1.6085 _22=2.8594 _33=1.00003 _43=-0.15 (aspect 1.778)
camera captured: pos 93.8 148.2 31.6 | proj _11=1.6085 _22=2.8594 _33=1.00003 _43=-0.15 (aspect 1.778)
camera captured: pos 93.8 148.2 31.6 | proj _11=1.6085 _22=2.8594 _33=1.00003 _43=-0.15 (aspect 1.778)
camera captured: pos 93.8 148.2 31.6 | proj _11=1.6085 _22=2.8594 _33=1.00003 _43=-0.15 (aspect 1.778)
camera captured: pos 93.8 148.2 31.6 | proj _11=1.6085 _22=2.8594 _33=1.00003 _43=-0.15 (aspect 1.778)
camera captured: pos 93.8 148.2 31.6 | proj _11=1.6085 _22=2.8594 _33=1.00003 _43=-0.15 (aspect 1.778)
camera captured: pos 93.8 148.2 31.6 | proj _11=1.6085 _22=2.8594 _33=1.00003 _43=-0.15 (aspect 1.778)
camera captured: pos 93.8 148.2 31.6 | proj _11=1.6085 _22=2.8594 _33=1.00003 _43=-0.15 (aspect 1.778)
camera captured: pos 93.8 148.2 31.6 | proj _11=1.6085 _22=2.8594 _33=1.00003 _43=-0.15 (aspect 1.778)
camera captured: pos 93.8 148.2 31.6 | proj _11=1.6085 _22=2.8594 _33=1.00003 _43=-0.15 (aspect 1.778)
camera captured: pos 93.8 148.2 31.6 | proj _11=1.6085 _22=2.8594 _33=1.00003 _43=-0.15 (aspect 1.778)
camera captured: pos 93.8 148.2 31.6 | proj _11=1.6085 _22=2.8594 _33=1.00003 _43=-0.15 (aspect 1.778)
camera captured: pos 93.8 148.2 31.6 | proj _11=1.6085 _22=2.8594 _33=1.00003 _43=-0.15 (aspect 1.778)
camera captured: pos 93.8 148.2 31.6 | proj _11=1.6085 _22=2.8594 _33=1.00003 _43=-0.15 (aspect 1.778)
camera captured: pos 93.8 148.2 31.6 | proj _11=1.6085 _22=2.8594 _33=1.00003 _43=-0.15 (aspect 1.778)
camera captured: pos 93.8 148.2 31.6 | proj _11=1.6085 _22=2.8594 _33=1.00003 _43=-0.15 (aspect 1.778)
camera captured: pos 93.8 148.2 31.6 | proj _11=1.6085 _22=2.8594 _33=1.00003 _43=-0.15 (aspect 1.778)
camera captured: pos 93.8 148.2 31.6 | proj _11=1.6085 _22=2.8594 _33=1.00003 _43=-0.15 (aspect 1.778)
camera captured: pos 93.8 148.2 31.6 | proj _11=1.6085 _22=2.8594 _33=1.00003 _43=-0.15 (aspect 1.778)
camera captured: pos 93.8 148.2 31.6 | proj _11=1.6085 _22=2.8594 _33=1.00003 _43=-0.15 (aspect 1.778)
camera captured: pos 93.8 148.2 31.6 | proj _11=1.6085 _22=2.8594 _33=1.00003 _43=-0.15 (aspect 1.778)
camera captured: pos 93.8 148.2 31.6 | proj _11=1.6085 _22=2.8594 _33=1.00003 _43=-0.15 (aspect 1.778)
camera captured: pos 93.8 148.2 31.6 | proj _11=1.6085 _22=2.8594 _33=1.00003 _43=-0.15 (aspect 1.778)
camera captured: pos 93.8 148.2 31.6 | proj _11=1.6085 _22=2.8594 _33=1.00003 _43=-0.15 (aspect 1.778)
camera captured: pos 93.8 148.2 31.6 | proj _11=1.6085 _22=2.8594 _33=1.00003 _43=-0.15 (aspect 1.778)
camera captured: pos 93.8 148.2 31.6 | proj _11=1.6085 _22=2.8594 _33=1.00003 _43=-0.15 (aspect 1.778)
camera captured: pos 93.8 148.2 31.6 | proj _11=1.6085 _22=2.8594 _33=1.00003 _43=-0.15 (aspect 1.778)
camera captured: pos 93.8 148.2 31.6 | proj _11=1.6085 _22=2.8594 _33=1.00003 _43=-0.15 (aspect 1.778)
camera captured: pos 93.8 148.2 31.6 | proj _11=1.6085 _22=2.8594 _33=1.00003 _43=-0.15 (aspect 1.778)
camera captured: pos 93.8 148.2 31.6 | proj _11=1.6085 _22=2.8594 _33=1.00003 _43=-0.15 (aspect 1.778)
camera captured: pos 93.8 148.2 31.6 | proj _11=1.6085 _22=2.8594 _33=1.00003 _43=-0.15 (aspect 1.778)
camera captured: pos 93.8 148.2 31.6 | proj _11=1.6085 _22=2.8594 _33=1.00003 _43=-0.15 (aspect 1.778)
camera captured: pos 93.8 148.2 31.6 | proj _11=1.6085 _22=2.8594 _33=1.00003 _43=-0.15 (aspect 1.778)
camera captured: pos 93.8 148.2 31.6 | proj _11=1.6085 _22=2.8594 _33=1.00003 _43=-0.15 (aspect 1.778)
camera captured: pos 93.8 148.2 31.6 | proj _11=1.6085 _22=2.8594 _33=1.00003 _43=-0.15 (aspect 1.778)
camera captured: pos 93.8 148.2 31.6 | proj _11=1.6085 _22=2.8594 _33=1.00003 _43=-0.15 (aspect 1.778)
camera captured: pos 93.8 148.2 31.6 | proj _11=1.6085 _22=2.8594 _33=1.00003 _43=-0.15 (aspect 1.778)
camera captured: pos 93.8 148.2 31.6 | proj _11=1.6085 _22=2.8594 _33=1.00003 _43=-0.15 (aspect 1.778)
camera captured: pos 93.8 148.2 31.6 | proj _11=1.6085 _22=2.8594 _33=1.00003 _43=-0.15 (aspect 1.778)
camera captured: pos 93.8 148.2 31.6 | proj _11=1.6085 _22=2.8594 _33=1.00003 _43=-0.15 (aspect 1.778)
camera captured: pos 93.8 148.2 31.6 | proj _11=1.6085 _22=2.8594 _33=1.00003 _43=-0.15 (aspect 1.778)
camera captured: pos 93.8 148.2 31.6 | proj _11=1.6085 _22=2.8594 _33=1.00003 _43=-0.15 (aspect 1.778)
camera captured: pos 93.8 148.2 31.6 | proj _11=1.6085 _22=2.8594 _33=1.00003 _43=-0.15 (aspect 1.778)
camera captured: pos 93.8 148.2 31.6 | proj _11=1.6085 _22=2.8594 _33=1.00003 _43=-0.15 (aspect 1.778)
camera captured: pos 93.8 148.2 31.6 | proj _11=1.6085 _22=2.8594 _33=1.00003 _43=-0.15 (aspect 1.778)
camera captured: pos 93.8 148.2 31.6 | proj _11=1.6085 _22=2.8594 _33=1.00003 _43=-0.15 (aspect 1.778)
camera captured: pos 93.8 148.2 31.6 | proj _11=1.6085 _22=2.8594 _33=1.00003 _43=-0.15 (aspect 1.778)
camera captured: pos 93.8 148.2 31.6 | proj _11=1.6085 _22=2.8594 _33=1.00003 _43=-0.15 (aspect 1.778)
camera captured: pos 93.8 148.2 31.6 | proj _11=1.6085 _22=2.8594 _33=1.00003 _43=-0.15 (aspect 1.778)
camera captured: pos 93.8 148.2 31.6 | proj _11=1.6085 _22=2.8594 _33=1.00003 _43=-0.15 (aspect 1.778)
camera captured: pos 93.8 148.2 31.6 | proj _11=1.6085 _22=2.8594 _33=1.00003 _43=-0.15 (aspect 1.778)
camera captured: pos 93.8 148.2 31.6 | proj _11=1.6085 _22=2.8594 _33=1.00003 _43=-0.15 (aspect 1.778)
camera captured: pos 93.8 148.2 31.6 | proj _11=1.6085 _22=2.8594 _33=1.00003 _43=-0.15 (aspect 1.778)
camera captured: pos 93.8 148.2 31.6 | proj _11=1.6085 _22=2.8594 _33=1.00003 _43=-0.15 (aspect 1.778)
camera captured: pos 93.8 148.2 31.6 | proj _11=1.6085 _22=2.8594 _33=1.00003 _43=-0.15 (aspect 1.778)
camera captured: pos 93.8 148.2 31.6 | proj _11=1.6085 _22=2.8594 _33=1.00003 _43=-0.15 (aspect 1.778)
camera captured: pos 93.8 148.2 31.6 | proj _11=1.6085 _22=2.8594 _33=1.00003 _43=-0.15 (aspect 1.778)
camera captured: pos 93.8 148.2 31.6 | proj _11=1.6085 _22=2.8594 _33=1.00003 _43=-0.15 (aspect 1.778)
camera captured: pos 93.8 148.2 31.6 | proj _11=1.6085 _22=2.8594 _33=1.00003 _43=-0.15 (aspect 1.778)
camera captured: pos 93.8 148.2 31.6 | proj _11=1.6085 _22=2.8594 _33=1.00003 _43=-0.15 (aspect 1.778)
camera captured: pos 93.8 148.2 31.6 | proj _11=1.6085 _22=2.8594 _33=1.00003 _43=-0.15 (aspect 1.778)
camera captured: pos 93.8 148.2 31.6 | proj _11=1.6085 _22=2.8594 _33=1.00003 _43=-0.15 (aspect 1.778)
camera captured: pos 93.8 148.2 31.6 | proj _11=1.6085 _22=2.8594 _33=1.00003 _43=-0.15 (aspect 1.778)
camera captured: pos 93.8 148.2 31.6 | proj _11=1.6085 _22=2.8594 _33=1.00003 _43=-0.15 (aspect 1.778)
camera captured: pos 93.8 148.2 31.6 | proj _11=1.6085 _22=2.8594 _33=1.00003 _43=-0.15 (aspect 1.778)
camera captured: pos 93.8 148.2 31.6 | proj _11=1.6085 _22=2.8594 _33=1.00003 _43=-0.15 (aspect 1.778)
camera captured: pos 93.8 148.2 31.6 | proj _11=1.6085 _22=2.8594 _33=1.00003 _43=-0.15 (aspect 1.778)
camera captured: pos 93.8 148.2 31.6 | proj _11=1.6085 _22=2.8594 _33=1.00003 _43=-0.15 (aspect 1.778)
camera captured: pos 93.8 148.2 31.6 | proj _11=1.6085 _22=2.8594 _33=1.00003 _43=-0.15 (aspect 1.778)
camera captured: pos 93.8 148.2 31.6 | proj _11=1.6085 _22=2.8594 _33=1.00003 _43=-0.15 (aspect 1.778)
camera captured: pos 93.8 148.2 31.6 | proj _11=1.6085 _22=2.8594 _33=1.00003 _43=-0.15 (aspect 1.778)
camera captured: pos 93.8 148.2 31.6 | proj _11=1.6085 _22=2.8594 _33=1.00003 _43=-0.15 (aspect 1.778)
camera captured: pos 93.8 148.2 31.6 | proj _11=1.6085 _22=2.8594 _33=1.00003 _43=-0.15 (aspect 1.778)
camera captured: pos 93.8 148.2 31.6 | proj _11=1.6085 _22=2.8594 _33=1.00003 _43=-0.15 (aspect 1.778)
camera captured: pos 93.8 148.2 31.6 | proj _11=1.6085 _22=2.8594 _33=1.00003 _43=-0.15 (aspect 1.778)
camera captured: pos 93.8 148.2 31.6 | proj _11=1.6085 _22=2.8594 _33=1.00003 _43=-0.15 (aspect 1.778)
camera captured: pos 93.8 148.2 31.6 | proj _11=1.6085 _22=2.8594 _33=1.00003 _43=-0.15 (aspect 1.778)
camera captured: pos 93.8 148.2 31.6 | proj _11=1.6085 _22=2.8594 _33=1.00003 _43=-0.15 (aspect 1.778)
camera captured: pos 93.8 148.2 31.6 | proj _11=1.6085 _22=2.8594 _33=1.00003 _43=-0.15 (aspect 1.778)
camera captured: pos 93.8 148.2 31.6 | proj _11=1.6085 _22=2.8594 _33=1.00003 _43=-0.15 (aspect 1.778)
camera captured: pos 93.8 148.2 31.6 | proj _11=1.6085 _22=2.8594 _33=1.00003 _43=-0.15 (aspect 1.778)
camera captured: pos 93.8 148.2 31.6 | proj _11=1.6085 _22=2.8594 _33=1.00003 _43=-0.15 (aspect 1.778)
camera captured: pos 93.8 148.2 31.6 | proj _11=1.6085 _22=2.8594 _33=1.00003 _43=-0.15 (aspect 1.778)
camera captured: pos 93.8 148.2 31.6 | proj _11=1.6085 _22=2.8594 _33=1.00003 _43=-0.15 (aspect 1.778)
camera captured: pos 93.8 148.2 31.6 | proj _11=1.6085 _22=2.8594 _33=1.00003 _43=-0.15 (aspect 1.778)
camera captured: pos 93.8 148.2 31.6 | proj _11=1.6085 _22=2.8594 _33=1.00003 _43=-0.15 (aspect 1.778)
camera captured: pos 93.8 148.2 31.6 | proj _11=1.6085 _22=2.8594 _33=1.00003 _43=-0.15 (aspect 1.778)
camera captured: pos 93.8 148.2 31.6 | proj _11=1.6085 _22=2.8594 _33=1.00003 _43=-0.15 (aspect 1.778)
camera captured: pos 93.8 148.2 31.6 | proj _11=1.6085 _22=2.8594 _33=1.00003 _43=-0.15 (aspect 1.778)
camera captured: pos 93.8 148.2 31.6 | proj _11=1.6085 _22=2.8594 _33=1.00003 _43=-0.15 (aspect 1.778)
camera captured: pos 93.8 148.2 31.6 | proj _11=1.6085 _22=2.8594 _33=1.00003 _43=-0.15 (aspect 1.778)
camera captured: pos 93.8 148.2 31.6 | proj _11=1.6085 _22=2.8594 _33=1.00003 _43=-0.15 (aspect 1.778)
camera captured: pos 93.8 148.2 31.6 | proj _11=1.6085 _22=2.8594 _33=1.00003 _43=-0.15 (aspect 1.778)
camera captured: pos 93.8 148.2 31.6 | proj _11=1.6085 _22=2.8594 _33=1.00003 _43=-0.15 (aspect 1.778)
camera captured: pos 93.8 148.2 31.6 | proj _11=1.6085 _22=2.8594 _33=1.00003 _43=-0.15 (aspect 1.778)
camera captured: pos 93.8 148.2 31.6 | proj _11=1.6085 _22=2.8594 _33=1.00003 _43=-0.15 (aspect 1.778)
camera captured: pos 93.8 148.2 31.6 | proj _11=1.6085 _22=2.8594 _33=1.00003 _43=-0.15 (aspect 1.778)
camera captured: pos 93.8 148.2 31.6 | proj _11=1.6085 _22=2.8594 _33=1.00003 _43=-0.15 (aspect 1.778)
camera captured: pos 93.8 148.2 31.6 | proj _11=1.6085 _22=2.8594 _33=1.00003 _43=-0.15 (aspect 1.778)
camera captured: pos 93.8 148.2 31.6 | proj _11=1.6085 _22=2.8594 _33=1.00003 _43=-0.15 (aspect 1.778)
camera captured: pos 93.8 148.2 31.6 | proj _11=1.6085 _22=2.8594 _33=1.00003 _43=-0.15 (aspect 1.778)
camera captured: pos 93.8 148.2 31.6 | proj _11=1.6085 _22=2.8594 _33=1.00003 _43=-0.15 (aspect 1.778)
camera captured: pos 93.8 148.2 31.6 | proj _11=1.6085 _22=2.8594 _33=1.00003 _43=-0.15 (aspect 1.778)
camera captured: pos 93.8 148.2 31.6 | proj _11=1.6085 _22=2.8594 _33=1.00003 _43=-0.15 (aspect 1.778)
camera captured: pos 93.8 148.2 31.6 | proj _11=1.6085 _22=2.8594 _33=1.00003 _43=-0.15 (aspect 1.778)
camera captured: pos 93.8 148.2 31.6 | proj _11=1.6085 _22=2.8594 _33=1.00003 _43=-0.15 (aspect 1.778)
camera captured: pos 93.8 148.2 31.6 | proj _11=1.6085 _22=2.8594 _33=1.00003 _43=-0.15 (aspect 1.778)
camera captured: pos 93.8 148.2 31.6 | proj _11=1.6085 _22=2.8594 _33=1.00003 _43=-0.15 (aspect 1.778)
camera captured: pos 93.8 148.2 31.6 | proj _11=1.6085 _22=2.8594 _33=1.00003 _43=-0.15 (aspect 1.778)
camera captured: pos 93.8 148.2 31.6 | proj _11=1.6085 _22=2.8594 _33=1.00003 _43=-0.15 (aspect 1.778)
camera captured: pos 93.8 148.2 31.6 | proj _11=1.6085 _22=2.8594 _33=1.00003 _43=-0.15 (aspect 1.778)
camera captured: pos 93.8 148.2 31.6 | proj _11=1.6085 _22=2.8594 _33=1.00003 _43=-0.15 (aspect 1.778)
camera captured: pos 93.8 148.2 31.6 | proj _11=1.6085 _22=2.8594 _33=1.00003 _43=-0.15 (aspect 1.778)
camera captured: pos 93.8 148.2 31.6 | proj _11=1.6085 _22=2.8594 _33=1.00003 _43=-0.15 (aspect 1.778)
camera captured: pos 93.8 148.2 31.6 | proj _11=1.6085 _22=2.8594 _33=1.00003 _43=-0.15 (aspect 1.778)
camera captured: pos 93.8 148.2 31.6 | proj _11=1.6085 _22=2.8594 _33=1.00003 _43=-0.15 (aspect 1.778)
camera captured: pos 93.8 148.2 31.6 | proj _11=1.6085 _22=2.8594 _33=1.00003 _43=-0.15 (aspect 1.778)
camera captured: pos 93.8 148.2 31.6 | proj _11=1.6085 _22=2.8594 _33=1.00003 _43=-0.15 (aspect 1.778)
camera captured: pos 93.8 148.2 31.6 | proj _11=1.6085 _22=2.8594 _33=1.00003 _43=-0.15 (aspect 1.778)
camera captured: pos 93.8 148.2 31.6 | proj _11=1.6085 _22=2.8594 _33=1.00003 _43=-0.15 (aspect 1.778)
camera captured: pos 93.8 148.2 31.6 | proj _11=1.6085 _22=2.8594 _33=1.00003 _43=-0.15 (aspect 1.778)
camera captured: pos 93.8 148.2 31.6 | proj _11=1.6085 _22=2.8594 _33=1.00003 _43=-0.15 (aspect 1.778)
camera captured: pos 93.8 148.2 31.6 | proj _11=1.6085 _22=2.8594 _33=1.00003 _43=-0.15 (aspect 1.778)
camera captured: pos 93.8 148.2 31.6 | proj _11=1.6085 _22=2.8594 _33=1.00003 _43=-0.15 (aspect 1.778)
camera captured: pos 93.8 148.2 31.6 | proj _11=1.6085 _22=2.8594 _33=1.00003 _43=-0.15 (aspect 1.778)
camera captured: pos 93.8 148.2 31.6 | proj _11=1.6085 _22=2.8594 _33=1.00003 _43=-0.15 (aspect 1.778)
camera captured: pos 93.8 148.2 31.6 | proj _11=1.6085 _22=2.8594 _33=1.00003 _43=-0.15 (aspect 1.778)
camera captured: pos 93.8 148.2 31.6 | proj _11=1.6085 _22=2.8594 _33=1.00003 _43=-0.15 (aspect 1.778)
camera captured: pos 93.8 148.2 31.6 | proj _11=1.6085 _22=2.8594 _33=1.00003 _43=-0.15 (aspect 1.778)
camera captured: pos 93.8 148.2 31.6 | proj _11=1.6085 _22=2.8594 _33=1.00003 _43=-0.15 (aspect 1.778)
camera captured: pos 93.8 148.2 31.6 | proj _11=1.6085 _22=2.8594 _33=1.00003 _43=-0.15 (aspect 1.778)
camera captured: pos 93.8 148.2 31.6 | proj _11=1.6085 _22=2.8594 _33=1.00003 _43=-0.15 (aspect 1.778)
frame 3600 | draws 1985/frame | FFP converted 1504/frame (75.7%) | far substitutions 1504/frame
    not converted: screen-space 14  skinned 86  depth-only 375  ortho 0  no camera 0  other 6  (per frame)
    albedo: moved off stage 0 135/frame, blanked 585/frame | RT textures known 94 | lights 6.4/frame (24 shaders)
    camera 93.8 148.2 31.6 | transform writes 288/frame | redundant state calls dropped 30069/frame
camera captured: pos 93.8 148.2 31.6 | proj _11=1.6085 _22=2.8594 _33=1.00003 _43=-0.15 (aspect 1.778)
camera captured: pos 93.8 148.2 31.6 | proj _11=1.6085 _22=2.8594 _33=1.00003 _43=-0.15 (aspect 1.778)
camera captured: pos 93.8 148.2 31.6 | proj _11=1.6085 _22=2.8594 _33=1.00003 _43=-0.15 (aspect 1.778)
camera captured: pos 93.8 148.2 31.6 | proj _11=1.6085 _22=2.8594 _33=1.00003 _43=-0.15 (aspect 1.778)
camera captured: pos 93.8 148.2 31.6 | proj _11=1.6085 _22=2.8594 _33=1.00003 _43=-0.15 (aspect 1.778)
camera captured: pos 93.8 148.2 31.6 | proj _11=1.6085 _22=2.8594 _33=1.00003 _43=-0.15 (aspect 1.778)
camera captured: pos 93.8 148.2 31.6 | proj _11=1.6085 _22=2.8594 _33=1.00003 _43=-0.15 (aspect 1.778)
camera captured: pos 93.8 148.2 31.6 | proj _11=1.6085 _22=2.8594 _33=1.00003 _43=-0.15 (aspect 1.778)
camera captured: pos 93.8 148.2 31.6 | proj _11=1.6085 _22=2.8594 _33=1.00003 _43=-0.15 (aspect 1.778)
camera captured: pos 93.8 148.2 31.6 | proj _11=1.6085 _22=2.8594 _33=1.00003 _43=-0.15 (aspect 1.778)
camera captured: pos 93.8 148.2 31.6 | proj _11=1.6085 _22=2.8594 _33=1.00003 _43=-0.15 (aspect 1.778)
camera captured: pos 93.8 148.2 31.6 | proj _11=1.6085 _22=2.8594 _33=1.00003 _43=-0.15 (aspect 1.778)
camera captured: pos 93.8 148.2 31.6 | proj _11=1.6085 _22=2.8594 _33=1.00003 _43=-0.15 (aspect 1.778)
camera captured: pos 93.8 148.2 31.6 | proj _11=1.6085 _22=2.8594 _33=1.00003 _43=-0.15 (aspect 1.778)
camera captured: pos 93.8 148.2 31.6 | proj _11=1.6085 _22=2.8594 _33=1.00003 _43=-0.15 (aspect 1.778)
camera captured: pos 93.8 148.2 31.6 | proj _11=1.6085 _22=2.8594 _33=1.00003 _43=-0.15 (aspect 1.778)
camera captured: pos 93.8 148.2 31.6 | proj _11=1.6085 _22=2.8594 _33=1.00003 _43=-0.15 (aspect 1.778)
camera captured: pos 93.8 148.2 31.6 | proj _11=1.6085 _22=2.8594 _33=1.00003 _43=-0.15 (aspect 1.778)
camera captured: pos 93.8 148.2 31.6 | proj _11=1.6085 _22=2.8594 _33=1.00003 _43=-0.15 (aspect 1.778)
camera captured: pos 93.8 148.2 31.6 | proj _11=1.6085 _22=2.8594 _33=1.00003 _43=-0.15 (aspect 1.778)
camera captured: pos 93.8 148.2 31.6 | proj _11=1.6085 _22=2.8594 _33=1.00003 _43=-0.15 (aspect 1.778)
camera captured: pos 93.8 148.2 31.6 | proj _11=1.6085 _22=2.8594 _33=1.00003 _43=-0.15 (aspect 1.778)
camera captured: pos 93.8 148.2 31.6 | proj _11=1.6085 _22=2.8594 _33=1.00003 _43=-0.15 (aspect 1.778)
camera captured: pos 93.8 148.2 31.6 | proj _11=1.6085 _22=2.8594 _33=1.00003 _43=-0.15 (aspect 1.778)
camera captured: pos 93.8 148.2 31.6 | proj _11=1.6085 _22=2.8594 _33=1.00003 _43=-0.15 (aspect 1.778)
camera captured: pos 93.8 148.2 31.6 | proj _11=1.6085 _22=2.8594 _33=1.00003 _43=-0.15 (aspect 1.778)
camera captured: pos 93.8 148.2 31.6 | proj _11=1.6085 _22=2.8594 _33=1.00003 _43=-0.15 (aspect 1.778)
camera captured: pos 93.8 148.2 31.6 | proj _11=1.6085 _22=2.8594 _33=1.00003 _43=-0.15 (aspect 1.778)
camera captured: pos 93.8 148.2 31.6 | proj _11=1.6085 _22=2.8594 _33=1.00003 _43=-0.15 (aspect 1.778)
camera captured: pos 93.8 148.2 31.6 | proj _11=1.6085 _22=2.8594 _33=1.00003 _43=-0.15 (aspect 1.778)
camera captured: pos 93.8 148.2 31.6 | proj _11=1.6085 _22=2.8594 _33=1.00003 _43=-0.15 (aspect 1.778)
camera captured: pos 93.8 148.2 31.6 | proj _11=1.6085 _22=2.8594 _33=1.00003 _43=-0.15 (aspect 1.778)
camera captured: pos 93.8 148.2 31.6 | proj _11=1.6085 _22=2.8594 _33=1.00003 _43=-0.15 (aspect 1.778)
camera captured: pos 93.8 148.2 31.6 | proj _11=1.6085 _22=2.8594 _33=1.00003 _43=-0.15 (aspect 1.778)
camera captured: pos 93.8 148.2 31.6 | proj _11=1.6085 _22=2.8594 _33=1.00003 _43=-0.15 (aspect 1.778)
camera captured: pos 93.8 148.2 31.6 | proj _11=1.6085 _22=2.8594 _33=1.00003 _43=-0.15 (aspect 1.778)
camera captured: pos 93.8 148.2 31.6 | proj _11=1.6085 _22=2.8594 _33=1.00003 _43=-0.15 (aspect 1.778)
camera captured: pos 93.8 148.2 31.6 | proj _11=1.6085 _22=2.8594 _33=1.00003 _43=-0.15 (aspect 1.778)
camera captured: pos 93.8 148.2 31.6 | proj _11=1.6085 _22=2.8594 _33=1.00003 _43=-0.15 (aspect 1.778)
camera captured: pos 93.8 148.2 31.6 | proj _11=1.6085 _22=2.8594 _33=1.00003 _43=-0.15 (aspect 1.778)
camera captured: pos 93.8 148.2 31.6 | proj _11=1.6085 _22=2.8594 _33=1.00003 _43=-0.15 (aspect 1.778)
camera captured: pos 93.8 148.2 31.6 | proj _11=1.6085 _22=2.8594 _33=1.00003 _43=-0.15 (aspect 1.778)
camera captured: pos 93.8 148.2 31.6 | proj _11=1.6085 _22=2.8594 _33=1.00003 _43=-0.15 (aspect 1.778)
camera captured: pos 93.8 148.2 31.6 | proj _11=1.6085 _22=2.8594 _33=1.00003 _43=-0.15 (aspect 1.778)
camera captured: pos 93.8 148.2 31.6 | proj _11=1.6085 _22=2.8594 _33=1.00003 _43=-0.15 (aspect 1.778)
camera captured: pos 93.8 148.2 31.6 | proj _11=1.6085 _22=2.8594 _33=1.00003 _43=-0.15 (aspect 1.778)
camera captured: pos 93.8 148.2 31.6 | proj _11=1.6085 _22=2.8594 _33=1.00003 _43=-0.15 (aspect 1.778)
camera captured: pos 93.8 148.2 31.6 | proj _11=1.6085 _22=2.8594 _33=1.00003 _43=-0.15 (aspect 1.778)
camera captured: pos 93.8 148.2 31.6 | proj _11=1.6085 _22=2.8594 _33=1.00003 _43=-0.15 (aspect 1.778)
camera captured: pos 93.8 148.2 31.6 | proj _11=1.6085 _22=2.8594 _33=1.00003 _43=-0.15 (aspect 1.778)
camera captured: pos 93.8 148.2 31.6 | proj _11=1.6085 _22=2.8594 _33=1.00003 _43=-0.15 (aspect 1.778)
camera captured: pos 93.8 148.2 31.6 | proj _11=1.6085 _22=2.8594 _33=1.00003 _43=-0.15 (aspect 1.778)
camera captured: pos 93.8 148.2 31.6 | proj _11=1.6085 _22=2.8594 _33=1.00003 _43=-0.15 (aspect 1.778)
camera captured: pos 93.8 148.2 31.6 | proj _11=1.6085 _22=2.8594 _33=1.00003 _43=-0.15 (aspect 1.778)
camera captured: pos 93.8 148.2 31.6 | proj _11=1.6085 _22=2.8594 _33=1.00003 _43=-0.15 (aspect 1.778)
camera captured: pos 93.9 148.1 31.8 | proj _11=1.6085 _22=2.8594 _33=1.00003 _43=-0.15 (aspect 1.778)
camera captured: pos 94.1 148.0 31.9 | proj _11=1.6085 _22=2.8594 _33=1.00003 _43=-0.15 (aspect 1.778)
camera captured: pos 94.2 147.9 32.1 | proj _11=1.6085 _22=2.8594 _33=1.00003 _43=-0.15 (aspect 1.778)
camera captured: pos 94.2 147.9 32.1 | proj _11=1.6085 _22=2.8594 _33=1.00003 _43=-0.15 (aspect 1.778)
camera captured: pos 94.2 147.9 32.1 | proj _11=1.6085 _22=2.8594 _33=1.00003 _43=-0.15 (aspect 1.778)
camera captured: pos 94.2 147.9 32.1 | proj _11=1.6085 _22=2.8594 _33=1.00003 _43=-0.15 (aspect 1.778)
camera captured: pos 94.2 147.9 32.1 | proj _11=1.6085 _22=2.8594 _33=1.00003 _43=-0.15 (aspect 1.778)
camera captured: pos 94.2 147.9 32.1 | proj _11=1.6085 _22=2.8594 _33=1.00003 _43=-0.15 (aspect 1.778)
camera captured: pos 94.2 147.9 32.1 | proj _11=1.6085 _22=2.8594 _33=1.00003 _43=-0.15 (aspect 1.778)
camera captured: pos 94.2 147.9 32.1 | proj _11=1.6085 _22=2.8594 _33=1.00003 _43=-0.15 (aspect 1.778)
camera captured: pos 94.2 147.9 32.1 | proj _11=1.5796 _22=2.8081 _33=1.00003 _43=-0.15 (aspect 1.778)
camera captured: pos 94.2 147.9 32.1 | proj _11=1.4978 _22=2.6627 _33=1.00003 _43=-0.15 (aspect 1.778)
camera captured: pos 94.2 147.9 32.1 | proj _11=1.3872 _22=2.4660 _33=1.00003 _43=-0.15 (aspect 1.778)
camera captured: pos 94.2 147.9 32.1 | proj _11=1.3203 _22=2.3472 _33=1.00003 _43=-0.15 (aspect 1.778)
camera captured: pos 94.2 147.9 32.1 | proj _11=1.2991 _22=2.3095 _33=1.00003 _43=-0.15 (aspect 1.778)
camera captured: pos 94.2 147.9 32.1 | proj _11=1.2991 _22=2.3095 _33=1.00003 _43=-0.15 (aspect 1.778)
camera captured: pos 94.2 147.9 32.1 | proj _11=1.2991 _22=2.3095 _33=1.00003 _43=-0.15 (aspect 1.778)
camera captured: pos 94.2 147.9 32.1 | proj _11=1.2991 _22=2.3095 _33=1.00003 _43=-0.15 (aspect 1.778)
camera captured: pos 94.2 147.9 32.1 | proj _11=1.2991 _22=2.3095 _33=1.00003 _43=-0.15 (aspect 1.778)
camera captured: pos 94.2 147.9 32.1 | proj _11=1.2991 _22=2.3095 _33=1.00003 _43=-0.15 (aspect 1.778)
camera captured: pos 94.2 147.9 32.1 | proj _11=1.2991 _22=2.3095 _33=1.00003 _43=-0.15 (aspect 1.778)
camera captured: pos 94.2 147.9 32.1 | proj _11=1.2991 _22=2.3095 _33=1.00003 _43=-0.15 (aspect 1.778)
camera captured: pos 94.2 147.9 32.1 | proj _11=1.2991 _22=2.3095 _33=1.00003 _43=-0.15 (aspect 1.778)
camera captured: pos 94.2 147.9 32.1 | proj _11=1.2991 _22=2.3095 _33=1.00003 _43=-0.15 (aspect 1.778)
camera captured: pos 94.2 147.9 32.1 | proj _11=1.2991 _22=2.3095 _33=1.00003 _43=-0.15 (aspect 1.778)
camera captured: pos 94.2 147.9 32.1 | proj _11=1.2991 _22=2.3095 _33=1.00003 _43=-0.15 (aspect 1.778)
camera captured: pos 94.2 147.9 32.1 | proj _11=1.2991 _22=2.3095 _33=1.00003 _43=-0.15 (aspect 1.778)
camera captured: pos 94.2 147.9 32.1 | proj _11=1.2991 _22=2.3095 _33=1.00003 _43=-0.15 (aspect 1.778)
camera captured: pos 94.2 147.9 32.1 | proj _11=1.2991 _22=2.3095 _33=1.00003 _43=-0.15 (aspect 1.778)
camera captured: pos 94.2 147.9 32.1 | proj _11=1.2991 _22=2.3095 _33=1.00003 _43=-0.15 (aspect 1.778)
camera captured: pos 94.2 147.9 32.1 | proj _11=1.2991 _22=2.3095 _33=1.00003 _43=-0.15 (aspect 1.778)
camera captured: pos 94.2 147.9 32.1 | proj _11=1.2991 _22=2.3095 _33=1.00003 _43=-0.15 (aspect 1.778)
camera captured: pos 94.2 147.9 32.1 | proj _11=1.2991 _22=2.3095 _33=1.00003 _43=-0.15 (aspect 1.778)
camera captured: pos 94.2 147.9 32.1 | proj _11=1.2991 _22=2.3095 _33=1.00003 _43=-0.15 (aspect 1.778)
camera captured: pos 94.2 147.9 32.1 | proj _11=1.2991 _22=2.3095 _33=1.00003 _43=-0.15 (aspect 1.778)
camera captured: pos 94.2 147.9 32.1 | proj _11=1.2991 _22=2.3095 _33=1.00003 _43=-0.15 (aspect 1.778)
camera captured: pos 94.2 147.9 32.1 | proj _11=1.2991 _22=2.3095 _33=1.00003 _43=-0.15 (aspect 1.778)
camera captured: pos 94.2 147.9 32.1 | proj _11=1.2991 _22=2.3095 _33=1.00003 _43=-0.15 (aspect 1.778)
camera captured: pos 94.2 147.9 32.1 | proj _11=1.2991 _22=2.3095 _33=1.00003 _43=-0.15 (aspect 1.778)
camera captured: pos 94.2 147.9 32.1 | proj _11=1.2991 _22=2.3095 _33=1.00003 _43=-0.15 (aspect 1.778)
camera captured: pos 94.2 147.9 32.1 | proj _11=1.2991 _22=2.3095 _33=1.00003 _43=-0.15 (aspect 1.778)
camera captured: pos 94.2 147.9 32.1 | proj _11=1.2991 _22=2.3095 _33=1.00003 _43=-0.15 (aspect 1.778)
camera captured: pos 94.2 147.9 32.1 | proj _11=1.2991 _22=2.3095 _33=1.00003 _43=-0.15 (aspect 1.778)
camera captured: pos 94.2 147.9 32.1 | proj _11=1.2991 _22=2.3095 _33=1.00003 _43=-0.15 (aspect 1.778)
camera captured: pos 94.2 147.9 32.1 | proj _11=1.2991 _22=2.3095 _33=1.00003 _43=-0.15 (aspect 1.778)
camera captured: pos 94.2 147.9 32.1 | proj _11=1.2991 _22=2.3095 _33=1.00003 _43=-0.15 (aspect 1.778)
camera captured: pos 94.2 147.9 32.1 | proj _11=1.2991 _22=2.3095 _33=1.00003 _43=-0.15 (aspect 1.778)
camera captured: pos 94.2 147.9 32.1 | proj _11=1.2991 _22=2.3095 _33=1.00003 _43=-0.15 (aspect 1.778)
camera captured: pos 94.2 147.9 32.1 | proj _11=1.2991 _22=2.3095 _33=1.00003 _43=-0.15 (aspect 1.778)
camera captured: pos 94.2 147.9 32.1 | proj _11=1.2991 _22=2.3095 _33=1.00003 _43=-0.15 (aspect 1.778)
camera captured: pos 94.2 147.9 32.1 | proj _11=1.2991 _22=2.3095 _33=1.00003 _43=-0.15 (aspect 1.778)
camera captured: pos 94.2 147.9 32.1 | proj _11=1.2991 _22=2.3095 _33=1.00003 _43=-0.15 (aspect 1.778)
camera captured: pos 94.2 147.9 32.1 | proj _11=1.2991 _22=2.3095 _33=1.00003 _43=-0.15 (aspect 1.778)
frame 4200 | draws 1832/frame | FFP converted 1387/frame (75.7%) | far substitutions 1387/frame
    not converted: screen-space 13  skinned 78  depth-only 347  ortho 0  no camera 0  other 6  (per frame)
    albedo: moved off stage 0 124/frame, blanked 537/frame | RT textures known 94 | lights 5.8/frame (24 shaders)
    camera 94.2 147.9 32.1 | transform writes 269/frame | redundant state calls dropped 27740/frame
frame 4800 | draws 1603/frame | FFP converted 1214/frame (75.7%) | far substitutions 1214/frame
    not converted: screen-space 11  skinned 69  depth-only 304  ortho 0  no camera 0  other 5  (per frame)
    albedo: moved off stage 0 108/frame, blanked 470/frame | RT textures known 94 | lights 5.1/frame (24 shaders)
    camera 94.2 147.9 32.1 | transform writes 235/frame | redundant state calls dropped 24273/frame
camera captured: pos 96.3 147.7 36.1 | proj _11=1.6085 _22=2.8594 _33=1.00003 _43=-0.15 (aspect 1.778)
camera captured: pos 96.3 147.7 36.1 | proj _11=1.6085 _22=2.8594 _33=1.00003 _43=-0.15 (aspect 1.778)
camera captured: pos 96.3 147.7 36.1 | proj _11=1.6085 _22=2.8594 _33=1.00003 _43=-0.15 (aspect 1.778)
camera captured: pos 96.3 147.7 36.1 | proj _11=1.6085 _22=2.8594 _33=1.00003 _43=-0.15 (aspect 1.778)
camera captured: pos 96.3 147.7 36.1 | proj _11=1.6085 _22=2.8594 _33=1.00003 _43=-0.15 (aspect 1.778)
camera captured: pos 96.3 147.7 36.1 | proj _11=1.6085 _22=2.8594 _33=1.00003 _43=-0.15 (aspect 1.778)
camera captured: pos 96.3 147.7 36.0 | proj _11=1.6085 _22=2.8594 _33=1.00003 _43=-0.15 (aspect 1.778)
camera captured: pos 96.3 147.7 36.0 | proj _11=1.6085 _22=2.8594 _33=1.00003 _43=-0.15 (aspect 1.778)
camera captured: pos 96.3 147.7 36.0 | proj _11=1.6085 _22=2.8594 _33=1.00003 _43=-0.15 (aspect 1.778)
camera captured: pos 96.3 147.7 36.0 | proj _11=1.6085 _22=2.8594 _33=1.00003 _43=-0.15 (aspect 1.778)
camera captured: pos 96.3 147.7 35.9 | proj _11=1.6085 _22=2.8594 _33=1.00003 _43=-0.15 (aspect 1.778)
camera captured: pos 96.3 147.7 35.9 | proj _11=1.6085 _22=2.8594 _33=1.00003 _43=-0.15 (aspect 1.778)
camera captured: pos 96.3 147.7 35.9 | proj _11=1.6085 _22=2.8594 _33=1.00003 _43=-0.15 (aspect 1.778)
camera captured: pos 96.2 147.7 35.9 | proj _11=1.6085 _22=2.8594 _33=1.00003 _43=-0.15 (aspect 1.778)
camera captured: pos 96.2 147.7 35.9 | proj _11=1.6085 _22=2.8594 _33=1.00003 _43=-0.15 (aspect 1.778)
camera captured: pos 96.2 147.7 35.9 | proj _11=1.6085 _22=2.8594 _33=1.00003 _43=-0.15 (aspect 1.778)
camera captured: pos 96.2 147.7 35.8 | proj _11=1.6085 _22=2.8594 _33=1.00003 _43=-0.15 (aspect 1.778)
camera captured: pos 96.2 147.7 35.8 | proj _11=1.6085 _22=2.8594 _33=1.00003 _43=-0.15 (aspect 1.778)
camera captured: pos 96.2 147.7 35.8 | proj _11=1.6085 _22=2.8594 _33=1.00003 _43=-0.15 (aspect 1.778)
camera captured: pos 96.2 147.7 35.8 | proj _11=1.6085 _22=2.8594 _33=1.00003 _43=-0.15 (aspect 1.778)
camera captured: pos 96.2 147.7 35.8 | proj _11=1.6085 _22=2.8594 _33=1.00003 _43=-0.15 (aspect 1.778)
camera captured: pos 96.2 147.7 35.7 | proj _11=1.6085 _22=2.8594 _33=1.00003 _43=-0.15 (aspect 1.778)
camera captured: pos 96.2 147.7 35.7 | proj _11=1.6085 _22=2.8594 _33=1.00003 _43=-0.15 (aspect 1.778)
camera captured: pos 96.2 147.7 35.7 | proj _11=1.6085 _22=2.8594 _33=1.00003 _43=-0.15 (aspect 1.778)
camera captured: pos 96.2 147.7 35.7 | proj _11=1.6085 _22=2.8594 _33=1.00003 _43=-0.15 (aspect 1.778)
camera captured: pos 96.2 147.7 35.7 | proj _11=1.6085 _22=2.8594 _33=1.00003 _43=-0.15 (aspect 1.778)
camera captured: pos 96.2 147.7 35.7 | proj _11=1.6085 _22=2.8594 _33=1.00003 _43=-0.15 (aspect 1.778)
camera captured: pos 96.2 147.7 35.6 | proj _11=1.6085 _22=2.8594 _33=1.00003 _43=-0.15 (aspect 1.778)
camera captured: pos 96.2 147.7 35.6 | proj _11=1.6085 _22=2.8594 _33=1.00003 _43=-0.15 (aspect 1.778)
camera captured: pos 96.2 147.7 35.6 | proj _11=1.6085 _22=2.8594 _33=1.00003 _43=-0.15 (aspect 1.778)
camera captured: pos 96.2 147.7 35.6 | proj _11=1.6085 _22=2.8594 _33=1.00003 _43=-0.15 (aspect 1.778)
camera captured: pos 96.2 147.7 35.6 | proj _11=1.6085 _22=2.8594 _33=1.00003 _43=-0.15 (aspect 1.778)
camera captured: pos 96.2 147.7 35.6 | proj _11=1.6085 _22=2.8594 _33=1.00003 _43=-0.15 (aspect 1.778)
camera captured: pos 96.2 147.7 35.5 | proj _11=1.6085 _22=2.8594 _33=1.00003 _43=-0.15 (aspect 1.778)
frame 5400 | draws 1450/frame | FFP converted 1097/frame (75.7%) | far substitutions 1097/frame
    not converted: screen-space 10  skinned 62  depth-only 276  ortho 0  no camera 0  other 5  (per frame)
    albedo: moved off stage 0 98/frame, blanked 427/frame | RT textures known 94 | lights 4.6/frame (24 shaders)
    camera 96.2 147.7 35.5 | transform writes 210/frame | redundant state calls dropped 21943/frame
camera captured: pos 96.2 147.7 35.5 | proj _11=1.6085 _22=2.8594 _33=1.00003 _43=-0.15 (aspect 1.778)
camera captured: pos 96.2 147.7 35.5 | proj _11=1.6085 _22=2.8594 _33=1.00003 _43=-0.15 (aspect 1.778)
camera captured: pos 96.2 147.7 35.5 | proj _11=1.6085 _22=2.8594 _33=1.00003 _43=-0.15 (aspect 1.778)
camera captured: pos 96.2 147.7 35.5 | proj _11=1.6085 _22=2.8594 _33=1.00003 _43=-0.15 (aspect 1.778)
camera captured: pos 96.2 147.7 35.5 | proj _11=1.6085 _22=2.8594 _33=1.00003 _43=-0.15 (aspect 1.778)
camera captured: pos 96.2 147.7 35.4 | proj _11=1.6085 _22=2.8594 _33=1.00003 _43=-0.15 (aspect 1.778)
camera captured: pos 96.2 147.7 35.4 | proj _11=1.6085 _22=2.8594 _33=1.00003 _43=-0.15 (aspect 1.778)
camera captured: pos 96.1 147.7 35.4 | proj _11=1.6085 _22=2.8594 _33=1.00003 _43=-0.15 (aspect 1.778)
camera captured: pos 96.1 147.7 35.4 | proj _11=1.6085 _22=2.8594 _33=1.00003 _43=-0.15 (aspect 1.778)
camera captured: pos 96.1 147.7 35.4 | proj _11=1.6085 _22=2.8594 _33=1.00003 _43=-0.15 (aspect 1.778)
camera captured: pos 96.1 147.7 35.4 | proj _11=1.6085 _22=2.8594 _33=1.00003 _43=-0.15 (aspect 1.778)
camera captured: pos 96.1 147.7 35.3 | proj _11=1.6085 _22=2.8594 _33=1.00003 _43=-0.15 (aspect 1.778)
camera captured: pos 96.1 147.7 35.3 | proj _11=1.6085 _22=2.8594 _33=1.00003 _43=-0.15 (aspect 1.778)
camera captured: pos 96.1 147.7 35.3 | proj _11=1.6085 _22=2.8594 _33=1.00003 _43=-0.15 (aspect 1.778)
camera captured: pos 96.1 147.7 35.3 | proj _11=1.6085 _22=2.8594 _33=1.00003 _43=-0.15 (aspect 1.778)
camera captured: pos 96.1 147.7 35.3 | proj _11=1.6085 _22=2.8594 _33=1.00003 _43=-0.15 (aspect 1.778)
camera captured: pos 96.1 147.7 35.3 | proj _11=1.6085 _22=2.8594 _33=1.00003 _43=-0.15 (aspect 1.778)
camera captured: pos 96.1 147.7 35.2 | proj _11=1.6085 _22=2.8594 _33=1.00003 _43=-0.15 (aspect 1.778)
camera captured: pos 96.1 147.7 35.2 | proj _11=1.6085 _22=2.8594 _33=1.00003 _43=-0.15 (aspect 1.778)
camera captured: pos 96.1 147.7 35.2 | proj _11=1.6085 _22=2.8594 _33=1.00003 _43=-0.15 (aspect 1.778)
camera captured: pos 96.1 147.7 35.2 | proj _11=1.6085 _22=2.8594 _33=1.00003 _43=-0.15 (aspect 1.778)
camera captured: pos 96.1 147.7 35.2 | proj _11=1.6085 _22=2.8594 _33=1.00003 _43=-0.15 (aspect 1.778)
camera captured: pos 96.1 147.7 35.2 | proj _11=1.6085 _22=2.8594 _33=1.00003 _43=-0.15 (aspect 1.778)
camera captured: pos 96.1 147.7 35.2 | proj _11=1.6085 _22=2.8594 _33=1.00003 _43=-0.15 (aspect 1.778)
camera captured: pos 96.1 147.7 35.1 | proj _11=1.6085 _22=2.8594 _33=1.00003 _43=-0.15 (aspect 1.778)
camera captured: pos 96.1 147.7 35.1 | proj _11=1.6085 _22=2.8594 _33=1.00003 _43=-0.15 (aspect 1.778)
camera captured: pos 96.1 147.7 35.1 | proj _11=1.6085 _22=2.8594 _33=1.00003 _43=-0.15 (aspect 1.778)
camera captured: pos 96.1 147.7 35.1 | proj _11=1.6085 _22=2.8594 _33=1.00003 _43=-0.15 (aspect 1.778)
camera captured: pos 96.1 147.7 35.1 | proj _11=1.6085 _22=2.8594 _33=1.00003 _43=-0.15 (aspect 1.778)
camera captured: pos 96.1 147.7 35.1 | proj _11=1.6085 _22=2.8594 _33=1.00003 _43=-0.15 (aspect 1.778)
camera captured: pos 96.1 147.7 35.1 | proj _11=1.6085 _22=2.8594 _33=1.00003 _43=-0.15 (aspect 1.778)
camera captured: pos 96.1 147.7 35.1 | proj _11=1.6085 _22=2.8594 _33=1.00003 _43=-0.15 (aspect 1.778)
camera captured: pos 96.1 147.7 35.1 | proj _11=1.6085 _22=2.8594 _33=1.00003 _43=-0.15 (aspect 1.778)
camera captured: pos 96.1 147.7 35.1 | proj _11=1.6085 _22=2.8594 _33=1.00003 _43=-0.15 (aspect 1.778)
camera captured: pos 96.1 147.7 35.1 | proj _11=1.6085 _22=2.8594 _33=1.00003 _43=-0.15 (aspect 1.778)
camera captured: pos 96.1 147.7 35.1 | proj _11=1.6085 _22=2.8594 _33=1.00003 _43=-0.15 (aspect 1.778)
camera captured: pos 96.1 147.7 35.1 | proj _11=1.6085 _22=2.8594 _33=1.00003 _43=-0.15 (aspect 1.778)
camera captured: pos 96.1 147.7 35.1 | proj _11=1.6085 _22=2.8594 _33=1.00003 _43=-0.15 (aspect 1.778)
camera captured: pos 96.1 147.7 35.1 | proj _11=1.6085 _22=2.8594 _33=1.00003 _43=-0.15 (aspect 1.778)
camera captured: pos 96.1 147.7 35.1 | proj _11=1.6085 _22=2.8594 _33=1.00003 _43=-0.15 (aspect 1.778)
camera captured: pos 96.1 147.7 35.1 | proj _11=1.6085 _22=2.8594 _33=1.00003 _43=-0.15 (aspect 1.778)
camera captured: pos 96.1 147.7 35.1 | proj _11=1.6085 _22=2.8594 _33=1.00003 _43=-0.15 (aspect 1.778)
camera captured: pos 96.1 147.7 35.1 | proj _11=1.6085 _22=2.8594 _33=1.00003 _43=-0.15 (aspect 1.778)
camera captured: pos 96.1 147.7 35.1 | proj _11=1.6085 _22=2.8594 _33=1.00003 _43=-0.15 (aspect 1.778)
camera captured: pos 96.4 147.7 35.2 | proj _11=1.6085 _22=2.8594 _33=1.00003 _43=-0.15 (aspect 1.778)
camera captured: pos 96.8 147.7 35.2 | proj _11=1.6085 _22=2.8594 _33=1.00003 _43=-0.15 (aspect 1.778)
camera captured: pos 97.3 147.7 35.2 | proj _11=1.6085 _22=2.8594 _33=1.00003 _43=-0.15 (aspect 1.778)
camera captured: pos 97.9 147.8 35.1 | proj _11=1.6085 _22=2.8594 _33=1.00003 _43=-0.15 (aspect 1.778)
camera captured: pos 98.4 147.8 35.0 | proj _11=1.6085 _22=2.8594 _33=1.00003 _43=-0.15 (aspect 1.778)
camera captured: pos 98.9 147.8 34.8 | proj _11=1.6085 _22=2.8594 _33=1.00003 _43=-0.15 (aspect 1.778)
camera captured: pos 99.2 147.8 34.6 | proj _11=1.6085 _22=2.8594 _33=1.00003 _43=-0.15 (aspect 1.778)
camera captured: pos 99.5 147.8 34.5 | proj _11=1.6085 _22=2.8594 _33=1.00003 _43=-0.15 (aspect 1.778)
camera captured: pos 99.6 147.8 34.5 | proj _11=1.6085 _22=2.8594 _33=1.00003 _43=-0.15 (aspect 1.778)
camera captured: pos 99.6 147.8 34.5 | proj _11=1.6085 _22=2.8594 _33=1.00003 _43=-0.15 (aspect 1.778)
camera captured: pos 99.6 147.8 34.5 | proj _11=1.6085 _22=2.8594 _33=1.00003 _43=-0.15 (aspect 1.778)
camera captured: pos 99.6 147.8 34.5 | proj _11=1.6085 _22=2.8594 _33=1.00003 _43=-0.15 (aspect 1.778)
camera captured: pos 99.5 147.8 34.5 | proj _11=1.6085 _22=2.8594 _33=1.00003 _43=-0.15 (aspect 1.778)
camera captured: pos 99.4 147.8 34.6 | proj _11=1.6085 _22=2.8594 _33=1.00003 _43=-0.15 (aspect 1.778)
camera captured: pos 99.2 147.8 34.7 | proj _11=1.6085 _22=2.8594 _33=1.00003 _43=-0.15 (aspect 1.778)
camera captured: pos 98.9 147.8 34.8 | proj _11=1.6085 _22=2.8594 _33=1.00003 _43=-0.15 (aspect 1.778)
camera captured: pos 98.5 147.7 34.9 | proj _11=1.6085 _22=2.8594 _33=1.00003 _43=-0.15 (aspect 1.778)
camera captured: pos 97.4 147.7 35.2 | proj _11=1.6085 _22=2.8594 _33=1.00003 _43=-0.15 (aspect 1.778)
camera captured: pos 97.1 147.7 35.2 | proj _11=1.6085 _22=2.8594 _33=1.00003 _43=-0.15 (aspect 1.778)
camera captured: pos 96.8 147.7 35.2 | proj _11=1.6085 _22=2.8594 _33=1.00003 _43=-0.15 (aspect 1.778)
camera captured: pos 96.5 147.7 35.2 | proj _11=1.6085 _22=2.8594 _33=1.00003 _43=-0.15 (aspect 1.778)
camera captured: pos 96.2 147.7 35.1 | proj _11=1.6085 _22=2.8594 _33=1.00003 _43=-0.15 (aspect 1.778)
camera captured: pos 95.8 147.7 35.1 | proj _11=1.6085 _22=2.8594 _33=1.00003 _43=-0.15 (aspect 1.778)
camera captured: pos 94.9 147.7 34.8 | proj _11=1.6085 _22=2.8594 _33=1.00003 _43=-0.15 (aspect 1.778)
camera captured: pos 94.5 147.7 34.6 | proj _11=1.6085 _22=2.8594 _33=1.00003 _43=-0.15 (aspect 1.778)
camera captured: pos 94.2 147.7 34.5 | proj _11=1.6085 _22=2.8594 _33=1.00003 _43=-0.15 (aspect 1.778)
camera captured: pos 93.9 147.7 34.3 | proj _11=1.6085 _22=2.8594 _33=1.00003 _43=-0.15 (aspect 1.778)
camera captured: pos 93.6 147.7 34.1 | proj _11=1.6085 _22=2.8594 _33=1.00003 _43=-0.15 (aspect 1.778)
camera captured: pos 93.4 147.7 34.0 | proj _11=1.6085 _22=2.8594 _33=1.00003 _43=-0.15 (aspect 1.778)
camera captured: pos 93.2 147.7 33.8 | proj _11=1.6085 _22=2.8594 _33=1.00003 _43=-0.15 (aspect 1.778)
camera captured: pos 93.0 147.7 33.6 | proj _11=1.6085 _22=2.8594 _33=1.00003 _43=-0.15 (aspect 1.778)
camera captured: pos 92.9 147.7 33.4 | proj _11=1.6085 _22=2.8594 _33=1.00003 _43=-0.15 (aspect 1.778)
camera captured: pos 92.7 147.8 33.3 | proj _11=1.6085 _22=2.8594 _33=1.00003 _43=-0.15 (aspect 1.778)
camera captured: pos 92.6 147.9 33.2 | proj _11=1.6085 _22=2.8594 _33=1.00003 _43=-0.15 (aspect 1.778)
camera captured: pos 92.5 147.9 33.0 | proj _11=1.6085 _22=2.8594 _33=1.00003 _43=-0.15 (aspect 1.778)
camera captured: pos 92.5 148.0 33.0 | proj _11=1.6085 _22=2.8594 _33=1.00003 _43=-0.15 (aspect 1.778)
camera captured: pos 92.4 148.1 32.9 | proj _11=1.6085 _22=2.8594 _33=1.00003 _43=-0.15 (aspect 1.778)
camera captured: pos 92.4 148.1 32.9 | proj _11=1.6085 _22=2.8594 _33=1.00003 _43=-0.15 (aspect 1.778)
camera captured: pos 92.4 148.1 32.9 | proj _11=1.6085 _22=2.8594 _33=1.00003 _43=-0.15 (aspect 1.778)
camera captured: pos 92.4 148.2 32.9 | proj _11=1.6085 _22=2.8594 _33=1.00003 _43=-0.15 (aspect 1.778)
camera captured: pos 92.5 148.2 32.9 | proj _11=1.6085 _22=2.8594 _33=1.00003 _43=-0.15 (aspect 1.778)
camera captured: pos 92.6 148.2 33.0 | proj _11=1.6085 _22=2.8594 _33=1.00003 _43=-0.15 (aspect 1.778)
camera captured: pos 92.7 148.3 33.2 | proj _11=1.6085 _22=2.8594 _33=1.00003 _43=-0.15 (aspect 1.778)
camera captured: pos 92.9 148.4 33.4 | proj _11=1.6085 _22=2.8594 _33=1.00003 _43=-0.15 (aspect 1.778)
camera captured: pos 93.2 148.5 33.7 | proj _11=1.6085 _22=2.8594 _33=1.00003 _43=-0.15 (aspect 1.778)
camera captured: pos 93.6 148.5 34.0 | proj _11=1.6085 _22=2.8594 _33=1.00003 _43=-0.15 (aspect 1.778)
camera captured: pos 93.9 148.6 34.2 | proj _11=1.6085 _22=2.8594 _33=1.00003 _43=-0.15 (aspect 1.778)
camera captured: pos 94.3 148.7 34.4 | proj _11=1.6085 _22=2.8594 _33=1.00003 _43=-0.15 (aspect 1.778)
camera captured: pos 94.8 148.8 34.6 | proj _11=1.6085 _22=2.8594 _33=1.00003 _43=-0.15 (aspect 1.778)
camera captured: pos 95.2 148.9 34.8 | proj _11=1.6085 _22=2.8594 _33=1.00003 _43=-0.15 (aspect 1.778)
camera captured: pos 95.7 148.9 34.9 | proj _11=1.6085 _22=2.8594 _33=1.00003 _43=-0.15 (aspect 1.778)
camera captured: pos 96.0 149.0 35.0 | proj _11=1.6085 _22=2.8594 _33=1.00003 _43=-0.15 (aspect 1.778)
camera captured: pos 96.3 149.0 35.0 | proj _11=1.6085 _22=2.8594 _33=1.00003 _43=-0.15 (aspect 1.778)
camera captured: pos 96.6 148.9 35.0 | proj _11=1.6085 _22=2.8594 _33=1.00003 _43=-0.15 (aspect 1.778)
camera captured: pos 96.8 148.9 35.0 | proj _11=1.6085 _22=2.8594 _33=1.00003 _43=-0.15 (aspect 1.778)
camera captured: pos 96.9 148.8 35.0 | proj _11=1.6085 _22=2.8594 _33=1.00003 _43=-0.15 (aspect 1.778)
camera captured: pos 96.8 148.8 35.1 | proj _11=1.6085 _22=2.8594 _33=1.00003 _43=-0.15 (aspect 1.778)
camera captured: pos 96.4 148.6 35.1 | proj _11=1.6085 _22=2.8594 _33=1.00003 _43=-0.15 (aspect 1.778)
camera captured: pos 95.7 148.5 35.0 | proj _11=1.6085 _22=2.8594 _33=1.00003 _43=-0.15 (aspect 1.778)
camera captured: pos 94.8 148.3 34.7 | proj _11=1.6085 _22=2.8594 _33=1.00003 _43=-0.15 (aspect 1.778)
camera captured: pos 94.0 148.2 34.3 | proj _11=1.6085 _22=2.8594 _33=1.00003 _43=-0.15 (aspect 1.778)
camera captured: pos 93.3 148.1 33.8 | proj _11=1.6085 _22=2.8594 _33=1.00003 _43=-0.15 (aspect 1.778)
camera captured: pos 92.8 148.0 33.4 | proj _11=1.6085 _22=2.8594 _33=1.00003 _43=-0.15 (aspect 1.778)
camera captured: pos 92.5 148.0 33.0 | proj _11=1.6085 _22=2.8594 _33=1.00003 _43=-0.15 (aspect 1.778)
camera captured: pos 92.2 148.0 32.6 | proj _11=1.6085 _22=2.8594 _33=1.00003 _43=-0.15 (aspect 1.778)
camera captured: pos 92.0 148.0 32.3 | proj _11=1.6085 _22=2.8594 _33=1.00003 _43=-0.15 (aspect 1.778)
camera captured: pos 91.9 147.9 31.9 | proj _11=1.6085 _22=2.8594 _33=1.00003 _43=-0.15 (aspect 1.778)
camera captured: pos 91.7 147.9 31.6 | proj _11=1.6085 _22=2.8594 _33=1.00003 _43=-0.15 (aspect 1.778)
camera captured: pos 91.6 147.9 31.2 | proj _11=1.6085 _22=2.8594 _33=1.00003 _43=-0.15 (aspect 1.778)
camera captured: pos 91.5 147.8 30.8 | proj _11=1.6085 _22=2.8594 _33=1.00003 _43=-0.15 (aspect 1.778)
camera captured: pos 91.4 147.8 30.5 | proj _11=1.6085 _22=2.8594 _33=1.00003 _43=-0.15 (aspect 1.778)
camera captured: pos 91.4 147.7 30.1 | proj _11=1.6085 _22=2.8594 _33=1.00003 _43=-0.15 (aspect 1.778)
camera captured: pos 91.4 147.6 29.7 | proj _11=1.6085 _22=2.8594 _33=1.00003 _43=-0.15 (aspect 1.778)
camera captured: pos 91.4 147.6 29.4 | proj _11=1.6085 _22=2.8594 _33=1.00003 _43=-0.15 (aspect 1.778)
camera captured: pos 91.4 147.5 29.0 | proj _11=1.6085 _22=2.8594 _33=1.00003 _43=-0.15 (aspect 1.778)
camera captured: pos 91.5 147.5 28.7 | proj _11=1.6085 _22=2.8594 _33=1.00003 _43=-0.15 (aspect 1.778)
camera captured: pos 91.5 147.5 28.5 | proj _11=1.6085 _22=2.8594 _33=1.00003 _43=-0.15 (aspect 1.778)
camera captured: pos 91.5 147.4 28.3 | proj _11=1.6085 _22=2.8594 _33=1.00003 _43=-0.15 (aspect 1.778)
camera captured: pos 91.5 147.4 28.3 | proj _11=1.6085 _22=2.8594 _33=1.00003 _43=-0.15 (aspect 1.778)
camera captured: pos 91.5 147.4 28.4 | proj _11=1.6085 _22=2.8594 _33=1.00003 _43=-0.15 (aspect 1.778)
camera captured: pos 91.5 147.3 28.5 | proj _11=1.6085 _22=2.8594 _33=1.00003 _43=-0.15 (aspect 1.778)
camera captured: pos 91.5 147.2 28.6 | proj _11=1.6085 _22=2.8594 _33=1.00003 _43=-0.15 (aspect 1.778)
camera captured: pos 91.5 147.1 28.8 | proj _11=1.6085 _22=2.8594 _33=1.00003 _43=-0.15 (aspect 1.778)
camera captured: pos 91.4 147.0 29.2 | proj _11=1.6085 _22=2.8594 _33=1.00003 _43=-0.15 (aspect 1.778)
camera captured: pos 91.4 146.9 29.5 | proj _11=1.6085 _22=2.8594 _33=1.00003 _43=-0.15 (aspect 1.778)
camera captured: pos 91.4 146.8 29.9 | proj _11=1.6085 _22=2.8594 _33=1.00003 _43=-0.15 (aspect 1.778)
camera captured: pos 91.5 146.7 30.3 | proj _11=1.6085 _22=2.8594 _33=1.00003 _43=-0.15 (aspect 1.778)
camera captured: pos 91.5 146.7 30.6 | proj _11=1.6085 _22=2.8594 _33=1.00003 _43=-0.15 (aspect 1.778)
camera captured: pos 91.6 146.6 30.8 | proj _11=1.6085 _22=2.8594 _33=1.00003 _43=-0.15 (aspect 1.778)
camera captured: pos 91.6 146.6 31.0 | proj _11=1.6085 _22=2.8594 _33=1.00003 _43=-0.15 (aspect 1.778)
camera captured: pos 91.7 146.6 31.2 | proj _11=1.6085 _22=2.8594 _33=1.00003 _43=-0.15 (aspect 1.778)
camera captured: pos 91.7 146.6 31.3 | proj _11=1.6085 _22=2.8594 _33=1.00003 _43=-0.15 (aspect 1.778)
camera captured: pos 91.8 146.5 31.5 | proj _11=1.6085 _22=2.8594 _33=1.00003 _43=-0.15 (aspect 1.778)
camera captured: pos 91.9 146.5 31.7 | proj _11=1.6085 _22=2.8594 _33=1.00003 _43=-0.15 (aspect 1.778)
camera captured: pos 91.9 146.5 31.8 | proj _11=1.6085 _22=2.8594 _33=1.00003 _43=-0.15 (aspect 1.778)
camera captured: pos 92.0 146.5 31.9 | proj _11=1.6085 _22=2.8594 _33=1.00003 _43=-0.15 (aspect 1.778)
camera captured: pos 92.1 146.5 32.1 | proj _11=1.6085 _22=2.8594 _33=1.00003 _43=-0.15 (aspect 1.778)
camera captured: pos 92.1 146.4 32.2 | proj _11=1.6085 _22=2.8594 _33=1.00003 _43=-0.15 (aspect 1.778)
camera captured: pos 92.2 146.4 32.3 | proj _11=1.6085 _22=2.8594 _33=1.00003 _43=-0.15 (aspect 1.778)
camera captured: pos 92.2 146.4 32.4 | proj _11=1.6085 _22=2.8594 _33=1.00003 _43=-0.15 (aspect 1.778)
camera captured: pos 92.3 146.4 32.5 | proj _11=1.6085 _22=2.8594 _33=1.00003 _43=-0.15 (aspect 1.778)
camera captured: pos 92.3 146.4 32.5 | proj _11=1.6085 _22=2.8594 _33=1.00003 _43=-0.15 (aspect 1.778)
camera captured: pos 92.4 146.4 32.6 | proj _11=1.6085 _22=2.8594 _33=1.00003 _43=-0.15 (aspect 1.778)
camera captured: pos 92.4 146.4 32.6 | proj _11=1.6085 _22=2.8594 _33=1.00003 _43=-0.15 (aspect 1.778)
camera captured: pos 92.4 146.4 32.7 | proj _11=1.6085 _22=2.8594 _33=1.00003 _43=-0.15 (aspect 1.778)
camera captured: pos 92.5 146.4 32.8 | proj _11=1.6085 _22=2.8594 _33=1.00003 _43=-0.15 (aspect 1.778)
camera captured: pos 92.6 146.4 32.9 | proj _11=1.6085 _22=2.8594 _33=1.00003 _43=-0.15 (aspect 1.778)
camera captured: pos 92.6 146.4 33.0 | proj _11=1.6085 _22=2.8594 _33=1.00003 _43=-0.15 (aspect 1.778)
camera captured: pos 92.7 146.4 33.1 | proj _11=1.6085 _22=2.8594 _33=1.00003 _43=-0.15 (aspect 1.778)
camera captured: pos 92.8 146.4 33.2 | proj _11=1.6085 _22=2.8594 _33=1.00003 _43=-0.15 (aspect 1.778)
camera captured: pos 92.9 146.5 33.3 | proj _11=1.6085 _22=2.8594 _33=1.00003 _43=-0.15 (aspect 1.778)
camera captured: pos 93.0 146.5 33.4 | proj _11=1.6085 _22=2.8594 _33=1.00003 _43=-0.15 (aspect 1.778)
camera captured: pos 93.2 146.6 33.4 | proj _11=1.6085 _22=2.8594 _33=1.00003 _43=-0.15 (aspect 1.778)
camera captured: pos 93.3 146.6 33.5 | proj _11=1.6085 _22=2.8594 _33=1.00003 _43=-0.15 (aspect 1.778)
camera captured: pos 93.5 146.7 33.6 | proj _11=1.6085 _22=2.8594 _33=1.00003 _43=-0.15 (aspect 1.778)
camera captured: pos 93.5 146.7 33.8 | proj _11=1.6085 _22=2.8594 _33=1.00003 _43=-0.15 (aspect 1.778)
camera captured: pos 93.6 146.8 34.0 | proj _11=1.6085 _22=2.8594 _33=1.00003 _43=-0.15 (aspect 1.778)
camera captured: pos 93.7 146.8 34.1 | proj _11=1.6085 _22=2.8594 _33=1.00003 _43=-0.15 (aspect 1.778)
camera captured: pos 93.8 146.9 34.2 | proj _11=1.6085 _22=2.8594 _33=1.00003 _43=-0.15 (aspect 1.778)
camera captured: pos 93.9 147.0 34.3 | proj _11=1.6085 _22=2.8594 _33=1.00003 _43=-0.15 (aspect 1.778)
camera captured: pos 94.0 147.1 34.3 | proj _11=1.6085 _22=2.8594 _33=1.00003 _43=-0.15 (aspect 1.778)
camera captured: pos 94.1 147.2 34.4 | proj _11=1.6085 _22=2.8594 _33=1.00003 _43=-0.15 (aspect 1.778)
camera captured: pos 94.1 147.3 34.4 | proj _11=1.6085 _22=2.8594 _33=1.00003 _43=-0.15 (aspect 1.778)
camera captured: pos 94.1 147.3 34.4 | proj _11=1.6085 _22=2.8594 _33=1.00003 _43=-0.15 (aspect 1.778)
camera captured: pos 94.1 147.3 34.4 | proj _11=1.6085 _22=2.8594 _33=1.00003 _43=-0.15 (aspect 1.778)
camera captured: pos 94.1 147.3 34.4 | proj _11=1.6085 _22=2.8594 _33=1.00003 _43=-0.15 (aspect 1.778)
camera captured: pos 94.1 147.3 34.4 | proj _11=1.6085 _22=2.8594 _33=1.00003 _43=-0.15 (aspect 1.778)
camera captured: pos 94.1 147.3 34.4 | proj _11=1.6085 _22=2.8594 _33=1.00003 _43=-0.15 (aspect 1.778)
camera captured: pos 94.1 147.3 34.4 | proj _11=1.6085 _22=2.8594 _33=1.00003 _43=-0.15 (aspect 1.778)
camera captured: pos 94.1 147.3 34.4 | proj _11=1.6085 _22=2.8594 _33=1.00003 _43=-0.15 (aspect 1.778)
camera captured: pos 94.1 147.3 34.4 | proj _11=1.6085 _22=2.8594 _33=1.00003 _43=-0.15 (aspect 1.778)
camera captured: pos 94.1 147.3 34.4 | proj _11=1.6085 _22=2.8594 _33=1.00003 _43=-0.15 (aspect 1.778)
camera captured: pos 94.1 147.3 34.4 | proj _11=1.6085 _22=2.8594 _33=1.00003 _43=-0.15 (aspect 1.778)
camera captured: pos 94.1 147.3 34.4 | proj _11=1.6085 _22=2.8594 _33=1.00003 _43=-0.15 (aspect 1.778)
camera captured: pos 94.1 147.3 34.4 | proj _11=1.6085 _22=2.8594 _33=1.00003 _43=-0.15 (aspect 1.778)
camera captured: pos 94.1 147.3 34.4 | proj _11=1.6085 _22=2.8594 _33=1.00003 _43=-0.15 (aspect 1.778)
camera captured: pos 94.1 147.3 34.4 | proj _11=1.6085 _22=2.8594 _33=1.00003 _43=-0.15 (aspect 1.778)
camera captured: pos 94.1 147.3 34.4 | proj _11=1.6085 _22=2.8594 _33=1.00003 _43=-0.15 (aspect 1.778)
camera captured: pos 94.1 147.3 34.4 | proj _11=1.6085 _22=2.8594 _33=1.00003 _43=-0.15 (aspect 1.778)
camera captured: pos 94.1 147.3 34.4 | proj _11=1.6085 _22=2.8594 _33=1.00003 _43=-0.15 (aspect 1.778)
camera captured: pos 94.1 147.3 34.4 | proj _11=1.6085 _22=2.8594 _33=1.00003 _43=-0.15 (aspect 1.778)
camera captured: pos 94.1 147.3 34.4 | proj _11=1.6085 _22=2.8594 _33=1.00003 _43=-0.15 (aspect 1.778)
camera captured: pos 94.1 147.3 34.4 | proj _11=1.6085 _22=2.8594 _33=1.00003 _43=-0.15 (aspect 1.778)
camera captured: pos 94.1 147.3 34.4 | proj _11=1.6085 _22=2.8594 _33=1.00003 _43=-0.15 (aspect 1.778)
camera captured: pos 94.0 147.3 34.4 | proj _11=1.6085 _22=2.8594 _33=1.00003 _43=-0.15 (aspect 1.778)
camera captured: pos 93.9 147.3 34.3 | proj _11=1.6085 _22=2.8594 _33=1.00003 _43=-0.15 (aspect 1.778)
camera captured: pos 93.8 147.3 34.3 | proj _11=1.6085 _22=2.8594 _33=1.00003 _43=-0.15 (aspect 1.778)
camera captured: pos 93.7 147.3 34.2 | proj _11=1.6085 _22=2.8594 _33=1.00003 _43=-0.15 (aspect 1.778)
camera captured: pos 93.6 147.3 34.1 | proj _11=1.6085 _22=2.8594 _33=1.00003 _43=-0.15 (aspect 1.778)
camera captured: pos 93.5 147.3 34.0 | proj _11=1.6085 _22=2.8594 _33=1.00003 _43=-0.15 (aspect 1.778)
camera captured: pos 93.4 147.3 33.9 | proj _11=1.6085 _22=2.8594 _33=1.00003 _43=-0.15 (aspect 1.778)
camera captured: pos 93.2 147.3 33.8 | proj _11=1.6085 _22=2.8594 _33=1.00003 _43=-0.15 (aspect 1.778)
camera captured: pos 93.1 147.3 33.7 | proj _11=1.6085 _22=2.8594 _33=1.00003 _43=-0.15 (aspect 1.778)
camera captured: pos 93.0 147.3 33.6 | proj _11=1.6085 _22=2.8594 _33=1.00003 _43=-0.15 (aspect 1.778)
camera captured: pos 93.0 147.3 33.5 | proj _11=1.6085 _22=2.8594 _33=1.00003 _43=-0.15 (aspect 1.778)
camera captured: pos 93.0 147.3 33.5 | proj _11=1.6085 _22=2.8594 _33=1.00003 _43=-0.15 (aspect 1.778)
camera captured: pos 93.0 147.3 33.5 | proj _11=1.6085 _22=2.8594 _33=1.00003 _43=-0.15 (aspect 1.778)
camera captured: pos 93.0 147.3 33.5 | proj _11=1.6085 _22=2.8594 _33=1.00003 _43=-0.15 (aspect 1.778)
camera captured: pos 93.0 147.3 33.5 | proj _11=1.6085 _22=2.8594 _33=1.00003 _43=-0.15 (aspect 1.778)
camera captured: pos 93.0 147.3 33.5 | proj _11=1.6085 _22=2.8594 _33=1.00003 _43=-0.15 (aspect 1.778)
camera captured: pos 93.0 147.3 33.5 | proj _11=1.6085 _22=2.8594 _33=1.00003 _43=-0.15 (aspect 1.778)
camera captured: pos 93.0 147.3 33.6 | proj _11=1.6085 _22=2.8594 _33=1.00003 _43=-0.15 (aspect 1.778)
camera captured: pos 93.1 147.3 33.7 | proj _11=1.6085 _22=2.8594 _33=1.00003 _43=-0.15 (aspect 1.778)
camera captured: pos 93.2 147.3 33.8 | proj _11=1.6085 _22=2.8594 _33=1.00003 _43=-0.15 (aspect 1.778)
camera captured: pos 93.3 147.3 33.9 | proj _11=1.6085 _22=2.8594 _33=1.00003 _43=-0.15 (aspect 1.778)
camera captured: pos 93.4 147.4 33.9 | proj _11=1.6085 _22=2.8594 _33=1.00003 _43=-0.15 (aspect 1.778)
camera captured: pos 93.5 147.4 34.0 | proj _11=1.6085 _22=2.8594 _33=1.00003 _43=-0.15 (aspect 1.778)
camera captured: pos 93.5 147.4 34.0 | proj _11=1.6085 _22=2.8594 _33=1.00003 _43=-0.15 (aspect 1.778)
camera captured: pos 93.6 147.4 34.1 | proj _11=1.6085 _22=2.8594 _33=1.00003 _43=-0.15 (aspect 1.778)
camera captured: pos 93.7 147.4 34.2 | proj _11=1.6085 _22=2.8594 _33=1.00003 _43=-0.15 (aspect 1.778)
camera captured: pos 93.7 147.4 34.2 | proj _11=1.6085 _22=2.8594 _33=1.00003 _43=-0.15 (aspect 1.778)
camera captured: pos 93.7 147.4 34.2 | proj _11=1.6085 _22=2.8594 _33=1.00003 _43=-0.15 (aspect 1.778)
camera captured: pos 93.7 147.4 34.2 | proj _11=1.6085 _22=2.8594 _33=1.00003 _43=-0.15 (aspect 1.778)
camera captured: pos 93.7 147.4 34.2 | proj _11=1.6085 _22=2.8594 _33=1.00003 _43=-0.15 (aspect 1.778)
camera captured: pos 93.7 147.4 34.2 | proj _11=1.6085 _22=2.8594 _33=1.00003 _43=-0.15 (aspect 1.778)
camera captured: pos 93.7 147.4 34.2 | proj _11=1.6085 _22=2.8594 _33=1.00003 _43=-0.15 (aspect 1.778)
camera captured: pos 93.7 147.4 34.2 | proj _11=1.6085 _22=2.8594 _33=1.00003 _43=-0.15 (aspect 1.778)
camera captured: pos 93.7 147.4 34.2 | proj _11=1.6085 _22=2.8594 _33=1.00003 _43=-0.15 (aspect 1.778)
camera captured: pos 93.7 147.4 34.2 | proj _11=1.6085 _22=2.8594 _33=1.00003 _43=-0.15 (aspect 1.778)
camera captured: pos 93.7 147.4 34.2 | proj _11=1.6085 _22=2.8594 _33=1.00003 _43=-0.15 (aspect 1.778)
camera captured: pos 93.7 147.4 34.2 | proj _11=1.6085 _22=2.8594 _33=1.00003 _43=-0.15 (aspect 1.778)
camera captured: pos 93.7 147.4 34.2 | proj _11=1.6085 _22=2.8594 _33=1.00003 _43=-0.15 (aspect 1.778)
camera captured: pos 93.7 147.4 34.2 | proj _11=1.6085 _22=2.8594 _33=1.00003 _43=-0.15 (aspect 1.778)
camera captured: pos 93.7 147.4 34.2 | proj _11=1.6085 _22=2.8594 _33=1.00003 _43=-0.15 (aspect 1.778)
camera captured: pos 93.7 147.4 34.2 | proj _11=1.6085 _22=2.8594 _33=1.00003 _43=-0.15 (aspect 1.778)
camera captured: pos 93.7 147.4 34.2 | proj _11=1.6085 _22=2.8594 _33=1.00003 _43=-0.15 (aspect 1.778)
camera captured: pos 93.7 147.4 34.2 | proj _11=1.6085 _22=2.8594 _33=1.00003 _43=-0.15 (aspect 1.778)
camera captured: pos 93.7 147.4 34.2 | proj _11=1.6085 _22=2.8594 _33=1.00003 _43=-0.15 (aspect 1.778)
camera captured: pos 93.7 147.4 34.2 | proj _11=1.6085 _22=2.8594 _33=1.00003 _43=-0.15 (aspect 1.778)
camera captured: pos 93.7 147.4 34.2 | proj _11=1.6085 _22=2.8594 _33=1.00003 _43=-0.15 (aspect 1.778)
camera captured: pos 93.7 147.4 34.2 | proj _11=1.6085 _22=2.8594 _33=1.00003 _43=-0.15 (aspect 1.778)
camera captured: pos 93.7 147.4 34.2 | proj _11=1.6085 _22=2.8594 _33=1.00003 _43=-0.15 (aspect 1.778)
camera captured: pos 93.7 147.4 34.2 | proj _11=1.6085 _22=2.8594 _33=1.00003 _43=-0.15 (aspect 1.778)
camera captured: pos 93.7 147.4 34.2 | proj _11=1.6085 _22=2.8594 _33=1.00003 _43=-0.15 (aspect 1.778)
camera captured: pos 93.7 147.4 34.2 | proj _11=1.6085 _22=2.8594 _33=1.00003 _43=-0.15 (aspect 1.778)
camera captured: pos 93.7 147.4 34.2 | proj _11=1.6085 _22=2.8594 _33=1.00003 _43=-0.15 (aspect 1.778)
camera captured: pos 93.7 147.4 34.2 | proj _11=1.6085 _22=2.8594 _33=1.00003 _43=-0.15 (aspect 1.778)
camera captured: pos 93.7 147.4 34.2 | proj _11=1.6085 _22=2.8594 _33=1.00003 _43=-0.15 (aspect 1.778)
camera captured: pos 93.7 147.4 34.2 | proj _11=1.6085 _22=2.8594 _33=1.00003 _43=-0.15 (aspect 1.778)
camera captured: pos 93.7 147.4 34.2 | proj _11=1.6085 _22=2.8594 _33=1.00003 _43=-0.15 (aspect 1.778)
camera captured: pos 93.7 147.4 34.2 | proj _11=1.6085 _22=2.8594 _33=1.00003 _43=-0.15 (aspect 1.778)
camera captured: pos 93.7 147.4 34.2 | proj _11=1.6085 _22=2.8594 _33=1.00003 _43=-0.15 (aspect 1.778)
camera captured: pos 93.7 147.4 34.2 | proj _11=1.6085 _22=2.8594 _33=1.00003 _43=-0.15 (aspect 1.778)
camera captured: pos 93.7 147.4 34.2 | proj _11=1.6085 _22=2.8594 _33=1.00003 _43=-0.15 (aspect 1.778)
camera captured: pos 93.7 147.4 34.2 | proj _11=1.6085 _22=2.8594 _33=1.00003 _43=-0.15 (aspect 1.778)
camera captured: pos 93.7 147.4 34.2 | proj _11=1.6085 _22=2.8594 _33=1.00003 _43=-0.15 (aspect 1.778)
camera captured: pos 93.7 147.4 34.2 | proj _11=1.6085 _22=2.8594 _33=1.00003 _43=-0.15 (aspect 1.778)
camera captured: pos 93.7 147.4 34.2 | proj _11=1.6085 _22=2.8594 _33=1.00003 _43=-0.15 (aspect 1.778)
camera captured: pos 93.7 147.4 34.2 | proj _11=1.6085 _22=2.8594 _33=1.00003 _43=-0.15 (aspect 1.778)
camera captured: pos 93.7 147.4 34.2 | proj _11=1.6085 _22=2.8594 _33=1.00003 _43=-0.15 (aspect 1.778)
camera captured: pos 93.7 147.4 34.2 | proj _11=1.6085 _22=2.8594 _33=1.00003 _43=-0.15 (aspect 1.778)
camera captured: pos 93.7 147.4 34.2 | proj _11=1.6085 _22=2.8594 _33=1.00003 _43=-0.15 (aspect 1.778)
camera captured: pos 93.7 147.4 34.2 | proj _11=1.6085 _22=2.8594 _33=1.00003 _43=-0.15 (aspect 1.778)
camera captured: pos 93.7 147.4 34.2 | proj _11=1.6085 _22=2.8594 _33=1.00003 _43=-0.15 (aspect 1.778)
camera captured: pos 93.7 147.4 34.2 | proj _11=1.6085 _22=2.8594 _33=1.00003 _43=-0.15 (aspect 1.778)
camera captured: pos 93.7 147.4 34.2 | proj _11=1.6085 _22=2.8594 _33=1.00003 _43=-0.15 (aspect 1.778)
camera captured: pos 93.7 147.4 34.2 | proj _11=1.6085 _22=2.8594 _33=1.00003 _43=-0.15 (aspect 1.778)
camera captured: pos 93.7 147.4 34.2 | proj _11=1.6085 _22=2.8594 _33=1.00003 _43=-0.15 (aspect 1.778)
camera captured: pos 93.7 147.4 34.2 | proj _11=1.6085 _22=2.8594 _33=1.00003 _43=-0.15 (aspect 1.778)
camera captured: pos 93.7 147.4 34.2 | proj _11=1.6085 _22=2.8594 _33=1.00003 _43=-0.15 (aspect 1.778)
camera captured: pos 93.7 147.4 34.2 | proj _11=1.6085 _22=2.8594 _33=1.00003 _43=-0.15 (aspect 1.778)
camera captured: pos 93.7 147.4 34.2 | proj _11=1.6085 _22=2.8594 _33=1.00003 _43=-0.15 (aspect 1.778)
camera captured: pos 93.7 147.4 34.2 | proj _11=1.6085 _22=2.8594 _33=1.00003 _43=-0.15 (aspect 1.778)
camera captured: pos 93.7 147.4 34.2 | proj _11=1.6085 _22=2.8594 _33=1.00003 _43=-0.15 (aspect 1.778)
camera captured: pos 93.7 147.4 34.2 | proj _11=1.5944 _22=2.8345 _33=1.00003 _43=-0.15 (aspect 1.778)
camera captured: pos 93.7 147.4 34.2 | proj _11=1.5651 _22=2.7823 _33=1.00003 _43=-0.15 (aspect 1.778)
camera captured: pos 93.7 147.4 34.2 | proj _11=1.5262 _22=2.7132 _33=1.00003 _43=-0.15 (aspect 1.778)
camera captured: pos 93.7 147.4 34.2 | proj _11=1.4647 _22=2.6039 _33=1.00003 _43=-0.15 (aspect 1.778)
camera captured: pos 93.7 147.4 34.2 | proj _11=1.3944 _22=2.4789 _33=1.00003 _43=-0.15 (aspect 1.778)
camera captured: pos 93.7 147.4 34.2 | proj _11=1.3447 _22=2.3905 _33=1.00003 _43=-0.15 (aspect 1.778)
camera captured: pos 93.7 147.4 34.2 | proj _11=1.3131 _22=2.3343 _33=1.00003 _43=-0.15 (aspect 1.778)
camera captured: pos 93.7 147.4 34.2 | proj _11=1.2998 _22=2.3107 _33=1.00003 _43=-0.15 (aspect 1.778)
camera captured: pos 93.7 147.4 34.2 | proj _11=1.2991 _22=2.3095 _33=1.00003 _43=-0.15 (aspect 1.778)
camera captured: pos 93.7 147.4 34.2 | proj _11=1.2991 _22=2.3095 _33=1.00003 _43=-0.15 (aspect 1.778)
camera captured: pos 93.7 147.4 34.2 | proj _11=1.2991 _22=2.3095 _33=1.00003 _43=-0.15 (aspect 1.778)
camera captured: pos 93.7 147.4 34.2 | proj _11=1.2991 _22=2.3095 _33=1.00003 _43=-0.15 (aspect 1.778)
camera captured: pos 93.7 147.4 34.2 | proj _11=1.2991 _22=2.3095 _33=1.00003 _43=-0.15 (aspect 1.778)
camera captured: pos 93.7 147.4 34.2 | proj _11=1.2991 _22=2.3095 _33=1.00003 _43=-0.15 (aspect 1.778)
camera captured: pos 93.7 147.4 34.2 | proj _11=1.2991 _22=2.3095 _33=1.00003 _43=-0.15 (aspect 1.778)
camera captured: pos 93.7 147.4 34.2 | proj _11=1.2991 _22=2.3095 _33=1.00003 _43=-0.15 (aspect 1.778)
camera captured: pos 93.7 147.4 34.2 | proj _11=1.2991 _22=2.3095 _33=1.00003 _43=-0.15 (aspect 1.778)
camera captured: pos 93.7 147.4 34.2 | proj _11=1.2991 _22=2.3095 _33=1.00003 _43=-0.15 (aspect 1.778)
camera captured: pos 93.7 147.4 34.2 | proj _11=1.2991 _22=2.3095 _33=1.00003 _43=-0.15 (aspect 1.778)
camera captured: pos 93.7 147.4 34.2 | proj _11=1.2991 _22=2.3095 _33=1.00003 _43=-0.15 (aspect 1.778)
camera captured: pos 93.7 147.4 34.2 | proj _11=1.2991 _22=2.3095 _33=1.00003 _43=-0.15 (aspect 1.778)
camera captured: pos 93.7 147.4 34.2 | proj _11=1.2991 _22=2.3095 _33=1.00003 _43=-0.15 (aspect 1.778)
camera captured: pos 93.7 147.4 34.2 | proj _11=1.2991 _22=2.3095 _33=1.00003 _43=-0.15 (aspect 1.778)
camera captured: pos 93.7 147.4 34.2 | proj _11=1.2991 _22=2.3095 _33=1.00003 _43=-0.15 (aspect 1.778)
camera captured: pos 93.7 147.4 34.2 | proj _11=1.2991 _22=2.3095 _33=1.00003 _43=-0.15 (aspect 1.778)
camera captured: pos 93.7 147.4 34.2 | proj _11=1.2991 _22=2.3095 _33=1.00003 _43=-0.15 (aspect 1.778)
camera captured: pos 93.7 147.4 34.2 | proj _11=1.2991 _22=2.3095 _33=1.00003 _43=-0.15 (aspect 1.778)
camera captured: pos 93.7 147.4 34.2 | proj _11=1.2991 _22=2.3095 _33=1.00003 _43=-0.15 (aspect 1.778)
camera captured: pos 93.7 147.4 34.2 | proj _11=1.2991 _22=2.3095 _33=1.00003 _43=-0.15 (aspect 1.778)
camera captured: pos 93.7 147.4 34.2 | proj _11=1.2991 _22=2.3095 _33=1.00003 _43=-0.15 (aspect 1.778)
camera captured: pos 93.7 147.4 34.2 | proj _11=1.2991 _22=2.3095 _33=1.00003 _43=-0.15 (aspect 1.778)
camera captured: pos 93.7 147.4 34.2 | proj _11=1.2991 _22=2.3095 _33=1.00003 _43=-0.15 (aspect 1.778)
camera captured: pos 93.7 147.4 34.2 | proj _11=1.2991 _22=2.3095 _33=1.00003 _43=-0.15 (aspect 1.778)
camera captured: pos 93.7 147.4 34.2 | proj _11=1.2991 _22=2.3095 _33=1.00003 _43=-0.15 (aspect 1.778)
camera captured: pos 93.7 147.4 34.2 | proj _11=1.2991 _22=2.3095 _33=1.00003 _43=-0.15 (aspect 1.778)
camera captured: pos 93.7 147.4 34.2 | proj _11=1.2991 _22=2.3095 _33=1.00003 _43=-0.15 (aspect 1.778)
camera captured: pos 93.7 147.4 34.2 | proj _11=1.2991 _22=2.3095 _33=1.00003 _43=-0.15 (aspect 1.778)
camera captured: pos 93.7 147.4 34.2 | proj _11=1.2991 _22=2.3095 _33=1.00003 _43=-0.15 (aspect 1.778)
camera captured: pos 93.7 147.4 34.2 | proj _11=1.2991 _22=2.3095 _33=1.00003 _43=-0.15 (aspect 1.778)
camera captured: pos 93.7 147.4 34.2 | proj _11=1.2991 _22=2.3095 _33=1.00003 _43=-0.15 (aspect 1.778)
camera captured: pos 93.7 147.4 34.2 | proj _11=1.2991 _22=2.3095 _33=1.00003 _43=-0.15 (aspect 1.778)
camera captured: pos 93.7 147.4 34.2 | proj _11=1.2991 _22=2.3095 _33=1.00003 _43=-0.15 (aspect 1.778)
camera captured: pos 93.7 147.4 34.2 | proj _11=1.2991 _22=2.3095 _33=1.00003 _43=-0.15 (aspect 1.778)
camera captured: pos 93.7 147.4 34.2 | proj _11=1.2991 _22=2.3095 _33=1.00003 _43=-0.15 (aspect 1.778)
camera captured: pos 93.7 147.4 34.2 | proj _11=1.2991 _22=2.3095 _33=1.00003 _43=-0.15 (aspect 1.778)
camera captured: pos 93.7 147.4 34.2 | proj _11=1.2991 _22=2.3095 _33=1.00003 _43=-0.15 (aspect 1.778)
camera captured: pos 93.7 147.4 34.2 | proj _11=1.2991 _22=2.3095 _33=1.00003 _43=-0.15 (aspect 1.778)
camera captured: pos 93.7 147.4 34.2 | proj _11=1.2991 _22=2.3095 _33=1.00003 _43=-0.15 (aspect 1.778)
camera captured: pos 93.7 147.4 34.2 | proj _11=1.2991 _22=2.3095 _33=1.00003 _43=-0.15 (aspect 1.778)
camera captured: pos 93.7 147.4 34.2 | proj _11=1.2991 _22=2.3095 _33=1.00003 _43=-0.15 (aspect 1.778)
camera captured: pos 93.7 147.4 34.2 | proj _11=1.2991 _22=2.3095 _33=1.00003 _43=-0.15 (aspect 1.778)
camera captured: pos 93.7 147.4 34.2 | proj _11=1.2991 _22=2.3095 _33=1.00003 _43=-0.15 (aspect 1.778)
camera captured: pos 93.7 147.4 34.2 | proj _11=1.2991 _22=2.3095 _33=1.00003 _43=-0.15 (aspect 1.778)
camera captured: pos 93.7 147.4 34.2 | proj _11=1.2991 _22=2.3095 _33=1.00003 _43=-0.15 (aspect 1.778)
camera captured: pos 93.7 147.4 34.2 | proj _11=1.2991 _22=2.3095 _33=1.00003 _43=-0.15 (aspect 1.778)
camera captured: pos 93.7 147.4 34.2 | proj _11=1.2991 _22=2.3095 _33=1.00003 _43=-0.15 (aspect 1.778)
camera captured: pos 93.7 147.4 34.2 | proj _11=1.2991 _22=2.3095 _33=1.00003 _43=-0.15 (aspect 1.778)
camera captured: pos 93.7 147.4 34.2 | proj _11=1.2991 _22=2.3095 _33=1.00003 _43=-0.15 (aspect 1.778)
camera captured: pos 93.7 147.4 34.2 | proj _11=1.2991 _22=2.3095 _33=1.00003 _43=-0.15 (aspect 1.778)
camera captured: pos 93.7 147.4 34.2 | proj _11=1.2991 _22=2.3095 _33=1.00003 _43=-0.15 (aspect 1.778)
camera captured: pos 93.7 147.4 34.2 | proj _11=1.2991 _22=2.3095 _33=1.00003 _43=-0.15 (aspect 1.778)
camera captured: pos 93.7 147.4 34.2 | proj _11=1.2991 _22=2.3095 _33=1.00003 _43=-0.15 (aspect 1.778)
camera captured: pos 93.7 147.4 34.2 | proj _11=1.2991 _22=2.3095 _33=1.00003 _43=-0.15 (aspect 1.778)
camera captured: pos 93.7 147.4 34.2 | proj _11=1.2991 _22=2.3095 _33=1.00003 _43=-0.15 (aspect 1.778)
camera captured: pos 93.7 147.4 34.2 | proj _11=1.2991 _22=2.3095 _33=1.00003 _43=-0.15 (aspect 1.778)
camera captured: pos 93.7 147.4 34.2 | proj _11=1.2991 _22=2.3095 _33=1.00003 _43=-0.15 (aspect 1.778)
camera captured: pos 93.7 147.4 34.2 | proj _11=1.2991 _22=2.3095 _33=1.00003 _43=-0.15 (aspect 1.778)
camera captured: pos 93.7 147.4 34.2 | proj _11=1.2991 _22=2.3095 _33=1.00003 _43=-0.15 (aspect 1.778)
camera captured: pos 93.7 147.4 34.2 | proj _11=1.2991 _22=2.3095 _33=1.00003 _43=-0.15 (aspect 1.778)
camera captured: pos 93.7 147.4 34.2 | proj _11=1.2991 _22=2.3095 _33=1.00003 _43=-0.15 (aspect 1.778)
camera captured: pos 93.7 147.4 34.2 | proj _11=1.2991 _22=2.3095 _33=1.00003 _43=-0.15 (aspect 1.778)
camera captured: pos 93.7 147.4 34.2 | proj _11=1.2991 _22=2.3095 _33=1.00003 _43=-0.15 (aspect 1.778)
camera captured: pos 93.7 147.4 34.2 | proj _11=1.2991 _22=2.3095 _33=1.00003 _43=-0.15 (aspect 1.778)
camera captured: pos 93.7 147.4 34.2 | proj _11=1.2991 _22=2.3095 _33=1.00003 _43=-0.15 (aspect 1.778)
camera captured: pos 93.7 147.4 34.2 | proj _11=1.2991 _22=2.3095 _33=1.00003 _43=-0.15 (aspect 1.778)
camera captured: pos 93.7 147.4 34.2 | proj _11=1.2991 _22=2.3095 _33=1.00003 _43=-0.15 (aspect 1.778)
camera captured: pos 93.7 147.4 34.2 | proj _11=1.2991 _22=2.3095 _33=1.00003 _43=-0.15 (aspect 1.778)
camera captured: pos 93.7 147.4 34.2 | proj _11=1.2991 _22=2.3095 _33=1.00003 _43=-0.15 (aspect 1.778)
camera captured: pos 93.7 147.4 34.2 | proj _11=1.2991 _22=2.3095 _33=1.00003 _43=-0.15 (aspect 1.778)
camera captured: pos 93.7 147.4 34.2 | proj _11=1.2991 _22=2.3095 _33=1.00003 _43=-0.15 (aspect 1.778)
camera captured: pos 93.7 147.4 34.2 | proj _11=1.2991 _22=2.3095 _33=1.00003 _43=-0.15 (aspect 1.778)
camera captured: pos 93.7 147.4 34.2 | proj _11=1.2991 _22=2.3095 _33=1.00003 _43=-0.15 (aspect 1.778)
camera captured: pos 93.7 147.4 34.2 | proj _11=1.2991 _22=2.3095 _33=1.00003 _43=-0.15 (aspect 1.778)
camera captured: pos 93.7 147.4 34.2 | proj _11=1.2991 _22=2.3095 _33=1.00003 _43=-0.15 (aspect 1.778)
camera captured: pos 93.7 147.4 34.2 | proj _11=1.2991 _22=2.3095 _33=1.00003 _43=-0.15 (aspect 1.778)
camera captured: pos 93.7 147.4 34.2 | proj _11=1.2991 _22=2.3095 _33=1.00003 _43=-0.15 (aspect 1.778)
camera captured: pos 93.7 147.4 34.2 | proj _11=1.2991 _22=2.3095 _33=1.00003 _43=-0.15 (aspect 1.778)
camera captured: pos 93.7 147.4 34.2 | proj _11=1.2991 _22=2.3095 _33=1.00003 _43=-0.15 (aspect 1.778)
camera captured: pos 93.7 147.4 34.2 | proj _11=1.2991 _22=2.3095 _33=1.00003 _43=-0.15 (aspect 1.778)
camera captured: pos 93.7 147.4 34.2 | proj _11=1.2991 _22=2.3095 _33=1.00003 _43=-0.15 (aspect 1.778)
camera captured: pos 93.7 147.4 34.2 | proj _11=1.2991 _22=2.3095 _33=1.00003 _43=-0.15 (aspect 1.778)
camera captured: pos 93.7 147.4 34.2 | proj _11=1.2991 _22=2.3095 _33=1.00003 _43=-0.15 (aspect 1.778)
camera captured: pos 93.7 147.4 34.2 | proj _11=1.2991 _22=2.3095 _33=1.00003 _43=-0.15 (aspect 1.778)
camera captured: pos 93.7 147.4 34.2 | proj _11=1.2991 _22=2.3095 _33=1.00003 _43=-0.15 (aspect 1.778)
camera captured: pos 93.7 147.4 34.2 | proj _11=1.2991 _22=2.3095 _33=1.00003 _43=-0.15 (aspect 1.778)
camera captured: pos 93.7 147.4 34.2 | proj _11=1.2991 _22=2.3095 _33=1.00003 _43=-0.15 (aspect 1.778)
camera captured: pos 93.7 147.4 34.2 | proj _11=1.2991 _22=2.3095 _33=1.00003 _43=-0.15 (aspect 1.778)
camera captured: pos 93.7 147.4 34.2 | proj _11=1.2991 _22=2.3095 _33=1.00003 _43=-0.15 (aspect 1.778)
camera captured: pos 93.7 147.4 34.2 | proj _11=1.2991 _22=2.3095 _33=1.00003 _43=-0.15 (aspect 1.778)
camera captured: pos 93.7 147.4 34.2 | proj _11=1.2991 _22=2.3095 _33=1.00003 _43=-0.15 (aspect 1.778)
camera captured: pos 93.7 147.4 34.2 | proj _11=1.2991 _22=2.3095 _33=1.00003 _43=-0.15 (aspect 1.778)
camera captured: pos 93.7 147.4 34.2 | proj _11=1.2991 _22=2.3095 _33=1.00003 _43=-0.15 (aspect 1.778)
camera captured: pos 93.7 147.4 34.2 | proj _11=1.2991 _22=2.3095 _33=1.00003 _43=-0.15 (aspect 1.778)
camera captured: pos 93.7 147.4 34.2 | proj _11=1.2991 _22=2.3095 _33=1.00003 _43=-0.15 (aspect 1.778)
camera captured: pos 93.7 147.4 34.2 | proj _11=1.2991 _22=2.3095 _33=1.00003 _43=-0.15 (aspect 1.778)
camera captured: pos 93.7 147.4 34.2 | proj _11=1.2991 _22=2.3095 _33=1.00003 _43=-0.15 (aspect 1.778)
camera captured: pos 93.7 147.4 34.2 | proj _11=1.2991 _22=2.3095 _33=1.00003 _43=-0.15 (aspect 1.778)
camera captured: pos 93.7 147.4 34.2 | proj _11=1.2991 _22=2.3095 _33=1.00003 _43=-0.15 (aspect 1.778)
camera captured: pos 93.7 147.4 34.2 | proj _11=1.2991 _22=2.3095 _33=1.00003 _43=-0.15 (aspect 1.778)
